"id";"data_inversa";"dia_semana";"horario";"uf";"br";"km";"municipio";"causa_acidente";"tipo_acidente";"classificacao_acidente";"fase_dia";"sentido_via";"condicao_metereologica";"tipo_pista";"tracado_via";"uso_solo";"pessoas";"mortos";"feridos_leves";"feridos_graves";"ilesos";"ignorados";"feridos";"veiculos";"latitude";"longitude";"regional";"delegacia";"uop"
260136;2020-01-01;"quarta-feira";"08:48:00";"MG";50;180;"UBERABA";"Ingestão de Álcool";"Saída de leito carroçável";"Sem Vítimas";"Pleno dia";"Crescente";"Céu Claro";"Dupla";"Retorno Regulamentado";"Não";1;0;0;0;0;1;0;1;-19,77848216;-47,92194709;"SR-MG";"DEL13";"UOP01/MG"
260137;2020-01-01;"quarta-feira";"12:45:00";"SP";381;68;"MAIRIPORA";"Falta de Atenção à Condução";"Colisão com objeto estático";"Sem Vítimas";"Pleno dia";"Decrescente";"Céu Claro";"Dupla";"Reta";"Não";1;0;0;0;0;1;0;1;-23,34043796;-46,57433588;"SR-SP";"DEL6/3";"UOP02/SP"
260139;2020-01-01;"quarta-feira";"12:00:00";"MT";163;729,6;"SORRISO";"Ingestão de álcool e/ou substâncias psicoativas pelo pedestre";"Saída de leito carroçável";"Com Vítimas Feridas";"Pleno dia";"Crescente";"Chuva";"Simples";"Reta";"Não";3;0;0;2;0;1;2;1;-12,84559402;-55,82671994;"SR-MT";"DEL2/6";"UOP01/MT"
260140;2020-01-01;"quarta-feira";"13:55:00";"PR";277;28;"MORRETES";"Velocidade Incompatível";"Saída de leito carroçável";"Com Vítimas Feridas";"Pleno dia";"Crescente";"Sol";"Dupla";"Curva";"Não";2;0;1;0;1;0;1;1;-25,52874613;-48,73512603;"SR-PR";"DEL7/1";"UOP07/PR"
260141;2020-01-01;"quarta-feira";"14:00:00";"SP";116;280;"EMBU DAS ARTES";"Falta de Atenção à Condução";"Queda de ocupante de veículo";"Com Vítimas Feridas";"Pleno dia";"Crescente";"Céu Claro";"Dupla";"Reta";"Não";1;0;1;0;0;0;1;1;-23,66996108;-46,85590758;"SR-SP";"DEL6/4";"UOP01/SP"
260142;2020-01-01;"quarta-feira";"13:30:00";"MG";153;25,9;"CENTRALINA";"Defeito Mecânico no Veículo";"Incêndio";"Sem Vítimas";"Pleno dia";"Crescente";"Céu Claro";"Dupla";"Reta";"Não";2;0;0;0;2;0;0;1;-18,63927389;-49,17907481;"SR-MG";"DEL4/15";"UOP03/MG"
260143;2020-01-01;"quarta-feira";"14:00:00";"CE";222;6,7;"CAUCAIA";"Falta de Atenção do Pedestre";"Atropelamento de Pedestre";"Com Vítimas Feridas";"Pleno dia";"Decrescente";"Céu Claro";"Simples";"Reta";"Sim";2;0;1;0;1;0;1;1;-3,736507;-38,65337;"SR-CE";"DEL16/1";"UOP01/CE"
260144;2020-01-01;"quarta-feira";"14:40:00";"PR";376;502;"PONTA GROSSA";"Condutor Dormindo";"Colisão traseira";"Com Vítimas Feridas";"Pleno dia";"Decrescente";"Céu Claro";"Dupla";"Reta";"Não";2;0;0;1;1;0;1;2;-25,21604594;-50,05797693;"SR-PR";"DEL7/3";"UOP03/PR"
260145;2020-01-01;"quarta-feira";"13:00:00";"MS";163;224,4;"CAARAPO";"Falta de Atenção à Condução";"Capotamento";"Com Vítimas Feridas";"Pleno dia";"Crescente";"Céu Claro";"Simples";"Reta";"Não";3;0;2;0;1;0;2;1;-22,50919504;-54,86355345;"SR-MS";"DEL3/4";"UOP02/MS"
260146;2020-01-01;"quarta-feira";"14:20:00";"RS";153;18,5;"SEVERIANO DE ALMEIDA";"Velocidade Incompatível";"Saída de leito carroçável";"Com Vítimas Feridas";"Pleno dia";"Crescente";"Chuva";"Simples";"Não Informado";"Não";4;0;2;1;0;1;3;1;-27,46037538;-52,0927535;"SR-RS";"DEL08";"UOP04/RS"
260147;2020-01-01;"quarta-feira";"14:15:00";"PR";116;32,1;"CAMPINA GRANDE DO SUL";"Velocidade Incompatível";"Colisão com objeto estático";"Sem Vítimas";"Pleno dia";"Decrescente";"Céu Claro";"Dupla";"Não Informado";"Sim";1;0;0;0;1;0;0;1;-25,10497579;-48,83973903;"SR-PR";"DEL7/1";"UOP02/PR"
260148;2020-01-01;"quarta-feira";"15:20:00";"TO";153;679,9;"GURUPI";"Ultrapassagem Indevida";"Colisão lateral";"Com Vítimas Feridas";"Pleno dia";"Crescente";"Céu Claro";"Simples";"Reta";"Não";2;0;1;0;1;0;1;2;-11,78176489;-49,11301313;"SR-TO";"UOP01/TO";""
260150;2020-01-01;"quarta-feira";"14:40:00";"RJ";356;24;"ITAPERUNA";"Defeito Mecânico no Veículo";"Colisão frontal";"Com Vítimas Feridas";"Pleno dia";"Decrescente";"Céu Claro";"Simples";"Reta";"Não";4;0;2;0;2;0;2;3;-21,17964993;-41,973627;"SR-RJ";"DEL5/8";"UOP03/RJ"
260151;2020-01-01;"quarta-feira";"13:15:00";"PR";153;239;"TIBAGI";"Velocidade Incompatível";"Saída de leito carroçável";"Com Vítimas Feridas";"Pleno dia";"Decrescente";"Chuva";"Simples";"Curva";"Não";1;0;1;0;0;0;1;1;-24,76604886;-50,46875267;"SR-PR";"DEL7/3";"UOP05/PR"
260152;2020-01-01;"quarta-feira";"15:00:00";"SP";116;555;"BARRA DO TURVO";"Velocidade Incompatível";"Capotamento";"Com Vítimas Feridas";"Pleno dia";"Crescente";"Chuva";"Dupla";"Curva";"Não";4;0;1;0;3;0;1;1;-24,97447301;-48,504597;"SR-SP";"DEL6/5";"UOP03/SP"
260153;2020-01-01;"quarta-feira";"15:10:00";"PR";277;431,9;"VIRMOND";"Velocidade Incompatível";"Saída de leito carroçável";"Com Vítimas Feridas";"Pleno dia";"Decrescente";"Chuva";"Simples";"Curva";"Não";4;0;2;0;2;0;2;1;-25,37565;-52,2162;"SR-PR";"DEL7/4";"UOP03/PR"
260154;2020-01-01;"quarta-feira";"15:40:00";"PR";277;129,5;"BALSA NOVA";"Velocidade Incompatível";"Saída de leito carroçável";"Com Vítimas Feridas";"Pleno dia";"Decrescente";"Chuva";"Simples";"Não Informado";"Não";2;0;1;0;1;0;1;1;-25,47926474;-49,64588642;"SR-PR";"DEL7/1";"UOP05/PR"
260155;2020-01-01;"quarta-feira";"13:50:00";"RO";319;62;"PORTO VELHO";"Falta de Atenção à Condução";"Colisão lateral";"Com Vítimas Feridas";"Pleno dia";"Crescente";"Chuva";"Múltipla";"Interseção de vias";"Sim";2;0;1;0;1;0;1;2;-8,766685;-63,884052;"SR-RO";"DEL21/1";"UOP01/RO"
260156;2020-01-01;"quarta-feira";"15:40:00";"DF";70;11,9;"BRASILIA";"Desobediência às normas de trânsito pelo condutor";"Saída de leito carroçável";"Com Vítimas Feridas";"Pleno dia";"Decrescente";"Nublado";"Dupla";"Reta";"Sim";3;0;1;0;2;0;1;1;-15,789762;-48,148727;"SR-DF";"UOP06/DF";""
260157;2020-01-01;"quarta-feira";"15:30:00";"SC";101;138,7;"BALNEARIO CAMBORIU";"Defeito Mecânico no Veículo";"Colisão frontal";"Com Vítimas Feridas";"Pleno dia";"Crescente";"Céu Claro";"Simples";"Interseção de vias";"Não";2;0;1;0;1;0;1;2;-27,02397426;-48,60761649;"SR-SC";"DEL8/4";"UOP03/SC"
260158;2020-01-01;"quarta-feira";"15:50:00";"MG";40;780,6;"JUIZ DE FORA";"Velocidade Incompatível";"Queda de ocupante de veículo";"Com Vítimas Feridas";"Pleno dia";"Decrescente";"Nublado";"Dupla";"Curva";"Não";2;0;2;0;0;0;2;1;-21,67939981;-43,44987329;"SR-MG";"DEL5";"UOP01/MG"
260159;2020-01-01;"quarta-feira";"15:30:00";"SC";101;215;"PALHOCA";"Falta de Atenção à Condução";"Tombamento";"Com Vítimas Feridas";"Pleno dia";"Decrescente";"Nublado";"Dupla";"Reta";"Não";2;0;2;0;0;0;2;1;-27,65184843;-48,67604941;"SR-SC";"DEL8/1";"UOP02/SC"
260160;2020-01-01;"quarta-feira";"15:50:00";"SC";101;221;"PALHOCA";"Falta de Atenção à Condução";"Tombamento";"Com Vítimas Feridas";"Pleno dia";"Crescente";"Garoa/Chuvisco";"Dupla";"Reta";"Sim";1;0;0;1;0;0;1;1;-27,70012652;-48,66021182;"SR-SC";"DEL8/1";"UOP02/SC"
260161;2020-01-01;"quarta-feira";"14:25:00";"MT";364;59,8;"ALTO GARCAS";"Defeito Mecânico no Veículo";"Incêndio";"Sem Vítimas";"Pleno dia";"Decrescente";"Céu Claro";"Simples";"Curva";"Sim";1;0;0;0;1;0;0;1;-16,93422161;-53,54225988;"SR-MT";"DEL2/2";"UOP04/MT"
260162;2020-01-01;"quarta-feira";"14:45:00";"RJ";493;2,1;"ITABORAI";"Falta de Atenção à Condução";"Colisão traseira";"Com Vítimas Feridas";"Pleno dia";"Decrescente";"Céu Claro";"Dupla";"Reta";"Sim";2;0;1;0;1;0;1;2;-22,75950214;-42,93544822;"SR-RJ";"DEL5/2";"UOP01/RJ"
260163;2020-01-01;"quarta-feira";"16:20:00";"RJ";393;243;"VASSOURAS";"Falta de Atenção à Condução";"Colisão frontal";"Com Vítimas Feridas";"Pleno dia";"Decrescente";"Chuva";"Simples";"Curva";"Sim";2;0;1;0;1;0;1;2;-22,43047331;-43,69980995;"SR-RJ";"DEL5/5";"UOP01/RJ"
260164;2020-01-01;"quarta-feira";"14:30:00";"MG";365;65,7;"CLARO DOS POCOES";"Avarias e/ou desgaste excessivo no pneu";"Saída de leito carroçável";"Com Vítimas Feridas";"Pleno dia";"Decrescente";"Chuva";"Simples";"Reta";"Não";2;0;2;0;0;0;2;1;-17,0424831;-44,32043986;"SR-MG";"DEL4/12";"UOP01/MG"
260165;2020-01-01;"quarta-feira";"14:50:00";"MT";163;605,5;"NOVA MUTUM";"Falta de Atenção à Condução";"Saída de leito carroçável";"Com Vítimas Feridas";"Pleno dia";"Decrescente";"Céu Claro";"Simples";"Não Informado";"Não";4;0;3;1;0;0;4;1;-13,75817491;-56,0531795;"SR-MT";"DEL2/4";"UOP01/MT"
260166;2020-01-01;"quarta-feira";"16:25:00";"SC";101;179;"BIGUACU";"Defeito Mecânico no Veículo";"Tombamento";"Com Vítimas Feridas";"Pleno dia";"Decrescente";"Nublado";"Dupla";"Curva";"Sim";1;0;1;0;0;0;1;1;-27,37436356;-48,63253713;"SR-SC";"DEL8/1";"UOP01/SC"
260167;2020-01-01;"quarta-feira";"16:30:00";"MG";381;895;"CAMBUI";"Falta de Atenção à Condução";"Colisão traseira";"Sem Vítimas";"Pleno dia";"Crescente";"Nublado";"Dupla";"Reta";"Não";2;0;0;0;2;0;0;2;-22,62324893;-46,07503911;"SR-MG";"DEL09";"UOP03/MG"
260168;2020-01-01;"quarta-feira";"16:15:00";"SC";280;21;"ARAQUARI";"Falta de Atenção à Condução";"Queda de ocupante de veículo";"Com Vítimas Feridas";"Pleno dia";"Decrescente";"Chuva";"Simples";"Reta";"Não";1;0;1;0;0;0;1;1;-26,37043169;-48,69219602;"SR-SC";"DEL8/3";"UOP03/SC"
260169;2020-01-01;"quarta-feira";"16:40:00";"SC";282;75;"RANCHO QUEIMADO";"Velocidade Incompatível";"Saída de leito carroçável";"Com Vítimas Feridas";"Pleno dia";"Decrescente";"Chuva";"Simples";"Curva";"Não";1;0;0;1;0;0;1;1;-27,690931;-49,129143;"SR-SC";"DEL8/1";"UOP03/SC"
260170;2020-01-01;"quarta-feira";"15:00:00";"GO";153;517,8;"HIDROLANDIA";"Falta de Atenção à Condução";"Saída de leito carroçável";"Com Vítimas Feridas";"Pleno dia";"Crescente";"Sol";"Dupla";"Não Informado";"Não";1;0;1;0;0;0;1;1;-16,8581;-49,2488;"SR-GO";"DEL1/1";"UOP03/GO"
260172;2020-01-01;"quarta-feira";"16:30:00";"PE";408;75,4;"PAUDALHO";"Não guardar distância de segurança";"Colisão traseira";"Com Vítimas Feridas";"Anoitecer";"Decrescente";"Céu Claro";"Dupla";"Reta";"Não";3;0;2;0;1;0;2;2;-7,90594592;-35,1732636;"SR-PE";"DEL11/1";"UOP01/PE"
260173;2020-01-01;"quarta-feira";"16:10:00";"SC";282;388,9;"JOACABA";"Falta de Atenção à Condução";"Colisão com objeto estático";"Sem Vítimas";"Pleno dia";"Decrescente";"Nublado";"Simples";"Curva";"Não";1;0;0;0;1;0;0;1;-27,179003;-51,531616;"SR-SC";"DEL7";"UOP07/SC"
260174;2020-01-01;"quarta-feira";"16:30:00";"PR";376;425,3;"TIBAGI";"Velocidade Incompatível";"Saída de leito carroçável";"Sem Vítimas";"Pleno dia";"Decrescente";"Nublado";"Simples";"Curva";"Não";1;0;0;0;0;1;0;1;-24,7589837;-50,53031553;"SR-PR";"DEL7/3";"UOP05/PR"
260175;2020-01-01;"quarta-feira";"15:30:00";"PR";163;180,8;"SANTA TEREZA DO OESTE";"Avarias e/ou desgaste excessivo no pneu";"Capotamento";"Com Vítimas Feridas";"Pleno dia";"Decrescente";"Chuva";"Dupla";"Não Informado";"Não";2;0;1;0;0;1;1;1;-25,17526492;-53,60316959;"SR-PR";"DEL7/4";"UOP06/PR"
260176;2020-01-01;"quarta-feira";"16:30:00";"MA";135;10;"SAO LUIS";"Falta de Atenção à Condução";"Colisão lateral";"Sem Vítimas";"Pleno dia";"Crescente";"Nublado";"Dupla";"Curva";"Sim";2;0;0;0;2;0;0;2;-2,655912;-44,28629098;"SR-MA";"DEL18/1";"UOP01/MA"
260177;2020-01-01;"quarta-feira";"13:50:00";"SC";163;121;"DIONISIO CERQUEIRA";"Avarias e/ou desgaste excessivo no pneu";"Saída de leito carroçável";"Sem Vítimas";"Pleno dia";"Decrescente";"Chuva";"Simples";"Curva";"Não";4;0;0;0;4;0;0;1;-26,320844;-53,550503;"SR-SC";"DEL7";"UOP04/SC"
260178;2020-01-01;"quarta-feira";"15:10:00";"PB";230;164;"CAMPINA GRANDE";"Falta de Atenção à Condução";"Saída de leito carroçável";"Com Vítimas Fatais";"Pleno dia";"Crescente";"Chuva";"Simples";"Curva";"Sim";1;1;0;0;0;0;0;1;-7,21058153;-35,93318939;"SR-PB";"DEL14/2";"UOP01/PB"
260179;2020-01-01;"quarta-feira";"16:40:00";"CE";20;283,7;"CANINDE";"Velocidade Incompatível";"Colisão com objeto estático";"Com Vítimas Feridas";"Pleno dia";"Crescente";"Nublado";"Simples";"Reta";"Não";3;0;3;0;0;0;3;1;-4,52856595;-39,3636788;"SR-CE";"DEL16/2";"UOP01/CE"
260180;2020-01-01;"quarta-feira";"17:30:00";"PE";101;186;"PALMARES";"Desobediência às normas de trânsito pelo condutor";"Colisão transversal";"Com Vítimas Feridas";"Anoitecer";"Decrescente";"Céu Claro";"Dupla";"Reta";"Não";2;0;1;0;0;1;1;2;-8,68263674;-35,57938824;"SR-PE";"DEL11/1";"UOP03/PE"
260181;2020-01-01;"quarta-feira";"14:00:00";"RJ";101;491;"ANGRA DOS REIS";"Desobediência às normas de trânsito pelo condutor";"Colisão transversal";"Com Vítimas Feridas";"Pleno dia";"Crescente";"Nublado";"Simples";"Reta";"Não";3;0;1;1;1;0;2;2;-22,95442983;-44,32193004;"SR-RJ";"DEL5/3";"UOP02/RJ"
260182;2020-01-01;"quarta-feira";"17:35:00";"PI";343;320,4;"ALTOS";"Defeito na Via";"Tombamento";"Com Vítimas Feridas";"Pleno dia";"Crescente";"Garoa/Chuvisco";"Simples";"Reta";"Não";2;0;2;0;0;0;2;1;-5,048756;-42,569283;"SR-PI";"DEL17/1";"UOP01/PI"
260183;2020-01-01;"quarta-feira";"17:30:00";"SP";381;4;"VARGEM";"Falta de Atenção à Condução";"Colisão com objeto estático";"Com Vítimas Feridas";"Pleno dia";"Crescente";"Céu Claro";"Dupla";"Reta";"Sim";2;0;2;0;0;0;2;1;-22,8826217;-46,40779515;"SR-SP";"DEL6/3";"UOP02/SP"
260184;2020-01-01;"quarta-feira";"17:10:00";"PR";163;73;"PLANALTO";"Ingestão de Álcool";"Colisão frontal";"Com Vítimas Feridas";"Pleno dia";"Decrescente";"Céu Claro";"Simples";"Não Informado";"Não";6;0;2;1;3;0;3;2;-25,80839378;-53,76947058;"SR-PR";"DEL7/2";"UOP04/PR"
260185;2020-01-01;"quarta-feira";"15:20:00";"SP";116;567;"BARRA DO TURVO";"Falta de Atenção à Condução";"Capotamento";"Com Vítimas Feridas";"Pleno dia";"Decrescente";"Chuva";"Dupla";"Curva";"Não";5;0;2;0;3;0;2;1;-25,0475499;-48,55355172;"SR-SP";"DEL6/5";"UOP03/SP"
260186;2020-01-01;"quarta-feira";"17:20:00";"MG";116;117;"ITAOBIM";"Falta de Atenção à Condução";"Colisão transversal";"Sem Vítimas";"Pleno dia";"Decrescente";"Sol";"Simples";"Reta";"Sim";2;0;0;0;1;1;0;2;-16,57604128;-41,50375664;"SR-MG";"DEL4/11";"UOP02/MG"
260187;2020-01-01;"quarta-feira";"17:00:00";"PR";277;128,2;"BALSA NOVA";"Velocidade Incompatível";"Capotamento";"Com Vítimas Feridas";"Pleno dia";"Decrescente";"Chuva";"Dupla";"Curva";"Não";2;0;1;0;1;0;1;1;-25,46903074;-49,63003725;"SR-PR";"DEL7/1";"UOP05/PR"
260188;2020-01-01;"quarta-feira";"13:35:00";"MT";158;715,5;"BARRA DO GARCAS";"Falta de Atenção à Condução";"Capotamento";"Com Vítimas Feridas";"Pleno dia";"Decrescente";"Chuva";"Simples";"Curva";"Não";3;0;3;0;0;0;3;1;-15,18154098;-52,18080293;"SR-MT";"DEL2/8";"UOP01/MT"
260189;2020-01-01;"quarta-feira";"17:45:00";"SC";101;333;"TUBARAO";"Desobediência às normas de trânsito pelo condutor";"Colisão transversal";"Com Vítimas Feridas";"Pleno dia";"Decrescente";"Nublado";"Múltipla";"Não Informado";"Sim";2;0;0;1;1;0;1;2;-28,46630107;-48,99653096;"SR-SC";"DEL8/2";"UOP01/SC"
260190;2020-01-01;"quarta-feira";"17:50:00";"MG";40;532;"BELO HORIZONTE";"Não guardar distância de segurança";"Colisão traseira";"Com Vítimas Feridas";"Anoitecer";"Crescente";"Nublado";"Dupla";"Reta";"Não";2;0;0;1;1;0;1;2;-19,92372561;-44,01700789;"SR-MG";"DEL4/1";"UOP02/MG"
260191;2020-01-01;"quarta-feira";"17:30:00";"PR";467;109,2;"CASCAVEL";"Falta de Atenção à Condução";"Saída de leito carroçável";"Com Vítimas Feridas";"Pleno dia";"Decrescente";"Nublado";"Dupla";"Curva";"Não";3;0;0;2;1;0;2;1;-24,9261;-53,4589;"SR-PR";"DEL7/4";"UOP01/PR"
260192;2020-01-01;"quarta-feira";"16:00:00";"CE";20;391,8;"CAUCAIA";"Avarias e/ou desgaste excessivo no pneu";"Saída de leito carroçável";"Com Vítimas Feridas";"Pleno dia";"Crescente";"Nublado";"Simples";"Reta";"Não";2;0;2;0;0;0;2;1;-3,84905477;-38,77921916;"SR-CE";"DEL16/1";"UOP01/CE"
260193;2020-01-01;"quarta-feira";"18:00:00";"GO";153;442,7;"ANAPOLIS";"Velocidade Incompatível";"Colisão lateral";"Com Vítimas Feridas";"Anoitecer";"Crescente";"Nublado";"Dupla";"Reta";"Sim";3;0;1;0;2;0;1;2;-16,325272;-48,922024;"SR-GO";"DEL1/2";"UOP01/GO"
260194;2020-01-01;"quarta-feira";"17:45:00";"PB";104;130,1;"CAMPINA GRANDE";"Ingestão de Álcool";"Colisão transversal";"Sem Vítimas";"Anoitecer";"Crescente";"Céu Claro";"Simples";"Reta";"Sim";2;0;0;0;2;0;0;2;-7,29013399;-35,89029705;"SR-PB";"DEL14/2";"UOP01/PB"
260195;2020-01-01;"quarta-feira";"16:30:00";"MG";116;565,8;"MANHUACU";"Falta de Atenção à Condução";"Capotamento";"Sem Vítimas";"Pleno dia";"Decrescente";"Sol";"Simples";"Curva";"Não";1;0;0;0;1;0;0;1;-20,06874641;-42,17752394;"SR-MG";"DEL4/6";"UOP04/MG"
260196;2020-01-01;"quarta-feira";"14:45:00";"MT";364;519;"ROSARIO OESTE";"Desobediência às normas de trânsito pelo condutor";"Capotamento";"Com Vítimas Feridas";"Pleno dia";"Decrescente";"Nublado";"Simples";"Reta";"Não";3;0;2;0;1;0;2;1;-15,10294599;-56,51994216;"SR-MT";"DEL2/4";"UOP02/MT"
260197;2020-01-01;"quarta-feira";"18:17:00";"RN";101;23,8;"RIO DO FOGO";"Desobediência às normas de trânsito pelo condutor";"Colisão traseira";"Com Vítimas Feridas";"Plena Noite";"Crescente";"Vento";"Simples";"Reta";"Não";2;0;0;1;1;0;1;2;-5,31803594;-35,41480794;"SR-RN";"DEL15/2";"UOP01/RN"
260198;2020-01-01;"quarta-feira";"17:50:00";"PR";116;44,5;"CAMPINA GRANDE DO SUL";"Velocidade Incompatível";"Saída de leito carroçável";"Com Vítimas Feridas";"Pleno dia";"Crescente";"Chuva";"Dupla";"Curva";"Não";2;0;1;0;1;0;1;1;-25,19183553;-48,88629556;"SR-PR";"DEL7/1";"UOP02/PR"
260199;2020-01-01;"quarta-feira";"18:20:00";"SP";116;144,6;"SAO JOSE DOS CAMPOS";"Falta de Atenção à Condução";"Colisão lateral";"Sem Vítimas";"Anoitecer";"Crescente";"Céu Claro";"Simples";"Não Informado";"Não";2;0;0;0;2;0;0;2;-23,18274416;-45,84633592;"SR-SP";"DEL6/2";"UOP01/SP"
260200;2020-01-01;"quarta-feira";"15:00:00";"RJ";101;493;"ANGRA DOS REIS";"Desobediência às normas de trânsito pelo condutor";"Colisão lateral";"Sem Vítimas";"Pleno dia";"Crescente";"Céu Claro";"Simples";"Reta";"Sim";3;0;0;0;3;0;0;2;-22,94374503;-44,32522199;"SR-RJ";"DEL5/3";"UOP03/RJ"
260201;2020-01-01;"quarta-feira";"15:55:00";"SC";101;65,1;"ARAQUARI";"Não guardar distância de segurança";"Engavetamento";"Com Vítimas Feridas";"Pleno dia";"Decrescente";"Nublado";"Dupla";"Reta";"Não";4;0;1;1;2;0;2;3;-26,47135714;-48,74457217;"SR-SC";"DEL8/3";"UOP02/SC"
260202;2020-01-01;"quarta-feira";"15:55:00";"MG";NA;NA;"SABARA";"Defeito Mecânico no Veículo";"Tombamento";"Com Vítimas Feridas";"Pleno dia";"Não Informado";"Céu Claro";"Simples";"Curva";"Sim";1;0;1;0;0;0;1;1;-19,78607788;-43,71630549;"SR-MG";"DEL4/1";"UOP01/MG"
260203;2020-01-01;"quarta-feira";"18:10:00";"MG";40;506;"RIBEIRAO DAS NEVES";"Falta de Atenção do Pedestre";"Atropelamento de Pedestre";"Sem Vítimas";"Plena Noite";"Crescente";"Nublado";"Dupla";"Reta";"Sim";1;0;0;0;1;0;0;1;-19,74716686;-44,14731173;"SR-MG";"DEL4/2";"UOP01/MG"
260204;2020-01-01;"quarta-feira";"14:50:00";"SC";101;290,1;"IMBITUBA";"Defeito Mecânico no Veículo";"Saída de leito carroçável";"Com Vítimas Feridas";"Pleno dia";"Crescente";"Nublado";"Dupla";"Reta";"Sim";2;0;1;1;0;0;2;1;-28,26202477;-48,70403355;"SR-SC";"DEL8/2";"UOP03/SC"
260205;2020-01-01;"quarta-feira";"18:30:00";"MG";40;509,1;"RIBEIRAO DAS NEVES";"Falta de Atenção à Condução";"Colisão lateral";"Com Vítimas Feridas";"Anoitecer";"Crescente";"Nublado";"Dupla";"Reta";"Sim";2;0;0;1;1;0;1;2;-19,76993445;-44,12742376;"SR-MG";"DEL4/1";"UOP02/MG"
260206;2020-01-01;"quarta-feira";"17:30:00";"ES";101;431;"ATILIO VIVACQUA";"Defeito Mecânico no Veículo";"Saída de leito carroçável";"Sem Vítimas";"Pleno dia";"Decrescente";"Sol";"Simples";"Curva";"Não";1;0;0;0;1;0;0;1;-21,02634744;-41,16929054;"SR-ES";"DEL12/3";"UOP02/ES"
260208;2020-01-01;"quarta-feira";"17:25:00";"PR";277;691,8;"SAO MIGUEL DO IGUACU";"Pista Escorregadia";"Saída de leito carroçável";"Com Vítimas Feridas";"Pleno dia";"Decrescente";"Chuva";"Dupla";"Desvio Temporário";"Não";5;0;1;0;4;0;1;1;-25,3630051;-54,25351194;"SR-PR";"DEL7/5";"UOP01/PR"
260209;2020-01-01;"quarta-feira";"15:00:00";"AP";156;280;"PORTO GRANDE";"Velocidade Incompatível";"Saída de leito carroçável";"Com Vítimas Feridas";"Pleno dia";"Decrescente";"Chuva";"Simples";"Curva";"Não";1;0;1;0;0;0;1;1;0,5673526;-51,15126818;"SR-AP";"UOP01/AP";""
260210;2020-01-01;"quarta-feira";"18:25:00";"PI";230;304,9;"FLORIANO";"Animais na Pista";"Atropelamento de Animal";"Com Vítimas Feridas";"Plena Noite";"Decrescente";"Nublado";"Simples";"Reta";"Não";2;0;0;1;1;0;1;1;-6,801861;-42,970663;"SR-PI";"DEL17/3";"UOP01/PI"
260211;2020-01-01;"quarta-feira";"18:40:00";"PR";369;520;"CASCAVEL";"Ingestão de Álcool";"Colisão traseira";"Sem Vítimas";"Pleno dia";"Crescente";"Céu Claro";"Simples";"Reta";"Sim";2;0;0;0;2;0;0;2;-24,9235;-53,3911;"SR-PR";"DEL7/4";"UOP01/PR"
260213;2020-01-01;"quarta-feira";"17:30:00";"PR";163;25,5;"SANTO ANTONIO DO SUDOESTE";"Ultrapassagem Indevida";"Saída de leito carroçável";"Com Vítimas Fatais";"Pleno dia";"Decrescente";"Sol";"Simples";"Reta";"Não";6;1;3;1;0;1;4;2;-26,17492292;-53,66749187;"SR-PR";"DEL7/2";"UOP04/PR"
260214;2020-01-01;"quarta-feira";"18:45:00";"PR";277;683,2;"SAO MIGUEL DO IGUACU";"Ingestão de Álcool";"Saída de leito carroçável";"Com Vítimas Feridas";"Pleno dia";"Crescente";"Nublado";"Dupla";"Curva";"Não";2;0;0;1;1;0;1;2;-25,33269888;-54,19204103;"SR-PR";"DEL7/5";"UOP01/PR"
260215;2020-01-01;"quarta-feira";"18:45:00";"DF";70;12,4;"BRASILIA";"Ingestão de Álcool";"Colisão com objeto estático";"Com Vítimas Feridas";"Plena Noite";"Crescente";"Nublado";"Dupla";"Reta";"Sim";1;0;1;0;0;0;1;1;-15,79311948;-48,16174641;"SR-DF";"UOP06/DF";""
260216;2020-01-01;"quarta-feira";"17:25:00";"CE";116;42;"HORIZONTE";"Desobediência às normas de trânsito pelo condutor";"Colisão transversal";"Com Vítimas Feridas";"Pleno dia";"Decrescente";"Nublado";"Dupla";"Reta";"Sim";4;0;3;1;0;0;4;2;-4,10857928;-38,4942173;"SR-CE";"DEL16/1";"UOP02/CE"
260217;2020-01-01;"quarta-feira";"19:00:00";"MG";381;502,5;"BETIM";"Falta de Atenção à Condução";"Colisão traseira";"Com Vítimas Feridas";"Plena Noite";"Decrescente";"Céu Claro";"Dupla";"Reta";"Sim";2;0;1;0;1;0;1;2;-20,03619694;-44,24586303;"SR-MG";"DEL4/1";"UOP03/MG"
260218;2020-01-01;"quarta-feira";"16:20:00";"MT";70;542,1;"VARZEA GRANDE";"Condutor Dormindo";"Saída de leito carroçável";"Com Vítimas Feridas";"Pleno dia";"Decrescente";"Céu Claro";"Simples";"Reta";"Não";2;0;1;0;1;0;1;1;-15,66667646;-56,23661041;"SR-MT";"DEL2/4";"UOP02/MT"
260219;2020-01-01;"quarta-feira";"17:40:00";"PR";116;1,2;"CAMPINA GRANDE DO SUL";"Velocidade Incompatível";"Colisão com objeto estático";"Com Vítimas Feridas";"Pleno dia";"Crescente";"Chuva";"Dupla";"Curva";"Não";2;0;1;0;1;0;1;1;-25,06368403;-48,57051896;"SR-PR";"DEL7/1";"UOP02/PR"