"id";"data_inversa";"dia_semana";"horario";"uf";"br";"km";"municipio";"causa_acidente";"tipo_acidente";"classificacao_acidente";"fase_dia";"sentido_via";"condicao_metereologica";"tipo_pista";"tracado_via";"uso_solo";"pessoas";"mortos";"feridos_leves";"feridos_graves";"ilesos";"ignorados";"feridos";"veiculos";"latitude";"longitude";"regional";"delegacia";"uop"
260403;2020-01-02;"quinta-feira";"16:55:00";"SC";101;348,5;"JAGUARUNA";"Não guardar distância de segurança";"Colisão traseira";"Com Vítimas Feridas";"Pleno dia";"Crescente";"Céu Claro";"Simples";"Reta";"Não";3;0;1;0;2;0;1;2;-28,5820168;-49,05059372;"SR-SC";"DEL8/2";"UOP01/SC"
260404;2020-01-02;"quinta-feira";"17:30:00";"SC";101;37,2;"JOINVILLE";"Animais na Pista";"Tombamento";"Com Vítimas Feridas";"Pleno dia";"Crescente";"Chuva";"Dupla";"Reta";"Sim";1;0;1;0;0;0;1;1;-26,25050176;-48,90863867;"SR-SC";"DEL8/3";"UOP01/SC"
260405;2020-01-02;"quinta-feira";"16:50:00";"SC";282;520,7;"XAXIM";"Falta de Atenção à Condução";"Colisão lateral";"Sem Vítimas";"Pleno dia";"Decrescente";"Céu Claro";"Simples";"Rotatória";"Não";2;0;0;0;2;0;0;2;-26,950415;-52,526096;"SR-SC";"DEL7";"UOP01/SC"
260406;2020-01-02;"quinta-feira";"16:35:00";"MG";381;734;"TRES CORACOES";"Velocidade Incompatível";"Capotamento";"Com Vítimas Feridas";"Pleno dia";"Decrescente";"Nublado";"Dupla";"Curva";"Não";1;0;1;0;0;0;1;1;-21,57173297;-45,24325979;"SR-MG";"DEL4/4";"UOP02/MG"
260407;2020-01-02;"quinta-feira";"13:50:00";"MG";116;571,4;"MANHUACU";"Defeito Mecânico no Veículo";"Saída de leito carroçável";"Com Vítimas Feridas";"Pleno dia";"Crescente";"Céu Claro";"Simples";"Desvio Temporário";"Não";1;0;1;0;0;0;1;1;-20,11476401;-42,18102184;"SR-MG";"DEL4/6";"UOP04/MG"
260408;2020-01-02;"quinta-feira";"18:20:00";"PR";376;179,1;"MARINGA";"Não guardar distância de segurança";"Colisão traseira";"Com Vítimas Feridas";"Pleno dia";"Crescente";"Céu Claro";"Múltipla";"Reta";"Sim";3;0;1;0;2;0;1;2;-23,42244278;-51,90360392;"SR-PR";"DEL7/7";"UOP04/PR"
260409;2020-01-02;"quinta-feira";"16:00:00";"RS";392;115;"CANGUCU";"Defeito Mecânico no Veículo";"Colisão com objeto estático";"Sem Vítimas";"Pleno dia";"Decrescente";"Céu Claro";"Simples";"Curva";"Não";1;0;0;0;1;0;0;1;-31,42456531;-52,66149946;"SR-RS";"DEL9/7";"UOP01/RS"
260410;2020-01-02;"quinta-feira";"17:20:00";"RJ";116;84,9;"TERESOPOLIS";"Pista Escorregadia";"Colisão frontal";"Com Vítimas Feridas";"Plena Noite";"Crescente";"Chuva";"Simples";"Curva";"Não";8;0;5;0;3;0;5;2;-22,4226117;-42,95115115;"SR-RJ";"DEL5/4";"UOP01/RJ"
260411;2020-01-02;"quinta-feira";"18:10:00";"CE";20;202,9;"BOA VIAGEM";"Falta de Atenção à Condução";"Colisão transversal";"Com Vítimas Feridas";"Plena Noite";"Decrescente";"Céu Claro";"Simples";"Reta";"Sim";2;0;1;0;0;1;1;2;-5,13728811;-39,73839081;"SR-CE";"DEL16/2";"UOP02/CE"
260412;2020-01-02;"quinta-feira";"12:20:00";"MG";262;32,2;"MANHUACU";"Condutor Dormindo";"Colisão frontal";"Com Vítimas Feridas";"Pleno dia";"Decrescente";"Nublado";"Simples";"Curva";"Não";3;0;3;0;0;0;3;2;-20,256748;-42,008616;"SR-MG";"DEL4/6";"UOP04/MG"
260413;2020-01-02;"quinta-feira";"16:30:00";"SE";235;54;"ITABAIANA";"Desobediência às normas de trânsito pelo condutor";"Colisão transversal";"Com Vítimas Feridas";"Pleno dia";"Crescente";"Céu Claro";"Múltipla";"Interseção de vias";"Sim";3;0;1;0;2;0;1;2;-10,676047;-37,443279;"SR-SE";"DEL20/1";"UOP02/SE"
260414;2020-01-02;"quinta-feira";"16:40:00";"MG";381;439,4;"SABARA";"Pista Escorregadia";"Colisão frontal";"Com Vítimas Fatais";"Pleno dia";"Decrescente";"Chuva";"Simples";"Não Informado";"Não";4;1;1;2;0;0;3;2;-19,79938863;-43,76137197;"SR-MG";"DEL4/1";"UOP01/MG"
260415;2020-01-02;"quinta-feira";"16:30:00";"SP";116;316;"JUQUITIBA";"Falta de Atenção à Condução";"Colisão com objeto estático";"Com Vítimas Feridas";"Pleno dia";"Crescente";"Chuva";"Dupla";"Curva";"Sim";4;0;3;0;1;0;3;1;-23,91054997;-46,99149375;"SR-SP";"DEL6/4";"UOP01/SP"
260416;2020-01-02;"quinta-feira";"15:30:00";"SC";470;121;"IBIRAMA";"Velocidade Incompatível";"Colisão frontal";"Com Vítimas Feridas";"Pleno dia";"Decrescente";"Chuva";"Múltipla";"Curva";"Não";5;0;1;3;1;0;4;2;-27,09550316;-49,52962875;"SR-SC";"DEL8/4";"UOP02/SC"
260417;2020-01-02;"quinta-feira";"16:40:00";"MG";381;671,5;"PERDOES";"Velocidade Incompatível";"Saída de leito carroçável";"Com Vítimas Feridas";"Pleno dia";"Crescente";"Chuva";"Dupla";"Não Informado";"Não";4;0;3;0;1;0;3;1;-21,08945416;-45,06864195;"SR-MG";"DEL4/4";"UOP02/MG"
260418;2020-01-02;"quinta-feira";"17:20:00";"RJ";40;113;"DUQUE DE CAXIAS";"Defeito Mecânico no Veículo";"Queda de ocupante de veículo";"Com Vítimas Feridas";"Pleno dia";"Crescente";"Chuva";"Múltipla";"Não Informado";"Sim";2;0;1;0;1;0;1;1;-22,71701306;-43,2899791;"SR-RJ";"DEL5/1";"UOP01/RJ"
260419;2020-01-02;"quinta-feira";"15:10:00";"MG";116;777,4;"LEOPOLDINA";"Pista Escorregadia";"Colisão frontal";"Com Vítimas Feridas";"Pleno dia";"Crescente";"Chuva";"Simples";"Reta";"Não";5;0;0;1;4;0;1;2;-21,59632074;-42,69196405;"SR-MG";"DEL4/7";"UOP01/MG"
260420;2020-01-02;"quinta-feira";"18:00:00";"PE";101;54;"PAULISTA";"Desobediência às normas de trânsito pelo condutor";"Colisão traseira";"Com Vítimas Feridas";"Plena Noite";"Decrescente";"Céu Claro";"Dupla";"Reta";"Não";2;0;1;0;1;0;1;2;-7,948726;-34,907193;"SR-PE";"DEL11/1";"UOP02/PE"
260421;2020-01-02;"quinta-feira";"19:00:00";"MG";381;484,9;"BETIM";"Defeito na Via";"Colisão com objeto estático";"Com Vítimas Feridas";"Plena Noite";"Crescente";"Chuva";"Múltipla";"Reta";"Sim";26;0;24;1;1;0;25;1;-19,95624622;-44,09843445;"SR-MG";"DEL4/1";"UOP03/MG"
260422;2020-01-02;"quinta-feira";"18:10:00";"PE";101;58,6;"RECIFE";"Não guardar distância de segurança";"Saída de leito carroçável";"Com Vítimas Feridas";"Plena Noite";"Crescente";"Nublado";"Dupla";"Ponte";"Sim";4;0;3;0;0;1;3;2;-7,97063209;-34,92064675;"SR-PE";"DEL11/1";"UOP02/PE"
260423;2020-01-02;"quinta-feira";"12:40:00";"MG";381;892,8;"CAMBUI";"Velocidade Incompatível";"Saída de leito carroçável";"Sem Vítimas";"Pleno dia";"Crescente";"Chuva";"Dupla";"Reta";"Não";2;0;0;0;2;0;0;1;-22,58389953;-46,04782104;"SR-MG";"DEL09";"UOP03/MG"
260424;2020-01-02;"quinta-feira";"17:30:00";"MG";381;912,5;"CAMANDUCAIA";"Velocidade Incompatível";"Saída de leito carroçável";"Com Vítimas Feridas";"Pleno dia";"Crescente";"Chuva";"Dupla";"Curva";"Não";5;0;3;0;2;0;3;1;-22,70588891;-46,12060547;"SR-MG";"DEL09";"UOP03/MG"
260425;2020-01-02;"quinta-feira";"19:30:00";"SP";116;565;"BARRA DO TURVO";"Pista Escorregadia";"Colisão com objeto estático";"Com Vítimas Feridas";"Plena Noite";"Crescente";"Chuva";"Simples";"Curva";"Não";6;0;1;0;5;0;1;1;-25,0358686;-48,54404396;"SR-SP";"DEL6/5";"UOP03/SP"
260426;2020-01-02;"quinta-feira";"17:40:00";"PR";487;116,5;"TUNEIRAS DO OESTE";"Falta de Atenção à Condução";"Saída de leito carroçável";"Com Vítimas Feridas";"Pleno dia";"Crescente";"Nublado";"Simples";"Reta";"Não";4;0;3;0;1;0;3;1;-23,83401989;-52,95866195;"SR-PR";"DEL7/4";"UOP05/PR"
260427;2020-01-02;"quinta-feira";"14:45:00";"MG";381;924;"ITAPEVA";"Pista Escorregadia";"Saída de leito carroçável";"Com Vítimas Feridas";"Pleno dia";"Crescente";"Chuva";"Dupla";"Curva";"Não";3;0;1;0;2;0;1;1;-22,77050246;-46,23490598;"SR-MG";"DEL09";"UOP03/MG"
260429;2020-01-02;"quinta-feira";"19:00:00";"RJ";116;123;"MAGE";"Não guardar distância de segurança";"Queda de ocupante de veículo";"Com Vítimas Feridas";"Plena Noite";"Decrescente";"Chuva";"Dupla";"Não Informado";"Não";1;0;1;0;0;0;1;1;-22,64080106;-43,06288894;"SR-RJ";"DEL5/4";"UOP02/RJ"
260430;2020-01-02;"quinta-feira";"16:30:00";"PA";10;103;"PARAGOMINAS";"Pista Escorregadia";"Saída de leito carroçável";"Com Vítimas Feridas";"Pleno dia";"Decrescente";"Chuva";"Simples";"Desvio Temporário";"Não";3;0;3;0;0;0;3;1;-3,53991983;-47,49086353;"SR-PA";"DEL19/2";"UOP03/PA"
260431;2020-01-02;"quinta-feira";"17:30:00";"TO";153;250;"COLINAS DO TOCANTINS";"Falta de Atenção à Condução";"Colisão lateral";"Com Vítimas Feridas";"Anoitecer";"Decrescente";"Nublado";"Dupla";"Desvio Temporário";"Sim";2;0;0;1;1;0;1;2;-8,05584913;-48,46619817;"SR-TO";"UOP03/TO";""
260433;2020-01-02;"quinta-feira";"18:55:00";"SC";101;153;"ITAPEMA";"Falta de Atenção à Condução";"Colisão lateral";"Com Vítimas Feridas";"Pleno dia";"Decrescente";"Céu Claro";"Dupla";"Reta";"Sim";2;0;1;0;1;0;1;2;-27,144717;-48,61063935;"SR-SC";"DEL8/4";"UOP03/SC"
260434;2020-01-02;"quinta-feira";"20:00:00";"RS";293;2,2;"PELOTAS";"Falta de Atenção à Condução";"Colisão transversal";"Com Vítimas Feridas";"Plena Noite";"Decrescente";"Céu Claro";"Simples";"Reta";"Sim";2;0;1;0;1;0;1;2;-31,750426;-52,35999499;"SR-RS";"DEL9/7";"UOP01/RS"
260435;2020-01-02;"quinta-feira";"20:00:00";"SC";101;216;"PALHOCA";"Defeito Mecânico no Veículo";"Queda de ocupante de veículo";"Com Vítimas Feridas";"Plena Noite";"Decrescente";"Garoa/Chuvisco";"Dupla";"Reta";"Sim";2;0;2;0;0;0;2;1;-27,65981409;-48,67747798;"SR-SC";"DEL8/1";"UOP02/SC"
260436;2020-01-02;"quinta-feira";"19:10:00";"GO";40;24;"LUZIANIA";"Ingestão de Álcool";"Colisão traseira";"Com Vítimas Feridas";"Plena Noite";"Crescente";"Chuva";"Dupla";"Reta";"Sim";1;0;1;0;0;0;1;1;-16,252738;-47,900437;"SR-DF";"UOP01/DF";""
260437;2020-01-02;"quinta-feira";"20:00:00";"PE";101;56,9;"RECIFE";"Falta de Atenção à Condução";"Colisão transversal";"Com Vítimas Feridas";"Plena Noite";"Crescente";"Vento";"Múltipla";"Reta";"Não";3;0;2;0;1;0;2;2;-7,9554509;-34,91140727;"SR-PE";"DEL11/1";"UOP02/PE"
260438;2020-01-02;"quinta-feira";"16:00:00";"MG";262;450,2;"NOVA SERRANA";"Desobediência às normas de trânsito pelo condutor";"Saída de leito carroçável";"Com Vítimas Feridas";"Pleno dia";"Decrescente";"Chuva";"Simples";"Reta";"Não";2;0;1;0;1;0;1;1;-19,85068565;-45,02952576;"SR-MG";"DEL4/8";"UOP03/MG"
260439;2020-01-02;"quinta-feira";"20:25:00";"TO";153;382;"FORTALEZA DO TABOCAO";"Ultrapassagem Indevida";"Colisão frontal";"Com Vítimas Feridas";"Plena Noite";"Decrescente";"Garoa/Chuvisco";"Simples";"Reta";"Não";2;0;0;1;1;0;1;2;-9,260822;-48,54802936;"SR-TO";"UOP03/TO";""
260440;2020-01-02;"quinta-feira";"20:40:00";"SP";101;32,4;"UBATUBA";"Falta de Atenção à Condução";"Colisão lateral";"Com Vítimas Feridas";"Plena Noite";"Decrescente";"Nublado";"Simples";"Reta";"Sim";2;0;1;0;1;0;1;2;-23,38790115;-44,98068892;"SR-SP";"DEL6";"UOP03/SP"
260441;2020-01-02;"quinta-feira";"17:00:00";"RR";174;17;"BOA VISTA";"Defeito Mecânico no Veículo";"Capotamento";"Com Vítimas Feridas";"Pleno dia";"Decrescente";"Nublado";"Simples";"Reta";"Não";9;0;3;0;6;0;3;1;2,874681;-60,791526;"SR-RR";"UOP01/RR";""
260442;2020-01-02;"quinta-feira";"18:00:00";"BA";324;515;"FEIRA DE SANTANA";"Falta de Atenção à Condução";"Colisão traseira";"Com Vítimas Feridas";"Anoitecer";"Crescente";"Garoa/Chuvisco";"Simples";"Reta";"Sim";1;0;1;0;0;0;1;1;-12,23547809;-38,94396807;"SR-BA";"DEL10/2";"UOP01/BA"
260444;2020-01-02;"quinta-feira";"20:35:00";"RS";116;302,7;"GUAIBA";"Falta de Atenção à Condução";"Colisão transversal";"Com Vítimas Feridas";"Plena Noite";"Decrescente";"Nublado";"Simples";"Reta";"Não";3;0;1;0;2;0;1;2;-30,13970487;-51,35942618;"SR-RS";"DEL9/2";"UOP01/RS"
260445;2020-01-02;"quinta-feira";"19:30:00";"SC";470;91,6;"ASCURRA";"Falta de Atenção à Condução";"Colisão traseira";"Com Vítimas Feridas";"Plena Noite";"Crescente";"Chuva";"Simples";"Ponte";"Não";2;0;0;1;1;0;1;1;-26,97769;-49,369198;"SR-SC";"DEL8/4";"UOP01/SC"
260446;2020-01-02;"quinta-feira";"17:00:00";"GO";60;99;"ANAPOLIS";"Falta de Atenção à Condução";"Colisão com objeto estático";"Com Vítimas Feridas";"Pleno dia";"Decrescente";"Céu Claro";"Dupla";"Viaduto";"Sim";2;0;1;0;1;0;1;1;-16,3924;-48,9588;"SR-GO";"DEL1/2";"UOP01/GO"
260447;2020-01-02;"quinta-feira";"17:18:00";"GO";60;81;"ANAPOLIS";"Pista Escorregadia";"Saída de leito carroçável";"Com Vítimas Feridas";"Pleno dia";"Crescente";"Chuva";"Dupla";"Curva";"Não";2;0;2;0;0;0;2;1;-16,31142839;-48,82787704;"SR-GO";"DEL1/2";"UOP01/GO"
260448;2020-01-02;"quinta-feira";"17:30:00";"SC";282;564,2;"NOVA ERECHIM";"Velocidade Incompatível";"Saída de leito carroçável";"Com Vítimas Feridas";"Pleno dia";"Crescente";"Sol";"Simples";"Curva";"Não";1;0;0;1;0;0;1;1;-26,898739;-52,877975;"SR-SC";"DEL7";"UOP02/SC"
260449;2020-01-02;"quinta-feira";"21:00:00";"RJ";101;428;"MANGARATIBA";"Não guardar distância de segurança";"Colisão traseira";"Sem Vítimas";"Plena Noite";"Decrescente";"Chuva";"Simples";"Reta";"Não";2;0;0;0;2;0;0;2;-22,93154625;-43,98133788;"SR-RJ";"DEL5/3";"UOP01/RJ"
260450;2020-01-02;"quinta-feira";"20:50:00";"SC";163;84,2;"GUARACIABA";"Ingestão de Álcool";"Colisão com objeto estático";"Com Vítimas Feridas";"Plena Noite";"Crescente";"Céu Claro";"Simples";"Rotatória";"Não";1;0;1;0;0;0;1;1;-26,61594101;-53,51942819;"SR-SC";"DEL7";"UOP03/SC"
260451;2020-01-02;"quinta-feira";"16:20:00";"MG";40;764,1;"JUIZ DE FORA";"Velocidade Incompatível";"Colisão frontal";"Com Vítimas Fatais";"Anoitecer";"Crescente";"Chuva";"Simples";"Curva";"Não";11;2;8;0;1;0;8;2;-21,5606587;-43,49865196;"SR-MG";"DEL5";"UOP01/MG"
260454;2020-01-02;"quinta-feira";"21:50:00";"RN";405;16,8;"MOSSORO";"Falta de Atenção do Pedestre";"Atropelamento de Pedestre";"Com Vítimas Fatais";"Plena Noite";"Decrescente";"Céu Claro";"Simples";"Reta";"Sim";2;1;0;1;0;0;1;1;-5,21378318;-37,49323725;"SR-RN";"DEL15/4";"UOP02/RN"
260455;2020-01-02;"quinta-feira";"19:00:00";"SC";282;424,8;"VARGEM BONITA";"Velocidade Incompatível";"Colisão frontal";"Com Vítimas Feridas";"Pleno dia";"Decrescente";"Céu Claro";"Simples";"Curva";"Não";5;0;1;2;1;1;3;2;-26,988014;-51,753124;"SR-SC";"DEL7";"UOP07/SC"
260456;2020-01-02;"quinta-feira";"21:40:00";"SP";116;384;"MIRACATU";"Falta de Atenção à Condução";"Engavetamento";"Com Vítimas Feridas";"Plena Noite";"Decrescente";"Chuva";"Dupla";"Reta";"Não";4;0;1;0;3;0;1;3;-24,24780677;-47,37000424;"SR-SP";"DEL6/4";"UOP03/SP"
260460;2020-01-02;"quinta-feira";"21:00:00";"RJ";465;7;"SEROPEDICA";"Ingestão de álcool e/ou substâncias psicoativas pelo pedestre";"Atropelamento de Pedestre";"Com Vítimas Feridas";"Plena Noite";"Decrescente";"Céu Claro";"Simples";"Viaduto";"Não";3;0;0;2;1;0;2;1;-22,761377;-43,686352;"SR-RJ";"DEL5/1";"UOP03/RJ"
260464;2020-01-02;"quinta-feira";"17:30:00";"PR";116;18;"ANTONINA";"Pista Escorregadia";"Danos eventuais";"Com Vítimas Feridas";"Anoitecer";"Decrescente";"Chuva";"Dupla";"Desvio Temporário";"Sim";2;0;1;0;1;0;1;1;-25,103973;-48,710786;"SR-PR";"DEL7/1";"UOP02/PR"
260467;2020-01-02;"quinta-feira";"22:40:00";"SP";116;214;"GUARULHOS";"Velocidade Incompatível";"Colisão com objeto estático";"Com Vítimas Feridas";"Plena Noite";"Decrescente";"Chuva";"Múltipla";"Reta";"Sim";1;0;1;0;0;0;1;1;-23,44333014;-46,44531294;"SR-SP";"DEL6/1";"UOP01/SP"
260468;2020-01-02;"quinta-feira";"22:00:00";"SC";282;80;"RANCHO QUEIMADO";"Velocidade Incompatível";"Capotamento";"Com Vítimas Feridas";"Plena Noite";"Crescente";"Chuva";"Simples";"Curva";"Não";1;0;1;0;0;0;1;1;-27,663555;-49,159309;"SR-SC";"DEL8/1";"UOP03/SC"
260469;2020-01-02;"quinta-feira";"21:40:00";"RJ";101;92;"CAMPOS DOS GOYTACAZES";"Falta de Atenção à Condução";"Saída de leito carroçável";"Com Vítimas Feridas";"Pleno dia";"Decrescente";"Garoa/Chuvisco";"Dupla";"Reta";"Não";2;0;2;0;0;0;2;1;-21,85456357;-41,52621893;"SR-RJ";"DEL5/8";"UOP02/RJ"
260470;2020-01-02;"quinta-feira";"22:50:00";"PR";369;174;"ROLANDIA";"Desobediência às normas de trânsito pelo condutor";"Colisão transversal";"Sem Vítimas";"Plena Noite";"Crescente";"Nublado";"Simples";"Interseção de vias";"Sim";2;0;0;0;0;2;0;2;-23,31597519;-51,37657642;"SR-PR";"DEL7/7";"UOP01/PR"
260472;2020-01-02;"quinta-feira";"23:00:00";"SP";381;73;"SAO PAULO";"Pista Escorregadia";"Saída de leito carroçável";"Com Vítimas Feridas";"Plena Noite";"Decrescente";"Garoa/Chuvisco";"Dupla";"Curva";"Não";1;0;1;0;0;0;1;1;-23,36553404;-46,55253934;"SR-SP";"DEL6/3";"UOP02/SP"
260473;2020-01-02;"quinta-feira";"20:30:00";"MG";40;137;"JOAO PINHEIRO";"Condutor Dormindo";"Saída de leito carroçável";"Com Vítimas Feridas";"Plena Noite";"Crescente";"Céu Claro";"Simples";"Reta";"Não";1;0;1;0;0;0;1;1;-17,72382989;-46,22254698;"SR-MG";"DEL4/14";"UOP01/MG"
260474;2020-01-02;"quinta-feira";"20:15:00";"SC";101;384,1;"ICARA";"Ingestão de álcool e/ou substâncias psicoativas pelo pedestre";"Colisão frontal";"Com Vítimas Feridas";"Plena Noite";"Decrescente";"Garoa/Chuvisco";"Dupla";"Reta";"Não";4;0;3;1;0;0;4;2;-28,76851141;-49,3025538;"SR-SC";"DEL8/2";"UOP02/SC"
260475;2020-01-02;"quinta-feira";"20:30:00";"SC";282;134,6;"BOM RETIRO";"Desobediência às normas de trânsito pelo condutor";"Colisão transversal";"Com Vítimas Feridas";"Plena Noite";"Crescente";"Nublado";"Simples";"Reta";"Não";3;0;2;1;0;0;3;2;-27,813074;-49,540077;"SR-SC";"DEL8/5";"UOP01/SC"
260477;2020-01-01;"quarta-feira";"14:50:00";"RJ";40;120;"DUQUE DE CAXIAS";"Defeito Mecânico no Veículo";"Tombamento";"Com Vítimas Feridas";"Pleno dia";"Decrescente";"Céu Claro";"Múltipla";"Reta";"Sim";2;0;2;0;0;0;2;1;-22,77280597;-43,28626763;"SR-RJ";"DEL5/1";"UOP01/RJ"
260478;2020-01-02;"quinta-feira";"22:30:00";"ES";101;435,4;"MIMOSO DO SUL";"Pista Escorregadia";"Tombamento";"Com Vítimas Fatais";"Plena Noite";"Crescente";"Chuva";"Simples";"Curva";"Não";2;1;1;0;0;0;1;1;-21,05500952;-41,19609059;"SR-ES";"DEL12/3";"UOP02/ES"
260480;2020-01-02;"quinta-feira";"22:55:00";"ES";101;247;"SERRA";"Falta de Atenção à Condução";"Saída de leito carroçável";"Com Vítimas Feridas";"Plena Noite";"Crescente";"Chuva";"Simples";"Reta";"Não";1;0;1;0;0;0;1;1;-20,06746339;-40,37085006;"SR-ES";"DEL12/2";"UOP01/ES"
260481;2020-01-02;"quinta-feira";"23:25:00";"BA";116;528,4;"ITATIM";"Velocidade Incompatível";"Colisão frontal";"Com Vítimas Fatais";"Plena Noite";"Crescente";"Garoa/Chuvisco";"Simples";"Não Informado";"Não";2;1;0;0;1;0;0;2;-12,71846546;-39,74793434;"SR-BA";"DEL10/3";"UOP02/BA"
260482;2020-01-02;"quinta-feira";"23:00:00";"RJ";101;61;"CAMPOS DOS GOYTACAZES";"Falta de Atenção à Condução";"Colisão transversal";"Com Vítimas Feridas";"Plena Noite";"Crescente";"Céu Claro";"Simples";"Interseção de vias";"Sim";2;0;0;1;1;0;1;2;-21,72655788;-41,32133519;"SR-RJ";"DEL5/8";"UOP01/RJ"
260483;2020-01-03;"sexta-feira";"00:10:00";"ES";101;220,7;"IBIRACU";"Velocidade Incompatível";"Saída de leito carroçável";"Com Vítimas Feridas";"Plena Noite";"Crescente";"Chuva";"Simples";"Reta";"Não";1;0;1;0;0;0;1;1;-19,86715386;-40,40119171;"SR-ES";"DEL12/2";"UOP01/ES"
260484;2020-01-03;"sexta-feira";"00:30:00";"SP";116;87;"PINDAMONHANGABA";"Falta de Atenção à Condução";"Saída de leito carroçável";"Sem Vítimas";"Plena Noite";"Crescente";"Nublado";"Dupla";"Reta";"Não";2;0;0;0;1;1;0;1;-22,93065267;-45,36166116;"SR-SP";"DEL6";"UOP01/SP"
260485;2020-01-02;"quinta-feira";"23:50:00";"GO";40;141,8;"CRISTALINA";"Desobediência às normas de trânsito pelo condutor";"Colisão frontal";"Com Vítimas Feridas";"Plena Noite";"Crescente";"Chuva";"Simples";"Reta";"Não";7;0;5;0;2;0;5;3;-16,95712;-47,270758;"SR-DF";"UOP02/DF";""
260486;2020-01-02;"quinta-feira";"20:55:00";"MT";70;696;"CACERES";"Ingestão de Álcool";"Colisão traseira";"Sem Vítimas";"Plena Noite";"Decrescente";"Céu Claro";"Simples";"Reta";"Não";2;0;0;0;2;0;0;2;-16,20852786;-57,41284118;"SR-MT";"DEL2/3";"UOP01/MT"
260487;2020-01-03;"sexta-feira";"00:30:00";"MG";381;651;"SANTO ANTONIO DO AMPARO";"Objeto estático sobre o leito carroçável";"Danos eventuais";"Sem Vítimas";"Plena Noite";"Decrescente";"Nublado";"Dupla";"Reta";"Não";2;0;0;0;2;0;0;1;-20,97575268;-44,93997846;"SR-MG";"DEL4/4";"UOP02/MG"
260488;2020-01-03;"sexta-feira";"00:30:00";"RJ";101;11,6;"CAMPOS DOS GOYTACAZES";"Não guardar distância de segurança";"Colisão traseira";"Com Vítimas Feridas";"Plena Noite";"Crescente";"Nublado";"Simples";"Não Informado";"Não";4;0;2;0;2;0;2;2;-21,30766784;-41,3253282;"SR-RJ";"DEL5/8";"UOP01/RJ"
260489;2020-01-03;"sexta-feira";"00:45:00";"RO";364;341;"JI-PARANA";"Ingestão de Álcool";"Queda de ocupante de veículo";"Com Vítimas Feridas";"Plena Noite";"Decrescente";"Chuva";"Simples";"Reta";"Sim";1;0;0;1;0;0;1;1;-10,88987987;-61,93126772;"SR-RO";"DEL21/2";"UOP01/RO"
260490;2020-01-03;"sexta-feira";"00:50:00";"MG";153;59;"MONTE ALEGRE DE MINAS";"Falta de Atenção à Condução";"Colisão traseira";"Com Vítimas Feridas";"Plena Noite";"Decrescente";"Nublado";"Dupla";"Reta";"Não";2;0;1;0;0;1;1;2;-18,88622703;-49,05195006;"SR-MG";"DEL4/15";"UOP03/MG"
260491;2020-01-03;"sexta-feira";"01:30:00";"PR";476;140;"CURITIBA";"Falta de Atenção à Condução";"Colisão com objeto estático";"Com Vítimas Feridas";"Plena Noite";"Crescente";"Nublado";"Múltipla";"Reta";"Sim";1;0;1;0;0;0;1;1;-25,520693;-49,294121;"SR-PR";"DEL7/1";"UOP03/PR"
260492;2020-01-03;"sexta-feira";"01:45:00";"BA";324;625;"SALVADOR";"Agressão Externa";"Colisão transversal";"Com Vítimas Feridas";"Plena Noite";"Crescente";"Nublado";"Múltipla";"Reta";"Sim";2;0;1;0;1;0;1;2;-12,94194706;-38,47081224;"SR-BA";"DEL10/1";"UOP01/BA"
260493;2020-01-03;"sexta-feira";"02:30:00";"MG";116;38,6;"PEDRA AZUL";"Velocidade Incompatível";"Saída de leito carroçável";"Com Vítimas Feridas";"Plena Noite";"Crescente";"Céu Claro";"Dupla";"Reta";"Não";2;0;2;0;0;0;2;1;-15,96601299;-41,40367703;"SR-MG";"DEL4/11";"UOP02/MG"
260494;2020-01-03;"sexta-feira";"01:50:00";"MG";116;416;"GOVERNADOR VALADARES";"Desobediência às normas de trânsito pelo condutor";"Saída de leito carroçável";"Com Vítimas Feridas";"Plena Noite";"Crescente";"Céu Claro";"Simples";"Reta";"Sim";3;0;0;1;2;0;1;3;-18,89215187;-41,94699543;"SR-MG";"DEL4/6";"UOP01/MG"
260495;2020-01-03;"sexta-feira";"02:50:00";"GO";40;92,5;"CRISTALINA";"Falta de Atenção à Condução";"Colisão lateral";"Com Vítimas Feridas";"Plena Noite";"Decrescente";"Chuva";"Simples";"Interseção de vias";"Sim";3;0;1;0;2;0;1;2;-16,730814;-47,626211;"SR-DF";"UOP02/DF";""
260496;2020-01-03;"sexta-feira";"02:10:00";"RN";226;148,2;"CURRAIS NOVOS";"Condutor Dormindo";"Saída de leito carroçável";"Com Vítimas Feridas";"Plena Noite";"Crescente";"Céu Claro";"Simples";"Reta";"Não";3;0;1;2;0;0;3;1;-6,20865867;-36,29031686;"SR-RN";"DEL15/3";"UOP02/RN"
260497;2020-01-03;"sexta-feira";"02:40:00";"SC";101;36,8;"JOINVILLE";"Ingestão de Álcool";"Colisão traseira";"Sem Vítimas";"Plena Noite";"Crescente";"Nublado";"Dupla";"Reta";"Sim";2;0;0;0;1;1;0;2;-26,24573198;-48,9101069;"SR-SC";"DEL8/3";"UOP01/SC"