"id";"data_inversa";"dia_semana";"horario";"uf";"br";"km";"municipio";"causa_acidente";"tipo_acidente";"classificacao_acidente";"fase_dia";"sentido_via";"condicao_metereologica";"tipo_pista";"tracado_via";"uso_solo";"pessoas";"mortos";"feridos_leves";"feridos_graves";"ilesos";"ignorados";"feridos";"veiculos";"latitude";"longitude";"regional";"delegacia";"uop"
260498;2020-01-03;"sexta-feira";"03:20:00";"GO";20;88;"VILA BOA";"Velocidade Incompatível";"Tombamento";"Com Vítimas Fatais";"Plena Noite";"Decrescente";"Chuva";"Simples";"Reta";"Não";14;1;13;0;0;0;13;1;-15,035155;-47,056973;"SR-DF";"UOP01/DEL02/DF";""
260499;2020-01-03;"sexta-feira";"02:45:00";"MT";70;502,5;"SANTO ANTONIO DO LEVERGER";"Falta de Atenção à Condução";"Saída de leito carroçável";"Com Vítimas Feridas";"Plena Noite";"Crescente";"Céu Claro";"Simples";"Reta";"Não";1;0;1;0;0;0;1;1;-15,674941;-55,939884;"SR-MT";"DEL2/1";"UOP01/MT"
260501;2020-01-03;"sexta-feira";"05:15:00";"GO";153;440,4;"ANAPOLIS";"Falta de Atenção à Condução";"Colisão traseira";"Com Vítimas Feridas";"Amanhecer";"Crescente";"Céu Claro";"Dupla";"Reta";"Sim";2;0;0;1;1;0;1;2;-16,306765;-48,923847;"SR-GO";"DEL1/2";"UOP01/GO"
260502;2020-01-03;"sexta-feira";"05:17:00";"BA";116;511;"SANTA TERESINHA";"Falta de Atenção à Condução";"Colisão lateral";"Sem Vítimas";"Amanhecer";"Crescente";"Céu Claro";"Dupla";"Reta";"Não";2;0;0;0;2;0;0;2;-12,64828829;-39,60617355;"SR-BA";"DEL10/3";"UOP02/BA"
260503;2020-01-03;"sexta-feira";"05:25:00";"ES";101;264,5;"SERRA";"Desobediência às normas de trânsito pelo condutor";"Colisão transversal";"Com Vítimas Feridas";"Pleno dia";"Crescente";"Chuva";"Múltipla";"Interseção de vias";"Sim";3;0;1;1;1;0;2;2;-20,17889309;-40,26530538;"SR-ES";"DEL12/2";"UOP01/ES"
260504;2020-01-03;"sexta-feira";"05:35:00";"SC";470;61,8;"INDAIAL";"Falta de Atenção à Condução";"Capotamento";"Com Vítimas Feridas";"Pleno dia";"Crescente";"Nublado";"Simples";"Curva";"Não";4;0;4;0;0;0;4;1;-26,87296395;-49,19126901;"SR-SC";"DEL8/4";"UOP01/SC"
260505;2020-01-02;"quinta-feira";"19:00:00";"CE";116;139,3;"RUSSAS";"Falta de Atenção à Condução";"Saída de leito carroçável";"Com Vítimas Feridas";"Plena Noite";"Decrescente";"Céu Claro";"Simples";"Reta";"Não";1;0;0;1;0;0;1;1;-4,75147981;-38,06476096;"SR-CE";"DEL16/3";"UOP01/CE"
260506;2020-01-03;"sexta-feira";"05:15:00";"RS";386;423;"MONTENEGRO";"Condutor Dormindo";"Saída de leito carroçável";"Com Vítimas Feridas";"Amanhecer";"Decrescente";"Sol";"Dupla";"Retorno Regulamentado";"Não";1;0;1;0;0;0;1;1;-29,816875;-51,392719;"SR-RS";"DEL9/4";"UOP02/RS"
260507;2020-01-02;"quinta-feira";"19:30:00";"MG";50;176;"UBERABA";"Falta de Atenção à Condução";"Colisão traseira";"Sem Vítimas";"Plena Noite";"Decrescente";"Chuva";"Dupla";"Desvio Temporário";"Sim";2;0;0;0;0;2;0;2;-19,77919981;-47,960032;"SR-MG";"DEL13";"UOP01/MG"
260508;2020-01-03;"sexta-feira";"06:30:00";"PI";316;9;"TERESINA";"Ultrapassagem Indevida";"Colisão lateral";"Com Vítimas Feridas";"Amanhecer";"Decrescente";"Céu Claro";"Simples";"Reta";"Sim";3;0;2;0;1;0;2;2;-5,17381686;-42,76624952;"SR-PI";"DEL17/1";"UOP02/PI"
260509;2020-01-03;"sexta-feira";"06:40:00";"SP";116;340;"JUQUITIBA";"Defeito Mecânico no Veículo";"Saída de leito carroçável";"Com Vítimas Feridas";"Pleno dia";"Decrescente";"Nublado";"Dupla";"Curva";"Não";2;0;1;0;1;0;1;1;-24,00328505;-47,15633198;"SR-SP";"DEL6/4";"UOP03/SP"
260510;2020-01-03;"sexta-feira";"06:55:00";"BA";407;5;"JUAZEIRO";"Desobediência às normas de trânsito pelo condutor";"Colisão frontal";"Com Vítimas Feridas";"Pleno dia";"Crescente";"Nublado";"Simples";"Reta";"Sim";2;0;2;0;0;0;2;2;-9,44778544;-40,49043801;"SR-BA";"DEL10/4";"UOP01/BA"
260511;2020-01-03;"sexta-feira";"04:40:00";"MS";163;0,6;"MUNDO NOVO";"Desobediência às normas de trânsito pelo condutor";"Colisão traseira";"Sem Vítimas";"Amanhecer";"Crescente";"Céu Claro";"Simples";"Reta";"Não";2;0;0;0;2;0;0;2;-24,044483;-54,272316;"SR-MS";"DEL3/09";"UOP02/MS"
260512;2020-01-03;"sexta-feira";"06:10:00";"SP";101;47,2;"UBATUBA";"Falta de Atenção à Condução";"Colisão transversal";"Com Vítimas Feridas";"Amanhecer";"Decrescente";"Céu Claro";"Simples";"Rotatória";"Sim";2;0;1;0;1;0;1;2;-23,43387535;-45,08591652;"SR-SP";"DEL6";"UOP03/SP"
260513;2020-01-03;"sexta-feira";"06:30:00";"PR";476;147,5;"ARAUCARIA";"Não guardar distância de segurança";"Colisão traseira";"Com Vítimas Feridas";"Pleno dia";"Decrescente";"Nublado";"Dupla";"Reta";"Sim";2;0;2;0;0;0;2;2;-25,554628;-49,339268;"SR-PR";"DEL7/1";"UOP04/PR"
260515;2020-01-03;"sexta-feira";"05:50:00";"MG";262;61;"MATIPO";"Condutor Dormindo";"Colisão com objeto estático";"Com Vítimas Feridas";"Pleno dia";"Crescente";"Chuva";"Simples";"Curva";"Não";4;0;4;0;0;0;4;1;-20,2924829;-42,21744498;"SR-MG";"DEL4/6";"UOP04/MG"
260518;2020-01-03;"sexta-feira";"08:25:00";"MG";40;462,8;"SETE LAGOAS";"Falta de Atenção à Condução";"Colisão traseira";"Com Vítimas Feridas";"Pleno dia";"Decrescente";"Nublado";"Dupla";"Não Informado";"Não";5;0;2;0;2;1;2;2;-19,418214;-44,339468;"SR-MG";"DEL4/2";"UOP01/MG"
260519;2020-01-03;"sexta-feira";"06:00:00";"SC";282;435;"VARGEM BONITA";"Condutor Dormindo";"Colisão lateral";"Com Vítimas Feridas";"Pleno dia";"Decrescente";"Céu Claro";"Simples";"Reta";"Não";6;0;3;0;3;0;3;2;-26,973248;-51,841671;"SR-SC";"DEL7";"UOP05/SC"
260520;2020-01-03;"sexta-feira";"08:05:00";"RS";386;50,3;"SEBERI";"Avarias e/ou desgaste excessivo no pneu";"Queda de ocupante de veículo";"Com Vítimas Feridas";"Pleno dia";"Decrescente";"Céu Claro";"Simples";"Reta";"Sim";2;0;1;0;1;0;1;1;-27,491682;-53,389172;"SR-RS";"DEL08";"UOP02/RS"
260521;2020-01-03;"sexta-feira";"07:30:00";"MG";40;735,8;"SANTOS DUMONT";"Velocidade Incompatível";"Tombamento";"Com Vítimas Feridas";"Pleno dia";"Crescente";"Nublado";"Simples";"Curva";"Não";1;0;1;0;0;0;1;1;-21,37449311;-43,56992662;"SR-MG";"DEL5";"UOP01/MG"
260522;2020-01-03;"sexta-feira";"08:00:00";"ES";101;269,1;"SERRA";"Falta de Atenção à Condução";"Colisão lateral";"Com Vítimas Feridas";"Pleno dia";"Decrescente";"Céu Claro";"Dupla";"Reta";"Sim";2;0;0;1;1;0;1;2;-20,21740496;-40,26990578;"SR-ES";"DEL12/2";"UOP01/ES"
260523;2020-01-03;"sexta-feira";"07:20:00";"BA";101;717,5;"EUNAPOLIS";"Falta de Atenção à Condução";"Colisão transversal";"Com Vítimas Feridas";"Pleno dia";"Decrescente";"Céu Claro";"Simples";"Interseção de vias";"Sim";2;0;1;0;1;0;1;2;-16,32475225;-39,59403992;"SR-BA";"DEL10/9";"UOP01/BA"
260524;2020-01-03;"sexta-feira";"07:00:00";"PR";369;22,5;"CAMBARA";"Falta de Atenção à Condução";"Colisão transversal";"Com Vítimas Feridas";"Pleno dia";"Crescente";"Céu Claro";"Simples";"Interseção de vias";"Não";3;0;1;0;2;0;1;2;-23,0431141;-50,104056;"SR-PR";"DEL7/7";"UOP06/PR"
260525;2020-01-03;"sexta-feira";"08:20:00";"GO";452;164,6;"ITUMBIARA";"Ultrapassagem Indevida";"Colisão transversal";"Com Vítimas Feridas";"Pleno dia";"Crescente";"Céu Claro";"Simples";"Reta";"Não";3;0;3;0;0;0;3;2;-18,32249395;-49,47512698;"SR-GO";"DEL1/3";"UOP02/GO"
260526;2020-01-03;"sexta-feira";"07:55:00";"GO";50;281;"CATALAO";"Desobediência às normas de trânsito pelo condutor";"Colisão frontal";"Com Vítimas Feridas";"Pleno dia";"Decrescente";"Céu Claro";"Simples";"Reta";"Sim";4;0;2;0;2;0;2;2;-18,1838;-47,9441;"SR-GO";"DEL1/6";"UOP01/GO"
260527;2020-01-03;"sexta-feira";"08:40:00";"PI";316;298;"PICOS";"Falta de Atenção à Condução";"Tombamento";"Com Vítimas Feridas";"Pleno dia";"Crescente";"Céu Claro";"Simples";"Não Informado";"Não";3;0;3;0;0;0;3;1;-7,02855707;-41,5570932;"SR-PI";"DEL17/4";"UOP01/PI"
260528;2020-01-03;"sexta-feira";"08:00:00";"RS";392;1,6;"RIO GRANDE";"Defeito Mecânico no Veículo";"Colisão frontal";"Com Vítimas Feridas";"Pleno dia";"Crescente";"Céu Claro";"Simples";"Curva";"Sim";2;0;1;0;1;0;1;2;-32,04488513;-52,0855305;"SR-RS";"DEL9/7";"UOP02/RS"
260529;2020-01-02;"quinta-feira";"16:00:00";"MG";116;765,5;"LEOPOLDINA";"Falta de Atenção à Condução";"Colisão transversal";"Com Vítimas Feridas";"Pleno dia";"Decrescente";"Chuva";"Simples";"Interseção de vias";"Sim";2;0;1;0;1;0;1;2;-21,5197389;-42,6491103;"SR-MG";"DEL4/7";"UOP01/MG"
260530;2020-01-03;"sexta-feira";"01:20:00";"MG";381;268;"TIMOTEO";"Ultrapassagem Indevida";"Colisão lateral";"Com Vítimas Feridas";"Plena Noite";"Crescente";"Nublado";"Simples";"Curva";"Sim";2;0;1;0;1;0;1;2;-19,52832567;-42,63334751;"SR-MG";"DEL4/3";"UOP02/MG"
260531;2020-01-03;"sexta-feira";"08:40:00";"MG";381;592;"CARMOPOLIS DE MINAS";"Falta de Atenção à Condução";"Colisão traseira";"Sem Vítimas";"Pleno dia";"Decrescente";"Nublado";"Dupla";"Curva";"Não";2;0;0;0;2;0;0;2;-20,57880683;-44,6872411;"SR-MG";"DEL4/4";"UOP01/MG"
260532;2020-01-03;"sexta-feira";"08:00:00";"MT";70;47,8;"BARRA DO GARCAS";"Falta de Atenção à Condução";"Saída de leito carroçável";"Com Vítimas Feridas";"Pleno dia";"Decrescente";"Chuva";"Simples";"Curva";"Não";4;0;2;0;2;0;2;1;-15,74586406;-52,61386501;"SR-MT";"DEL2/8";"UOP01/MT"
260534;2020-01-02;"quinta-feira";"18:40:00";"MG";40;42,2;"PARACATU";"Falta de Atenção à Condução";"Colisão transversal";"Com Vítimas Feridas";"Plena Noite";"Crescente";"Chuva";"Simples";"Não Informado";"Sim";2;0;2;0;0;0;2;2;-17,2188441;-46,8666753;"SR-MG";"DEL4/14";"UOP01/MG"
260535;2020-01-03;"sexta-feira";"08:40:00";"RS";290;25,7;"SANTO ANTONIO DA PATRULHA";"Falta de Atenção à Condução";"Colisão traseira";"Com Vítimas Feridas";"Pleno dia";"Crescente";"Garoa/Chuvisco";"Dupla";"Reta";"Não";3;0;1;1;1;0;2;2;-29,879977;-50,51217;"SR-RS";"DEL9/3";"UOP01/RS"
260536;2020-01-03;"sexta-feira";"08:15:00";"PB";230;46,9;"SANTA RITA";"Falta de Atenção à Condução";"Colisão traseira";"Com Vítimas Feridas";"Pleno dia";"Decrescente";"Céu Claro";"Dupla";"Não Informado";"Não";7;0;0;3;1;3;3;2;-7,17221614;-35,03649044;"SR-PB";"DEL14/1";"UOP02/PB"
260537;2020-01-03;"sexta-feira";"09:55:00";"PR";369;155;"LONDRINA";"Não guardar distância de segurança";"Colisão traseira";"Com Vítimas Feridas";"Pleno dia";"Decrescente";"Nublado";"Dupla";"Interseção de vias";"Sim";2;0;1;0;1;0;1;2;-23,29567178;-51,20865405;"SR-PR";"DEL7/7";"UOP01/PR"
260538;2020-01-03;"sexta-feira";"09:15:00";"PI";316;2,4;"TERESINA";"Desobediência às normas de trânsito pelo condutor";"Colisão lateral";"Com Vítimas Feridas";"Pleno dia";"Decrescente";"Nublado";"Dupla";"Rotatória";"Sim";3;0;0;1;1;1;1;3;-5,123238;-42,79601812;"SR-PI";"DEL17/1";"UOP02/PI"
260539;2020-01-03;"sexta-feira";"09:30:00";"PR";376;169;"MARINGA";"Falta de Atenção à Condução";"Colisão lateral";"Com Vítimas Feridas";"Pleno dia";"Decrescente";"Céu Claro";"Dupla";"Reta";"Não";2;0;1;0;1;0;1;2;-23,39457259;-52,0085907;"SR-PR";"DEL7/7";"UOP04/PR"
260540;2020-01-03;"sexta-feira";"09:15:00";"SC";101;215,5;"PALHOCA";"Falta de Atenção à Condução";"Colisão lateral";"Com Vítimas Feridas";"Pleno dia";"Decrescente";"Nublado";"Simples";"Reta";"Sim";2;0;1;0;1;0;1;2;-27,65184843;-48,67604941;"SR-SC";"DEL8/1";"UOP02/SC"
260541;2020-01-03;"sexta-feira";"07:45:00";"SC";101;278;"IMBITUBA";"Falta de Atenção à Condução";"Colisão transversal";"Com Vítimas Feridas";"Pleno dia";"Crescente";"Céu Claro";"Simples";"Reta";"Não";2;0;0;1;1;0;1;2;-28,16300604;-48,6939345;"SR-SC";"DEL8/2";"UOP03/SC"
260542;2020-01-03;"sexta-feira";"08:00:00";"SC";470;302;"CAMPOS NOVOS";"Condutor Dormindo";"Colisão transversal";"Com Vítimas Feridas";"Pleno dia";"Crescente";"Sol";"Simples";"Interseção de vias";"Não";4;0;3;0;1;0;3;2;-27,374527;-51,065792;"SR-SC";"DEL7";"UOP08/SC"
260543;2020-01-03;"sexta-feira";"09:45:00";"DF";20;21;"BRASILIA";"Velocidade Incompatível";"Atropelamento de Pedestre";"Com Vítimas Fatais";"Pleno dia";"Crescente";"Nublado";"Dupla";"Reta";"Sim";2;1;0;0;1;0;0;1;-15,603384;-47,684692;"SR-DF";"UOP01/DEL02/DF";""
260544;2020-01-03;"sexta-feira";"10:25:00";"SC";282;57,8;"RANCHO QUEIMADO";"Falta de Atenção à Condução";"Colisão traseira";"Com Vítimas Feridas";"Pleno dia";"Crescente";"Nublado";"Simples";"Reta";"Não";3;0;2;0;1;0;2;2;-27,68421213;-49,00410891;"SR-SC";"DEL8/1";"UOP03/SC"
260545;2020-01-03;"sexta-feira";"04:00:00";"BA";330;810;"IBIRAPITANGA";"Falta de Atenção à Condução";"Saída de leito carroçável";"Com Vítimas Fatais";"Amanhecer";"Crescente";"Céu Claro";"Simples";"Reta";"Não";3;1;0;1;0;1;1;1;-14,2260037;-39,5058199;"SR-BA";"DEL10/5";"UOP01/BA"
260547;2020-01-03;"sexta-feira";"11:00:00";"PE";101;86,6;"JABOATAO DOS GUARARAPES";"Velocidade Incompatível";"Colisão lateral";"Com Vítimas Feridas";"Pleno dia";"Decrescente";"Céu Claro";"Dupla";"Reta";"Sim";2;0;0;1;1;0;1;2;-8,18470013;-34,96816895;"SR-PE";"DEL11/1";"UOP03/PE"
260548;2020-01-03;"sexta-feira";"06:30:00";"MG";365;92,2;"JEQUITAI";"Velocidade Incompatível";"Colisão frontal";"Com Vítimas Feridas";"Pleno dia";"Crescente";"Chuva";"Simples";"Reta";"Não";10;0;1;3;6;0;4;3;-17,21604745;-44,45298992;"SR-MG";"DEL4/12";"UOP01/MG"
260550;2020-01-03;"sexta-feira";"10:40:00";"SC";282;460;"PONTE SERRADA";"Falta de Atenção à Condução";"Colisão transversal";"Com Vítimas Feridas";"Pleno dia";"Crescente";"Céu Claro";"Simples";"Desvio Temporário";"Não";3;0;2;0;1;0;2;2;-26,856062;-52,03215;"SR-SC";"DEL7";"UOP05/SC"
260551;2020-01-03;"sexta-feira";"11:00:00";"SC";470;59,3;"BLUMENAU";"Falta de Atenção à Condução";"Colisão lateral";"Com Vítimas Feridas";"Pleno dia";"Crescente";"Céu Claro";"Simples";"Reta";"Não";2;0;1;0;0;1;1;2;-26,882812;-49,1548;"SR-SC";"DEL8/4";"UOP01/SC"
260552;2020-01-03;"sexta-feira";"11:15:00";"RN";101;109,6;"PARNAMIRIM";"Avarias e/ou desgaste excessivo no pneu";"Queda de ocupante de veículo";"Com Vítimas Feridas";"Pleno dia";"Decrescente";"Céu Claro";"Dupla";"Interseção de vias";"Sim";1;0;0;1;0;0;1;1;-5,937378;-35,26483;"SR-RN";"DEL15/1";"UOP01/RN"
260554;2020-01-03;"sexta-feira";"07:25:00";"MG";251;506,7;"FRANCISCO SA";"Velocidade Incompatível";"Colisão com objeto estático";"Com Vítimas Feridas";"Pleno dia";"Crescente";"Chuva";"Simples";"Curva";"Não";5;0;5;0;0;0;5;1;-16,61894941;-43,6887828;"SR-MG";"DEL4/12";"UOP01/MG"
260556;2020-01-03;"sexta-feira";"11:00:00";"SC";163;69,3;"SAO MIGUEL DO OESTE";"Desobediência às normas de trânsito pelo condutor";"Colisão transversal";"Com Vítimas Feridas";"Pleno dia";"Decrescente";"Céu Claro";"Dupla";"Curva";"Sim";6;0;1;0;5;0;1;3;-26,74132699;-53,50120591;"SR-SC";"DEL7";"UOP03/SC"
260557;2020-01-03;"sexta-feira";"10:50:00";"SC";101;42,1;"JOINVILLE";"Não guardar distância de segurança";"Engavetamento";"Com Vítimas Feridas";"Pleno dia";"Decrescente";"Nublado";"Dupla";"Reta";"Sim";4;0;2;0;2;0;2;3;-26,29251598;-48,88474385;"SR-SC";"DEL8/3";"UOP01/SC"
260558;2020-01-03;"sexta-feira";"11:00:00";"RJ";116;127;"MAGE";"Defeito Mecânico no Veículo";"Derramamento de carga";"Sem Vítimas";"Pleno dia";"Decrescente";"Céu Claro";"Simples";"Reta";"Não";1;0;0;0;1;0;0;1;-22,66137035;-43,09295957;"SR-RJ";"DEL5/4";"UOP02/RJ"
260559;2020-01-03;"sexta-feira";"10:30:00";"PR";376;665;"GUARATUBA";"Não guardar distância de segurança";"Colisão traseira";"Com Vítimas Feridas";"Pleno dia";"Crescente";"Garoa/Chuvisco";"Simples";"Não Informado";"Não";5;0;1;0;4;0;1;4;-25,85455838;-48,95670808;"SR-PR";"DEL7/1";"UOP08/PR"
260561;2020-01-03;"sexta-feira";"08:10:00";"SC";116;106;"MONTE CASTELO";"Falta de Atenção à Condução";"Tombamento";"Com Vítimas Feridas";"Pleno dia";"Crescente";"Céu Claro";"Simples";"Curva";"Não";1;0;0;1;0;0;1;1;-26,75604307;-50,31916109;"SR-SC";"DEL8/6";"UOP02/SC"
260562;2020-01-03;"sexta-feira";"12:00:00";"SP";116;0;"QUELUZ";"Pista Escorregadia";"Colisão frontal";"Com Vítimas Feridas";"Pleno dia";"Crescente";"Chuva";"Dupla";"Reta";"Não";3;0;2;0;1;0;2;1;-22,513866;-44,69955;"SR-SP";"DEL6/8";"UOP01/SP"
260563;2020-01-03;"sexta-feira";"12:30:00";"SC";101;126;"ITAJAI";"Falta de Atenção à Condução";"Colisão lateral";"Com Vítimas Feridas";"Pleno dia";"Crescente";"Céu Claro";"Dupla";"Reta";"Não";3;0;2;0;1;0;2;3;-26,93668609;-48,69876905;"SR-SC";"DEL8/4";"UOP04/SC"
260564;2020-01-03;"sexta-feira";"12:20:00";"MG";381;615,5;"OLIVEIRA";"Velocidade Incompatível";"Saída de leito carroçável";"Com Vítimas Feridas";"Pleno dia";"Decrescente";"Chuva";"Dupla";"Curva";"Não";2;0;1;0;1;0;1;1;-20,74424605;-44,7725478;"SR-MG";"DEL4/4";"UOP01/MG"
260565;2020-01-03;"sexta-feira";"12:10:00";"ES";101;204,8;"JOAO NEIVA";"Falta de Atenção à Condução";"Colisão transversal";"Sem Vítimas";"Pleno dia";"Decrescente";"Nublado";"Simples";"Interseção de vias";"Sim";2;0;0;0;2;0;0;2;-19,74948916;-40,37922678;"SR-ES";"DEL12/2";"UOP01/ES"
260567;2020-01-03;"sexta-feira";"11:05:00";"SC";280;24;"ARAQUARI";"Não guardar distância de segurança";"Colisão traseira";"Com Vítimas Feridas";"Pleno dia";"Decrescente";"Céu Claro";"Simples";"Reta";"Sim";2;0;1;0;1;0;1;2;-26,37724921;-48,71953282;"SR-SC";"DEL8/3";"UOP03/SC"
260568;2020-01-03;"sexta-feira";"12:15:00";"SP";459;1,7;"PIQUETE";"Falta de Atenção à Condução";"Colisão lateral";"Com Vítimas Feridas";"Pleno dia";"Crescente";"Chuva";"Simples";"Não Informado";"Não";2;0;1;0;1;0;1;1;-22,566853;-45,220757;"SR-SP";"DEL6/8";"UOP03/SP"
260569;2020-01-03;"sexta-feira";"11:55:00";"MG";40;609,8;"CONGONHAS";"Falta de Atenção do Pedestre";"Atropelamento de Pedestre";"Com Vítimas Feridas";"Pleno dia";"Crescente";"Céu Claro";"Simples";"Reta";"Não";3;0;1;0;1;1;1;1;-20,49313702;-43,83689143;"SR-MG";"DEL5";"UOP02/MG"
260570;2020-01-03;"sexta-feira";"12:50:00";"MG";40;632;"CONSELHEIRO LAFAIETE";"Falta de Atenção à Condução";"Colisão transversal";"Com Vítimas Feridas";"Pleno dia";"Decrescente";"Chuva";"Dupla";"Curva";"Não";4;0;1;0;3;0;1;2;-20,67348593;-43,7968977;"SR-MG";"DEL5";"UOP02/MG"
260571;2020-01-03;"sexta-feira";"10:45:00";"CE";20;186,7;"BOA VIAGEM";"Defeito Mecânico no Veículo";"Capotamento";"Com Vítimas Feridas";"Pleno dia";"Crescente";"Céu Claro";"Simples";"Reta";"Não";3;0;2;0;1;0;2;1;-5,25068704;-39,82316796;"SR-CE";"DEL16/2";"UOP02/CE"
260572;2020-01-03;"sexta-feira";"13:00:00";"SE";235;4;"NOSSA SENHORA DO SOCORRO";"Falta de Atenção à Condução";"Queda de ocupante de veículo";"Com Vítimas Feridas";"Pleno dia";"Crescente";"Sol";"Dupla";"Reta";"Sim";2;0;2;0;0;0;2;1;-10,906002;-37,11189687;"SR-SE";"DEL20/1";"UOP01/SE"
260574;2020-01-03;"sexta-feira";"06:50:00";"BA";101;661;"ITAPEBI";"Velocidade Incompatível";"Colisão com objeto estático";"Com Vítimas Feridas";"Pleno dia";"Decrescente";"Céu Claro";"Simples";"Ponte";"Não";2;0;2;0;0;0;2;1;-15,94845528;-39,55936432;"SR-BA";"DEL10/5";"UOP02/BA"
260575;2020-01-03;"sexta-feira";"13:20:00";"MG";50;180;"UBERABA";"Falta de Atenção à Condução";"Colisão lateral";"Com Vítimas Feridas";"Pleno dia";"Crescente";"Nublado";"Dupla";"Viaduto";"Sim";3;0;1;1;1;0;2;2;-19,77845564;-47,92307138;"SR-MG";"DEL13";"UOP01/MG"
260576;2020-01-03;"sexta-feira";"13:20:00";"MG";50;138,2;"UBERABA";"Falta de Atenção à Condução";"Saída de leito carroçável";"Com Vítimas Feridas";"Pleno dia";"Decrescente";"Nublado";"Dupla";"Desvio Temporário";"Não";1;0;0;1;0;0;1;1;-19,45923317;-48,05872556;"SR-MG";"DEL13";"UOP01/MG"
260577;2020-01-03;"sexta-feira";"12:30:00";"RJ";356;62;"ITAPERUNA";"Falta de Atenção à Condução";"Capotamento";"Sem Vítimas";"Pleno dia";"Decrescente";"Céu Claro";"Simples";"Curva";"Não";1;0;0;0;0;1;0;1;-21,32476394;-41,70949227;"SR-RJ";"DEL5/8";"UOP03/RJ"
260578;2020-01-03;"sexta-feira";"12:54:00";"GO";50;286,8;"CATALAO";"Falta de Atenção à Condução";"Colisão traseira";"Com Vítimas Feridas";"Pleno dia";"Decrescente";"Céu Claro";"Simples";"Não Informado";"Não";4;0;1;0;3;0;1;2;-18,22327267;-47,97410309;"SR-GO";"DEL1/6";"UOP01/GO"
260579;2020-01-03;"sexta-feira";"13:20:00";"SP";101;46,2;"UBATUBA";"Desobediência às normas de trânsito pelo condutor";"Colisão transversal";"Com Vítimas Feridas";"Pleno dia";"Crescente";"Céu Claro";"Simples";"Reta";"Sim";2;0;1;0;1;0;1;2;-23,42403383;-45,07492113;"SR-SP";"DEL6";"UOP03/SP"
260581;2020-01-03;"sexta-feira";"13:30:00";"RS";392;347;"SANTA MARIA";"Falta de Atenção à Condução";"Colisão lateral";"Com Vítimas Feridas";"Pleno dia";"Crescente";"Céu Claro";"Simples";"Reta";"Sim";8;0;1;1;5;1;2;3;-29,76125014;-53,78681035;"SR-RS";"DEL9/9";"UOP01/RS"
260582;2020-01-03;"sexta-feira";"12:30:00";"SP";153;94,4;"JACI";"Defeito Mecânico no Veículo";"Colisão com objeto em movimento";"Com Vítimas Feridas";"Pleno dia";"Decrescente";"Nublado";"Simples";"Não Informado";"Não";3;0;1;0;2;0;1;2;-20,96779165;-49,59638906;"SR-SP";"DEL6/9";"UOP01/SP"
260583;2020-01-03;"sexta-feira";"11:45:00";"MG";40;779;"JUIZ DE FORA";"Falta de Atenção à Condução";"Colisão lateral";"Com Vítimas Feridas";"Pleno dia";"Decrescente";"Céu Claro";"Dupla";"Reta";"Não";4;0;1;1;1;1;2;2;-21,67252614;-43,44374992;"SR-MG";"DEL5";"UOP01/MG"
260584;2020-01-03;"sexta-feira";"13:10:00";"MG";251;506,6;"FRANCISCO SA";"Pista Escorregadia";"Saída de leito carroçável";"Com Vítimas Feridas";"Pleno dia";"Crescente";"Chuva";"Simples";"Desvio Temporário";"Não";2;0;1;1;0;0;2;1;-16,61894941;-43,6887828;"SR-MG";"DEL4/12";"UOP01/MG"
260587;2020-01-03;"sexta-feira";"13:30:00";"MG";251;506;"FRANCISCO SA";"Pista Escorregadia";"Colisão com objeto estático";"Com Vítimas Feridas";"Pleno dia";"Crescente";"Chuva";"Simples";"Curva";"Não";3;0;2;0;1;0;2;1;-16,61894941;-43,6887828;"SR-MG";"DEL4/12";"UOP01/MG"
260588;2020-01-03;"sexta-feira";"13:55:00";"RS";116;247,3;"SAO LEOPOLDO";"Desobediência às normas de trânsito pelo condutor";"Saída de leito carroçável";"Com Vítimas Fatais";"Pleno dia";"Crescente";"Chuva";"Simples";"Reta";"Sim";2;1;0;0;1;0;0;2;-29,76733091;-51,1535296;"SR-RS";"DEL9/1";"UOP02/RS"
260589;2020-01-03;"sexta-feira";"14:00:00";"PE";101;46,8;"IGARASSU";"Ingestão de Álcool";"Colisão traseira";"Com Vítimas Feridas";"Pleno dia";"Decrescente";"Céu Claro";"Múltipla";"Reta";"Sim";3;0;1;0;2;0;1;2;-7,87406004;-34,90588126;"SR-PE";"DEL11/1";"UOP02/PE"
260590;2020-01-03;"sexta-feira";"14:00:00";"MG";116;704,7;"MURIAE";"Falta de Atenção à Condução";"Queda de ocupante de veículo";"Com Vítimas Feridas";"Pleno dia";"Decrescente";"Nublado";"Simples";"Reta";"Sim";2;0;1;0;1;0;1;1;-21,12414431;-42,38099548;"SR-MG";"DEL4/7";"UOP02/MG"
260591;2020-01-03;"sexta-feira";"14:00:00";"SC";101;101,2;"BALNEARIO PICARRAS";"Defeito Mecânico no Veículo";"Queda de ocupante de veículo";"Com Vítimas Feridas";"Pleno dia";"Decrescente";"Sol";"Dupla";"Não Informado";"Não";2;0;1;0;1;0;1;1;-26,76404198;-48,68657667;"SR-SC";"DEL8/3";"UOP02/SC"