"id";"data_inversa";"dia_semana";"horario";"uf";"br";"km";"municipio";"causa_acidente";"tipo_acidente";"classificacao_acidente";"fase_dia";"sentido_via";"condicao_metereologica";"tipo_pista";"tracado_via";"uso_solo";"pessoas";"mortos";"feridos_leves";"feridos_graves";"ilesos";"ignorados";"feridos";"veiculos";"latitude";"longitude";"regional";"delegacia";"uop"
260882;2020-01-04;"sábado";"17:30:00";"PI";343;27,8;"PARNAIBA";"Ingestão de Álcool";"Colisão traseira";"Sem Vítimas";"Plena Noite";"Crescente";"Chuva";"Simples";"Reta";"Sim";2;0;0;0;2;0;0;2;-3,043463;-41,773762;"SR-PI";"DEL17/5";"UOP01/PI"
260883;2020-01-04;"sábado";"17:55:00";"SC";280;100,9;"CORUPA";"Pista Escorregadia";"Saída de leito carroçável";"Sem Vítimas";"Pleno dia";"Crescente";"Garoa/Chuvisco";"Simples";"Curva";"Não";1;0;0;0;1;0;0;1;-26,37158361;-49,33137101;"SR-SC";"DEL8/6";"UOP03/SC"
260884;2020-01-04;"sábado";"19:40:00";"BA";116;459;"SANTO ESTEVAO";"Não guardar distância de segurança";"Colisão traseira";"Com Vítimas Feridas";"Plena Noite";"Crescente";"Nublado";"Simples";"Reta";"Não";2;0;0;1;0;1;1;2;-12,42081589;-39,19884407;"SR-BA";"DEL10/2";"UOP01/BA"
260886;2020-01-04;"sábado";"20:30:00";"RS";290;71,4;"GRAVATAI";"Velocidade Incompatível";"Saída de leito carroçável";"Com Vítimas Feridas";"Plena Noite";"Decrescente";"Céu Claro";"Múltipla";"Reta";"Não";3;0;2;1;0;0;3;1;-29,948053;-50,956192;"SR-RS";"DEL9/3";"UOP01/RS"
260887;2020-01-04;"sábado";"20:40:00";"PE";104;35;"CARUARU";"Ingestão de Álcool";"Colisão traseira";"Sem Vítimas";"Plena Noite";"Decrescente";"Céu Claro";"Dupla";"Reta";"Não";2;0;0;0;2;0;0;2;-8,0567;-36,0485;"SR-PE";"DEL11/2";"UOP01/PE"
260888;2020-01-04;"sábado";"21:00:00";"RS";116;267;"CANOAS";"Ingestão de Álcool";"Colisão com objeto estático";"Com Vítimas Feridas";"Anoitecer";"Decrescente";"Céu Claro";"Múltipla";"Reta";"Não";1;0;1;0;0;0;1;1;-29,94142398;-51,17697062;"SR-RS";"DEL9/1";"UOP01/RS"
260889;2020-01-04;"sábado";"14:40:00";"MG";116;649,7;"FERVEDOURO";"Desobediência às normas de trânsito pelo condutor";"Colisão transversal";"Com Vítimas Feridas";"Pleno dia";"Decrescente";"Nublado";"Simples";"Reta";"Não";3;0;1;0;1;1;1;2;-20,71135078;-42,28083825;"SR-MG";"DEL4/7";"UOP03/MG"
260890;2020-01-04;"sábado";"19:40:00";"MS";163;484,4;"CAMPO GRANDE";"Ingestão de Álcool";"Colisão transversal";"Sem Vítimas";"Plena Noite";"Decrescente";"Céu Claro";"Simples";"Reta";"Não";3;0;0;0;3;0;0;2;-20,45104898;-54,5403266;"SR-MS";"DEL3/1";"UOP02/MS"
260891;2020-01-04;"sábado";"20:40:00";"RJ";101;47;"CAMPOS DOS GOYTACAZES";"Falta de Atenção à Condução";"Colisão frontal";"Com Vítimas Feridas";"Plena Noite";"Crescente";"Céu Claro";"Simples";"Reta";"Sim";2;0;0;1;1;0;1;2;-21,60743504;-41,31655533;"SR-RJ";"DEL5/8";"UOP01/RJ"
260892;2020-01-04;"sábado";"21:20:00";"DF";70;5,9;"BRASILIA";"Velocidade Incompatível";"Saída de leito carroçável";"Com Vítimas Feridas";"Plena Noite";"Decrescente";"Chuva";"Dupla";"Reta";"Sim";2;0;1;0;1;0;1;2;-15,794656;-48,096779;"SR-DF";"UOP06/DF";""
260893;2020-01-04;"sábado";"21:30:00";"BA";324;518;"FEIRA DE SANTANA";"Desobediência às normas de trânsito pelo condutor";"Colisão lateral";"Com Vítimas Feridas";"Plena Noite";"Crescente";"Nublado";"Simples";"Reta";"Sim";2;0;0;1;1;0;1;2;-12,26858494;-38,9340489;"SR-BA";"DEL10/2";"UOP01/BA"
260894;2020-01-04;"sábado";"21:00:00";"GO";153;427,9;"ANAPOLIS";"Velocidade Incompatível";"Saída de leito carroçável";"Com Vítimas Feridas";"Plena Noite";"Crescente";"Chuva";"Dupla";"Desvio Temporário";"Não";3;0;2;1;0;0;3;1;-16,229342;-49,009438;"SR-GO";"DEL1/2";"UOP01/GO"
260895;2020-01-04;"sábado";"20:25:00";"PR";277;595;"CASCAVEL";"Falta de Atenção à Condução";"Colisão com objeto estático";"Com Vítimas Feridas";"Plena Noite";"Decrescente";"Céu Claro";"Dupla";"Reta";"Sim";4;0;4;0;0;0;4;1;-24,98154632;-53,50141969;"SR-PR";"DEL7/4";"UOP01/PR"
260896;2020-01-04;"sábado";"21:25:00";"CE";116;43;"PACAJUS";"Ingestão de Álcool";"Colisão com objeto estático";"Com Vítimas Feridas";"Plena Noite";"Decrescente";"Céu Claro";"Dupla";"Reta";"Sim";2;0;1;0;0;1;1;1;-4,11528518;-38,48917049;"SR-CE";"DEL16/1";"UOP02/CE"
260897;2020-01-04;"sábado";"19:30:00";"PI";343;216;"CAPITAO DE CAMPOS";"Avarias e/ou desgaste excessivo no pneu";"Saída de leito carroçável";"Sem Vítimas";"Plena Noite";"Crescente";"Chuva";"Simples";"Curva";"Não";2;0;0;0;2;0;0;1;-4,478967;-41,951515;"SR-PI";"DEL17/2";"UOP01/PI"
260898;2020-01-04;"sábado";"20:30:00";"BA";101;715;"EUNAPOLIS";"Ingestão de Álcool";"Colisão frontal";"Sem Vítimas";"Pleno dia";"Crescente";"Garoa/Chuvisco";"Simples";"Reta";"Sim";2;0;0;0;2;0;0;2;-16,35464291;-39,5795891;"SR-BA";"DEL10/9";"UOP01/BA"
260899;2020-01-04;"sábado";"19:17:00";"MA";230;93,8;"SAO JOAO DOS PATOS";"Não guardar distância de segurança";"Colisão traseira";"Sem Vítimas";"Plena Noite";"Crescente";"Céu Claro";"Dupla";"Reta";"Sim";2;0;0;0;2;0;0;2;-6,49267502;-43,710655;"SR-PI";"DEL17/3";"UOP01/PI"
260900;2020-01-04;"sábado";"23:45:00";"PB";101;83;"BAYEUX";"Animais na Pista";"Atropelamento de Animal";"Sem Vítimas";"Plena Noite";"Crescente";"Céu Claro";"Dupla";"Reta";"Sim";2;0;0;0;2;0;0;2;-7,1337703;-34,92963914;"SR-PB";"DEL14/1";"UOP01/PB"
260901;2020-01-04;"sábado";"23:05:00";"SP";153;141,8;"PROMISSAO";"Animais na Pista";"Saída de leito carroçável";"Com Vítimas Feridas";"Plena Noite";"Decrescente";"Céu Claro";"Simples";"Curva";"Não";2;0;2;0;0;0;2;1;-21,33649697;-49,79200014;"SR-SP";"DEL6/07";"UOP01/SP"
260902;2020-01-04;"sábado";"21:20:00";"SC";101;401,7;"MARACAJA";"Falta de Atenção à Condução";"Tombamento";"Com Vítimas Fatais";"Plena Noite";"Crescente";"Nublado";"Múltipla";"Reta";"Sim";4;1;1;0;0;2;1;2;-28,87684649;-49,45650101;"SR-SC";"DEL8/2";"UOP02/SC"
260903;2020-01-04;"sábado";"23:20:00";"RJ";40;121;"DUQUE DE CAXIAS";"Falta de Atenção à Condução";"Capotamento";"Com Vítimas Feridas";"Plena Noite";"Crescente";"Garoa/Chuvisco";"Múltipla";"Reta";"Sim";1;0;1;0;0;0;1;1;-22,78185499;-43,28571273;"SR-RJ";"DEL5/1";"UOP01/RJ"
260904;2020-01-04;"sábado";"22:45:00";"ES";101;334,7;"GUARAPARI";"Ingestão de Álcool";"Colisão traseira";"Sem Vítimas";"Plena Noite";"Decrescente";"Nublado";"Dupla";"Reta";"Não";3;0;0;0;2;1;0;2;-20,6213791;-40,52011191;"SR-ES";"DEL12/3";"UOP01/ES"
260905;2020-01-04;"sábado";"23:50:00";"PR";369;131,9;"IBIPORA";"Falta de Atenção à Condução";"Tombamento";"Com Vítimas Feridas";"Plena Noite";"Decrescente";"Chuva";"Dupla";"Não Informado";"Sim";1;0;0;1;0;0;1;1;-23,260452;-50,999011;"SR-PR";"DEL7/7";"UOP01/PR"
260906;2020-01-04;"sábado";"23:45:00";"ES";101;147;"LINHARES";"Falta de Atenção à Condução";"Tombamento";"Com Vítimas Feridas";"Plena Noite";"Crescente";"Céu Claro";"Simples";"Reta";"Não";2;0;2;0;0;0;2;1;-19,37887202;-40,06657892;"SR-ES";"DEL12/4";"UOP01/ES"
260907;2020-01-04;"sábado";"20:30:00";"PR";153;95,5;"JAPIRA";"Velocidade Incompatível";"Colisão com objeto estático";"Sem Vítimas";"Plena Noite";"Decrescente";"Chuva";"Simples";"Curva";"Não";1;0;0;0;1;0;0;1;-23,73015023;-50,17832875;"SR-PR";"DEL7/7";"UOP07/PR"
260908;2020-01-05;"domingo";"00:30:00";"BA";101;718;"EUNAPOLIS";"Ingestão de Álcool";"Colisão lateral";"Sem Vítimas";"Plena Noite";"Crescente";"Nublado";"Dupla";"Reta";"Sim";2;0;0;0;2;0;0;2;-16,37450885;-39,58089005;"SR-BA";"DEL10/9";"UOP01/BA"
260909;2020-01-04;"sábado";"23:50:00";"RN";101;97,7;"NATAL";"Falta de Atenção à Condução";"Tombamento";"Com Vítimas Feridas";"Plena Noite";"Crescente";"Céu Claro";"Múltipla";"Reta";"Sim";2;0;1;1;0;0;2;1;-5,86311303;-35,21569848;"SR-RN";"DEL15/1";"UOP01/RN"
260910;2020-01-04;"sábado";"22:30:00";"RO";364;343;"JI-PARANA";"Velocidade Incompatível";"Saída de leito carroçável";"Sem Vítimas";"Plena Noite";"Crescente";"Nublado";"Dupla";"Reta";"Sim";1;0;0;0;0;1;0;1;-10,87878519;-61,94499012;"SR-RO";"DEL21/2";"UOP01/RO"
260911;2020-01-05;"domingo";"01:00:00";"MG";381;509;"SAO JOAQUIM DE BICAS";"Falta de Atenção à Condução";"Colisão com objeto estático";"Sem Vítimas";"Plena Noite";"Decrescente";"Nublado";"Dupla";"Reta";"Sim";1;0;0;0;0;1;0;1;-20,07008;-44,298819;"SR-MG";"DEL4/1";"UOP03/MG"
260912;2020-01-05;"domingo";"01:30:00";"PR";153;44,9;"SANTO ANTONIO DA PLATINA";"Animais na Pista";"Atropelamento de Animal";"Com Vítimas Feridas";"Plena Noite";"Decrescente";"Céu Claro";"Simples";"Reta";"Não";1;0;1;0;0;0;1;1;-23,33982022;-50,067873;"SR-PR";"DEL7/7";"UOP07/PR"
260913;2020-01-04;"sábado";"19:30:00";"MG";381;726,8;"CARMO DA CACHOEIRA";"Falta de Atenção à Condução";"Colisão traseira";"Com Vítimas Feridas";"Plena Noite";"Decrescente";"Chuva";"Dupla";"Curva";"Não";2;0;1;0;1;0;1;2;-21,47819002;-45,20133734;"SR-MG";"DEL4/4";"UOP02/MG"
260914;2020-01-05;"domingo";"00:35:00";"SC";101;21;"JOINVILLE";"Falta de Atenção do Pedestre";"Atropelamento de Pedestre";"Com Vítimas Fatais";"Plena Noite";"Decrescente";"Chuva";"Dupla";"Curva";"Não";2;1;0;0;0;1;0;1;-26,13376586;-48,89661416;"SR-SC";"DEL8/3";"UOP01/SC"
260915;2020-01-05;"domingo";"01:00:00";"PB";104;129,4;"CAMPINA GRANDE";"Falta de Atenção à Condução";"Colisão com objeto estático";"Com Vítimas Fatais";"Plena Noite";"Crescente";"Céu Claro";"Simples";"Reta";"Sim";1;1;0;0;0;0;0;1;-7,28120589;-35,88915693;"SR-PB";"DEL14/2";"UOP01/PB"
260916;2020-01-05;"domingo";"01:40:00";"GO";20;88,5;"VILA BOA";"Pista Escorregadia";"Saída de leito carroçável";"Com Vítimas Feridas";"Plena Noite";"Crescente";"Chuva";"Simples";"Reta";"Não";2;0;1;0;1;0;1;1;-15,035155;-47,056973;"SR-DF";"UOP01/DEL02/DF";""
260918;2020-01-05;"domingo";"02:00:00";"RJ";101;334;"RIO DE JANEIRO";"Falta de Atenção à Condução";"Colisão com objeto estático";"Com Vítimas Feridas";"Plena Noite";"Decrescente";"Chuva";"Simples";"Não Informado";"Não";1;0;1;0;0;0;1;1;-22,88517902;-43,21704364;"SR-RJ";"DEL5/2";"UOP01/RJ"
260920;2020-01-05;"domingo";"02:50:00";"SP";116;269;"TABOAO DA SERRA";"Falta de Atenção à Condução";"Colisão transversal";"Com Vítimas Feridas";"Plena Noite";"Decrescente";"Céu Claro";"Dupla";"Reta";"Não";2;0;0;1;1;0;1;2;-23,61799728;-46,79677694;"SR-SP";"DEL6/4";"UOP01/SP"
260921;2020-01-05;"domingo";"01:00:00";"RO";364;420,6;"JARU";"Condutor Dormindo";"Saída de leito carroçável";"Com Vítimas Feridas";"Plena Noite";"Crescente";"Céu Claro";"Simples";"Reta";"Não";2;0;0;2;0;0;2;1;-10,47470369;-62,44575957;"SR-RO";"DEL21/3";"UOP02/RO"
260922;2020-01-04;"sábado";"10:20:00";"SP";116;511;"CAJATI";"Falta de Atenção à Condução";"Colisão com objeto estático";"Sem Vítimas";"Pleno dia";"Decrescente";"Chuva";"Dupla";"Curva";"Não";1;0;0;0;1;0;0;1;-24,83558399;-48,2223738;"SR-SP";"DEL6/5";"UOP03/SP"
260923;2020-01-05;"domingo";"04:00:00";"RS";116;242,8;"SAO LEOPOLDO";"Falta de Atenção à Condução";"Colisão com objeto estático";"Sem Vítimas";"Plena Noite";"Crescente";"Céu Claro";"Dupla";"Retorno Regulamentado";"Sim";1;0;0;0;1;0;0;1;-29,7300422;-51,14957571;"SR-RS";"DEL9/1";"UOP02/RS"
260924;2020-01-04;"sábado";"14:00:00";"GO";20;88,5;"VILA BOA";"Falta de Atenção à Condução";"Tombamento";"Sem Vítimas";"Pleno dia";"Decrescente";"Chuva";"Simples";"Reta";"Não";1;0;0;0;0;1;0;1;-15,035155;-47,056973;"SR-DF";"UOP01/DEL02/DF";""
260925;2020-01-04;"sábado";"22:05:00";"BA";324;385;"GAVIAO";"Velocidade Incompatível";"Colisão transversal";"Com Vítimas Feridas";"Plena Noite";"Crescente";"Chuva";"Simples";"Reta";"Não";2;0;1;0;1;0;1;2;-11,48858977;-39,75706888;"SR-BA";"DEL10/4";"UOP02/BA"
260927;2020-01-05;"domingo";"03:30:00";"MG";251;512,7;"MONTES CLAROS";"Pista Escorregadia";"Colisão com objeto estático";"Com Vítimas Feridas";"Plena Noite";"Crescente";"Garoa/Chuvisco";"Simples";"Reta";"Não";1;0;1;0;0;0;1;1;-16,6553239;-43,71906108;"SR-MG";"DEL4/12";"UOP01/MG"
260928;2020-01-04;"sábado";"15:50:00";"RN";304;74,8;"MOSSORO";"Falta de Atenção à Condução";"Tombamento";"Com Vítimas Feridas";"Pleno dia";"Crescente";"Céu Claro";"Simples";"Reta";"Não";3;0;1;1;1;0;2;3;-5,43028812;-37,20332515;"SR-RN";"DEL15/4";"UOP01/RN"
260929;2020-01-05;"domingo";"02:30:00";"MG";50;30;"ARAGUARI";"Desobediência às normas de trânsito pelo condutor";"Saída de leito carroçável";"Sem Vítimas";"Plena Noite";"Decrescente";"Nublado";"Dupla";"Não Informado";"Não";1;0;0;0;1;0;0;1;-18,61550987;-48,11660731;"SR-MG";"DEL4/15";"UOP02/MG"
260930;2020-01-05;"domingo";"04:00:00";"SC";101;126;"BALNEARIO CAMBORIU";"Falta de Atenção à Condução";"Saída de leito carroçável";"Sem Vítimas";"Plena Noite";"Crescente";"Garoa/Chuvisco";"Dupla";"Reta";"Não";1;0;0;0;0;1;0;1;-26,95564404;-48,67978366;"SR-SC";"DEL8/4";"UOP04/SC"
260931;2020-01-05;"domingo";"04:00:00";"MG";50;66,1;"UBERLANDIA";"Não guardar distância de segurança";"Colisão lateral";"Com Vítimas Feridas";"Plena Noite";"Decrescente";"Nublado";"Dupla";"Reta";"Não";3;0;2;0;1;0;2;2;-18,85140204;-48,25345932;"SR-MG";"DEL4/15";"UOP01/MG"
260932;2020-01-05;"domingo";"05:00:00";"TO";153;285;"PRESIDENTE KENNEDY";"Desobediência às normas de trânsito pelo condutor";"Colisão frontal";"Com Vítimas Feridas";"Amanhecer";"Crescente";"Céu Claro";"Simples";"Não Informado";"Não";6;0;0;1;5;0;1;2;-8,39933509;-48,48484742;"SR-TO";"UOP03/TO";""
260933;2020-01-05;"domingo";"05:30:00";"SC";101;229,8;"PALHOCA";"Desobediência às normas de trânsito pelo condutor";"Colisão traseira";"Com Vítimas Feridas";"Pleno dia";"Decrescente";"Céu Claro";"Dupla";"Reta";"Sim";3;0;3;0;0;0;3;2;-27,7688932;-48,63205379;"SR-SC";"DEL8/1";"UOP02/SC"
260934;2020-01-05;"domingo";"02:55:00";"PI";316;72,3;"MONSENHOR GIL";"Pista Escorregadia";"Saída de leito carroçável";"Com Vítimas Fatais";"Plena Noite";"Decrescente";"Garoa/Chuvisco";"Simples";"Curva";"Não";3;1;1;1;0;0;2;1;-5,67458801;-42,59603009;"SR-PI";"DEL17/1";"UOP02/PI"
260935;2020-01-05;"domingo";"03:05:00";"MA";226;524,2;"LAJEADO NOVO";"Defeito na Via";"Saída de leito carroçável";"Com Vítimas Feridas";"Plena Noite";"Crescente";"Céu Claro";"Simples";"Reta";"Não";1;0;1;0;0;0;1;1;-6,16824192;-47,00980304;"SR-MA";"DEL18/4";"UOP02/MA"
260936;2020-01-05;"domingo";"05:00:00";"GO";158;265;"JATAI";"Ingestão de Álcool";"Colisão com objeto estático";"Sem Vítimas";"Amanhecer";"Decrescente";"Céu Claro";"Dupla";"Reta";"Sim";3;0;0;0;3;0;0;1;-17,83651459;-51,76247069;"SR-GO";"DEL1/5";"UOP01/GO"
260937;2020-01-05;"domingo";"04:50:00";"SC";470;124,4;"LONTRAS";"Mal Súbito";"Colisão frontal";"Com Vítimas Feridas";"Amanhecer";"Decrescente";"Céu Claro";"Simples";"Reta";"Não";2;0;0;1;1;0;1;2;-27,113192;-49,529163;"SR-SC";"DEL8/4";"UOP02/SC"
260938;2020-01-05;"domingo";"03:30:00";"PE";101;73,9;"RECIFE";"Velocidade Incompatível";"Saída de leito carroçável";"Sem Vítimas";"Plena Noite";"Crescente";"Chuva";"Dupla";"Curva";"Sim";1;0;0;0;0;1;0;1;-8,093369;-34,947464;"SR-PE";"DEL11/1";"UOP01/PE"
260939;2020-01-05;"domingo";"05:00:00";"MT";364;28,5;"ALTO ARAGUAIA";"Defeito Mecânico no Veículo";"Incêndio";"Sem Vítimas";"Amanhecer";"Decrescente";"Céu Claro";"Simples";"Desvio Temporário";"Não";1;0;0;0;1;0;0;1;-17,17155933;-53,40273814;"SR-MT";"DEL2/2";"UOP04/MT"
260940;2020-01-05;"domingo";"06:30:00";"TO";153;789,1;"TALISMA";"Pista Escorregadia";"Saída de leito carroçável";"Com Vítimas Feridas";"Pleno dia";"Crescente";"Chuva";"Simples";"Não Informado";"Não";5;0;3;2;0;0;5;1;-12,71914102;-49,07691189;"SR-TO";"UOP01/TO";""
260941;2020-01-05;"domingo";"05:30:00";"RJ";101;297;"ITABORAI";"Ingestão de Álcool";"Colisão frontal";"Sem Vítimas";"Amanhecer";"Crescente";"Nublado";"Dupla";"Curva";"Sim";1;0;0;0;1;0;0;1;-22,76942037;-42,91873581;"SR-RJ";"DEL5/2";"UOP02/RJ"
260943;2020-01-05;"domingo";"06:00:00";"PE";116;63,6;"CABROBO";"Defeito Mecânico no Veículo";"Capotamento";"Com Vítimas Feridas";"Pleno dia";"Crescente";"Céu Claro";"Simples";"Reta";"Não";5;0;3;0;2;0;3;1;-8,385413;-39,156868;"SR-PE";"DEL11/5";"UOP03/PE"
260944;2020-01-05;"domingo";"07:20:00";"ES";262;101;"VENDA NOVA DO IMIGRANTE";"Ingestão de Álcool";"Saída de leito carroçável";"Com Vítimas Feridas";"Pleno dia";"Decrescente";"Céu Claro";"Dupla";"Viaduto";"Não";1;0;0;1;0;0;1;1;-20,34357039;-41,10950531;"SR-ES";"DEL12/1";"UOP02/ES"
260945;2020-01-05;"domingo";"07:40:00";"PE";101;102;"CABO DE SANTO AGOSTINHO";"Velocidade Incompatível";"Colisão traseira";"Com Vítimas Feridas";"Pleno dia";"Crescente";"Céu Claro";"Dupla";"Curva";"Sim";2;0;0;1;1;0;1;2;-8,28368856;-35,05795866;"SR-PE";"DEL11/1";"UOP03/PE"
260946;2020-01-05;"domingo";"06:30:00";"PA";222;236;"MARABA";"Ultrapassagem Indevida";"Colisão frontal";"Com Vítimas Feridas";"Pleno dia";"Decrescente";"Céu Claro";"Simples";"Reta";"Sim";3;0;1;0;2;0;1;3;-5,285714;-49,07513;"SR-PA";"DEL19/3";"UOP01/PA"
260947;2020-01-05;"domingo";"06:10:00";"SC";282;365;"ERVAL VELHO";"Restrição de Visibilidade";"Colisão traseira";"Com Vítimas Feridas";"Amanhecer";"Decrescente";"Céu Claro";"Simples";"Reta";"Não";4;0;1;0;3;0;1;2;-27,295467;-51,407909;"SR-SC";"DEL7";"UOP07/SC"
260948;2020-01-05;"domingo";"08:00:00";"SP";101;50,8;"UBATUBA";"Ingestão de Álcool";"Colisão frontal";"Com Vítimas Feridas";"Pleno dia";"Decrescente";"Céu Claro";"Simples";"Reta";"Sim";2;0;2;0;0;0;2;2;-23,45927021;-45,06802082;"SR-SP";"DEL6";"UOP03/SP"
260949;2020-01-05;"domingo";"07:15:00";"MG";381;761,7;"CAMPANHA";"Falta de Atenção à Condução";"Saída de leito carroçável";"Sem Vítimas";"Pleno dia";"Crescente";"Céu Claro";"Dupla";"Reta";"Não";1;0;0;0;1;0;0;1;-21,73238173;-45,38248249;"SR-MG";"DEL09";"UOP02/MG"
260951;2020-01-05;"domingo";"07:45:00";"RJ";101;266;"RIO BONITO";"Falta de Atenção à Condução";"Colisão lateral";"Com Vítimas Feridas";"Pleno dia";"Crescente";"Sol";"Dupla";"Reta";"Não";2;0;1;0;1;0;1;2;-22,70861445;-42,65178735;"SR-RJ";"DEL5/2";"UOP02/RJ"
260952;2020-01-05;"domingo";"07:40:00";"GO";40;92,7;"CRISTALINA";"Desobediência às normas de trânsito pelo condutor";"Colisão transversal";"Com Vítimas Feridas";"Pleno dia";"Crescente";"Nublado";"Simples";"Interseção de vias";"Não";6;0;1;4;1;0;5;2;-16,730814;-47,626211;"SR-DF";"UOP02/DF";""
260953;2020-01-05;"domingo";"08:15:00";"PR";116;17;"CURITIBA";"Condutor Dormindo";"Saída de leito carroçável";"Com Vítimas Feridas";"Pleno dia";"Crescente";"Sol";"Dupla";"Reta";"Sim";5;0;3;0;2;0;3;1;-25,389;-49,1867;"SR-PR";"DEL7/1";"UOP01/PR"
260954;2020-01-05;"domingo";"08:00:00";"PB";101;89,8;"JOAO PESSOA";"Falta de Atenção à Condução";"Colisão traseira";"Sem Vítimas";"Pleno dia";"Decrescente";"Nublado";"Dupla";"Retorno Regulamentado";"Sim";3;0;0;0;1;2;0;2;-7,1710694;-34,89765372;"SR-PB";"DEL14/1";"UOP01/PB"
260955;2020-01-05;"domingo";"04:00:00";"MG";251;334;"FRUTA DE LEITE";"Condutor Dormindo";"Colisão frontal";"Com Vítimas Feridas";"Plena Noite";"Crescente";"Chuva";"Simples";"Não Informado";"Não";2;0;1;0;1;0;1;2;-16,25584596;-42,43923797;"SR-MG";"DEL4/12";"UOP01/MG"
260956;2020-01-05;"domingo";"09:00:00";"SC";470;71,5;"INDAIAL";"Defeito Mecânico no Veículo";"Incêndio";"Sem Vítimas";"Pleno dia";"Crescente";"Céu Claro";"Simples";"Reta";"Não";1;0;0;0;1;0;0;1;-26,895243;-49,262104;"SR-SC";"DEL8/4";"UOP01/SC"
260957;2020-01-05;"domingo";"07:45:00";"PR";467;102,1;"CASCAVEL";"Ingestão de Álcool";"Saída de leito carroçável";"Com Vítimas Fatais";"Pleno dia";"Decrescente";"Céu Claro";"Dupla";"Curva";"Não";3;1;0;2;0;0;2;1;-24,90153082;-53,52141023;"SR-PR";"DEL7/4";"UOP01/PR"
260959;2020-01-05;"domingo";"01:30:00";"BA";242;618,8;"MUQUEM DE SAO FRANCISCO";"Deficiência ou não Acionamento do Sistema de Iluminação/Sinalização do Veículo";"Colisão traseira";"Com Vítimas Feridas";"Amanhecer";"Crescente";"Chuva";"Simples";"Reta";"Não";6;0;1;0;5;0;1;2;-12,142486;-43,318127;"SR-BA";"DEL 10/10";"UOP02/BA"
260961;2020-01-05;"domingo";"09:20:00";"MG";40;414,6;"CURVELO";"Desobediência às normas de trânsito pelo condutor";"Saída de leito carroçável";"Com Vítimas Feridas";"Pleno dia";"Crescente";"Nublado";"Simples";"Reta";"Não";3;0;2;0;1;0;2;1;-19,13829649;-44,61526051;"SR-MG";"DEL4/2";"UOP01/MG"
260963;2020-01-05;"domingo";"07:20:00";"MT";174;7,9;"PONTES E LACERDA";"Falta de Atenção à Condução";"Saída de leito carroçável";"Com Vítimas Feridas";"Pleno dia";"Decrescente";"Nublado";"Simples";"Reta";"Não";3;0;1;0;2;0;1;1;-15,20909;-59,35975;"SR-MT";"DEL2/7";"UOP01/MT"
260964;2020-01-05;"domingo";"06:30:00";"BA";242;726;"CRISTOPOLIS";"Pista Escorregadia";"Saída de leito carroçável";"Com Vítimas Feridas";"Pleno dia";"Decrescente";"Garoa/Chuvisco";"Simples";"Reta";"Não";4;0;1;0;3;0;1;1;-12,22257423;-44,234798;"SR-BA";"DEL10/10";"UOP01/BA"
260966;2020-01-05;"domingo";"09:40:00";"MG";251;472;"FRANCISCO SA";"Velocidade Incompatível";"Colisão frontal";"Sem Vítimas";"Pleno dia";"Decrescente";"Chuva";"Simples";"Reta";"Não";8;0;0;0;4;4;0;2;-16,4669101;-43,43947986;"SR-MG";"DEL4/12";"UOP01/MG"
260967;2020-01-05;"domingo";"09:20:00";"MG";251;468;"FRANCISCO SA";"Velocidade Incompatível";"Colisão com objeto estático";"Com Vítimas Feridas";"Pleno dia";"Crescente";"Chuva";"Simples";"Reta";"Não";1;0;0;1;0;0;1;1;-16,4718381;-43,42537022;"SR-MG";"DEL4/12";"UOP01/MG"
260969;2020-01-05;"domingo";"09:40:00";"PR";277;124;"CURITIBA";"Falta de Atenção à Condução";"Colisão transversal";"Com Vítimas Feridas";"Pleno dia";"Crescente";"Nublado";"Dupla";"Reta";"Sim";2;0;1;0;1;0;1;2;-25,40191364;-49,2168349;"SR-PR";"DEL7/1";"UOP05/PR"
260970;2020-01-05;"domingo";"10:20:00";"MG";381;496;"BETIM";"Defeito Mecânico no Veículo";"Tombamento";"Com Vítimas Feridas";"Pleno dia";"Crescente";"Sol";"Dupla";"Não Informado";"Sim";2;0;2;0;0;0;2;1;-19,99676497;-44,20958506;"SR-MG";"DEL4/1";"UOP03/MG"
260972;2020-01-05;"domingo";"11:00:00";"PR";277;279,6;"PRUDENTOPOLIS";"Desobediência às normas de trânsito pelo condutor";"Colisão transversal";"Com Vítimas Feridas";"Pleno dia";"Decrescente";"Céu Claro";"Simples";"Interseção de vias";"Não";7;0;4;1;2;0;5;2;-25,32164772;-50,96757802;"SR-PR";"DEL7/3";"UOP04/PR"
260973;2020-01-05;"domingo";"10:40:00";"RS";386;47,9;"SEBERI";"Desobediência às normas de trânsito pelo condutor";"Colisão lateral";"Com Vítimas Feridas";"Pleno dia";"Decrescente";"Céu Claro";"Simples";"Reta";"Sim";2;0;1;0;1;0;1;2;-27,466236;-53,404499;"SR-RS";"DEL08";"UOP02/RS"
260974;2020-01-05;"domingo";"08:25:00";"SP";116;406,7;"MIRACATU";"Animais na Pista";"Colisão traseira";"Com Vítimas Feridas";"Pleno dia";"Crescente";"Nublado";"Dupla";"Reta";"Não";8;0;2;0;6;0;2;3;-24,32582518;-47,56115019;"SR-SP";"DEL6/5";"UOP01/SP"