"id";"data_inversa";"dia_semana";"horario";"uf";"br";"km";"municipio";"causa_acidente";"tipo_acidente";"classificacao_acidente";"fase_dia";"sentido_via";"condicao_metereologica";"tipo_pista";"tracado_via";"uso_solo";"pessoas";"mortos";"feridos_leves";"feridos_graves";"ilesos";"ignorados";"feridos";"veiculos";"latitude";"longitude";"regional";"delegacia";"uop"
260975;2020-01-05;"domingo";"10:30:00";"GO";153;646;"MORRINHOS";"Condutor Dormindo";"Saída de leito carroçável";"Sem Vítimas";"Pleno dia";"Crescente";"Céu Claro";"Dupla";"Reta";"Não";1;0;0;0;1;0;0;1;-17,932;-49,2444;"SR-GO";"DEL1/3";"UOP01/GO"
260976;2020-01-05;"domingo";"11:00:00";"GO";20;88;"VILA BOA";"Não guardar distância de segurança";"Colisão traseira";"Com Vítimas Feridas";"Pleno dia";"Decrescente";"Chuva";"Simples";"Reta";"Não";3;0;1;0;2;0;1;2;-15,035155;-47,056973;"SR-DF";"UOP01/DEL02/DF";""
260978;2020-01-01;"quarta-feira";"18:00:00";"RJ";101;430;"MANGARATIBA";"Falta de Atenção à Condução";"Colisão traseira";"Sem Vítimas";"Pleno dia";"Decrescente";"Ignorado";"Simples";"Curva";"Sim";3;0;0;0;3;0;0;3;-22,93710123;-44,01083798;"SR-RJ";"DEL5/3";"UOP01/RJ"
260979;2020-01-05;"domingo";"11:05:00";"RJ";116;122,3;"MAGE";"Avarias e/ou desgaste excessivo no pneu";"Saída de leito carroçável";"Com Vítimas Feridas";"Pleno dia";"Crescente";"Nublado";"Dupla";"Reta";"Não";5;0;0;2;3;0;2;1;-22,636834;-43,058048;"SR-RJ";"DEL5/4";"UOP02/RJ"
260980;2020-01-05;"domingo";"11:00:00";"TO";153;791;"TALISMA";"Defeito na Via";"Colisão frontal";"Com Vítimas Feridas";"Pleno dia";"Crescente";"Nublado";"Simples";"Reta";"Não";9;0;1;8;0;0;9;2;-12,73659401;-49,08071797;"SR-TO";"UOP01/TO";""
260982;2020-01-05;"domingo";"10:10:00";"MT";364;242,9;"JUSCIMEIRA";"Não guardar distância de segurança";"Saída de leito carroçável";"Com Vítimas Feridas";"Pleno dia";"Crescente";"Céu Claro";"Dupla";"Não Informado";"Sim";4;0;2;2;0;0;4;1;-16,17075295;-54,79248393;"SR-MT";"DEL2/2";"UOP01/MT"
260983;2020-01-05;"domingo";"10:00:00";"PB";230;107;"INGA";"Falta de Atenção à Condução";"Saída de leito carroçável";"Com Vítimas Feridas";"Pleno dia";"Decrescente";"Céu Claro";"Dupla";"Reta";"Não";5;0;2;0;3;0;2;1;-7,2039;-35,5389;"SR-PB";"DEL14/1";"UOP02/PB"
260984;2020-01-05;"domingo";"10:45:00";"CE";304;57;"ARACATI";"Falta de Atenção à Condução";"Colisão transversal";"Com Vítimas Feridas";"Pleno dia";"Crescente";"Céu Claro";"Simples";"Reta";"Não";2;0;1;0;1;0;1;2;-4,58692261;-37,70287585;"SR-CE";"DEL16/3";"UOP03/CE"
260985;2020-01-05;"domingo";"11:40:00";"GO";50;268,2;"CATALAO";"Falta de Atenção à Condução";"Saída de leito carroçável";"Sem Vítimas";"Pleno dia";"Decrescente";"Chuva";"Dupla";"Reta";"Não";1;0;0;0;0;1;0;1;-18,0944;-47,8761;"SR-GO";"DEL1/6";"UOP01/GO"
260986;2020-01-05;"domingo";"11:00:00";"MG";153;132,8;"PRATA";"Defeito Mecânico no Veículo";"Queda de ocupante de veículo";"Com Vítimas Feridas";"Pleno dia";"Decrescente";"Sol";"Dupla";"Não Informado";"Não";2;0;2;0;0;0;2;1;-19,49973068;-48,85139954;"SR-MG";"DEL4/15";"UOP03/MG"
260988;2020-01-05;"domingo";"11:20:00";"RS";472;595;"URUGUAIANA";"Defeito Mecânico no Veículo";"Incêndio";"Sem Vítimas";"Pleno dia";"Decrescente";"Céu Claro";"Dupla";"Reta";"Não";1;0;0;0;1;0;0;1;-29,85443098;-57,10946865;"SR-RS";"DEL9/13";"UOP01/RS"
260989;2020-01-05;"domingo";"11:00:00";"RJ";116;266,4;"BARRA MANSA";"Falta de Atenção à Condução";"Colisão traseira";"Sem Vítimas";"Pleno dia";"Decrescente";"Sol";"Dupla";"Reta";"Não";2;0;0;0;2;0;0;2;-22,58856193;-44,09534501;"SR-RJ";"DEL5/7";"UOP02/RJ"
260990;2020-01-05;"domingo";"09:55:00";"PR";376;303,1;"MAUA DA SERRA";"Desobediência às normas de trânsito pelo condutor";"Colisão com objeto estático";"Com Vítimas Feridas";"Pleno dia";"Decrescente";"Céu Claro";"Dupla";"Curva";"Não";1;0;0;1;0;0;1;1;-23,94879783;-51,11920774;"SR-PR";"DEL7/7";"UOP02/PR"
260991;2020-01-05;"domingo";"12:30:00";"MG";381;895,5;"CAMBUI";"Falta de Atenção à Condução";"Colisão traseira";"Com Vítimas Feridas";"Pleno dia";"Crescente";"Céu Claro";"Dupla";"Reta";"Não";1;0;1;0;0;0;1;1;-22,62324893;-46,07503911;"SR-MG";"DEL09";"UOP03/MG"
260992;2020-01-05;"domingo";"11:50:00";"RO";364;712;"PORTO VELHO";"Falta de Atenção à Condução";"Colisão lateral";"Com Vítimas Feridas";"Pleno dia";"Decrescente";"Nublado";"Dupla";"Interseção de vias";"Sim";2;0;1;0;1;0;1;2;-8,77271475;-63,88120651;"SR-RO";"DEL21/1";"UOP01/RO"
260993;2020-01-05;"domingo";"12:35:00";"MG";381;697,3;"LAVRAS";"Velocidade Incompatível";"Saída de leito carroçável";"Com Vítimas Feridas";"Pleno dia";"Crescente";"Chuva";"Dupla";"Curva";"Não";2;0;1;0;1;0;1;1;-21,29043096;-45,14791909;"SR-MG";"DEL4/4";"UOP02/MG"
260994;2020-01-05;"domingo";"12:20:00";"RS";290;176,3;"BUTIA";"Falta de Atenção à Condução";"Colisão frontal";"Com Vítimas Feridas";"Pleno dia";"Decrescente";"Sol";"Simples";"Reta";"Não";2;0;0;1;1;0;1;2;-30,131086;-51,972031;"SR-RS";"DEL9/2";"UOP03/RS"
260997;2020-01-05;"domingo";"12:50:00";"SC";282;137,1;"BOM RETIRO";"Ultrapassagem Indevida";"Colisão transversal";"Com Vítimas Feridas";"Pleno dia";"Crescente";"Céu Claro";"Simples";"Reta";"Não";2;0;1;0;1;0;1;2;-27,8218;-49,567032;"SR-SC";"DEL8/5";"UOP01/SC"
260998;2020-01-05;"domingo";"12:45:00";"SC";282;523,7;"XAXIM";"Defeito Mecânico no Veículo";"Colisão frontal";"Com Vítimas Feridas";"Pleno dia";"Crescente";"Céu Claro";"Simples";"Curva";"Sim";2;0;1;0;1;0;1;2;-26,963129;-52,548851;"SR-SC";"DEL7";"UOP01/SC"
260999;2020-01-05;"domingo";"10:15:00";"MG";381;213,3;"NAQUE";"Não guardar distância de segurança";"Colisão traseira";"Com Vítimas Feridas";"Pleno dia";"Crescente";"Nublado";"Simples";"Reta";"Não";3;0;2;0;1;0;2;2;-19,25509297;-42,34105207;"SR-MG";"DEL4/6";"UOP01/MG"
261001;2020-01-05;"domingo";"14:15:00";"PE";423;74,4;"JUPI";"Ultrapassagem Indevida";"Colisão lateral";"Com Vítimas Feridas";"Pleno dia";"Crescente";"Céu Claro";"Simples";"Curva";"Sim";2;0;2;0;0;0;2;2;-8,71781039;-36,42290446;"SR-PE";"DEL11/3";"UOP01/PE"
261002;2020-01-05;"domingo";"14:15:00";"AL";101;214;"SAO SEBASTIAO";"Falta de Atenção à Condução";"Queda de ocupante de veículo";"Com Vítimas Feridas";"Pleno dia";"Crescente";"Sol";"Dupla";"Reta";"Não";2;0;2;0;0;0;2;1;-10,02978319;-36,63332084;"SR-AL";"DEL13/2";"UOP02/AL"
261003;2020-01-05;"domingo";"14:30:00";"SP";381;33,9;"ATIBAIA";"Pista Escorregadia";"Colisão com objeto estático";"Com Vítimas Feridas";"Pleno dia";"Decrescente";"Chuva";"Dupla";"Curva";"Sim";1;0;1;0;0;0;1;1;-23,0728028;-46,56673562;"SR-SP";"DEL6/3";"UOP02/SP"
261007;2020-01-05;"domingo";"13:55:00";"MT";364;349;"SANTO ANTONIO DO LEVERGER";"Desobediência às normas de trânsito pelo condutor";"Colisão lateral";"Com Vítimas Feridas";"Pleno dia";"Crescente";"Sol";"Dupla";"Curva";"Não";4;0;1;0;3;0;1;2;-15,79266419;-55,58050009;"SR-MT";"DEL2/1";"UOP01/MT"
261008;2020-01-05;"domingo";"14:30:00";"PB";104;134,7;"QUEIMADAS";"Ingestão de Álcool";"Saída de leito carroçável";"Sem Vítimas";"Pleno dia";"Decrescente";"Céu Claro";"Simples";"Reta";"Não";1;0;0;0;1;0;0;1;-7,32562205;-35,89657067;"SR-PB";"DEL14/2";"UOP03/PB"
261009;2020-01-05;"domingo";"09:45:00";"MG";262;720,5;"ARAXA";"Velocidade Incompatível";"Saída de leito carroçável";"Com Vítimas Feridas";"Pleno dia";"Crescente";"Chuva";"Simples";"Reta";"Não";4;0;4;0;0;0;4;1;-19,61953653;-47,23282113;"SR-MG";"DEL4/8";"UOP01/MG"
261010;2020-01-05;"domingo";"11:10:00";"SC";101;134;"BALNEARIO CAMBORIU";"Falta de Atenção à Condução";"Colisão com objeto estático";"Com Vítimas Feridas";"Pleno dia";"Decrescente";"Sol";"Dupla";"Reta";"Sim";1;0;1;0;0;0;1;1;-27,00218;-48,636433;"SR-SC";"DEL8/4";"UOP03/SC"
261011;2020-01-05;"domingo";"15:30:00";"SC";280;82;"CORUPA";"Falta de Atenção à Condução";"Colisão frontal";"Com Vítimas Feridas";"Pleno dia";"Decrescente";"Céu Claro";"Simples";"Reta";"Sim";6;0;5;0;0;1;5;3;-26,44009491;-49,22605498;"SR-SC";"DEL8/6";"UOP03/SC"
261012;2020-01-05;"domingo";"13:40:00";"MG";50;183,7;"UBERABA";"Falta de Atenção à Condução";"Tombamento";"Com Vítimas Feridas";"Pleno dia";"Crescente";"Chuva";"Dupla";"Reta";"Não";2;0;2;0;0;0;2;1;-19,80163169;-47,90598553;"SR-MG";"DEL13";"UOP01/MG"
261013;2020-01-05;"domingo";"15:05:00";"MG";40;785,5;"JUIZ DE FORA";"Pista Escorregadia";"Colisão frontal";"Com Vítimas Feridas";"Pleno dia";"Crescente";"Chuva";"Dupla";"Curva";"Não";5;0;1;2;2;0;3;3;-21,71976086;-43,44303569;"SR-MG";"DEL5";"UOP01/MG"
261015;2020-01-05;"domingo";"13:20:00";"SC";470;215;"SAO CRISTOVAO DO SUL";"Defeito na Via";"Saída de leito carroçável";"Com Vítimas Feridas";"Pleno dia";"Decrescente";"Sol";"Simples";"Não Informado";"Não";5;0;4;0;1;0;4;1;-27,303282;-50,266438;"SR-SC";"DEL8/5";"UOP03/SC"
261016;2020-01-05;"domingo";"16:10:00";"PR";376;188,1;"MARIALVA";"Falta de Atenção à Condução";"Colisão traseira";"Com Vítimas Feridas";"Pleno dia";"Decrescente";"Nublado";"Dupla";"Reta";"Sim";4;0;0;1;3;0;1;2;-23,46634923;-51,82808011;"SR-PR";"DEL7/7";"UOP04/PR"
261017;2020-01-05;"domingo";"15:50:00";"RJ";101;206;"CASIMIRO DE ABREU";"Falta de Atenção do Pedestre";"Atropelamento de Pedestre";"Com Vítimas Feridas";"Pleno dia";"Crescente";"Nublado";"Simples";"Reta";"Sim";4;0;0;1;2;1;1;1;-22,47673341;-42,2017251;"SR-RJ";"DEL5/2";"UOP03/RJ"
261019;2020-01-05;"domingo";"16:00:00";"MG";381;900,8;"CAMBUI";"Defeito Mecânico no Veículo";"Colisão traseira";"Com Vítimas Feridas";"Pleno dia";"Crescente";"Nublado";"Dupla";"Reta";"Não";8;0;1;0;7;0;1;2;-22,66197715;-46,08921986;"SR-MG";"DEL09";"UOP03/MG"
261020;2020-01-05;"domingo";"15:50:00";"MG";381;723,7;"CARMO DA CACHOEIRA";"Velocidade Incompatível";"Capotamento";"Com Vítimas Feridas";"Pleno dia";"Crescente";"Nublado";"Dupla";"Curva";"Não";2;0;1;0;1;0;1;1;-21,484833;-45,2055;"SR-MG";"DEL4/4";"UOP02/MG"
261021;2020-01-05;"domingo";"16:30:00";"PB";230;9,1;"CABEDELO";"Falta de Atenção do Pedestre";"Atropelamento de Pedestre";"Com Vítimas Feridas";"Pleno dia";"Crescente";"Céu Claro";"Dupla";"Reta";"Sim";2;0;1;0;1;0;1;1;-7,0433;-34,8466;"SR-PB";"DEL14/1";"UOP01/PB"
261022;2020-01-05;"domingo";"16:25:00";"PE";101;77,7;"RECIFE";"Ingestão de Álcool";"Colisão lateral";"Com Vítimas Feridas";"Pleno dia";"Decrescente";"Céu Claro";"Dupla";"Reta";"Sim";3;0;3;0;0;0;3;2;-8,126982;-34,94386;"SR-PE";"DEL11/1";"UOP01/PE"
261023;2020-01-05;"domingo";"17:00:00";"PE";104;88;"AGRESTINA";"Falta de Atenção à Condução";"Colisão traseira";"Sem Vítimas";"Pleno dia";"Decrescente";"Nublado";"Simples";"Reta";"Sim";2;0;0;0;2;0;0;2;-8,461552;-35,94022;"SR-PE";"DEL11/2";"UOP01/PE"
261024;2020-01-05;"domingo";"16:15:00";"SP";381;7;"VARGEM";"Pista Escorregadia";"Colisão com objeto estático";"Com Vítimas Feridas";"Pleno dia";"Crescente";"Chuva";"Dupla";"Reta";"Não";1;0;0;1;0;0;1;1;-22,90419903;-46,37829065;"SR-SP";"DEL6/3";"UOP02/SP"
261025;2020-01-05;"domingo";"15:50:00";"MT";163;534;"DIAMANTINO";"Condutor Dormindo";"Saída de leito carroçável";"Com Vítimas Feridas";"Pleno dia";"Crescente";"Céu Claro";"Simples";"Reta";"Não";2;0;1;0;1;0;1;1;-14,43223601;-56,11612599;"SR-MT";"DEL2/4";"UOP01/MT"
261027;2020-01-05;"domingo";"15:30:00";"RJ";NA;NA;"RIO DE JANEIRO";"Velocidade Incompatível";"Colisão com objeto estático";"Sem Vítimas";"Pleno dia";"Não Informado";"Nublado";"Simples";"Reta";"Sim";3;0;0;0;3;0;0;1;-22,8042662;-43,3391125;"SR-RJ";"DEL5/1";"UOP02/RJ"
261028;2020-01-05;"domingo";"15:00:00";"AM";174;972;"MANAUS";"Defeito Mecânico no Veículo";"Saída de leito carroçável";"Com Vítimas Feridas";"Pleno dia";"Decrescente";"Sol";"Simples";"Reta";"Não";3;0;3;0;0;0;3;1;-2,20712585;-60,01829448;"SR-AM";"UOP02/AM";""
261029;2020-01-05;"domingo";"15:30:00";"TO";153;791;"TALISMA";"Defeito na Via";"Capotamento";"Com Vítimas Feridas";"Pleno dia";"Crescente";"Chuva";"Simples";"Não Informado";"Não";5;0;1;0;4;0;1;1;-12,73659401;-49,08071797;"SR-TO";"UOP01/TO";""
261030;2020-01-05;"domingo";"11:15:00";"GO";153;329,7;"RIANAPOLIS";"Pista Escorregadia";"Capotamento";"Com Vítimas Feridas";"Pleno dia";"Decrescente";"Chuva";"Simples";"Curva";"Não";3;0;1;0;2;0;1;1;-15,519727;-49,468304;"SR-GO";"DEL1/2";"UOP02/GO"
261031;2020-01-05;"domingo";"17:00:00";"SC";101;227,9;"PALHOCA";"Desobediência às normas de trânsito pelo condutor";"Tombamento";"Com Vítimas Feridas";"Pleno dia";"Crescente";"Céu Claro";"Múltipla";"Não Informado";"Não";2;0;1;1;0;0;2;1;-27,7509149;-48,63460277;"SR-SC";"DEL8/1";"UOP02/SC"
261032;2020-01-05;"domingo";"14:40:00";"BA";101;735,5;"ITABELA";"Velocidade Incompatível";"Tombamento";"Com Vítimas Feridas";"Pleno dia";"Crescente";"Céu Claro";"Simples";"Não Informado";"Não";1;0;1;0;0;0;1;1;-16,50061591;-39,57550049;"SR-BA";"DEL10/9";"UOP01/BA"
261033;2020-01-05;"domingo";"16:40:00";"SP";153;61,8;"SAO JOSE DO RIO PRETO";"Falta de Atenção à Condução";"Colisão traseira";"Com Vítimas Feridas";"Pleno dia";"Decrescente";"Garoa/Chuvisco";"Dupla";"Reta";"Sim";2;0;1;0;1;0;1;2;-20,80502876;-49,35574909;"SR-SP";"DEL6/9";"UOP01/SP"
261034;2020-01-05;"domingo";"17:10:00";"BA";324;588;"CANDEIAS";"Defeito Mecânico no Veículo";"Tombamento";"Com Vítimas Feridas";"Pleno dia";"Crescente";"Céu Claro";"Dupla";"Reta";"Não";1;0;0;1;0;0;1;1;-12,6556679;-38,47271864;"SR-BA";"DEL10/1";"UOP01/BA"
261035;2020-01-05;"domingo";"16:55:00";"RJ";116;263;"BARRA MANSA";"Pista Escorregadia";"Capotamento";"Sem Vítimas";"Pleno dia";"Crescente";"Chuva";"Dupla";"Curva";"Sim";1;0;0;0;1;0;0;1;-22,59220328;-44,06782285;"SR-RJ";"DEL5/7";"UOP02/RJ"
261036;2020-01-05;"domingo";"16:50:00";"PE";232;39;"VITORIA DE SANTO ANTAO";"Falta de Atenção à Condução";"Capotamento";"Com Vítimas Feridas";"Pleno dia";"Crescente";"Sol";"Dupla";"Reta";"Sim";2;0;2;0;0;0;2;1;-8,11725249;-35,2270359;"SR-PE";"DEL11/1";"UOP04/PE"
261037;2020-01-05;"domingo";"16:50:00";"PR";277;623,5;"CEU AZUL";"Falta de Atenção à Condução";"Colisão traseira";"Com Vítimas Feridas";"Pleno dia";"Decrescente";"Céu Claro";"Simples";"Reta";"Não";8;0;1;0;7;0;1;2;-25,09721181;-53,73467528;"SR-PR";"DEL7/5";"UOP02/PR"
261038;2020-01-05;"domingo";"11:35:00";"BA";116;861,6;"VITORIA DA CONQUISTA";"Condutor Dormindo";"Colisão frontal";"Com Vítimas Fatais";"Pleno dia";"Decrescente";"Chuva";"Simples";"Reta";"Não";6;1;2;0;3;0;2;4;-15,14007;-41,04459;"SR-BA";"DEL10/8";"UOP03/BA"
261039;2020-01-05;"domingo";"15:45:00";"RS";116;41,6;"VACARIA";"Desobediência às normas de trânsito pelo condutor";"Colisão transversal";"Com Vítimas Fatais";"Pleno dia";"Decrescente";"Céu Claro";"Simples";"Reta";"Não";5;1;1;1;1;1;2;2;-28,52480092;-50,94647307;"SR-RS";"DEL9/5";"UOP03/RS"
261040;2020-01-05;"domingo";"16:30:00";"RS";285;34,3;"SAO JOSE DOS AUSENTES";"Pista Escorregadia";"Saída de leito carroçável";"Com Vítimas Feridas";"Pleno dia";"Crescente";"Chuva";"Simples";"Reta";"Não";5;0;4;1;0;0;5;1;-28,70557;-50,207253;"SR-RS";"DEL9/5";"UOP03/RS"
261042;2020-01-05;"domingo";"16:55:00";"RJ";40;38;"AREAL";"Pista Escorregadia";"Colisão com objeto estático";"Com Vítimas Feridas";"Pleno dia";"Decrescente";"Chuva";"Dupla";"Curva";"Não";2;0;2;0;0;0;2;1;-22,22751025;-43,11963242;"SR-RJ";"DEL5/6";"UOP01/RJ"
261043;2020-01-05;"domingo";"17:40:00";"PE";424;18,7;"PEDRA";"Ultrapassagem Indevida";"Tombamento";"Com Vítimas Feridas";"Anoitecer";"Decrescente";"Céu Claro";"Simples";"Reta";"Não";1;0;1;0;0;0;1;1;-8,49676628;-36,93934222;"SR-PE";"DEL11/3";"UOP02/PE"
261044;2020-01-05;"domingo";"18:10:00";"SC";282;16;"PALHOCA";"Falta de Atenção à Condução";"Colisão traseira";"Com Vítimas Feridas";"Pleno dia";"Decrescente";"Céu Claro";"Simples";"Reta";"Sim";2;0;1;0;1;0;1;2;-27,658611;-48,681847;"SR-SC";"DEL8/1";"UOP02/SC"
261045;2020-01-05;"domingo";"17:52:00";"PR";277;650,6;"MATELANDIA";"Desobediência às normas de trânsito pelo condutor";"Colisão transversal";"Com Vítimas Feridas";"Pleno dia";"Crescente";"Sol";"Simples";"Interseção de vias";"Sim";3;0;0;1;2;0;1;2;-25,19035881;-53,93738222;"SR-PR";"DEL7/5";"UOP02/PR"
261046;2020-01-05;"domingo";"17:00:00";"PB";361;5;"PATOS";"Falta de Atenção à Condução";"Colisão transversal";"Com Vítimas Feridas";"Anoitecer";"Decrescente";"Céu Claro";"Simples";"Reta";"Sim";2;0;2;0;0;0;2;2;-7,0342983;-37,30232718;"SR-PB";"DEL14/3";"UOP01/PB"
261047;2020-01-05;"domingo";"14:25:00";"RS";386;404;"TRIUNFO";"Avarias e/ou desgaste excessivo no pneu";"Tombamento";"Com Vítimas Feridas";"Pleno dia";"Decrescente";"Sol";"Simples";"Reta";"Não";2;0;2;0;0;0;2;1;-29,773928;-51,570385;"SR-RS";"DEL9/4";"UOP02/RS"
261049;2020-01-05;"domingo";"17:50:00";"PR";376;541,4;"PALMEIRA";"Falta de Atenção à Condução";"Colisão traseira";"Com Vítimas Feridas";"Pleno dia";"Decrescente";"Céu Claro";"Dupla";"Não Informado";"Não";3;0;1;0;2;0;1;2;-25,41972138;-49,7685113;"SR-PR";"DEL7/1";"UOP05/PR"
261050;2020-01-05;"domingo";"17:20:00";"CE";20;393,1;"CAUCAIA";"Defeito Mecânico no Veículo";"Tombamento";"Com Vítimas Feridas";"Pleno dia";"Decrescente";"Céu Claro";"Simples";"Reta";"Não";2;0;2;0;0;0;2;1;-3,83775146;-38,76518844;"SR-CE";"DEL16/1";"UOP01/CE"
261051;2020-01-05;"domingo";"15:20:00";"BA";135;180;"BARREIRAS";"Falta de Atenção à Condução";"Colisão lateral";"Com Vítimas Feridas";"Pleno dia";"Decrescente";"Céu Claro";"Simples";"Curva";"Sim";2;0;1;0;1;0;1;2;-12,14963594;-45,00200897;"SR-BA";"DEL10/10";"UOP01/BA"
261052;2020-01-05;"domingo";"18:20:00";"SP";116;216;"GUARULHOS";"Ingestão de Álcool";"Colisão traseira";"Sem Vítimas";"Anoitecer";"Crescente";"Nublado";"Múltipla";"Reta";"Sim";3;0;0;0;1;2;0;3;-23,45056589;-46,46258105;"SR-SP";"DEL6/1";"UOP01/SP"
261053;2020-01-05;"domingo";"12:00:00";"MG";365;247;"BURITIZEIRO";"Avarias e/ou desgaste excessivo no pneu";"Capotamento";"Com Vítimas Feridas";"Pleno dia";"Crescente";"Ignorado";"Simples";"Reta";"Não";5;0;5;0;0;0;5;1;-17,80407689;-45,44319917;"SR-MG";"DEL4/14";"UOP02/MG"
261054;2020-01-05;"domingo";"16:30:00";"RJ";40;4;"COMENDADOR LEVY GASPARIAN";"Pista Escorregadia";"Saída de leito carroçável";"Com Vítimas Feridas";"Anoitecer";"Decrescente";"Chuva";"Dupla";"Curva";"Não";4;0;2;0;2;0;2;1;-22,01337537;-43,23594846;"SR-RJ";"DEL5/6";"UOP01/RJ"
261056;2020-01-05;"domingo";"17:00:00";"RS";290;38;"SANTO ANTONIO DA PATRULHA";"Defeito Mecânico no Veículo";"Tombamento";"Com Vítimas Feridas";"Pleno dia";"Crescente";"Céu Claro";"Dupla";"Reta";"Não";2;0;2;0;0;0;2;1;-29,886322;-50,637886;"SR-RS";"DEL9/3";"UOP01/RS"
261057;2020-01-05;"domingo";"09:20:00";"PR";376;450,1;"TIBAGI";"Velocidade Incompatível";"Saída de leito carroçável";"Sem Vítimas";"Pleno dia";"Crescente";"Céu Claro";"Dupla";"Reta";"Não";1;0;0;0;1;0;0;1;-24,934557;-50,40438302;"SR-PR";"DEL7/3";"UOP05/PR"
261058;2020-01-05;"domingo";"08:00:00";"MG";365;247;"BURITIZEIRO";"Velocidade Incompatível";"Saída de leito carroçável";"Com Vítimas Feridas";"Pleno dia";"Crescente";"Chuva";"Simples";"Desvio Temporário";"Não";1;0;1;0;0;0;1;1;-17,80407689;-45,44319917;"SR-MG";"DEL4/14";"UOP02/MG"
261059;2020-01-05;"domingo";"20:00:00";"PR";376;651,3;"TIJUCAS DO SUL";"Falta de Atenção do Pedestre";"Atropelamento de Pedestre";"Com Vítimas Fatais";"Plena Noite";"Crescente";"Nublado";"Dupla";"Curva";"Não";4;1;0;0;3;0;0;1;-25,845243;-49,078578;"SR-PR";"DEL7/1";"UOP08/PR"
261060;2020-01-05;"domingo";"18:00:00";"MT";364;386;"SANTO ANTONIO DO LEVERGER";"Ingestão de Álcool";"Colisão traseira";"Sem Vítimas";"Anoitecer";"Crescente";"Nublado";"Dupla";"Reta";"Não";3;0;0;0;3;0;0;2;-15,70220342;-55,81848;"SR-MT";"DEL2/1";"UOP01/MT"
261061;2020-01-05;"domingo";"19:30:00";"SE";235;60,9;"ITABAIANA";"Desobediência às normas de trânsito pelo condutor";"Colisão frontal";"Com Vítimas Feridas";"Plena Noite";"Crescente";"Céu Claro";"Simples";"Curva";"Não";3;0;0;1;1;1;1;2;-10,626542;-37,463253;"SR-SE";"DEL20/1";"UOP02/SE"
261062;2020-01-05;"domingo";"18:35:00";"PR";476;253,1;"ANTONIO OLINTO";"Pista Escorregadia";"Saída de leito carroçável";"Com Vítimas Feridas";"Anoitecer";"Crescente";"Chuva";"Simples";"Curva";"Não";2;0;2;0;0;0;2;1;-25,885603;-50,182251;"SR-PR";"DEL7/2";"UOP03/PR"
261063;2020-01-05;"domingo";"19:35:00";"SP";153;86,9;"MIRASSOL";"Animais na Pista";"Atropelamento de Animal";"Com Vítimas Feridas";"Plena Noite";"Crescente";"Nublado";"Simples";"Desvio Temporário";"Não";2;0;2;0;0;0;2;1;-20,94035079;-49,52635316;"SR-SP";"DEL6/9";"UOP01/SP"
261064;2020-01-05;"domingo";"16:05:00";"SC";116;168,1;"PONTE ALTA DO NORTE";"Defeito Mecânico no Veículo";"Capotamento";"Com Vítimas Feridas";"Pleno dia";"Decrescente";"Chuva";"Simples";"Não Informado";"Sim";4;0;3;0;1;0;3;1;-27,17571035;-50,4626298;"SR-SC";"DEL8/5";"UOP03/SC"
261065;2020-01-05;"domingo";"17:50:00";"MG";381;546,4;"RIO MANSO";"Condutor Dormindo";"Tombamento";"Com Vítimas Feridas";"Pleno dia";"Decrescente";"Nublado";"Dupla";"Não Informado";"Não";1;0;1;0;0;0;1;1;-20,29622787;-44,43842914;"SR-MG";"DEL4/4";"UOP03/MG"
261066;2020-01-05;"domingo";"20:00:00";"PR";376;162;"MARINGA";"Não guardar distância de segurança";"Colisão lateral";"Com Vítimas Feridas";"Plena Noite";"Decrescente";"Céu Claro";"Dupla";"Reta";"Sim";2;0;1;0;1;0;1;2;-23,37710685;-52,04510993;"SR-PR";"DEL7/7";"UOP04/PR"
261067;2020-01-05;"domingo";"19:00:00";"MT";163;785,9;"VERA";"Não guardar distância de segurança";"Colisão traseira";"Com Vítimas Feridas";"Plena Noite";"Decrescente";"Céu Claro";"Simples";"Ponte";"Não";3;0;2;0;0;1;2;2;-12,29215285;-55,5660833;"SR-MT";"DEL2/6";"UOP01/MT"
261068;2020-01-05;"domingo";"19:12:00";"PR";277;713,6;"SANTA TEREZINHA DE ITAIPU";"Falta de Atenção à Condução";"Colisão traseira";"Com Vítimas Feridas";"Anoitecer";"Crescente";"Céu Claro";"Dupla";"Não Informado";"Não";3;0;1;0;2;0;1;2;-25,46144154;-54,44010119;"SR-PR";"DEL7/5";"UOP01/PR"
261069;2020-01-05;"domingo";"08:30:00";"PR";376;338,2;"ORTIGUEIRA";"Falta de Atenção à Condução";"Saída de leito carroçável";"Sem Vítimas";"Pleno dia";"Crescente";"Céu Claro";"Simples";"Curva";"Não";1;0;0;0;1;0;0;1;-24,1569867;-50,97397383;"SR-PR";"DEL7/7";"UOP02/PR"
261070;2020-01-05;"domingo";"20:00:00";"RS";386;342,6;"LAJEADO";"Desobediência às normas de trânsito pelo condutor";"Colisão transversal";"Com Vítimas Feridas";"Plena Noite";"Crescente";"Céu Claro";"Simples";"Reta";"Sim";2;0;1;1;0;0;2;2;-29,431631;-52,011932;"SR-RS";"DEL9/4";"UOP01/RS"
261071;2020-01-05;"domingo";"20:50:00";"MG";116;367;"FREI INOCENCIO";"Condutor Dormindo";"Colisão frontal";"Com Vítimas Feridas";"Plena Noite";"Decrescente";"Chuva";"Simples";"Curva";"Não";3;0;2;1;0;0;3;2;-18,51669884;-41,88061628;"SR-MG";"DEL4/11";"UOP01/MG"