"id";"data_inversa";"dia_semana";"horario";"uf";"br";"km";"municipio";"causa_acidente";"tipo_acidente";"classificacao_acidente";"fase_dia";"sentido_via";"condicao_metereologica";"tipo_pista";"tracado_via";"uso_solo";"pessoas";"mortos";"feridos_leves";"feridos_graves";"ilesos";"ignorados";"feridos";"veiculos";"latitude";"longitude";"regional";"delegacia";"uop"
261073;2020-01-05;"domingo";"19:25:00";"MT";364;57,9;"ALTO GARCAS";"Falta de Atenção à Condução";"Colisão traseira";"Com Vítimas Feridas";"Plena Noite";"Crescente";"Nublado";"Simples";"Reta";"Sim";1;0;1;0;0;0;1;1;-16,94441591;-53,53013084;"SR-MT";"DEL2/2";"UOP04/MT"
261074;2020-01-05;"domingo";"19:20:00";"PE";101;51,4;"PAULISTA";"Falta de Atenção do Pedestre";"Atropelamento de Pedestre";"Com Vítimas Fatais";"Plena Noite";"Crescente";"Céu Claro";"Múltipla";"Reta";"Sim";2;1;0;0;1;0;0;1;-7,9169968;-34,89689272;"SR-PE";"DEL11/1";"UOP02/PE"
261075;2020-01-05;"domingo";"19:45:00";"AP";210;0,3;"MACAPA";"Ingestão de Álcool";"Colisão traseira";"Com Vítimas Feridas";"Plena Noite";"Decrescente";"Nublado";"Dupla";"Reta";"Sim";3;0;2;0;1;0;2;2;0,07780012;-51,06097;"SR-AP";"UOP01/AP";""
261076;2020-01-05;"domingo";"14:40:00";"SC";282;454,8;"PONTE SERRADA";"Falta de Atenção à Condução";"Saída de leito carroçável";"Com Vítimas Feridas";"Pleno dia";"Crescente";"Chuva";"Simples";"Curva";"Não";2;0;1;1;0;0;2;1;-26,891756;-51,98447;"SR-SC";"DEL7";"UOP05/SC"
261077;2020-01-05;"domingo";"20:30:00";"RS";290;637;"URUGUAIANA";"Defeito na Via";"Saída de leito carroçável";"Com Vítimas Feridas";"Pleno dia";"Crescente";"Céu Claro";"Simples";"Reta";"Não";5;0;5;0;0;0;5;1;-30,019896;-56,289425;"SR-RS";"DEL9/13";"UOP02/RS"
261078;2020-01-05;"domingo";"17:40:00";"BA";324;524;"FEIRA DE SANTANA";"Falta de Atenção à Condução";"Queda de ocupante de veículo";"Com Vítimas Feridas";"Anoitecer";"Decrescente";"Céu Claro";"Simples";"Reta";"Não";2;0;2;0;0;0;2;1;-12,2955119;-38,90487093;"SR-BA";"DEL10/1";"UOP01/BA"
261079;2020-01-05;"domingo";"19:18:00";"BA";324;559;"AMELIA RODRIGUES";"Falta de Atenção à Condução";"Saída de leito carroçável";"Com Vítimas Feridas";"Plena Noite";"Decrescente";"Céu Claro";"Dupla";"Reta";"Não";5;0;1;0;4;0;1;1;-12,48759562;-38,65997744;"SR-BA";"DEL10/1";"UOP01/BA"
261080;2020-01-05;"domingo";"12:00:00";"SC";280;50,3;"GUARAMIRIM";"Falta de Atenção à Condução";"Colisão transversal";"Com Vítimas Fatais";"Pleno dia";"Decrescente";"Céu Claro";"Simples";"Reta";"Sim";4;1;0;1;1;1;1;2;-26,4619489;-48,94618404;"SR-SC";"DEL8/3";"UOP03/SC"
261081;2020-01-05;"domingo";"20:50:00";"RN";226;322,1;"JANDUIS";"Desobediência às normas de trânsito pelo condutor";"Colisão transversal";"Com Vítimas Fatais";"Plena Noite";"Crescente";"Céu Claro";"Simples";"Reta";"Não";2;1;0;0;0;1;0;2;-6,07002014;-37,50301987;"SR-RN";"DEL15/4";"UOP01/RN"
261082;2020-01-05;"domingo";"19:55:00";"MG";251;512,4;"MONTES CLAROS";"Velocidade Incompatível";"Colisão com objeto estático";"Com Vítimas Feridas";"Plena Noite";"Crescente";"Chuva";"Simples";"Reta";"Não";1;0;1;0;0;0;1;1;-16,65954384;-43,74380102;"SR-MG";"DEL4/12";"UOP01/MG"
261084;2020-01-05;"domingo";"21:30:00";"DF";60;25;"BRASILIA";"Velocidade Incompatível";"Saída de leito carroçável";"Com Vítimas Feridas";"Plena Noite";"Decrescente";"Chuva";"Dupla";"Reta";"Sim";2;0;1;0;1;0;1;1;-15,996379;-48,240028;"SR-DF";"UOP03/DF";""
261085;2020-01-05;"domingo";"21:30:00";"PB";101;85,5;"BAYEUX";"Falta de Atenção à Condução";"Colisão lateral";"Com Vítimas Feridas";"Plena Noite";"Decrescente";"Céu Claro";"Dupla";"Reta";"Sim";2;0;2;0;0;0;2;2;-7,14538184;-34,91662887;"SR-PB";"DEL14/1";"UOP01/PB"
261087;2020-01-05;"domingo";"21:40:00";"RN";101;80,2;"SAO GONCALO DO AMARANTE";"Desobediência às normas de trânsito pelo condutor";"Colisão lateral";"Sem Vítimas";"Plena Noite";"Crescente";"Céu Claro";"Dupla";"Reta";"Sim";2;0;0;0;1;1;0;2;-5,75852229;-35,28806121;"SR-RN";"DEL15/2";"UOP01/RN"
261088;2020-01-05;"domingo";"21:00:00";"SC";101;308,9;"LAGUNA";"Falta de Atenção à Condução";"Colisão traseira";"Com Vítimas Feridas";"Plena Noite";"Crescente";"Nublado";"Dupla";"Reta";"Não";3;0;2;0;1;0;2;2;-28,399616;-48,7854;"SR-SC";"DEL8/2";"UOP01/SC"
261089;2020-01-05;"domingo";"22:15:00";"PR";369;52;"BANDEIRANTES";"Velocidade Incompatível";"Saída de leito carroçável";"Com Vítimas Feridas";"Plena Noite";"Crescente";"Céu Claro";"Simples";"Rotatória";"Não";1;0;0;1;0;0;1;1;-23,11109082;-50,33421099;"SR-PR";"DEL7/7";"UOP06/PR"
261090;2020-01-05;"domingo";"21:20:00";"MS";163;626;"SAO GABRIEL DO OESTE";"Falta de Atenção à Condução";"Colisão traseira";"Com Vítimas Feridas";"Plena Noite";"Crescente";"Céu Claro";"Simples";"Reta";"Não";6;0;1;3;2;0;4;2;-19,3136279;-54,61889488;"SR-MS";"DEL3/6";"UOP02/MS"
261091;2020-01-05;"domingo";"22:00:00";"PR";277;70,4;"SAO JOSE DOS PINHAIS";"Falta de Atenção à Condução";"Colisão com objeto estático";"Com Vítimas Feridas";"Plena Noite";"Crescente";"Nublado";"Dupla";"Reta";"Não";1;0;1;0;0;0;1;1;-25,53317957;-49,07969781;"SR-PR";"DEL7/1";"UOP01/PR"
261092;2020-01-05;"domingo";"20:35:00";"SC";101;298,4;"IMBITUBA";"Defeito Mecânico no Veículo";"Incêndio";"Sem Vítimas";"Plena Noite";"Decrescente";"Nublado";"Dupla";"Reta";"Sim";2;0;0;0;2;0;0;1;-28,32102597;-48,72829906;"SR-SC";"DEL8/2";"UOP03/SC"
261094;2020-01-05;"domingo";"21:20:00";"MS";267;479;"GUIA LOPES DA LAGUNA";"Falta de Atenção à Condução";"Tombamento";"Com Vítimas Feridas";"Plena Noite";"Crescente";"Céu Claro";"Simples";"Reta";"Sim";2;0;2;0;0;0;2;1;-21,46602426;-56,1292094;"SR-MS";"DEL3/5";"UOP01/MS"
261095;2020-01-05;"domingo";"21:50:00";"CE";116;37;"HORIZONTE";"Ingestão de Álcool";"Colisão com objeto estático";"Com Vítimas Fatais";"Plena Noite";"Decrescente";"Céu Claro";"Dupla";"Reta";"Não";1;1;0;0;0;0;0;1;-4,07003597;-38,50180289;"SR-CE";"DEL16/1";"UOP02/CE"
261096;2020-01-05;"domingo";"21:40:00";"PE";101;51,8;"PAULISTA";"Objeto estático sobre o leito carroçável";"Tombamento";"Com Vítimas Feridas";"Plena Noite";"Decrescente";"Vento";"Múltipla";"Curva";"Sim";1;0;1;0;0;0;1;1;-7,9169968;-34,89689272;"SR-PE";"DEL11/1";"UOP02/PE"
261098;2020-01-05;"domingo";"22:40:00";"ES";101;381,4;"RIO NOVO DO SUL";"Não guardar distância de segurança";"Saída de leito carroçável";"Com Vítimas Feridas";"Plena Noite";"Decrescente";"Chuva";"Simples";"Reta";"Sim";4;0;4;0;0;0;4;1;-20,81426791;-40,84094115;"SR-ES";"DEL12/3";"UOP01/ES"
261099;2020-01-05;"domingo";"20:50:00";"MT";70;517;"VARZEA GRANDE";"Falta de Atenção à Condução";"Colisão frontal";"Sem Vítimas";"Plena Noite";"Decrescente";"Céu Claro";"Simples";"Reta";"Não";2;0;0;0;1;1;0;2;-15,700905;-56,162216;"SR-MT";"DEL2/4";"UOP02/MT"
261100;2020-01-05;"domingo";"20:10:00";"RS";158;149,8;"PANAMBI";"Velocidade Incompatível";"Colisão com objeto estático";"Sem Vítimas";"Plena Noite";"Crescente";"Céu Claro";"Simples";"Rotatória";"Não";1;0;0;0;0;1;0;1;-28,27204195;-53,48398008;"SR-RS";"DEL9/10";"UOP02/RS"
261101;2020-01-05;"domingo";"20:45:00";"MT";70;501;"CUIABA";"Ingestão de Álcool";"Colisão traseira";"Sem Vítimas";"Plena Noite";"Decrescente";"Céu Claro";"Simples";"Reta";"Não";4;0;0;0;4;0;0;2;-15,70018891;-56,03878543;"SR-MT";"DEL2/1";"UOP01/MT"
261102;2020-01-05;"domingo";"21:55:00";"SC";282;593,3;"SAUDADES";"Falta de Atenção à Condução";"Capotamento";"Com Vítimas Feridas";"Plena Noite";"Decrescente";"Nublado";"Simples";"Curva";"Não";5;0;1;0;4;0;1;1;-26,826199;-53,10162;"SR-SC";"DEL7";"UOP02/SC"
261103;2020-01-05;"domingo";"20:30:00";"RJ";393;281;"VOLTA REDONDA";"Falta de Atenção à Condução";"Atropelamento de Pedestre";"Com Vítimas Feridas";"Plena Noite";"Crescente";"Nublado";"Simples";"Reta";"Não";3;0;1;1;0;1;2;1;-22,48025569;-44,02974901;"SR-RJ";"DEL5/5";"UOP02/RJ"
261104;2020-01-05;"domingo";"19:50:00";"BA";116;340;"TEOFILANDIA";"Animais na Pista";"Atropelamento de Animal";"Com Vítimas Feridas";"Plena Noite";"Crescente";"Céu Claro";"Simples";"Reta";"Não";2;0;0;2;0;0;2;1;-11,50226304;-38,99596429;"SR-BA";"DEL10/2";"UOP01/BA"
261105;2020-01-05;"domingo";"23:15:00";"MG";381;442;"SABARA";"Falta de Atenção à Condução";"Colisão transversal";"Com Vítimas Feridas";"Plena Noite";"Decrescente";"Chuva";"Simples";"Reta";"Sim";6;0;0;5;1;0;5;2;-19,80956823;-43,77297521;"SR-MG";"DEL4/1";"UOP01/MG"
261106;2020-01-05;"domingo";"16:10:00";"AC";364;271,4;"SENA MADUREIRA";"Falta de Atenção à Condução";"Colisão lateral";"Com Vítimas Feridas";"Pleno dia";"Decrescente";"Céu Claro";"Simples";"Reta";"Não";3;0;0;2;0;1;2;2;-9,08315803;-68,65043101;"SR-AC";"UOP01/AC";""
261107;2020-01-05;"domingo";"22:15:00";"RR";174;369;"CARACARAI";"Falta de Atenção à Condução";"Colisão transversal";"Com Vítimas Fatais";"Plena Noite";"Decrescente";"Céu Claro";"Simples";"Curva";"Sim";2;1;0;0;1;0;0;2;1,832381;-61,125172;"SR-RR";"UOP01/RR";""
261108;2020-01-06;"segunda-feira";"00:10:00";"MT";163;826;"SINOP";"Velocidade Incompatível";"Colisão com objeto estático";"Com Vítimas Fatais";"Plena Noite";"Decrescente";"Céu Claro";"Dupla";"Curva";"Sim";1;1;0;0;0;0;0;1;-11,939435;-55,515679;"SR-MT";"DEL2/6";"UOP01/MT"
261109;2020-01-05;"domingo";"22:15:00";"CE";222;311;"TIANGUA";"Ingestão de Álcool";"Colisão traseira";"Com Vítimas Feridas";"Plena Noite";"Decrescente";"Garoa/Chuvisco";"Simples";"Reta";"Sim";4;0;1;2;0;1;3;2;-3,711973;-40,984356;"SR-CE";"DEL16/4";"UOP02/CE"
261110;2020-01-06;"segunda-feira";"01:05:00";"RJ";101;322;"NITEROI";"Falta de Atenção à Condução";"Colisão com objeto estático";"Sem Vítimas";"Plena Noite";"Decrescente";"Garoa/Chuvisco";"Simples";"Viaduto";"Sim";1;0;0;0;1;0;0;1;-22,878923;-43,110676;"SR-RJ";"UOP01";"DEL02"
261111;2020-01-06;"segunda-feira";"03:10:00";"MS";158;281;"TRES LAGOAS";"Animais na Pista";"Atropelamento de Animal";"Sem Vítimas";"Plena Noite";"Decrescente";"Céu Claro";"Simples";"Reta";"Não";1;0;0;0;1;0;0;1;-20,83608098;-51,73294105;"SR-MS";"DEL3/7";"UOP01/MS"
261112;2020-01-05;"domingo";"05:00:00";"BA";110;66,3;"JEREMOABO";"Velocidade Incompatível";"Tombamento";"Com Vítimas Feridas";"Pleno dia";"Decrescente";"Céu Claro";"Simples";"Curva";"Não";1;0;0;1;0;0;1;1;-10,02015426;-38,32185556;"SR-BA";"DEL10/7";"UOP01/BA"
261113;2020-01-06;"segunda-feira";"05:25:00";"MG";381;689,3;"LAVRAS";"Condutor Dormindo";"Saída de leito carroçável";"Com Vítimas Feridas";"Amanhecer";"Crescente";"Céu Claro";"Dupla";"Curva";"Não";2;0;1;0;1;0;1;1;-21,225698;-45,130486;"SR-MG";"DEL4/4";"UOP02/MG"
261114;2020-01-06;"segunda-feira";"05:00:00";"CE";116;10,5;"FORTALEZA";"Condutor Dormindo";"Colisão com objeto estático";"Com Vítimas Feridas";"Amanhecer";"Crescente";"Nublado";"Dupla";"Reta";"Sim";2;0;1;0;0;1;1;1;-3,8399205;-38,50077305;"SR-CE";"DEL16/1";"UOP02/CE"
261117;2020-01-06;"segunda-feira";"06:00:00";"PR";277;4,5;"PARANAGUA";"Agressão Externa";"Queda de ocupante de veículo";"Com Vítimas Feridas";"Pleno dia";"Decrescente";"Céu Claro";"Simples";"Não Informado";"Sim";2;0;1;0;0;1;1;1;-25,55352456;-48,56225286;"SR-PR";"DEL7/1";"UOP07/PR"
261118;2020-01-05;"domingo";"22:00:00";"MT";364;400;"CUIABA";"Defeito na Via";"Queda de ocupante de veículo";"Com Vítimas Feridas";"Plena Noite";"Crescente";"Céu Claro";"Dupla";"Reta";"Sim";1;0;1;0;0;0;1;1;-15,655378;-55,986489;"SR-MT";"DEL2/1";"UOP01/MT"
261119;2020-01-06;"segunda-feira";"05:35:00";"SP";116;182;"GUARAREMA";"Condutor Dormindo";"Engavetamento";"Com Vítimas Feridas";"Amanhecer";"Decrescente";"Céu Claro";"Múltipla";"Reta";"Não";4;0;1;0;3;0;1;4;-23,34641462;-46,16500139;"SR-SP";"DEL6/2";"UOP01/SP"
261120;2020-01-05;"domingo";"20:00:00";"MG";381;159,8;"GOVERNADOR VALADARES";"Velocidade Incompatível";"Colisão com objeto estático";"Sem Vítimas";"Plena Noite";"Decrescente";"Céu Claro";"Simples";"Interseção de vias";"Sim";1;0;0;0;0;1;0;1;-18,92455594;-42,01932801;"SR-MG";"DEL4/6";"UOP01/MG"
261121;2020-01-06;"segunda-feira";"04:40:00";"PB";230;465,6;"SOUSA";"Não guardar distância de segurança";"Colisão traseira";"Com Vítimas Feridas";"Amanhecer";"Crescente";"Chuva";"Simples";"Reta";"Sim";3;0;0;2;1;0;2;2;-6,7791;-38,2438;"SR-PB";"DEL14/3";"UOP03/PB"
261122;2020-01-06;"segunda-feira";"06:20:00";"PE";408;94,4;"SAO LOURENCO DA MATA";"Velocidade Incompatível";"Colisão traseira";"Com Vítimas Feridas";"Pleno dia";"Crescente";"Céu Claro";"Dupla";"Curva";"Sim";2;0;1;0;1;0;1;2;-8,009474;-35,04284;"SR-PE";"DEL11/1";"UOP01/PE"
261123;2020-01-06;"segunda-feira";"06:10:00";"SC";280;274;"IRINEOPOLIS";"Condutor Dormindo";"Capotamento";"Com Vítimas Feridas";"Amanhecer";"Crescente";"Céu Claro";"Simples";"Reta";"Não";3;0;2;0;1;0;2;1;-26,28304211;-50,77276796;"SR-SC";"DEL8/6";"UOP04/SC"
261124;2020-01-05;"domingo";"22:00:00";"MG";381;908,3;"CAMBUI";"Velocidade Incompatível";"Colisão com objeto estático";"Com Vítimas Feridas";"Plena Noite";"Crescente";"Chuva";"Dupla";"Não Informado";"Não";2;0;1;0;0;1;1;2;-22,71744092;-46,12652111;"SR-MG";"DEL09";"UOP03/MG"
261125;2020-01-06;"segunda-feira";"05:20:00";"BA";116;861;"VITORIA DA CONQUISTA";"Falta de Atenção à Condução";"Colisão frontal";"Com Vítimas Feridas";"Pleno dia";"Crescente";"Nublado";"Simples";"Reta";"Não";4;0;3;0;1;0;3;2;-15,13632;-41,0423;"SR-BA";"DEL10/8";"UOP03/BA"
261126;2020-01-06;"segunda-feira";"07:00:00";"MG";153;116;"PRATA";"Velocidade Incompatível";"Saída de leito carroçável";"Com Vítimas Feridas";"Pleno dia";"Crescente";"Chuva";"Simples";"Reta";"Não";2;0;1;0;0;1;1;2;-19,36692295;-48,89960054;"SR-MG";"DEL4/15";"UOP03/MG"
261127;2020-01-06;"segunda-feira";"07:20:00";"DF";20;2,7;"BRASILIA";"Velocidade Incompatível";"Colisão transversal";"Com Vítimas Feridas";"Pleno dia";"Crescente";"Garoa/Chuvisco";"Simples";"Rotatória";"Não";2;0;1;0;1;0;1;2;-15,682896;-47,840729;"SR-DF";"UOP01/DEL02/DF";""
261128;2020-01-06;"segunda-feira";"06:30:00";"ES";101;19,9;"PEDRO CANARIO";"Falta de Atenção à Condução";"Tombamento";"Com Vítimas Feridas";"Pleno dia";"Crescente";"Céu Claro";"Simples";"Interseção de vias";"Não";2;0;1;0;1;0;1;2;-18,31846928;-39,95435579;"SR-ES";"DEL12/4";"UOP02/ES"
261129;2020-01-06;"segunda-feira";"07:15:00";"RS";116;264;"CANOAS";"Não guardar distância de segurança";"Colisão traseira";"Com Vítimas Feridas";"Pleno dia";"Crescente";"Céu Claro";"Múltipla";"Não Informado";"Sim";2;0;1;0;1;0;1;2;-29,91517836;-51,1775887;"SR-RS";"DEL9/1";"UOP01/RS"
261130;2020-01-06;"segunda-feira";"07:10:00";"MG";381;486,6;"BETIM";"Falta de Atenção à Condução";"Tombamento";"Com Vítimas Feridas";"Pleno dia";"Decrescente";"Céu Claro";"Dupla";"Reta";"Sim";2;0;2;0;0;0;2;1;-19,95644414;-44,13611598;"SR-MG";"DEL4/1";"UOP03/MG"
261131;2020-01-06;"segunda-feira";"06:50:00";"GO";70;25,8;"COCALZINHO DE GOIAS";"Ingestão de Álcool";"Saída de leito carroçável";"Com Vítimas Feridas";"Amanhecer";"Crescente";"Nevoeiro/Neblina";"Simples";"Curva";"Não";6;0;2;0;4;0;2;1;-15,74904148;-48,411837;"SR-DF";"UOP06/DF";""
261132;2020-01-06;"segunda-feira";"06:58:00";"MG";50;178;"UBERABA";"Defeito Mecânico no Veículo";"Tombamento";"Com Vítimas Feridas";"Pleno dia";"Crescente";"Céu Claro";"Dupla";"Reta";"Não";2;0;1;0;1;0;1;1;-19,77896821;-47,94093599;"SR-MG";"DEL13";"UOP01/MG"
261133;2020-01-06;"segunda-feira";"07:39:00";"SC";101;144;"ITAPEMA";"Não guardar distância de segurança";"Colisão traseira";"Com Vítimas Feridas";"Pleno dia";"Decrescente";"Céu Claro";"Dupla";"Reta";"Sim";6;0;2;0;4;0;2;3;-27,0732659;-48,59672716;"SR-SC";"DEL8/4";"UOP03/SC"
261134;2020-01-06;"segunda-feira";"07:25:00";"RS";470;219,9;"BENTO GONCALVES";"Desobediência às normas de trânsito pelo condutor";"Colisão transversal";"Com Vítimas Feridas";"Pleno dia";"Crescente";"Céu Claro";"Simples";"Interseção de vias";"Não";2;0;1;1;0;0;2;2;-29,17909489;-51,51855675;"SR-RS";"DEL9/6";"UOP01/RS"
261135;2020-01-06;"segunda-feira";"07:30:00";"BA";116;416;"FEIRA DE SANTANA";"Falta de Atenção à Condução";"Colisão frontal";"Com Vítimas Feridas";"Pleno dia";"Decrescente";"Céu Claro";"Simples";"Reta";"Não";2;0;1;0;1;0;1;2;-12,168362;-38,964993;"SR-BA";"DEL10/2";"UOP01/BA"
261136;2020-01-06;"segunda-feira";"07:45:00";"RJ";40;118,8;"DUQUE DE CAXIAS";"Defeito Mecânico no Veículo";"Tombamento";"Com Vítimas Feridas";"Pleno dia";"Crescente";"Céu Claro";"Múltipla";"Reta";"Sim";1;0;1;0;0;0;1;1;-22,75470802;-43,28737838;"SR-RJ";"DEL5/1";"UOP01/RJ"
261137;2020-01-06;"segunda-feira";"08:10:00";"GO";153;501,8;"GOIANIA";"Falta de Atenção à Condução";"Colisão traseira";"Com Vítimas Feridas";"Pleno dia";"Crescente";"Chuva";"Dupla";"Reta";"Sim";2;0;1;0;1;0;1;2;-16,7189;-49,2382;"SR-GO";"DEL1/1";"UOP01/GO"
261138;2020-01-06;"segunda-feira";"07:30:00";"SC";101;439;"SOMBRIO";"Falta de Atenção à Condução";"Colisão lateral";"Com Vítimas Feridas";"Pleno dia";"Decrescente";"Céu Claro";"Dupla";"Curva";"Não";2;0;0;1;1;0;1;2;-29,12381624;-49,65693799;"SR-SC";"DEL8/2";"UOP02/SC"
261139;2020-01-06;"segunda-feira";"07:53:00";"PR";369;190,6;"ARAPONGAS";"Animais na Pista";"Atropelamento de Animal";"Com Vítimas Feridas";"Pleno dia";"Crescente";"Céu Claro";"Dupla";"Reta";"Sim";1;0;1;0;0;0;1;1;-23,45136437;-51,42331123;"SR-PR";"DEL7/7";"UOP03/PR"
261140;2020-01-06;"segunda-feira";"08:05:00";"MG";381;840;"SAO SEBASTIAO DA BELA VISTA";"Condutor Dormindo";"Colisão com objeto estático";"Com Vítimas Feridas";"Pleno dia";"Crescente";"Nublado";"Dupla";"Reta";"Não";2;0;0;2;0;0;2;1;-22,20222397;-45,86078203;"SR-MG";"DEL09";"UOP01/MG"
261141;2020-01-06;"segunda-feira";"07:20:00";"PR";476;123;"CURITIBA";"Falta de Atenção do Pedestre";"Atropelamento de Pedestre";"Com Vítimas Feridas";"Pleno dia";"Crescente";"Nublado";"Dupla";"Reta";"Sim";3;0;1;0;1;1;1;1;-25,392904;-49,209557;"SR-PR";"DEL7/1";"UOP06/PR"
261142;2020-01-06;"segunda-feira";"08:45:00";"PE";101;15,2;"GOIANA";"Condutor Dormindo";"Saída de leito carroçável";"Com Vítimas Feridas";"Pleno dia";"Decrescente";"Céu Claro";"Múltipla";"Reta";"Não";2;0;2;0;0;0;2;1;-7,62621106;-34,96669711;"SR-PE";"DEL11/1";"UOP02/PE"
261143;2020-01-06;"segunda-feira";"07:00:00";"BA";116;707,1;"MANOEL VITORINO";"Defeito Mecânico no Veículo";"Tombamento";"Com Vítimas Feridas";"Pleno dia";"Crescente";"Céu Claro";"Simples";"Reta";"Não";3;0;2;0;0;1;2;1;-14,08962796;-40,21614409;"SR-BA";"DEL10/3";"UOP01/BA"
261144;2020-01-06;"segunda-feira";"07:40:00";"RJ";116;164;"RIO DE JANEIRO";"Falta de Atenção à Condução";"Derramamento de carga";"Sem Vítimas";"Pleno dia";"Decrescente";"Céu Claro";"Múltipla";"Reta";"Sim";2;0;0;0;2;0;0;2;-22,81074068;-43,28844363;"SR-RJ";"DEL5/1";"UOP01/RJ"
261145;2020-01-06;"segunda-feira";"08:00:00";"SE";101;55;"JAPARATUBA";"Falta de Atenção à Condução";"Colisão transversal";"Com Vítimas Feridas";"Pleno dia";"Crescente";"Céu Claro";"Simples";"Não Informado";"Sim";4;0;4;0;0;0;4;2;-10,633431;-37,003742;"SR-SE";"DEL20/2";"UOP02/SE"
261146;2020-01-06;"segunda-feira";"08:50:00";"SP";116;101;"PINDAMONHANGABA";"Defeito Mecânico no Veículo";"Tombamento";"Com Vítimas Feridas";"Pleno dia";"Crescente";"Céu Claro";"Dupla";"Desvio Temporário";"Não";1;0;1;0;0;0;1;1;-22,99074204;-45,48115098;"SR-SP";"DEL6";"UOP01/SP"
261147;2020-01-06;"segunda-feira";"06:50:00";"MT";163;832;"SINOP";"Falta de Atenção à Condução";"Colisão transversal";"Com Vítimas Feridas";"Amanhecer";"Crescente";"Nublado";"Dupla";"Retorno Regulamentado";"Sim";2;0;0;1;1;0;1;2;-11,88288976;-55,50082684;"SR-MT";"DEL2/6";"UOP01/MT"
261148;2020-01-06;"segunda-feira";"07:00:00";"MG";381;549,6;"ITATIAIUCU";"Pista Escorregadia";"Saída de leito carroçável";"Sem Vítimas";"Pleno dia";"Decrescente";"Chuva";"Dupla";"Curva";"Não";2;0;0;0;2;0;0;1;-20,31815092;-44,45448614;"SR-MG";"DEL4/4";"UOP03/MG"
261149;2020-01-06;"segunda-feira";"09:20:00";"RN";226;340;"PATU";"Falta de Atenção à Condução";"Colisão lateral";"Com Vítimas Feridas";"Pleno dia";"Decrescente";"Céu Claro";"Simples";"Reta";"Sim";2;0;1;0;1;0;1;2;-6,10713607;-37,6480048;"SR-RN";"DEL15/4";"UOP01/RN"
261150;2020-01-06;"segunda-feira";"09:05:00";"SC";101;115,9;"ITAJAI";"Avarias e/ou desgaste excessivo no pneu";"Tombamento";"Com Vítimas Feridas";"Pleno dia";"Crescente";"Sol";"Dupla";"Reta";"Sim";2;0;1;1;0;0;2;1;-26,87064015;-48,72954134;"SR-SC";"DEL8/4";"UOP04/SC"
261154;2020-01-06;"segunda-feira";"10:10:00";"RS";386;245,3;"SOLEDADE";"Falta de Atenção à Condução";"Colisão transversal";"Com Vítimas Feridas";"Pleno dia";"Crescente";"Sol";"Simples";"Interseção de vias";"Sim";7;0;1;1;5;0;2;3;-28,8034826;-52,50798139;"SR-RS";"DEL9/4";"UOP03/RS"
261155;2020-01-06;"segunda-feira";"09:20:00";"MS";163;42;"ELDORADO";"Falta de Atenção à Condução";"Colisão transversal";"Com Vítimas Feridas";"Pleno dia";"Crescente";"Céu Claro";"Simples";"Não Informado";"Não";4;0;1;0;3;0;1;2;-23,77140302;-54,27611382;"SR-MS";"DEL3/09";"UOP02/MS"
261156;2020-01-06;"segunda-feira";"10:50:00";"SC";101;417,8;"ARARANGUA";"Desobediência às normas de trânsito pelo condutor";"Colisão frontal";"Com Vítimas Feridas";"Pleno dia";"Crescente";"Sol";"Simples";"Interseção de vias";"Sim";2;0;0;1;1;0;1;2;-28,97376391;-49,53023409;"SR-SC";"DEL8/2";"UOP02/SC"
261157;2020-01-06;"segunda-feira";"10:30:00";"SC";101;207;"SAO JOSE";"Falta de Atenção à Condução";"Colisão lateral";"Com Vítimas Feridas";"Pleno dia";"Decrescente";"Céu Claro";"Múltipla";"Reta";"Sim";2;0;1;0;1;0;1;2;-27,60001226;-48,6226467;"SR-SC";"DEL8/1";"UOP01/SC"
261158;2020-01-06;"segunda-feira";"10:30:00";"SC";101;213;"PALHOCA";"Falta de Atenção à Condução";"Colisão traseira";"Com Vítimas Feridas";"Pleno dia";"Decrescente";"Sol";"Dupla";"Reta";"Sim";3;0;3;0;0;0;3;3;-27,63697369;-48,66514142;"SR-SC";"DEL8/1";"UOP02/SC"
261160;2020-01-06;"segunda-feira";"11:15:00";"PE";101;47,5;"IGARASSU";"Não guardar distância de segurança";"Colisão traseira";"Sem Vítimas";"Pleno dia";"Crescente";"Sol";"Múltipla";"Reta";"Sim";3;0;0;0;2;1;0;3;-7,88290701;-34,90461208;"SR-PE";"DEL11/1";"UOP02/PE"
261161;2020-01-06;"segunda-feira";"11:20:00";"SC";101;203;"SAO JOSE";"Desobediência às normas de trânsito pelo condutor";"Colisão lateral";"Com Vítimas Feridas";"Pleno dia";"Decrescente";"Céu Claro";"Dupla";"Reta";"Não";1;0;0;1;0;0;1;1;-27,5650044;-48,61460082;"SR-SC";"DEL8/1";"UOP01/SC"
261165;2020-01-06;"segunda-feira";"10:30:00";"MS";60;14,2;"CHAPADAO DO SUL";"Condutor Dormindo";"Saída de leito carroçável";"Com Vítimas Feridas";"Pleno dia";"Decrescente";"Nublado";"Simples";"Reta";"Não";6;0;3;2;1;0;5;1;-18,80639188;-52,66006516;"SR-MS";"DEL3/8";"UOP01/MS"