"id";"data_inversa";"dia_semana";"horario";"uf";"br";"km";"municipio";"causa_acidente";"tipo_acidente";"classificacao_acidente";"fase_dia";"sentido_via";"condicao_metereologica";"tipo_pista";"tracado_via";"uso_solo";"pessoas";"mortos";"feridos_leves";"feridos_graves";"ilesos";"ignorados";"feridos";"veiculos";"latitude";"longitude";"regional";"delegacia";"uop"
261167;2020-01-06;"segunda-feira";"09:20:00";"RR";174;531;"BOA VISTA";"Falta de Atenção à Condução";"Colisão transversal";"Com Vítimas Fatais";"Pleno dia";"Crescente";"Céu Claro";"Simples";"Reta";"Não";3;1;0;0;2;0;0;3;3,01829;-60,773609;"SR-RR";"UOP01/RR";""
261168;2020-01-06;"segunda-feira";"10:30:00";"PA";316;45;"SANTA IZABEL DO PARA";"Avarias e/ou desgaste excessivo no pneu";"Saída de leito carroçável";"Com Vítimas Feridas";"Pleno dia";"Crescente";"Chuva";"Dupla";"Curva";"Não";1;0;1;0;0;0;1;1;-1,277567;-48,078326;"SR-PA";"DEL19/1";"UOP01/PA"
261169;2020-01-06;"segunda-feira";"12:08:00";"RJ";116;198;"QUEIMADOS";"Defeito Mecânico no Veículo";"Capotamento";"Com Vítimas Feridas";"Pleno dia";"Decrescente";"Céu Claro";"Dupla";"Reta";"Não";4;0;4;0;0;0;4;1;-22,72952183;-43,57481597;"SR-RJ";"DEL5/1";"UOP02/RJ"
261170;2020-01-06;"segunda-feira";"11:45:00";"MG";251;522,4;"MONTES CLAROS";"Não guardar distância de segurança";"Engavetamento";"Com Vítimas Feridas";"Pleno dia";"Crescente";"Céu Claro";"Simples";"Não Informado";"Não";9;0;3;0;6;0;3;5;-16,67231151;-43,79507124;"SR-MG";"DEL4/12";"UOP01/MG"
261171;2020-01-06;"segunda-feira";"11:20:00";"MG";381;336;"NOVA ERA";"Velocidade Incompatível";"Saída de leito carroçável";"Com Vítimas Feridas";"Pleno dia";"Decrescente";"Céu Claro";"Simples";"Não Informado";"Não";2;0;1;0;1;0;1;1;-19,82119502;-43,07407899;"SR-MG";"DEL4/3";"UOP01/MG"
261172;2020-01-06;"segunda-feira";"12:20:00";"TO";153;414,7;"MIRANORTE";"Desobediência às normas de trânsito pelo condutor";"Queda de ocupante de veículo";"Com Vítimas Feridas";"Pleno dia";"Decrescente";"Nublado";"Dupla";"Retorno Regulamentado";"Sim";2;0;1;0;0;1;1;2;-9,532369;-48,593407;"SR-TO";"UOP02/TO";""
261173;2020-01-06;"segunda-feira";"12:15:00";"RS";153;48,9;"ERECHIM";"Desobediência às normas de trânsito pelo condutor";"Colisão traseira";"Com Vítimas Feridas";"Pleno dia";"Decrescente";"Céu Claro";"Simples";"Interseção de vias";"Sim";3;0;1;0;2;0;1;2;-27,65118001;-52,257248;"SR-RS";"DEL08";"UOP04/RS"
261174;2020-01-06;"segunda-feira";"12:35:00";"MG";262;148;"SAO DOMINGOS DO PRATA";"Falta de Atenção à Condução";"Colisão transversal";"Com Vítimas Feridas";"Pleno dia";"Crescente";"Céu Claro";"Simples";"Reta";"Não";3;0;1;1;1;0;2;2;-20,0130291;-42,74983565;"SR-MG";"DEL4/3";"UOP03/MG"
261175;2020-01-06;"segunda-feira";"12:40:00";"MG";381;630,8;"OLIVEIRA";"Velocidade Incompatível";"Saída de leito carroçável";"Com Vítimas Feridas";"Pleno dia";"Crescente";"Garoa/Chuvisco";"Dupla";"Não Informado";"Não";3;0;2;1;0;0;3;1;-20,84702065;-44,83281432;"SR-MG";"DEL4/4";"UOP01/MG"
261176;2020-01-06;"segunda-feira";"11:30:00";"RS";470;159;"NOVA PRATA";"Desobediência às normas de trânsito pelo condutor";"Colisão transversal";"Com Vítimas Feridas";"Pleno dia";"Decrescente";"Céu Claro";"Simples";"Não Informado";"Sim";3;0;1;0;2;0;1;2;-28,80493769;-51,60799926;"SR-RS";"DEL9/6";"UOP02/RS"
261177;2020-01-06;"segunda-feira";"08:20:00";"GO";153;369,1;"JARAGUA";"Defeito na Via";"Colisão frontal";"Com Vítimas Feridas";"Pleno dia";"Decrescente";"Nublado";"Simples";"Desvio Temporário";"Não";7;0;4;0;3;0;4;5;-15,83090246;-49,2791748;"SR-GO";"DEL1/2";"UOP02/GO"
261178;2020-01-06;"segunda-feira";"12:10:00";"SP";116;103;"PINDAMONHANGABA";"Não guardar distância de segurança";"Colisão traseira";"Com Vítimas Feridas";"Pleno dia";"Decrescente";"Chuva";"Dupla";"Reta";"Sim";5;0;2;0;2;1;2;4;-22,99919465;-45,49788917;"SR-SP";"DEL6";"UOP01/SP"
261179;2020-01-06;"segunda-feira";"12:30:00";"MG";116;768;"LEOPOLDINA";"Desobediência às normas de trânsito pelo condutor";"Colisão transversal";"Com Vítimas Feridas";"Pleno dia";"Decrescente";"Sol";"Simples";"Reta";"Sim";3;0;1;0;2;0;1;2;-21,54357124;-42,65688182;"SR-MG";"DEL4/7";"UOP01/MG"
261181;2020-01-06;"segunda-feira";"12:20:00";"RJ";116;177;"NOVA IGUACU";"Desobediência às normas de trânsito pelo condutor";"Colisão traseira";"Com Vítimas Feridas";"Pleno dia";"Decrescente";"Sol";"Múltipla";"Reta";"Sim";2;0;1;0;1;0;1;2;-22,75370447;-43,43788147;"SR-RJ";"DEL5/1";"UOP02/RJ"
261182;2020-01-06;"segunda-feira";"12:50:00";"PB";101;58;"SANTA RITA";"Falta de Atenção à Condução";"Colisão traseira";"Com Vítimas Feridas";"Pleno dia";"Decrescente";"Céu Claro";"Dupla";"Retorno Regulamentado";"Não";3;0;1;1;1;0;2;2;-6,98564991;-35,07334684;"SR-PB";"DEL14/1";"UOP03/PB"
261183;2020-01-06;"segunda-feira";"13:25:00";"PR";158;506;"CORONEL VIVIDA";"Falta de Atenção à Condução";"Capotamento";"Com Vítimas Feridas";"Pleno dia";"Crescente";"Céu Claro";"Simples";"Curva";"Não";1;0;1;0;0;0;1;1;-26,01525192;-52,57019203;"SR-PR";"DEL7/2";"UOP01/PR"
261184;2020-01-06;"segunda-feira";"12:40:00";"MS";158;38,5;"PARANAIBA";"Pista Escorregadia";"Colisão lateral";"Com Vítimas Fatais";"Pleno dia";"Crescente";"Chuva";"Simples";"Curva";"Não";7;1;3;0;3;0;3;2;-19,28935296;-51,46641198;"SR-MS";"DEL3/8";"UOP01/MS"
261185;2020-01-06;"segunda-feira";"13:20:00";"SC";282;1;"FLORIANOPOLIS";"Falta de Atenção à Condução";"Colisão transversal";"Com Vítimas Feridas";"Pleno dia";"Decrescente";"Céu Claro";"Dupla";"Reta";"Sim";2;0;0;1;1;0;1;2;-27,602955;-48,580509;"SR-SC";"DEL8/1";"UOP01/SC"
261186;2020-01-06;"segunda-feira";"14:00:00";"RS";116;519;"PELOTAS";"Falta de Atenção à Condução";"Colisão transversal";"Com Vítimas Feridas";"Pleno dia";"Decrescente";"Nublado";"Dupla";"Interseção de vias";"Sim";5;0;1;0;4;0;1;2;-31,69369368;-52,35458934;"SR-RS";"DEL9/7";"UOP01/RS"
261187;2020-01-06;"segunda-feira";"14:00:00";"PE";232;176,2;"BELO JARDIM";"Mal Súbito";"Colisão frontal";"Com Vítimas Feridas";"Pleno dia";"Crescente";"Sol";"Simples";"Reta";"Sim";2;0;0;1;1;0;1;2;-8,34573608;-36,39481995;"SR-PE";"DEL11/2";"UOP02/PE"
261188;2020-01-06;"segunda-feira";"11:00:00";"PR";376;392,1;"IMBAU";"Velocidade Incompatível";"Saída de leito carroçável";"Com Vítimas Feridas";"Pleno dia";"Decrescente";"Céu Claro";"Dupla";"Desvio Temporário";"Não";1;0;1;0;0;0;1;1;-24,537697;-50,694386;"SR-PR";"DEL7/3";"UOP05/PR"
261189;2020-01-06;"segunda-feira";"14:15:00";"PR";476;133;"CURITIBA";"Falta de Atenção à Condução";"Colisão lateral";"Com Vítimas Feridas";"Pleno dia";"Crescente";"Céu Claro";"Múltipla";"Reta";"Sim";2;0;0;1;1;0;1;2;-25,46886827;-49,25424099;"SR-PR";"DEL7/1";"UOP03/PR"
261190;2020-01-06;"segunda-feira";"13:30:00";"RS";285;565,3;"SAO LUIZ GONZAGA";"Falta de Atenção à Condução";"Colisão lateral";"Com Vítimas Feridas";"Pleno dia";"Crescente";"Céu Claro";"Simples";"Não Informado";"Sim";2;0;1;0;1;0;1;2;-28,418699;-54,946823;"SR-RS";"DEL9/10";"UOP01/RS"
261191;2020-01-06;"segunda-feira";"13:00:00";"MG";459;103,5;"POUSO ALEGRE";"Desobediência às normas de trânsito pelo condutor";"Colisão traseira";"Com Vítimas Feridas";"Pleno dia";"Decrescente";"Chuva";"Dupla";"Não Informado";"Sim";3;0;1;0;2;0;1;2;-22,2319438;-45,9000957;"SR-MG";"DEL09";"UOP01/MG"
261192;2020-01-06;"segunda-feira";"12:13:00";"MG";381;845;"SAO SEBASTIAO DA BELA VISTA";"Falta de Atenção à Condução";"Saída de leito carroçável";"Com Vítimas Feridas";"Pleno dia";"Crescente";"Chuva";"Dupla";"Reta";"Não";3;0;3;0;0;0;3;1;-22,23698876;-45,87928703;"SR-MG";"DEL09";"UOP01/MG"
261193;2020-01-06;"segunda-feira";"14:30:00";"SP";116;160;"JACAREI";"Objeto estático sobre o leito carroçável";"Colisão com objeto em movimento";"Com Vítimas Feridas";"Pleno dia";"Crescente";"Céu Claro";"Dupla";"Reta";"Sim";1;0;1;0;0;0;1;1;-23,27101606;-45,96787896;"SR-SP";"DEL6/2";"UOP01/SP"
261194;2020-01-06;"segunda-feira";"13:35:00";"PR";163;33,7;"SANTO ANTONIO DO SUDOESTE";"Desobediência às normas de trânsito pelo condutor";"Colisão transversal";"Com Vítimas Feridas";"Pleno dia";"Crescente";"Céu Claro";"Simples";"Não Informado";"Não";3;0;2;0;1;0;2;2;-26,075128;-53,719018;"SR-PR";"DEL7/2";"UOP04/PR"
261195;2020-01-06;"segunda-feira";"12:05:00";"MG";381;853,2;"POUSO ALEGRE";"Falta de Atenção do Pedestre";"Atropelamento de Pedestre";"Com Vítimas Feridas";"Pleno dia";"Decrescente";"Sol";"Dupla";"Reta";"Não";2;0;1;0;1;0;1;1;-22,26844632;-45,89160919;"SR-MG";"DEL09";"UOP01/MG"
261196;2020-01-06;"segunda-feira";"14:20:00";"SC";101;305;"LAGUNA";"Defeito Mecânico no Veículo";"Saída de leito carroçável";"Com Vítimas Feridas";"Pleno dia";"Decrescente";"Céu Claro";"Dupla";"Reta";"Não";5;0;1;0;4;0;1;1;-28,37674574;-48,76400229;"SR-SC";"DEL8/2";"UOP03/SC"
261197;2020-01-06;"segunda-feira";"14:30:00";"MG";40;422,3;"CURVELO";"Condutor Dormindo";"Colisão frontal";"Com Vítimas Fatais";"Pleno dia";"Crescente";"Céu Claro";"Simples";"Reta";"Sim";5;1;2;2;0;0;4;3;-19,15357;-44,54329;"SR-MG";"DEL4/2";"UOP01/MG"
261198;2020-01-06;"segunda-feira";"14:00:00";"RJ";116;189,8;"QUEIMADOS";"Falta de Atenção à Condução";"Colisão transversal";"Com Vítimas Fatais";"Pleno dia";"Crescente";"Céu Claro";"Simples";"Curva";"Sim";2;1;0;0;1;0;0;2;-22,73765712;-43,49182298;"SR-RJ";"DEL5/1";"UOP02/RJ"
261199;2020-01-06;"segunda-feira";"12:30:00";"RJ";101;333;"RIO DE JANEIRO";"Falta de Atenção à Condução";"Colisão traseira";"Com Vítimas Feridas";"Pleno dia";"Crescente";"Nublado";"Dupla";"Reta";"Não";3;0;2;0;1;0;2;2;-22,87827816;-43,21053578;"SR-RJ";"UOP01";"DEL02"
261200;2020-01-06;"segunda-feira";"14:20:00";"SP";381;49;"ATIBAIA";"Falta de Atenção à Condução";"Colisão com objeto estático";"Sem Vítimas";"Pleno dia";"Decrescente";"Céu Claro";"Múltipla";"Reta";"Sim";1;0;0;0;1;0;0;1;-23,20535293;-46,59066516;"SR-SP";"DEL6/3";"UOP02/SP"
261201;2020-01-06;"segunda-feira";"15:00:00";"SC";101;29;"JOINVILLE";"Não guardar distância de segurança";"Colisão traseira";"Com Vítimas Feridas";"Pleno dia";"Decrescente";"Céu Claro";"Dupla";"Não Informado";"Não";3;0;2;0;1;0;2;2;-26,211903;-48,91589904;"SR-SC";"DEL8/3";"UOP01/SC"
261202;2020-01-06;"segunda-feira";"09:30:00";"SC";280;283,8;"IRINEOPOLIS";"Mal Súbito";"Capotamento";"Com Vítimas Feridas";"Pleno dia";"Decrescente";"Sol";"Simples";"Curva";"Não";5;0;2;1;2;0;3;1;-26,29391936;-50,85814305;"SR-SC";"DEL8/6";"UOP04/SC"
261203;2020-01-06;"segunda-feira";"12:20:00";"RJ";493;22;"MAGE";"Falta de Atenção à Condução";"Colisão transversal";"Com Vítimas Feridas";"Pleno dia";"Decrescente";"Sol";"Simples";"Reta";"Sim";5;0;5;0;0;0;5;2;-22,659311;-43,053303;"SR-RJ";"DEL5/4";"UOP02/RJ"
261204;2020-01-06;"segunda-feira";"14:00:00";"RS";386;408,7;"TRIUNFO";"Falta de Atenção à Condução";"Saída de leito carroçável";"Com Vítimas Fatais";"Pleno dia";"Crescente";"Nublado";"Simples";"Curva";"Não";4;2;1;1;0;0;2;1;-29,791815;-51,535404;"SR-RS";"DEL9/4";"UOP02/RS"
261207;2020-01-06;"segunda-feira";"14:50:00";"RN";101;103,9;"PARNAMIRIM";"Não guardar distância de segurança";"Colisão traseira";"Com Vítimas Feridas";"Pleno dia";"Decrescente";"Céu Claro";"Dupla";"Não Informado";"Sim";3;0;1;0;2;0;1;2;-5,89034;-35,24895;"SR-RN";"DEL15/1";"UOP01/RN"
261208;2020-01-06;"segunda-feira";"15:00:00";"SP";381;77;"SAO PAULO";"Não guardar distância de segurança";"Engavetamento";"Sem Vítimas";"Pleno dia";"Decrescente";"Céu Claro";"Múltipla";"Reta";"Sim";5;0;0;0;5;0;0;5;-23,38884;-46,56935;"SR-SP";"DEL6/3";"UOP02/SP"
261209;2020-01-06;"segunda-feira";"13:50:00";"BA";324;556;"AMELIA RODRIGUES";"Defeito Mecânico no Veículo";"Saída de leito carroçável";"Sem Vítimas";"Pleno dia";"Crescente";"Céu Claro";"Dupla";"Reta";"Não";1;0;0;0;1;0;0;1;-12,47106;-38,68242;"SR-BA";"DEL10/1";"UOP01/BA"
261210;2020-01-06;"segunda-feira";"15:20:00";"ES";101;297,6;"VIANA";"Desobediência às normas de trânsito pelo condutor";"Colisão lateral";"Com Vítimas Feridas";"Pleno dia";"Decrescente";"Céu Claro";"Dupla";"Reta";"Não";2;0;1;0;1;0;1;2;-20,3453;-40,41027;"SR-ES";"DEL12/1";"UOP01/ES"
261211;2020-01-06;"segunda-feira";"14:10:00";"MG";153;104;"PRATA";"Velocidade Incompatível";"Saída de leito carroçável";"Com Vítimas Feridas";"Pleno dia";"Crescente";"Chuva";"Simples";"Curva";"Não";2;0;1;0;0;1;1;1;-19,26347;-48,9226;"SR-MG";"DEL4/15";"UOP03/MG"
261212;2020-01-06;"segunda-feira";"13:45:00";"MT";70;556;"NOSSA SENHORA DO LIVRAMENTO";"Velocidade Incompatível";"Saída de leito carroçável";"Sem Vítimas";"Pleno dia";"Crescente";"Chuva";"Simples";"Curva";"Não";3;0;0;0;3;0;0;1;-15,69395;-56,43919;"SR-MT";"DEL2/4";"UOP02/MT"
261213;2020-01-06;"segunda-feira";"15:50:00";"TO";153;757,9;"ALVORADA";"Defeito Mecânico no Veículo";"Colisão frontal";"Com Vítimas Fatais";"Pleno dia";"Decrescente";"Céu Claro";"Simples";"Reta";"Não";3;1;0;2;0;0;2;2;-12,45418;-49,11938;"SR-TO";"UOP01/TO";""
261214;2020-01-06;"segunda-feira";"15:45:00";"SP";153;62,1;"SAO JOSE DO RIO PRETO";"Não guardar distância de segurança";"Colisão traseira";"Com Vítimas Feridas";"Pleno dia";"Crescente";"Céu Claro";"Dupla";"Não Informado";"Sim";3;0;2;0;1;0;2;2;-20,81325;-49,35676;"SR-SP";"DEL6/9";"UOP01/SP"
261215;2020-01-06;"segunda-feira";"16:05:00";"RS";116;266;"CANOAS";"Falta de Atenção à Condução";"Colisão transversal";"Com Vítimas Feridas";"Pleno dia";"Decrescente";"Sol";"Dupla";"Reta";"Sim";2;0;0;1;1;0;1;2;-29,93593;-51,1771;"SR-RS";"DEL9/1";"UOP01/RS"
261216;2020-01-06;"segunda-feira";"15:25:00";"MG";146;608;"POCOS DE CALDAS";"Desobediência às normas de trânsito pelo condutor";"Colisão transversal";"Com Vítimas Feridas";"Pleno dia";"Crescente";"Céu Claro";"Simples";"Reta";"Sim";4;0;2;0;2;0;2;2;-21,80782;-46,47518;"SR-MG";"DEL09";"UOP04/MG"
261218;2020-01-06;"segunda-feira";"16:10:00";"RJ";40;16,3;"TRES RIOS";"Pista Escorregadia";"Colisão com objeto estático";"Com Vítimas Feridas";"Pleno dia";"Crescente";"Chuva";"Dupla";"Curva";"Sim";4;0;1;0;3;0;1;1;-22,07858;-43,18129;"SR-RJ";"DEL5/6";"UOP01/RJ"
261219;2020-01-06;"segunda-feira";"14:30:00";"MS";163;485,1;"CAMPO GRANDE";"Falta de Atenção à Condução";"Engavetamento";"Sem Vítimas";"Pleno dia";"Crescente";"Chuva";"Simples";"Reta";"Não";5;0;0;0;4;1;0;3;-20,44234;-54,54202;"SR-MS";"DEL3/1";"UOP02/MS"
261220;2020-01-06;"segunda-feira";"16:40:00";"MG";365;431,5;"PATOS DE MINAS";"Falta de Atenção à Condução";"Colisão lateral";"Com Vítimas Feridas";"Pleno dia";"Crescente";"Céu Claro";"Dupla";"Interseção de vias";"Não";4;0;3;0;1;0;3;2;-18,7642;-46,67446;"SR-MG";"DEL4/10";"UOP01/MG"
261221;2020-01-06;"segunda-feira";"16:30:00";"SP";116;282;"EMBU DAS ARTES";"Desobediência às normas de trânsito pelo condutor";"Colisão com objeto estático";"Com Vítimas Feridas";"Pleno dia";"Decrescente";"Sol";"Simples";"Curva";"Sim";2;0;2;0;0;0;2;1;-23,6857;-46,85971;"SR-SP";"DEL6/4";"UOP01/SP"
261223;2020-01-06;"segunda-feira";"11:30:00";"SC";101;91;"BARRA VELHA";"Condutor Dormindo";"Colisão com objeto estático";"Com Vítimas Feridas";"Pleno dia";"Crescente";"Céu Claro";"Simples";"Não Informado";"Não";2;0;2;0;0;0;2;1;-26,67121;-48,69012;"SR-SC";"DEL8/3";"UOP02/SC"
261224;2020-01-06;"segunda-feira";"16:20:00";"MG";365;596;"ARAGUARI";"Não guardar distância de segurança";"Colisão traseira";"Com Vítimas Feridas";"Pleno dia";"Crescente";"Nublado";"Simples";"Reta";"Não";3;0;2;0;0;1;2;2;-18,87427;-48,07504;"SR-MG";"DEL4/15";"UOP02/MG"
261225;2020-01-06;"segunda-feira";"15:00:00";"RO";364;295;"PRESIDENTE MEDICI";"Falta de Atenção à Condução";"Saída de leito carroçável";"Com Vítimas Feridas";"Pleno dia";"Decrescente";"Céu Claro";"Simples";"Reta";"Não";1;0;1;0;0;0;1;1;-11,2892;-61,89866;"SR-RO";"DEL21/2";"UOP01/RO"
261226;2020-01-06;"segunda-feira";"16:50:00";"ES";101;262,1;"SERRA";"Falta de Atenção à Condução";"Colisão traseira";"Com Vítimas Feridas";"Pleno dia";"Crescente";"Nublado";"Múltipla";"Reta";"Sim";3;0;2;0;1;0;2;2;-20,15723;-40,27678;"SR-ES";"DEL12/2";"UOP01/ES"
261227;2020-01-06;"segunda-feira";"17:00:00";"MG";40;734,9;"SANTOS DUMONT";"Pista Escorregadia";"Saída de leito carroçável";"Com Vítimas Feridas";"Pleno dia";"Decrescente";"Chuva";"Simples";"Desvio Temporário";"Não";3;0;1;0;2;0;1;1;-21,36248;-43,57519;"SR-MG";"DEL5";"UOP01/MG"
261228;2020-01-06;"segunda-feira";"17:25:00";"PR";376;17;"MARINGA";"Defeito na Via";"Colisão lateral";"Com Vítimas Feridas";"Pleno dia";"Decrescente";"Céu Claro";"Dupla";"Curva";"Não";2;0;1;0;1;0;1;2;-23,4273;-51,9375;"SR-PR";"DEL7/7";"UOP04/PR"
261229;2020-01-06;"segunda-feira";"17:00:00";"SC";163;84;"GUARACIABA";"Falta de Atenção à Condução";"Colisão traseira";"Sem Vítimas";"Pleno dia";"Decrescente";"Céu Claro";"Simples";"Rotatória";"Sim";2;0;0;0;2;0;0;2;-26,61594;-53,51943;"SR-SC";"DEL7";"UOP03/SC"
261232;2020-01-06;"segunda-feira";"18:00:00";"GO";60;32;"ALEXANIA";"Falta de Atenção à Condução";"Colisão transversal";"Com Vítimas Feridas";"Pleno dia";"Crescente";"Céu Claro";"Simples";"Interseção de vias";"Sim";3;0;1;0;2;0;1;2;-16,0963;-48,5202;"SR-DF";"UOP03/DF";""
261233;2020-01-06;"segunda-feira";"16:50:00";"MT";163;534;"DIAMANTINO";"Falta de Atenção à Condução";"Colisão frontal";"Com Vítimas Feridas";"Pleno dia";"Crescente";"Nublado";"Simples";"Reta";"Não";6;0;3;0;3;0;3;2;-14,43224;-56,11613;"SR-MT";"DEL2/4";"UOP01/MT"
261234;2020-01-06;"segunda-feira";"18:30:00";"PE";232;10,8;"JABOATAO DOS GUARARAPES";"Não guardar distância de segurança";"Colisão traseira";"Com Vítimas Feridas";"Plena Noite";"Crescente";"Céu Claro";"Dupla";"Reta";"Sim";2;0;1;0;1;0;1;2;-8,079172;-34,98719;"SR-PE";"DEL11/1";"UOP01/PE"
261235;2020-01-06;"segunda-feira";"15:20:00";"CE";116;359,6;"ICO";"Velocidade Incompatível";"Queda de ocupante de veículo";"Com Vítimas Feridas";"Pleno dia";"Decrescente";"Céu Claro";"Simples";"Reta";"Não";1;0;0;1;0;0;1;1;-6,307981;-38,72939;"SR-CE";"DEL16/5";"UOP02/CE"
261236;2020-01-06;"segunda-feira";"18:05:00";"RS";470;217;"BENTO GONCALVES";"Falta de Atenção à Condução";"Colisão frontal";"Com Vítimas Feridas";"Pleno dia";"Crescente";"Céu Claro";"Simples";"Não Informado";"Sim";7;0;4;2;1;0;6;2;-29,17857;-51,5182;"SR-RS";"DEL9/6";"UOP01/RS"
261237;2020-01-06;"segunda-feira";"18:35:00";"CE";116;21,2;"EUSEBIO";"Defeito Mecânico no Veículo";"Queda de ocupante de veículo";"Com Vítimas Feridas";"Plena Noite";"Crescente";"Céu Claro";"Múltipla";"Reta";"Não";2;0;2;0;0;0;2;1;-3,931759;-38,50825;"SR-CE";"DEL16/1";"UOP02/CE"
261238;2020-01-06;"segunda-feira";"16:40:00";"SC";101;135,2;"BALNEARIO CAMBORIU";"Não guardar distância de segurança";"Colisão lateral";"Com Vítimas Feridas";"Pleno dia";"Crescente";"Nublado";"Dupla";"Reta";"Sim";2;0;1;0;1;0;1;2;-27,00501;-48,62677;"SR-SC";"DEL8/4";"UOP03/SC"
261240;2020-01-06;"segunda-feira";"18:15:00";"SP";116;146,5;"SAO JOSE DOS CAMPOS";"Falta de Atenção à Condução";"Colisão lateral";"Com Vítimas Feridas";"Anoitecer";"Decrescente";"Céu Claro";"Dupla";"Reta";"Sim";2;0;1;0;1;0;1;2;-23,19123;-45,86328;"SR-SP";"DEL6/2";"UOP01/SP"
261241;2020-01-06;"segunda-feira";"16:00:00";"GO";60;460;"JATAI";"Falta de Atenção à Condução";"Saída de leito carroçável";"Com Vítimas Feridas";"Pleno dia";"Crescente";"Céu Claro";"Dupla";"Reta";"Não";2;0;1;0;1;0;1;1;-17,8715;-51,6163;"SR-GO";"DEL1/5";"UOP01/GO"
261242;2020-01-06;"segunda-feira";"18:35:00";"PB";230;36;"SANTA RITA";"Falta de Atenção do Pedestre";"Atropelamento de Pedestre";"Com Vítimas Feridas";"Plena Noite";"Decrescente";"Céu Claro";"Dupla";"Reta";"Sim";1;0;0;1;0;0;1;1;-7,1246;-34,9473;"SR-PB";"DEL14/1";"UOP02/PB"
261243;2020-01-06;"segunda-feira";"17:50:00";"PR";376;601;"CURITIBA";"Desobediência às normas de trânsito pelo condutor";"Colisão transversal";"Com Vítimas Feridas";"Anoitecer";"Decrescente";"Céu Claro";"Dupla";"Reta";"Não";3;0;1;0;1;1;1;3;-25,53705;-49,31404;"SR-PR";"DEL7/1";"UOP04/PR"
261244;2020-01-06;"segunda-feira";"17:30:00";"MT";364;139,3;"PEDRA PRETA";"Falta de Atenção à Condução";"Tombamento";"Com Vítimas Feridas";"Anoitecer";"Crescente";"Nublado";"Simples";"Reta";"Não";3;0;2;0;1;0;2;1;-16,80095;-54,10993;"SR-MT";"DEL2/2";"UOP01/MT"
261245;2020-01-06;"segunda-feira";"14:30:00";"MG";262;607,5;"CAMPOS ALTOS";"Velocidade Incompatível";"Saída de leito carroçável";"Com Vítimas Feridas";"Pleno dia";"Decrescente";"Sol";"Simples";"Curva";"Não";4;0;1;0;3;0;1;1;-19,62458;-46,26931;"SR-MG";"DEL4/8";"UOP02/MG"
261246;2020-01-06;"segunda-feira";"18:05:00";"MS";163;39,8;"ELDORADO";"Desobediência às normas de trânsito pelo condutor";"Colisão frontal";"Sem Vítimas";"Anoitecer";"Crescente";"Céu Claro";"Simples";"Reta";"Sim";2;0;0;0;2;0;0;2;-23,79489;-54,28687;"SR-MS";"DEL3/09";"UOP02/MS"
261247;2020-01-06;"segunda-feira";"19:00:00";"PR";376;418;"TIBAGI";"Falta de Atenção à Condução";"Queda de ocupante de veículo";"Com Vítimas Feridas";"Anoitecer";"Decrescente";"Céu Claro";"Simples";"Reta";"Não";1;0;1;0;0;0;1;1;-24,70753;-50,55575;"SR-PR";"DEL7/3";"UOP05/PR"
261248;2020-01-06;"segunda-feira";"16:55:00";"MS";163;83;"ITAQUIRAI";"Defeito Mecânico no Veículo";"Saída de leito carroçável";"Com Vítimas Feridas";"Pleno dia";"Crescente";"Céu Claro";"Simples";"Reta";"Não";2;0;1;0;1;0;1;1;-23,43274;-54,20589;"SR-MS";"DEL3/09";"UOP01/MS"
261249;2020-01-06;"segunda-feira";"18:30:00";"PR";153;23,2;"JACAREZINHO";"Falta de Atenção à Condução";"Colisão traseira";"Com Vítimas Feridas";"Pleno dia";"Decrescente";"Céu Claro";"Simples";"Não Informado";"Não";3;0;1;1;1;0;2;2;-23,1766;-49,97635;"SR-PR";"DEL7/7";"UOP07/PR"
261250;2020-01-06;"segunda-feira";"19:50:00";"PE";232;107,4;"BEZERROS";"Objeto estático sobre o leito carroçável";"Colisão com objeto estático";"Com Vítimas Feridas";"Plena Noite";"Decrescente";"Céu Claro";"Dupla";"Reta";"Não";4;0;2;0;2;0;2;1;-8,26839;-35,79747;"SR-PE";"DEL11/2";"UOP02/PE"
261251;2020-01-06;"segunda-feira";"11:20:00";"AM";174;986,9;"PRESIDENTE FIGUEIREDO";"Ingestão de Álcool";"Queda de ocupante de veículo";"Com Vítimas Feridas";"Pleno dia";"Crescente";"Céu Claro";"Dupla";"Não Informado";"Não";2;0;2;0;0;0;2;1;-2,081516;-60,00708;"SR-AM";"UOP02/AM";""
261252;2020-01-06;"segunda-feira";"11:55:00";"RJ";116;33,6;"SAPUCAIA";"Defeito Mecânico no Veículo";"Colisão frontal";"Com Vítimas Feridas";"Pleno dia";"Crescente";"Céu Claro";"Simples";"Curva";"Não";6;0;1;1;4;0;2;3;-22,08649;-42,81176;"SR-RJ";"DEL5/6";"UOP02/RJ"
261253;2020-01-06;"segunda-feira";"11:30:00";"MA";316;553;"CAXIAS";"Falta de Atenção à Condução";"Colisão traseira";"Com Vítimas Feridas";"Pleno dia";"Crescente";"Céu Claro";"Simples";"Rotatória";"Sim";2;0;1;0;1;0;1;2;-4,877648;-43,33816;"SR-MA";"DEL18/3";"UOP02/MA"