"id";"data_inversa";"dia_semana";"horario";"uf";"br";"km";"municipio";"causa_acidente";"tipo_acidente";"classificacao_acidente";"fase_dia";"sentido_via";"condicao_metereologica";"tipo_pista";"tracado_via";"uso_solo";"pessoas";"mortos";"feridos_leves";"feridos_graves";"ilesos";"ignorados";"feridos";"veiculos";"latitude";"longitude";"regional";"delegacia";"uop"
261440;2020-01-08;"quarta-feira";"06:45:00";"SC";101;233,2;"PALHOCA";"Falta de Atenção à Condução";"Colisão traseira";"Com Vítimas Feridas";"Pleno dia";"Crescente";"Chuva";"Dupla";"Desvio Temporário";"Sim";3;0;1;0;2;0;1;2;-27,80376;-48,63826;"SR-SC";"DEL8/1";"UOP02/SC"
261441;2020-01-07;"terça-feira";"22:15:00";"MG";40;570;"ITABIRITO";"Condutor Dormindo";"Colisão frontal";"Sem Vítimas";"Plena Noite";"Decrescente";"Chuva";"Simples";"Reta";"Não";2;0;0;0;2;0;0;2;-20,21287;-43,97263;"SR-MG";"DEL4/1";"UOP02/MG"
261442;2020-01-08;"quarta-feira";"02:30:00";"MG";40;559;"NOVA LIMA";"Falta de Atenção à Condução";"Capotamento";"Com Vítimas Feridas";"Plena Noite";"Crescente";"Chuva";"Dupla";"Reta";"Sim";2;0;1;0;0;1;1;1;-20,11862;-43,96784;"SR-MG";"DEL4/1";"UOP02/MG"
261443;2020-01-08;"quarta-feira";"02:50:00";"PR";277;126;"BALSA NOVA";"Ingestão de Álcool";"Saída de leito carroçável";"Com Vítimas Feridas";"Plena Noite";"Decrescente";"Garoa/Chuvisco";"Dupla";"Não Informado";"Não";2;0;1;0;1;0;1;1;-25,47048;-49,6128;"SR-PR";"DEL7/1";"UOP05/PR"
261444;2020-01-07;"terça-feira";"21:05:00";"RS";471;673;"SANTA VITORIA DO PALMAR";"Falta de Atenção à Condução";"Colisão traseira";"Com Vítimas Fatais";"Plena Noite";"Decrescente";"Céu Claro";"Simples";"Reta";"Sim";2;1;0;0;1;0;0;2;-33,26166;-53,07529;"SR-RS";"DEL9/7";"UOP04/RS"
261445;2020-01-08;"quarta-feira";"03:33:00";"MG";381;601,5;"OLIVEIRA";"Condutor Dormindo";"Colisão traseira";"Com Vítimas Feridas";"Plena Noite";"Crescente";"Nublado";"Dupla";"Reta";"Não";2;0;1;0;1;0;1;2;-20,63244;-44,73521;"SR-MG";"DEL4/4";"UOP01/MG"
261446;2020-01-07;"terça-feira";"16:30:00";"RJ";101;592;"PARATY";"Não guardar distância de segurança";"Colisão traseira";"Com Vítimas Feridas";"Pleno dia";"Decrescente";"Céu Claro";"Simples";"Reta";"Sim";2;0;1;0;1;0;1;2;-23,31817;-44,72196;"SR-RJ";"DEL5/3";"UOP04/RJ"
261447;2020-01-07;"terça-feira";"15:50:00";"GO";452;41,8;"SANTA HELENA DE GOIAS";"Desobediência às normas de trânsito pelo condutor";"Colisão transversal";"Com Vítimas Feridas";"Pleno dia";"Crescente";"Céu Claro";"Simples";"Reta";"Não";2;0;1;0;1;0;1;2;-17,93128;-50,55007;"SR-GO";"DEL1/4";"UOP01/GO"
261448;2020-01-07;"terça-feira";"16:53:00";"PR";277;199,1;"PALMEIRA";"Velocidade Incompatível";"Saída de leito carroçável";"Com Vítimas Feridas";"Pleno dia";"Crescente";"Chuva";"Simples";"Curva";"Não";4;0;1;1;2;0;2;2;-25,44981;-50,19419;"SR-PR";"DEL7/3";"UOP04/PR"
261449;2020-01-07;"terça-feira";"22:50:00";"GO";452;44;"SANTA HELENA DE GOIAS";"Falta de Atenção à Condução";"Saída de leito carroçável";"Com Vítimas Feridas";"Plena Noite";"Crescente";"Céu Claro";"Simples";"Reta";"Não";2;0;2;0;0;0;2;1;-17,9415;-50,52586;"SR-GO";"DEL1/4";"UOP01/GO"
261450;2020-01-08;"quarta-feira";"07:25:00";"GO";40;4,9;"VALPARAISO DE GOIAS";"Falta de Atenção à Condução";"Colisão lateral";"Com Vítimas Feridas";"Pleno dia";"Decrescente";"Céu Claro";"Dupla";"Reta";"Sim";2;0;1;0;1;0;1;2;-16,08524;-47,98675;"SR-DF";"UOP01/DF";""
261451;2020-01-08;"quarta-feira";"07:30:00";"PB";230;19;"JOAO PESSOA";"Objeto estático sobre o leito carroçável";"Colisão com objeto estático";"Com Vítimas Feridas";"Pleno dia";"Decrescente";"Céu Claro";"Dupla";"Reta";"Não";2;0;2;0;0;0;2;1;-7,1281;-34,8466;"SR-PB";"DEL14/1";"UOP01/PB"
261452;2020-01-08;"quarta-feira";"02:40:00";"BA";101;398;"IBIRAPITANGA";"Agressão Externa";"Saída de leito carroçável";"Sem Vítimas";"Plena Noite";"Decrescente";"Céu Claro";"Simples";"Curva";"Não";1;0;0;0;1;0;0;1;-14,07899;-39,38422;"SR-BA";"DEL10/5";"UOP03/BA"
261454;2020-01-08;"quarta-feira";"08:00:00";"SC";101;214;"PALHOCA";"Falta de Atenção à Condução";"Colisão lateral";"Com Vítimas Feridas";"Pleno dia";"Decrescente";"Nublado";"Dupla";"Reta";"Sim";3;0;2;0;1;0;2;2;-27,64443;-48,67057;"SR-SC";"DEL8/1";"UOP02/SC"
261455;2020-01-08;"quarta-feira";"07:45:00";"SP";153;61,8;"SAO JOSE DO RIO PRETO";"Não guardar distância de segurança";"Colisão traseira";"Com Vítimas Feridas";"Pleno dia";"Crescente";"Sol";"Dupla";"Desvio Temporário";"Sim";4;0;1;2;1;0;3;3;-20,80503;-49,35575;"SR-SP";"DEL6/9";"UOP01/SP"
261456;2020-01-08;"quarta-feira";"08:00:00";"PR";376;135;"NOVA ESPERANCA";"Desobediência às normas de trânsito pelo pedestre";"Atropelamento de Pedestre";"Com Vítimas Feridas";"Plena Noite";"Decrescente";"Nublado";"Dupla";"Reta";"Sim";2;0;0;1;1;0;1;1;-23,19376;-52,20398;"SR-PR";"DEL7/7";"UOP05/PR"
261457;2020-01-08;"quarta-feira";"07:00:00";"RS";158;565,5;"SANTANA DO LIVRAMENTO";"Falta de Atenção à Condução";"Colisão lateral";"Sem Vítimas";"Pleno dia";"Decrescente";"Céu Claro";"Simples";"Interseção de vias";"Sim";2;0;0;0;2;0;0;2;-30,86854;-55,50789;"SR-RS";"DEL9/11";"UOP01/RS"
261458;2020-01-08;"quarta-feira";"07:15:00";"MS";463;1,8;"DOURADOS";"Ingestão de Álcool";"Colisão traseira";"Com Vítimas Feridas";"Pleno dia";"Crescente";"Sol";"Simples";"Reta";"Sim";7;0;1;0;6;0;1;2;-22,25906;-54,8137;"SR-MS";"DEL3/4";"UOP01/MS"
261459;2020-01-08;"quarta-feira";"08:00:00";"PE";104;66,8;"CARUARU";"Não guardar distância de segurança";"Colisão traseira";"Com Vítimas Feridas";"Pleno dia";"Crescente";"Céu Claro";"Dupla";"Reta";"Sim";2;0;1;0;1;0;1;2;-8,293841;-35,98637;"SR-PE";"DEL11/2";"UOP01/PE"
261460;2020-01-08;"quarta-feira";"06:40:00";"SC";282;33,1;"AGUAS MORNAS";"Velocidade Incompatível";"Saída de leito carroçável";"Com Vítimas Feridas";"Pleno dia";"Decrescente";"Chuva";"Simples";"Curva";"Não";2;0;1;0;1;0;1;1;-27,70562;-48,80999;"SR-SC";"DEL8/1";"UOP03/SC"
261461;2020-01-08;"quarta-feira";"08:00:00";"RS";293;2;"PELOTAS";"Falta de Atenção à Condução";"Colisão transversal";"Com Vítimas Feridas";"Pleno dia";"Crescente";"Céu Claro";"Simples";"Reta";"Sim";2;0;1;0;1;0;1;2;-31,75043;-52,35999;"SR-RS";"DEL9/7";"UOP01/RS"
261463;2020-01-08;"quarta-feira";"08:30:00";"ES";262;1,5;"CARIACICA";"Desobediência às normas de trânsito pelo condutor";"Colisão lateral";"Com Vítimas Feridas";"Pleno dia";"Decrescente";"Sol";"Dupla";"Reta";"Sim";3;0;2;0;0;1;2;2;-20,32955;-40,35493;"SR-ES";"DEL12/1";"UOP01/ES"
261464;2020-01-08;"quarta-feira";"08:05:00";"SC";101;131;"CAMBORIU";"Desobediência às normas de trânsito pelo condutor";"Colisão lateral";"Sem Vítimas";"Pleno dia";"Crescente";"Sol";"Simples";"Interseção de vias";"Não";3;0;0;0;3;0;0;2;-27,01572;-48,61193;"SR-SC";"DEL8/4";"UOP03/SC"
261465;2020-01-08;"quarta-feira";"08:10:00";"SP";116;4;"GUARULHOS";"Não guardar distância de segurança";"Colisão traseira";"Com Vítimas Feridas";"Pleno dia";"Crescente";"Nublado";"Dupla";"Reta";"Sim";2;0;1;0;1;0;1;2;-23,46326;-46,53373;"SR-SP";"DEL6/1";"UOP01/SP"
261466;2020-01-08;"quarta-feira";"08:30:00";"PE";101;128;"ESCADA";"Falta de Atenção à Condução";"Tombamento";"Com Vítimas Feridas";"Pleno dia";"Decrescente";"Céu Claro";"Dupla";"Reta";"Sim";2;0;0;1;1;0;1;2;-8,379865;-35,24406;"SR-PE";"DEL11/1";"UOP03/PE"
261467;2020-01-05;"domingo";"16:10:00";"BA";101;735,4;"ITABELA";"Pista Escorregadia";"Tombamento";"Com Vítimas Feridas";"Pleno dia";"Decrescente";"Sol";"Simples";"Não Informado";"Não";1;0;0;1;0;0;1;1;-16,53221;-39,56589;"SR-BA";"DEL10/9";"UOP01/BA"
261468;2020-01-08;"quarta-feira";"03:30:00";"CE";20;381;"CAUCAIA";"Falta de Atenção à Condução";"Saída de leito carroçável";"Sem Vítimas";"Plena Noite";"Crescente";"Céu Claro";"Simples";"Reta";"Sim";1;0;0;0;1;0;0;1;-3,908753;-38,84597;"SR-CE";"DEL16/1";"UOP01/CE"
261470;2020-01-08;"quarta-feira";"08:45:00";"DF";70;19;"BRASILIA";"Velocidade Incompatível";"Colisão traseira";"Com Vítimas Feridas";"Pleno dia";"Crescente";"Céu Claro";"Dupla";"Desvio Temporário";"Não";2;0;2;0;0;0;2;2;-15,78728;-48,22825;"SR-DF";"UOP06/DF";""
261472;2020-01-08;"quarta-feira";"03:40:00";"MG";116;23;"CACHOEIRA DE PAJEU";"Falta de Atenção do Pedestre";"Atropelamento de Pedestre";"Com Vítimas Fatais";"Plena Noite";"Decrescente";"Céu Claro";"Simples";"Reta";"Não";2;1;0;0;1;0;0;1;-15,85764;-41,4193;"SR-BA";"DEL10/8";"UOP03/BA"
261473;2020-01-08;"quarta-feira";"08:00:00";"SC";101;136,1;"BALNEARIO CAMBORIU";"Desobediência às normas de trânsito pelo condutor";"Colisão transversal";"Com Vítimas Feridas";"Pleno dia";"Decrescente";"Nublado";"Dupla";"Reta";"Sim";5;0;1;2;1;1;3;2;-27,00811;-48,61724;"SR-SC";"DEL8/4";"UOP03/SC"
261474;2020-01-08;"quarta-feira";"09:00:00";"SP";116;18,3;"LAVRINHAS";"Avarias e/ou desgaste excessivo no pneu";"Tombamento";"Com Vítimas Feridas";"Pleno dia";"Crescente";"Nublado";"Dupla";"Reta";"Não";1;0;1;0;0;0;1;1;-22,55842;-44,85667;"SR-SP";"DEL6/8";"UOP01/SP"
261475;2020-01-08;"quarta-feira";"08:40:00";"SC";101;200,8;"SAO JOSE";"Desobediência às normas de trânsito pelo condutor";"Queda de ocupante de veículo";"Com Vítimas Feridas";"Pleno dia";"Crescente";"Nublado";"Dupla";"Reta";"Não";2;0;1;0;1;0;1;2;-27,54837;-48,61978;"SR-SC";"DEL8/1";"UOP01/SC"
261476;2020-01-08;"quarta-feira";"09:05:00";"SC";101;206,9;"SAO JOSE";"Desobediência às normas de trânsito pelo condutor";"Colisão transversal";"Com Vítimas Feridas";"Pleno dia";"Crescente";"Nublado";"Múltipla";"Não Informado";"Sim";2;0;2;0;0;0;2;2;-27,59912;-48,62209;"SR-SC";"DEL8/1";"UOP01/SC"
261477;2020-01-08;"quarta-feira";"05:30:00";"GO";20;67;"FORMOSA";"Falta de Atenção à Condução";"Atropelamento de Animal";"Sem Vítimas";"Amanhecer";"Decrescente";"Céu Claro";"Simples";"Reta";"Não";3;0;0;0;3;0;0;1;-15,19578;-47,15213;"SR-DF";"UOP01/DEL02/DF";""
261478;2020-01-08;"quarta-feira";"09:15:00";"RS";392;67;"PELOTAS";"Desobediência às normas de trânsito pelo condutor";"Colisão transversal";"Sem Vítimas";"Pleno dia";"Crescente";"Sol";"Simples";"Interseção de vias";"Sim";4;0;0;0;4;0;0;2;-31,7571;-52,39981;"SR-RS";"DEL9/7";"UOP01/RS"
261479;2020-01-08;"quarta-feira";"09:25:00";"MG";381;482,3;"BETIM";"Não guardar distância de segurança";"Queda de ocupante de veículo";"Com Vítimas Feridas";"Pleno dia";"Crescente";"Nublado";"Dupla";"Reta";"Sim";1;0;1;0;0;0;1;1;-19,95553;-44,09721;"SR-MG";"DEL4/1";"UOP03/MG"
261480;2020-01-08;"quarta-feira";"09:00:00";"RO";429;42;"PRESIDENTE MEDICI";"Desobediência às normas de trânsito pelo condutor";"Colisão traseira";"Com Vítimas Feridas";"Pleno dia";"Decrescente";"Céu Claro";"Simples";"Curva";"Não";2;0;0;1;1;0;1;2;-11,19946;-61,91061;"SR-RO";"DEL21/2";"UOP03/RO"
261481;2020-01-08;"quarta-feira";"08:40:00";"RO";364;185,7;"PIMENTA BUENO";"Ingestão de Álcool";"Saída de leito carroçável";"Com Vítimas Feridas";"Pleno dia";"Decrescente";"Sol";"Simples";"Curva";"Não";2;0;0;1;0;1;1;1;-11,74555;-61,11007;"SR-RO";"DEL21/2";"UOP02/RO"
261482;2020-01-08;"quarta-feira";"09:00:00";"RO";319;63;"PORTO VELHO";"Desobediência às normas de trânsito pelo condutor";"Colisão transversal";"Com Vítimas Feridas";"Pleno dia";"Crescente";"Céu Claro";"Dupla";"Não Informado";"Sim";3;0;1;0;2;0;1;2;-8,766685;-63,88405;"SR-RO";"DEL21/1";"UOP01/RO"
261483;2020-01-08;"quarta-feira";"10:30:00";"RS";101;35;"TRES CACHOEIRAS";"Falta de Atenção à Condução";"Colisão transversal";"Com Vítimas Feridas";"Pleno dia";"Decrescente";"Céu Claro";"Dupla";"Não Informado";"Não";2;0;1;0;1;0;1;2;-29,5172;-49,99124;"SR-RS";"DEL9/3";"UOP02/RS"
261485;2020-01-08;"quarta-feira";"10:10:00";"RS";116;518;"PELOTAS";"Falta de Atenção à Condução";"Colisão traseira";"Com Vítimas Feridas";"Pleno dia";"Crescente";"Céu Claro";"Dupla";"Reta";"Sim";2;0;1;0;1;0;1;2;-31,68674;-52,34793;"SR-RS";"DEL9/7";"UOP01/RS"
261486;2020-01-08;"quarta-feira";"10:15:00";"PR";476;124;"CURITIBA";"Falta de Atenção à Condução";"Colisão lateral";"Com Vítimas Feridas";"Pleno dia";"Crescente";"Céu Claro";"Dupla";"Reta";"Sim";2;0;1;0;1;0;1;2;-25,39943;-49,21575;"SR-PR";"DEL7/1";"UOP06/PR"
261487;2020-01-08;"quarta-feira";"10:50:00";"ES";101;266;"SERRA";"Falta de Atenção à Condução";"Colisão traseira";"Com Vítimas Feridas";"Pleno dia";"Decrescente";"Céu Claro";"Múltipla";"Reta";"Sim";2;0;1;0;1;0;1;2;-20,1902;-40,26829;"SR-ES";"DEL12/2";"UOP01/ES"
261488;2020-01-02;"quinta-feira";"13:50:00";"SP";116;86,3;"PINDAMONHANGABA";"Não guardar distância de segurança";"Colisão traseira";"Com Vítimas Feridas";"Pleno dia";"Crescente";"Nublado";"Múltipla";"Reta";"Não";3;0;1;0;2;0;1;2;-22,92639;-45,35308;"SR-SP";"DEL6";"UOP01/SP"
261489;2020-01-08;"quarta-feira";"10:50:00";"SC";101;208,5;"SAO JOSE";"Não guardar distância de segurança";"Colisão lateral";"Com Vítimas Feridas";"Pleno dia";"Decrescente";"Nublado";"Múltipla";"Reta";"Não";2;0;1;0;1;0;1;2;-27,60328;-48,63202;"SR-SC";"DEL8/1";"UOP01/SC"
261490;2020-01-08;"quarta-feira";"11:10:00";"SP";101;50;"UBATUBA";"Falta de Atenção à Condução";"Colisão traseira";"Com Vítimas Feridas";"Pleno dia";"Crescente";"Céu Claro";"Simples";"Reta";"Sim";2;0;1;0;1;0;1;2;-23,45108;-45,07673;"SR-SP";"DEL6";"UOP03/SP"
261491;2020-01-08;"quarta-feira";"10:45:00";"GO";153;461,2;"GOIANAPOLIS";"Avarias e/ou desgaste excessivo no pneu";"Tombamento";"Com Vítimas Feridas";"Pleno dia";"Decrescente";"Céu Claro";"Dupla";"Reta";"Não";1;0;1;0;0;0;1;1;-16,44906;-49,02766;"SR-GO";"DEL1/1";"UOP01/GO"
261492;2020-01-08;"quarta-feira";"10:50:00";"RJ";116;167,4;"RIO DE JANEIRO";"Não guardar distância de segurança";"Colisão traseira";"Com Vítimas Feridas";"Pleno dia";"Decrescente";"Sol";"Múltipla";"Reta";"Sim";2;0;1;0;1;0;1;2;-22,81804;-43,30787;"SR-RJ";"DEL5/1";"UOP02/RJ"
261493;2020-01-08;"quarta-feira";"04:30:00";"MT";NA;NA;"SANTO ANTONIO DO LEVERGER";"Falta de Atenção à Condução";"Colisão com objeto estático";"Sem Vítimas";"Plena Noite";"Não Informado";"Céu Claro";"Múltipla";"Reta";"Não";2;0;0;0;1;1;0;1;-15,702;-55,82752;"SR-MT";"DEL2/1";"UOP01/MT"
261494;2020-01-08;"quarta-feira";"11:50:00";"ES";262;105,9;"VENDA NOVA DO IMIGRANTE";"Desobediência às normas de trânsito pelo condutor";"Colisão transversal";"Com Vítimas Feridas";"Pleno dia";"Decrescente";"Sol";"Simples";"Não Informado";"Sim";2;0;1;0;1;0;1;2;-20,32625;-41,13599;"SR-ES";"DEL12/1";"UOP02/ES"
261495;2020-01-08;"quarta-feira";"07:00:00";"SC";280;93,7;"CORUPA";"Desobediência às normas de trânsito pelo condutor";"Colisão traseira";"Com Vítimas Feridas";"Amanhecer";"Crescente";"Nevoeiro/Neblina";"Simples";"Reta";"Não";2;0;1;0;1;0;1;2;-26,38473;-49,30878;"SR-SC";"DEL8/6";"UOP03/SC"
261496;2020-01-08;"quarta-feira";"11:30:00";"SC";101;341;"TUBARAO";"Falta de Atenção à Condução";"Colisão traseira";"Com Vítimas Feridas";"Pleno dia";"Crescente";"Nublado";"Simples";"Reta";"Sim";2;0;1;0;1;0;1;2;-28,50144;-49,0469;"SR-SC";"DEL8/2";"UOP01/SC"
261497;2020-01-08;"quarta-feira";"12:00:00";"MG";381;584;"CARMOPOLIS DE MINAS";"Falta de Atenção à Condução";"Colisão traseira";"Sem Vítimas";"Pleno dia";"Decrescente";"Chuva";"Dupla";"Curva";"Não";3;0;0;0;3;0;0;3;-20,52949;-44,63875;"SR-MG";"DEL4/4";"UOP01/MG"
261498;2020-01-08;"quarta-feira";"12:02:00";"GO";60;29,3;"ALEXANIA";"Avarias e/ou desgaste excessivo no pneu";"Saída de leito carroçável";"Com Vítimas Fatais";"Pleno dia";"Decrescente";"Chuva";"Dupla";"Não Informado";"Não";5;1;3;1;0;0;4;1;-16,09808;-48,47905;"SR-DF";"UOP03/DF";""
261499;2020-01-08;"quarta-feira";"11:50:00";"RN";427;0,4;"CURRAIS NOVOS";"Condutor Dormindo";"Colisão frontal";"Com Vítimas Feridas";"Pleno dia";"Decrescente";"Céu Claro";"Simples";"Curva";"Não";4;0;0;2;2;0;2;3;-6,261247;-36,51808;"SR-RN";"DEL15/3";"UOP01/RN"
261501;2020-01-08;"quarta-feira";"12:45:00";"PR";376;177;"MARINGA";"Falta de Atenção à Condução";"Colisão com objeto estático";"Com Vítimas Feridas";"Pleno dia";"Decrescente";"Céu Claro";"Dupla";"Retorno Regulamentado";"Sim";4;0;1;1;1;1;2;2;-23,41596;-51,92226;"SR-PR";"DEL7/7";"UOP04/PR"
261502;2020-01-08;"quarta-feira";"12:30:00";"RN";101;146,9;"GOIANINHA";"Falta de Atenção à Condução";"Colisão frontal";"Com Vítimas Feridas";"Pleno dia";"Decrescente";"Céu Claro";"Dupla";"Reta";"Sim";2;0;1;0;1;0;1;2;-6,264366;-35,21053;"SR-RN";"DEL15/1";"UOP01/RN"
261503;2020-01-08;"quarta-feira";"13:00:00";"PI";343;188;"PIRIPIRI";"Falta de Atenção à Condução";"Colisão lateral";"Com Vítimas Feridas";"Pleno dia";"Decrescente";"Céu Claro";"Simples";"Curva";"Sim";2;0;1;0;1;0;1;2;-4,30723;-41,77048;"SR-PI";"DEL17/2";"UOP01/PI"
261504;2020-01-08;"quarta-feira";"13:15:00";"SC";101;138;"BALNEARIO CAMBORIU";"Não guardar distância de segurança";"Colisão lateral";"Com Vítimas Feridas";"Pleno dia";"Decrescente";"Céu Claro";"Dupla";"Reta";"Sim";2;0;1;0;1;0;1;2;-27,02397;-48,60762;"SR-SC";"DEL8/4";"UOP03/SC"
261505;2020-01-08;"quarta-feira";"13:15:00";"PI";343;84;"CAXINGO";"Velocidade Incompatível";"Saída de leito carroçável";"Com Vítimas Feridas";"Pleno dia";"Decrescente";"Nublado";"Simples";"Curva";"Não";4;0;3;0;1;0;3;1;-3,451051;-41,74528;"SR-PI";"DEL17/5";"UOP01/PI"
261507;2020-01-08;"quarta-feira";"13:00:00";"RJ";40;21;"TRES RIOS";"Fenômenos da Natureza";"Danos eventuais";"Sem Vítimas";"Pleno dia";"Decrescente";"Vento";"Dupla";"Reta";"Sim";1;0;0;0;1;0;0;1;-22,11424;-43,15859;"SR-RJ";"DEL5/6";"UOP01/RJ"
261508;2020-01-08;"quarta-feira";"13:05:00";"DF";20;54;"BRASILIA";"Fenômenos da Natureza";"Saída de leito carroçável";"Com Vítimas Feridas";"Pleno dia";"Crescente";"Chuva";"Dupla";"Reta";"Não";1;0;1;0;0;0;1;1;-15,57815;-47,38486;"SR-DF";"UOP01/DEL02/DF";""
261509;2020-01-08;"quarta-feira";"13:15:00";"PB";230;19,3;"JOAO PESSOA";"Falta de Atenção à Condução";"Colisão lateral";"Sem Vítimas";"Pleno dia";"Decrescente";"Nublado";"Dupla";"Desvio Temporário";"Sim";2;0;0;0;1;1;0;2;-7,1281;-34,8466;"SR-PB";"DEL14/1";"UOP01/PB"
261510;2020-01-08;"quarta-feira";"11:40:00";"RR";174;546;"BOA VISTA";"Defeito Mecânico no Veículo";"Incêndio";"Sem Vítimas";"Pleno dia";"Decrescente";"Céu Claro";"Simples";"Reta";"Não";2;0;0;0;2;0;0;1;3,140153;-60,83276;"SR-RR";"UOP01/RR";""
261511;2020-01-08;"quarta-feira";"06:40:00";"MA";222;262,6;"ARARI";"Falta de Atenção à Condução";"Colisão lateral";"Com Vítimas Feridas";"Amanhecer";"Crescente";"Nublado";"Simples";"Reta";"Não";3;0;0;2;0;1;2;2;-3,573716;-44,58788;"SR-MA";"DEL18/1";"UOP02/MA"
261512;2020-01-08;"quarta-feira";"12:40:00";"CE";222;2;"FORTALEZA";"Não guardar distância de segurança";"Queda de ocupante de veículo";"Com Vítimas Feridas";"Pleno dia";"Decrescente";"Céu Claro";"Múltipla";"Reta";"Sim";2;0;1;0;1;0;1;2;-3,739111;-38,58687;"SR-CE";"DEL16/1";"UOP01/CE"
261513;2020-01-08;"quarta-feira";"11:10:00";"RS";116;150;"CAXIAS DO SUL";"Desobediência às normas de trânsito pelo pedestre";"Atropelamento de Pedestre";"Com Vítimas Feridas";"Pleno dia";"Decrescente";"Sol";"Dupla";"Reta";"Sim";2;0;2;0;0;0;2;1;-29,16875;-51,15845;"SR-RS";"DEL9/5";"UOP01/RS"
261515;2020-01-08;"quarta-feira";"14:20:00";"MG";40;558,8;"NOVA LIMA";"Defeito Mecânico no Veículo";"Saída de leito carroçável";"Com Vítimas Feridas";"Pleno dia";"Crescente";"Chuva";"Dupla";"Reta";"Sim";2;0;1;0;1;0;1;2;-20,11083;-43,97222;"SR-MG";"DEL4/1";"UOP02/MG"
261516;2020-01-08;"quarta-feira";"10:20:00";"MG";262;585,1;"CAMPOS ALTOS";"Pista Escorregadia";"Saída de leito carroçável";"Sem Vítimas";"Pleno dia";"Decrescente";"Chuva";"Simples";"Reta";"Não";1;0;0;0;1;0;0;1;-19,66223;-46,09134;"SR-MG";"DEL4/8";"UOP02/MG"
261517;2020-01-08;"quarta-feira";"14:15:00";"RJ";40;22;"TRES RIOS";"Defeito Mecânico no Veículo";"Colisão transversal";"Sem Vítimas";"Pleno dia";"Decrescente";"Chuva";"Simples";"Reta";"Não";2;0;0;0;1;1;0;2;-22,12232;-43,15646;"SR-RJ";"DEL5/6";"UOP01/RJ"
261518;2020-01-08;"quarta-feira";"14:00:00";"SE";101;151;"ESTANCIA";"Desobediência às normas de trânsito pelo condutor";"Colisão lateral";"Com Vítimas Feridas";"Pleno dia";"Crescente";"Sol";"Simples";"Reta";"Sim";3;0;2;0;1;0;2;2;-11,26151;-37,44123;"SR-SE";"DEL20/2";"UOP01/SE"
261519;2020-01-08;"quarta-feira";"14:30:00";"SP";101;50,1;"UBATUBA";"Falta de Atenção à Condução";"Colisão transversal";"Com Vítimas Feridas";"Pleno dia";"Crescente";"Chuva";"Simples";"Reta";"Sim";2;0;2;0;0;0;2;2;-23,45019;-45,07744;"SR-SP";"DEL6";"UOP03/SP"
261521;2020-01-08;"quarta-feira";"14:35:00";"SC";101;203;"SAO JOSE";"Desobediência às normas de trânsito pelo condutor";"Colisão traseira";"Com Vítimas Feridas";"Pleno dia";"Decrescente";"Céu Claro";"Simples";"Reta";"Sim";2;0;1;0;1;0;1;2;-27,565;-48,6146;"SR-SC";"DEL8/1";"UOP01/SC"
261522;2020-01-08;"quarta-feira";"14:50:00";"RS";392;125;"CANGUCU";"Não guardar distância de segurança";"Colisão traseira";"Com Vítimas Feridas";"Pleno dia";"Crescente";"Sol";"Simples";"Reta";"Não";2;0;1;0;1;0;1;2;-31,36506;-52,72544;"SR-RS";"DEL9/7";"UOP01/RS"
261523;2020-01-08;"quarta-feira";"14:35:00";"PR";277;547,7;"CATANDUVAS";"Falta de Atenção à Condução";"Colisão traseira";"Com Vítimas Feridas";"Pleno dia";"Crescente";"Nublado";"Simples";"Reta";"Não";5;0;1;0;4;0;1;2;-25,10507;-53,10626;"SR-PR";"DEL7/4";"UOP02/PR"
261524;2020-01-08;"quarta-feira";"15:00:00";"SP";101;48,3;"UBATUBA";"Falta de Atenção à Condução";"Colisão transversal";"Com Vítimas Feridas";"Pleno dia";"Decrescente";"Céu Claro";"Simples";"Reta";"Sim";2;0;1;0;1;0;1;2;-23,4421;-45,08579;"SR-SP";"DEL6";"UOP03/SP"
261525;2020-01-08;"quarta-feira";"12:35:00";"RJ";101;505;"ANGRA DOS REIS";"Falta de Atenção à Condução";"Colisão traseira";"Sem Vítimas";"Pleno dia";"Crescente";"Chuva";"Simples";"Reta";"Não";2;0;0;0;2;0;0;2;-22,93562;-44,39618;"SR-RJ";"DEL5/3";"UOP03/RJ"
261526;2020-01-08;"quarta-feira";"15:00:00";"PR";376;216,9;"JANDAIA DO SUL";"Falta de Atenção à Condução";"Colisão transversal";"Com Vítimas Feridas";"Pleno dia";"Decrescente";"Nublado";"Simples";"Não Informado";"Não";3;0;1;0;1;1;1;2;-23,59767;-51,6334;"SR-PR";"DEL7/7";"UOP03/PR"
261527;2020-01-08;"quarta-feira";"14:00:00";"RJ";101;417;"MANGARATIBA";"Falta de Atenção à Condução";"Colisão transversal";"Com Vítimas Feridas";"Pleno dia";"Decrescente";"Chuva";"Dupla";"Curva";"Não";4;0;4;0;0;0;4;2;-22,91294;-43,89732;"SR-RJ";"DEL5/3";"UOP01/RJ"
261528;2020-01-08;"quarta-feira";"15:35:00";"SC";280;27,9;"ARAQUARI";"Falta de Atenção à Condução";"Colisão transversal";"Com Vítimas Feridas";"Pleno dia";"Crescente";"Nublado";"Simples";"Reta";"Sim";2;0;1;0;1;0;1;2;-26,40402;-48,74535;"SR-SC";"DEL8/3";"UOP03/SC"