"id";"data_inversa";"dia_semana";"horario";"uf";"br";"km";"municipio";"causa_acidente";"tipo_acidente";"classificacao_acidente";"fase_dia";"sentido_via";"condicao_metereologica";"tipo_pista";"tracado_via";"uso_solo";"pessoas";"mortos";"feridos_leves";"feridos_graves";"ilesos";"ignorados";"feridos";"veiculos";"latitude";"longitude";"regional";"delegacia";"uop"
261818;2020-01-10;"sexta-feira";"03:50:00";"SC";280;51,5;"GUARAMIRIM";"Falta de Atenção à Condução";"Saída de leito carroçável";"Com Vítimas Feridas";"Plena Noite";"Crescente";"Céu Claro";"Simples";"Reta";"Sim";2;0;0;1;1;0;1;1;-26,46539;-48,95544;"SR-SC";"DEL8/3";"UOP03/SC"
261820;2020-01-10;"sexta-feira";"04:50:00";"SP";116;278;"EMBU DAS ARTES";"Ingestão de Álcool";"Saída de leito carroçável";"Sem Vítimas";"Amanhecer";"Crescente";"Ignorado";"Dupla";"Reta";"Sim";1;0;0;0;1;0;0;1;-23,65508;-46,84919;"SR-SP";"DEL6/4";"UOP01/SP"
261821;2020-01-09;"quinta-feira";"13:00:00";"PA";230;136;"MARABA";"Animais na Pista";"Colisão traseira";"Sem Vítimas";"Pleno dia";"Crescente";"Céu Claro";"Simples";"Reta";"Não";4;0;0;0;4;0;0;3;-5,340079;-49,2166;"SR-PA";"DEL19/3";"UOP01/PA"
261822;2020-01-10;"sexta-feira";"05:00:00";"SP";153;195,1;"GETULINA";"Ingestão de Álcool";"Saída de leito carroçável";"Sem Vítimas";"Plena Noite";"Decrescente";"Nublado";"Simples";"Interseção de vias";"Não";1;0;0;0;1;0;0;1;-21,77632;-49,89254;"SR-SP";"DEL6/07";"UOP01/SP"
261823;2020-01-10;"sexta-feira";"05:30:00";"GO";153;504,2;"APARECIDA DE GOIANIA";"Falta de Atenção à Condução";"Colisão traseira";"Com Vítimas Feridas";"Amanhecer";"Decrescente";"Nublado";"Dupla";"Não Informado";"Sim";1;0;1;0;0;0;1;1;-16,7451;-49,2408;"SR-GO";"DEL1/1";"UOP01/GO"
261824;2020-01-10;"sexta-feira";"06:10:00";"GO";60;247,5;"INDIARA";"Falta de Atenção à Condução";"Colisão transversal";"Com Vítimas Fatais";"Pleno dia";"Decrescente";"Céu Claro";"Dupla";"Reta";"Sim";3;2;0;0;1;0;0;2;-17,1092;-49,9366;"SR-GO";"DEL1/1";"UOP02/GO"
261825;2020-01-10;"sexta-feira";"05:40:00";"SP";116;37,9;"CACHOEIRA PAULISTA";"Falta de Atenção à Condução";"Tombamento";"Sem Vítimas";"Amanhecer";"Crescente";"Nublado";"Dupla";"Curva";"Não";1;0;0;0;1;0;0;1;-22,66497;-44,98431;"SR-SP";"DEL6/8";"UOP01/SP"
261826;2020-01-09;"quinta-feira";"22:30:00";"PA";230;121,6;"MARABA";"Desobediência às normas de trânsito pelo condutor";"Colisão transversal";"Com Vítimas Feridas";"Plena Noite";"Crescente";"Nublado";"Dupla";"Ponte";"Sim";3;0;3;0;0;0;3;2;-5,352974;-49,12144;"SR-PA";"DEL19/3";"UOP01/PA"
261827;2020-01-10;"sexta-feira";"02:50:00";"PR";373;271;"PRUDENTOPOLIS";"Ingestão de Álcool";"Saída de leito carroçável";"Sem Vítimas";"Plena Noite";"Crescente";"Céu Claro";"Simples";"Reta";"Não";1;0;0;0;0;1;0;1;-25,23597;-51,03778;"SR-PR";"DEL7/3";"UOP01/PR"
261828;2020-01-09;"quinta-feira";"18:40:00";"MT";174;169;"PORTO ESPERIDIAO";"Não guardar distância de segurança";"Colisão lateral";"Sem Vítimas";"Anoitecer";"Decrescente";"Céu Claro";"Simples";"Reta";"Não";2;0;0;0;2;0;0;2;-15,84822;-58,46357;"SR-MT";"DEL2/3";"UOP01/MT"
261829;2020-01-10;"sexta-feira";"05:30:00";"SC";282;464;"PONTE SERRADA";"Falta de Atenção à Condução";"Colisão lateral";"Com Vítimas Feridas";"Amanhecer";"Decrescente";"Céu Claro";"Simples";"Não Informado";"Não";3;0;1;0;2;0;1;2;-26,85207;-52,06814;"SR-SC";"DEL7";"UOP05/SC"
261830;2020-01-10;"sexta-feira";"06:25:00";"SC";282;40,5;"AGUAS MORNAS";"Falta de Atenção à Condução";"Colisão transversal";"Com Vítimas Feridas";"Pleno dia";"Crescente";"Céu Claro";"Simples";"Curva";"Não";2;0;1;0;1;0;1;2;-27,71615;-48,86958;"SR-SC";"DEL8/1";"UOP03/SC"
261831;2020-01-10;"sexta-feira";"07:00:00";"DF";20;3,1;"BRASILIA";"Não guardar distância de segurança";"Engavetamento";"Com Vítimas Feridas";"Pleno dia";"Decrescente";"Céu Claro";"Múltipla";"Não Informado";"Sim";8;0;1;0;7;0;1;3;-15,67985;-47,83221;"SR-DF";"UOP01/DEL02/DF";""
261832;2020-01-10;"sexta-feira";"06:40:00";"PR";116;116;"CURITIBA";"Falta de Atenção à Condução";"Colisão lateral";"Com Vítimas Feridas";"Pleno dia";"Decrescente";"Nublado";"Dupla";"Reta";"Não";2;0;1;0;1;0;1;2;-25,55468;-49,27402;"SR-PR";"DEL7/1";"UOP03/PR"
261833;2020-01-10;"sexta-feira";"06:20:00";"MA";316;265,5;"SANTA INES";"Ingestão de Álcool";"Colisão lateral";"Com Vítimas Feridas";"Pleno dia";"Crescente";"Sol";"Simples";"Reta";"Não";3;0;1;0;2;0;1;3;-3,677107;-45,35487;"SR-MA";"DEL18/2";"UOP01/MA"
261835;2020-01-10;"sexta-feira";"07:00:00";"ES";101;144,8;"LINHARES";"Falta de Atenção à Condução";"Colisão frontal";"Com Vítimas Feridas";"Pleno dia";"Decrescente";"Sol";"Simples";"Reta";"Sim";2;0;1;0;0;1;1;2;-19,35188;-40,06367;"SR-ES";"DEL12/4";"UOP01/ES"
261836;2020-01-10;"sexta-feira";"07:15:00";"RS";290;102;"PORTO ALEGRE";"Falta de Atenção à Condução";"Colisão traseira";"Com Vítimas Feridas";"Pleno dia";"Decrescente";"Céu Claro";"Simples";"Não Informado";"Sim";3;0;1;0;2;0;1;3;-29,98723;-51,25613;"SR-RS";"DEL9/1";"UOP01/RS"
261837;2020-01-10;"sexta-feira";"06:10:00";"MG";354;705;"CAXAMBU";"Velocidade Incompatível";"Tombamento";"Com Vítimas Feridas";"Pleno dia";"Crescente";"Céu Claro";"Simples";"Curva";"Não";1;0;1;0;0;0;1;1;-21,99502;-44,92661;"SR-MG";"DEL5";"UOP03/MG"
261838;2020-01-10;"sexta-feira";"06:30:00";"MT";364;202,5;"RONDONOPOLIS";"Falta de Atenção à Condução";"Colisão traseira";"Com Vítimas Feridas";"Pleno dia";"Decrescente";"Céu Claro";"Dupla";"Ponte";"Sim";2;0;1;0;1;0;1;2;-16,48347;-54,6497;"SR-MT";"DEL2/2";"UOP01/MT"
261839;2020-01-10;"sexta-feira";"07:25:00";"SE";235;12,7;"NOSSA SENHORA DO SOCORRO";"Animais na Pista";"Tombamento";"Com Vítimas Feridas";"Pleno dia";"Crescente";"Céu Claro";"Simples";"Reta";"Não";1;0;1;0;0;0;1;1;-10,87264;-37,16325;"SR-SE";"DEL20/1";"UOP01/SE"
261842;2020-01-10;"sexta-feira";"07:10:00";"BA";242;112,8;"RAFAEL JAMBEIRO";"Falta de Atenção à Condução";"Tombamento";"Com Vítimas Feridas";"Pleno dia";"Decrescente";"Céu Claro";"Simples";"Interseção de vias";"Sim";1;0;0;1;0;0;1;1;-12,58331;-39,52112;"SR-BA";"DEL10/1";"UOP02/BA"
261843;2020-01-10;"sexta-feira";"07:40:00";"SP";116;208,2;"GUARULHOS";"Desobediência às normas de trânsito pelo condutor";"Colisão traseira";"Com Vítimas Feridas";"Pleno dia";"Crescente";"Nublado";"Múltipla";"Reta";"Não";2;0;1;0;1;0;1;2;-23,42222;-46,39328;"SR-SP";"DEL6/1";"UOP01/SP"
261844;2020-01-10;"sexta-feira";"07:45:00";"SP";116;479,4;"CAJATI";"Falta de Atenção à Condução";"Saída de leito carroçável";"Com Vítimas Feridas";"Pleno dia";"Decrescente";"Céu Claro";"Dupla";"Reta";"Não";3;0;1;0;2;0;1;1;-24,70935;-48,01821;"SR-SP";"DEL6/5";"UOP03/SP"
261845;2020-01-10;"sexta-feira";"03:30:00";"BA";324;514;"FEIRA DE SANTANA";"Desobediência às normas de trânsito pelo condutor";"Colisão lateral";"Com Vítimas Feridas";"Plena Noite";"Crescente";"Céu Claro";"Simples";"Reta";"Sim";3;0;2;0;0;1;2;2;-12,23229;-38,95215;"SR-BA";"DEL10/2";"UOP01/BA"
261846;2020-01-10;"sexta-feira";"07:30:00";"MG";381;915,8;"CAMANDUCAIA";"Falta de Atenção à Condução";"Capotamento";"Com Vítimas Feridas";"Pleno dia";"Decrescente";"Nublado";"Dupla";"Reta";"Não";1;0;1;0;0;0;1;1;-22,76087;-46,16279;"SR-MG";"DEL09";"UOP03/MG"
261847;2020-01-10;"sexta-feira";"08:00:00";"CE";116;15,9;"EUSEBIO";"Pista Escorregadia";"Tombamento";"Com Vítimas Feridas";"Pleno dia";"Decrescente";"Chuva";"Dupla";"Reta";"Não";2;0;1;0;1;0;1;1;-3,878399;-38,50067;"SR-CE";"DEL16/1";"UOP02/CE"
261849;2020-01-10;"sexta-feira";"08:20:00";"SP";153;58,4;"SAO JOSE DO RIO PRETO";"Defeito na Via";"Tombamento";"Com Vítimas Feridas";"Pleno dia";"Decrescente";"Céu Claro";"Simples";"Reta";"Sim";1;0;1;0;0;0;1;1;-20,77838;-49,35301;"SR-SP";"DEL6/9";"UOP01/SP"
261850;2020-01-10;"sexta-feira";"07:40:00";"PI";343;0,6;"TERESINA";"Desobediência às normas de trânsito pelo condutor";"Colisão lateral";"Com Vítimas Feridas";"Pleno dia";"Crescente";"Sol";"Dupla";"Desvio Temporário";"Sim";2;0;1;0;1;0;1;2;-5,089569;-42,80229;"SR-PI";"DEL17/1";"UOP01/PI"
261851;2020-01-10;"sexta-feira";"08:00:00";"PB";101;85,1;"BAYEUX";"Falta de Atenção à Condução";"Queda de ocupante de veículo";"Com Vítimas Feridas";"Pleno dia";"Decrescente";"Céu Claro";"Dupla";"Reta";"Sim";1;0;1;0;0;0;1;1;-7,145382;-34,91663;"SR-PB";"DEL14/1";"UOP01/PB"
261852;2020-01-10;"sexta-feira";"08:00:00";"ES";101;269,9;"SERRA";"Falta de Atenção à Condução";"Colisão traseira";"Com Vítimas Feridas";"Pleno dia";"Crescente";"Céu Claro";"Múltipla";"Reta";"Sim";6;0;1;0;5;0;1;5;-20,2174;-40,26991;"SR-ES";"DEL12/2";"UOP01/ES"
261853;2020-01-10;"sexta-feira";"07:45:00";"PR";376;594;"CURITIBA";"Não guardar distância de segurança";"Colisão traseira";"Com Vítimas Feridas";"Pleno dia";"Decrescente";"Céu Claro";"Dupla";"Reta";"Sim";2;0;1;0;1;0;1;2;-25,4848;-49,3473;"SR-PR";"DEL7/1";"UOP04/PR"
261855;2020-01-10;"sexta-feira";"08:45:00";"PR";376;177,5;"MARINGA";"Falta de Atenção à Condução";"Atropelamento de Pedestre";"Com Vítimas Feridas";"Pleno dia";"Crescente";"Nublado";"Dupla";"Interseção de vias";"Sim";2;0;1;0;0;1;1;1;-23,41596;-51,92226;"SR-PR";"DEL7/7";"UOP04/PR"
261856;2020-01-10;"sexta-feira";"08:50:00";"PB";230;24;"JOAO PESSOA";"Falta de Atenção do Pedestre";"Atropelamento de Pedestre";"Com Vítimas Feridas";"Pleno dia";"Decrescente";"Sol";"Dupla";"Curva";"Sim";3;0;0;1;2;0;1;1;-7,170795;-34,86823;"SR-PB";"DEL14/1";"UOP01/PB"
261858;2020-01-10;"sexta-feira";"07:50:00";"SC";280;178,8;"MAFRA";"Velocidade Incompatível";"Saída de leito carroçável";"Com Vítimas Feridas";"Pleno dia";"Crescente";"Céu Claro";"Simples";"Curva";"Não";3;0;3;0;0;0;3;1;-26,11599;-49,78655;"SR-SC";"DEL8/6";"UOP01/SC"
261859;2020-01-10;"sexta-feira";"07:15:00";"PR";277;725,8;"FOZ DO IGUACU";"Falta de Atenção à Condução";"Saída de leito carroçável";"Com Vítimas Feridas";"Pleno dia";"Crescente";"Céu Claro";"Simples";"Curva";"Sim";1;0;1;0;0;0;1;1;-25,50824;-54,5462;"SR-PR";"DEL7/5";"UOP03/PR"
261860;2020-01-10;"sexta-feira";"07:00:00";"MG";40;516,4;"RIBEIRAO DAS NEVES";"Falta de Atenção à Condução";"Tombamento";"Com Vítimas Feridas";"Pleno dia";"Crescente";"Céu Claro";"Dupla";"Reta";"Não";1;0;1;0;0;0;1;1;-19,81629;-44,0896;"SR-MG";"DEL4/1";"UOP02/MG"
261861;2020-01-06;"segunda-feira";"14:55:00";"GO";50;254;"CATALAO";"Pista Escorregadia";"Saída de leito carroçável";"Com Vítimas Feridas";"Pleno dia";"Decrescente";"Chuva";"Dupla";"Não Informado";"Não";2;0;1;0;1;0;1;1;-18,0022;-47,8024;"SR-GO";"DEL1/6";"UOP01/GO"
261862;2020-01-05;"domingo";"16:30:00";"BA";242;412;"SEABRA";"Objeto estático sobre o leito carroçável";"Colisão com objeto estático";"Com Vítimas Feridas";"Pleno dia";"Crescente";"Chuva";"Simples";"Reta";"Não";1;0;0;1;0;0;1;1;-12,43486;-41,75626;"SR-BA";"DEL10/6";"UOP01/BA"
261863;2020-01-10;"sexta-feira";"09:10:00";"SC";101;210;"SAO JOSE";"Falta de Atenção à Condução";"Colisão traseira";"Sem Vítimas";"Pleno dia";"Decrescente";"Céu Claro";"Múltipla";"Reta";"Não";2;0;0;0;2;0;0;2;-27,61673;-48,64573;"SR-SC";"DEL8/1";"UOP01/SC"
261864;2020-01-10;"sexta-feira";"05:45:00";"RJ";40;124;"RIO DE JANEIRO";"Carga excessiva e/ou mal acondicionada";"Tombamento";"Sem Vítimas";"Amanhecer";"Crescente";"Céu Claro";"Simples";"Curva";"Sim";1;0;0;0;1;0;0;1;-22,80795;-43,28912;"SR-RJ";"DEL5/1";"UOP01/RJ"
261865;2020-01-10;"sexta-feira";"09:40:00";"PE";104;39,9;"CARUARU";"Desobediência às normas de trânsito pelo condutor";"Saída de leito carroçável";"Com Vítimas Feridas";"Pleno dia";"Crescente";"Nublado";"Dupla";"Reta";"Não";1;0;1;0;0;0;1;1;-8,0861;-36,0377;"SR-PE";"DEL11/2";"UOP01/PE"
261868;2020-01-10;"sexta-feira";"08:00:00";"RJ";101;307,6;"SAO GONCALO";"Avarias e/ou desgaste excessivo no pneu";"Queda de ocupante de veículo";"Com Vítimas Feridas";"Pleno dia";"Crescente";"Céu Claro";"Dupla";"Reta";"Sim";2;0;2;0;0;0;2;1;-22,79116;-43,01514;"SR-RJ";"DEL5/2";"UOP01/RJ"
261869;2020-01-10;"sexta-feira";"07:30:00";"MA";316;287;"PIO XII";"Defeito na Via";"Colisão frontal";"Com Vítimas Feridas";"Pleno dia";"Crescente";"Nublado";"Simples";"Reta";"Não";2;0;0;1;1;0;1;2;-3,797174;-45,20569;"SR-MA";"DEL18/2";"UOP01/MA"
261870;2020-01-10;"sexta-feira";"08:55:00";"RJ";116;173;"NOVA IGUACU";"Defeito Mecânico no Veículo";"Incêndio";"Sem Vítimas";"Pleno dia";"Crescente";"Céu Claro";"Dupla";"Reta";"Sim";1;0;0;0;1;0;0;1;-22,7575;-43,43136;"SR-RJ";"DEL5/1";"UOP02/RJ"
261871;2020-01-10;"sexta-feira";"09:50:00";"MG";40;724,9;"BARBACENA";"Condutor Dormindo";"Saída de leito carroçável";"Com Vítimas Feridas";"Pleno dia";"Decrescente";"Céu Claro";"Dupla";"Reta";"Não";3;0;2;0;1;0;2;1;-21,30156;-43,61959;"SR-MG";"DEL5";"UOP01/MG"
261872;2020-01-10;"sexta-feira";"10:15:00";"SP";101;25;"UBATUBA";"Condutor Dormindo";"Colisão traseira";"Com Vítimas Feridas";"Pleno dia";"Decrescente";"Céu Claro";"Simples";"Curva";"Não";4;0;2;0;2;0;2;2;-23,35527;-44,94599;"SR-SP";"DEL6";"UOP03/SP"
261874;2020-01-10;"sexta-feira";"10:20:00";"SC";101;200;"SAO JOSE";"Falta de Atenção à Condução";"Colisão lateral";"Com Vítimas Feridas";"Pleno dia";"Crescente";"Céu Claro";"Múltipla";"Reta";"Sim";2;0;1;0;1;0;1;2;-27,54019;-48,62288;"SR-SC";"DEL8/1";"UOP01/SC"
261875;2020-01-10;"sexta-feira";"09:40:00";"BA";116;7,5;"VITORIA DA CONQUISTA";"Desobediência às normas de trânsito pelo condutor";"Colisão transversal";"Com Vítimas Fatais";"Pleno dia";"Decrescente";"Céu Claro";"Simples";"Reta";"Sim";4;1;0;2;1;0;2;2;-14,84275;-40,88868;"SR-BA";"DEL10/8";"UOP01/BA"
261876;2020-01-10;"sexta-feira";"08:00:00";"AP";156;820;"OIAPOQUE";"Falta de Atenção à Condução";"Colisão transversal";"Com Vítimas Feridas";"Pleno dia";"Decrescente";"Sol";"Simples";"Reta";"Sim";3;0;2;0;1;0;2;2;3,838788;-51,81775;"SR-AP";"UOP03/AP";""
261877;2020-01-10;"sexta-feira";"10:05:00";"SC";101;123,4;"ITAJAI";"Não guardar distância de segurança";"Engavetamento";"Com Vítimas Feridas";"Pleno dia";"Decrescente";"Nublado";"Dupla";"Reta";"Sim";4;0;1;0;3;0;1;4;-26,93669;-48,69877;"SR-SC";"DEL8/4";"UOP04/SC"
261878;2020-01-10;"sexta-feira";"08:00:00";"BA";101;933;"MUCURI";"Falta de Atenção à Condução";"Engavetamento";"Com Vítimas Feridas";"Pleno dia";"Decrescente";"Céu Claro";"Simples";"Reta";"Sim";6;0;0;1;5;0;1;5;-18,1684;-39,91874;"SR-BA";"DEL10/9";"UOP03/BA"
261879;2020-01-10;"sexta-feira";"10:45:00";"MG";40;518;"RIBEIRAO DAS NEVES";"Não guardar distância de segurança";"Colisão traseira";"Com Vítimas Feridas";"Pleno dia";"Decrescente";"Céu Claro";"Dupla";"Reta";"Sim";2;0;1;0;1;0;1;2;-19,83212;-44,08209;"SR-MG";"DEL4/1";"UOP02/MG"
261880;2020-01-10;"sexta-feira";"10:40:00";"PE";101;151;"RIBEIRAO";"Velocidade Incompatível";"Capotamento";"Com Vítimas Feridas";"Pleno dia";"Crescente";"Céu Claro";"Múltipla";"Reta";"Não";2;0;1;1;0;0;2;1;-8,502245;-35,38851;"SR-PE";"DEL11/1";"UOP03/PE"
261881;2020-01-10;"sexta-feira";"11:00:00";"BA";NA;NA;"SALVADOR";"Falta de Atenção à Condução";"Colisão traseira";"Sem Vítimas";"Pleno dia";"Não Informado";"Céu Claro";"Simples";"Reta";"Sim";2;0;0;0;2;0;0;2;-12,92276;-38,46212;"SR-BA";"DEL10/1";"UOP01/BA"
261882;2020-01-10;"sexta-feira";"06:00:00";"MT";163;756,9;"SORRISO";"Defeito Mecânico no Veículo";"Incêndio";"Sem Vítimas";"Pleno dia";"Crescente";"Céu Claro";"Dupla";"Reta";"Não";1;0;0;0;0;1;0;1;-12,51758;-55,69787;"SR-MT";"DEL2/6";"UOP01/MT"
261883;2020-01-10;"sexta-feira";"11:05:00";"PE";232;5,7;"RECIFE";"Falta de Atenção à Condução";"Colisão lateral";"Sem Vítimas";"Pleno dia";"Decrescente";"Céu Claro";"Dupla";"Reta";"Sim";3;0;0;0;3;0;0;2;-8,070156;-34,95094;"SR-PE";"DEL11/1";"UOP01/PE"
261884;2020-01-10;"sexta-feira";"10:50:00";"MG";40;517;"RIBEIRAO DAS NEVES";"Falta de Atenção à Condução";"Colisão transversal";"Com Vítimas Feridas";"Pleno dia";"Crescente";"Céu Claro";"Dupla";"Reta";"Sim";2;0;1;0;1;0;1;2;-19,82351;-44,08439;"SR-MG";"DEL4/1";"UOP02/MG"
261885;2020-01-10;"sexta-feira";"08:00:00";"RO";319;48,8;"PORTO VELHO";"Ingestão de Álcool";"Saída de leito carroçável";"Com Vítimas Feridas";"Amanhecer";"Decrescente";"Sol";"Simples";"Reta";"Não";1;0;1;0;0;0;1;1;-8,708432;-63,98668;"SR-RO";"DEL21/1";"UOP01/RO"
261887;2020-01-10;"sexta-feira";"09:50:00";"SP";116;229;"SAO PAULO";"Não guardar distância de segurança";"Engavetamento";"Com Vítimas Feridas";"Pleno dia";"Crescente";"Nublado";"Múltipla";"Reta";"Sim";7;0;2;0;5;0;2;6;-23,51292;-46,57605;"SR-SP";"DEL6/1";"UOP01/SP"
261888;2020-01-10;"sexta-feira";"11:30:00";"SP";116;135,5;"SAO JOSE DOS CAMPOS";"Não guardar distância de segurança";"Colisão traseira";"Com Vítimas Feridas";"Pleno dia";"Crescente";"Céu Claro";"Dupla";"Reta";"Sim";2;0;1;0;1;0;1;2;-23,14448;-45,77018;"SR-SP";"DEL6";"UOP01/SP"
261889;2020-01-10;"sexta-feira";"08:35:00";"PI";343;268;"CAMPO MAIOR";"Ingestão de Álcool";"Atropelamento de Pedestre";"Com Vítimas Feridas";"Pleno dia";"Crescente";"Céu Claro";"Simples";"Reta";"Sim";2;0;2;0;0;0;2;1;-4,842865;-42,18758;"SR-PI";"DEL17/1";"UOP03/PI"
261891;2020-01-10;"sexta-feira";"12:00:00";"PR";476;130;"CURITIBA";"Desobediência às normas de trânsito pelo pedestre";"Atropelamento de Pedestre";"Com Vítimas Feridas";"Pleno dia";"Crescente";"Céu Claro";"Múltipla";"Reta";"Sim";2;0;0;1;1;0;1;1;-25,44956;-49,23643;"SR-PR";"DEL7/1";"UOP06/PR"
261892;2020-01-10;"sexta-feira";"12:25:00";"SP";101;49;"UBATUBA";"Falta de Atenção à Condução";"Colisão transversal";"Com Vítimas Feridas";"Pleno dia";"Crescente";"Céu Claro";"Simples";"Reta";"Sim";2;0;0;1;1;0;1;2;-23,44411;-45,08376;"SR-SP";"DEL6";"UOP03/SP"
261893;2020-01-10;"sexta-feira";"10:08:00";"MT";70;0,5;"BARRA DO GARCAS";"Falta de Atenção à Condução";"Colisão lateral";"Com Vítimas Feridas";"Pleno dia";"Crescente";"Céu Claro";"Simples";"Reta";"Sim";2;0;1;0;1;0;1;2;-15,89554;-52,25599;"SR-MT";"DEL2/8";"UOP01/MT"
261894;2020-01-10;"sexta-feira";"13:11:00";"RJ";101;323;"NITEROI";"Não guardar distância de segurança";"Colisão traseira";"Com Vítimas Feridas";"Pleno dia";"Decrescente";"Sol";"Dupla";"Reta";"Não";3;0;0;1;2;0;1;3;-22,87685;-43,11729;"SR-RJ";"UOP01";"DEL02"
261895;2020-01-10;"sexta-feira";"12:10:00";"MT";163;853,9;"SINOP";"Desobediência às normas de trânsito pelo condutor";"Colisão lateral";"Com Vítimas Feridas";"Pleno dia";"Decrescente";"Céu Claro";"Simples";"Reta";"Sim";2;0;1;0;0;1;1;2;-11,82938;-55,48678;"SR-MT";"DEL2/6";"UOP02/MT"
261897;2020-01-10;"sexta-feira";"13:20:00";"CE";222;30;"CAUCAIA";"Falta de Atenção à Condução";"Colisão transversal";"Com Vítimas Feridas";"Pleno dia";"Crescente";"Nublado";"Dupla";"Rotatória";"Sim";4;0;2;0;2;0;2;2;-3,710439;-38,82431;"SR-CE";"DEL16/1";"UOP01/CE"
261898;2020-01-10;"sexta-feira";"13:20:00";"RJ";493;91;"SEROPEDICA";"Velocidade Incompatível";"Capotamento";"Com Vítimas Feridas";"Pleno dia";"Decrescente";"Céu Claro";"Dupla";"Reta";"Não";1;0;0;1;0;0;1;1;-22,68706;-43,67689;"SR-RJ";"DEL5/1";"UOP03/RJ"
261900;2020-01-10;"sexta-feira";"10:30:00";"SC";282;457,2;"PONTE SERRADA";"Falta de Atenção à Condução";"Saída de leito carroçável";"Com Vítimas Feridas";"Pleno dia";"Crescente";"Garoa/Chuvisco";"Simples";"Curva";"Não";1;0;1;0;0;0;1;1;-26,8806;-52,01337;"SR-SC";"DEL7";"UOP05/SC"
261901;2020-01-10;"sexta-feira";"13:50:00";"RS";116;265,5;"CANOAS";"Falta de Atenção à Condução";"Colisão com objeto estático";"Com Vítimas Feridas";"Pleno dia";"Decrescente";"Céu Claro";"Dupla";"Reta";"Sim";1;0;1;0;0;0;1;1;-29,92342;-51,17781;"SR-RS";"DEL9/1";"UOP01/RS"
261902;2020-01-10;"sexta-feira";"14:00:00";"RS";285;501,6;"ENTRE-IJUIS";"Falta de Atenção à Condução";"Colisão lateral";"Com Vítimas Feridas";"Pleno dia";"Decrescente";"Nublado";"Simples";"Reta";"Não";4;0;2;1;1;0;3;2;-28,38395;-54,30779;"SR-RS";"DEL9/10";"UOP01/RS"
261903;2020-01-10;"sexta-feira";"13:40:00";"RJ";493;79;"JAPERI";"Condutor Dormindo";"Saída de leito carroçável";"Com Vítimas Fatais";"Pleno dia";"Crescente";"Céu Claro";"Dupla";"Reta";"Não";2;1;0;0;1;0;0;1;-22,66442;-43,56287;"SR-RJ";"DEL5/1";"UOP03/RJ"
261904;2020-01-10;"sexta-feira";"12:35:00";"PI";343;283;"CAMPO MAIOR";"Avarias e/ou desgaste excessivo no pneu";"Saída de leito carroçável";"Com Vítimas Feridas";"Pleno dia";"Crescente";"Chuva";"Simples";"Reta";"Não";1;0;1;0;0;0;1;1;-4,927681;-42,28687;"SR-PI";"DEL17/1";"UOP03/PI"
261905;2020-01-10;"sexta-feira";"14:30:00";"ES";101;254,3;"SERRA";"Desobediência às normas de trânsito pelo condutor";"Colisão transversal";"Com Vítimas Feridas";"Pleno dia";"Decrescente";"Céu Claro";"Simples";"Não Informado";"Sim";2;0;1;0;0;1;1;2;-20,11004;-40,3274;"SR-ES";"DEL12/2";"UOP01/ES"
261906;2020-01-10;"sexta-feira";"14:40:00";"SP";116;3;"GUARULHOS";"Não guardar distância de segurança";"Capotamento";"Com Vítimas Feridas";"Pleno dia";"Decrescente";"Céu Claro";"Dupla";"Reta";"Não";1;0;1;0;0;0;1;1;-23,46326;-46,53373;"SR-SP";"DEL6/1";"UOP01/SP"
261907;2020-01-10;"sexta-feira";"14:00:00";"MT";163;811;"SINOP";"Falta de Atenção à Condução";"Saída de leito carroçável";"Com Vítimas Feridas";"Pleno dia";"Crescente";"Céu Claro";"Simples";"Não Informado";"Não";2;0;2;0;0;0;2;1;-12,08675;-55,51779;"SR-MT";"DEL2/6";"UOP01/MT"
261908;2020-01-10;"sexta-feira";"14:00:00";"MG";381;901,8;"CAMBUI";"Ingestão de Álcool";"Saída de leito carroçável";"Com Vítimas Feridas";"Pleno dia";"Crescente";"Nublado";"Dupla";"Reta";"Não";1;0;1;0;0;0;1;1;-22,63398;-46,07838;"SR-MG";"DEL09";"UOP03/MG"
261910;2020-01-10;"sexta-feira";"15:15:00";"PB";230;27;"JOAO PESSOA";"Ingestão de Álcool";"Queda de ocupante de veículo";"Com Vítimas Feridas";"Pleno dia";"Crescente";"Céu Claro";"Simples";"Não Informado";"Sim";1;0;1;0;0;0;1;1;-7,1677;-34,8855;"SR-PB";"DEL14/1";"UOP01/PB"
261911;2020-01-10;"sexta-feira";"15:00:00";"SP";116;451;"REGISTRO";"Defeito Mecânico no Veículo";"Colisão traseira";"Com Vítimas Feridas";"Pleno dia";"Crescente";"Céu Claro";"Dupla";"Reta";"Não";3;0;1;0;2;0;1;3;-24,54543;-47,8618;"SR-SP";"DEL6/5";"UOP01/SP"
261914;2020-01-10;"sexta-feira";"15:00:00";"RJ";101;39;"CAMPOS DOS GOYTACAZES";"Defeito Mecânico no Veículo";"Incêndio";"Sem Vítimas";"Pleno dia";"Crescente";"Céu Claro";"Simples";"Reta";"Não";2;0;0;0;2;0;0;1;-21,54184;-41,34113;"SR-RJ";"DEL5/8";"UOP01/RJ"
261915;2020-01-10;"sexta-feira";"10:50:00";"PA";155;270;"ELDORADO DO CARAJAS";"Defeito na Via";"Colisão traseira";"Sem Vítimas";"Pleno dia";"Crescente";"Chuva";"Simples";"Reta";"Não";2;0;0;0;2;0;0;2;-6,09702;-49,34281;"SR-PA";"DEL19/3";"UOP01/PA"