"id";"data_inversa";"dia_semana";"horario";"uf";"br";"km";"municipio";"causa_acidente";"tipo_acidente";"classificacao_acidente";"fase_dia";"sentido_via";"condicao_metereologica";"tipo_pista";"tracado_via";"uso_solo";"pessoas";"mortos";"feridos_leves";"feridos_graves";"ilesos";"ignorados";"feridos";"veiculos";"latitude";"longitude";"regional";"delegacia";"uop"
262007;2020-01-10;"sexta-feira";"21:43:00";"SC";101;119,2;"ITAJAI";"Ingestão de Álcool";"Colisão traseira";"Com Vítimas Feridas";"Plena Noite";"Crescente";"Chuva";"Dupla";"Reta";"Sim";3;0;1;0;2;0;1;2;-26,90432;-48,71555;"SR-SC";"DEL8/4";"UOP04/SC"
262008;2020-01-10;"sexta-feira";"23:20:00";"GO";60;300;"ACREUNA";"Animais na Pista";"Atropelamento de Animal";"Com Vítimas Feridas";"Plena Noite";"Decrescente";"Nublado";"Dupla";"Reta";"Não";2;0;0;1;1;0;1;2;-17,3646;-50,3363;"SR-GO";"DEL1/4";"UOP01/GO"
262009;2020-01-10;"sexta-feira";"18:15:00";"MT";70;715;"CACERES";"Não guardar distância de segurança";"Colisão lateral";"Com Vítimas Feridas";"Anoitecer";"Crescente";"Céu Claro";"Simples";"Reta";"Não";2;0;1;0;1;0;1;2;-16,24065;-57,55553;"SR-MT";"DEL2/3";"UOP01/MT"
262010;2020-01-10;"sexta-feira";"23:30:00";"SP";381;33;"ATIBAIA";"Falta de Atenção à Condução";"Queda de ocupante de veículo";"Com Vítimas Feridas";"Plena Noite";"Decrescente";"Céu Claro";"Dupla";"Reta";"Não";1;0;1;0;0;0;1;1;-23,0728;-46,56674;"SR-SP";"DEL6/3";"UOP02/SP"
262011;2020-01-10;"sexta-feira";"20:50:00";"MG";116;486,6;"DOM CAVATI";"Falta de Atenção do Pedestre";"Atropelamento de Pedestre";"Com Vítimas Fatais";"Plena Noite";"Decrescente";"Céu Claro";"Simples";"Reta";"Não";2;1;0;0;0;1;0;1;-19,44427;-42,12928;"SR-MG";"DEL4/6";"UOP02/MG"
262013;2020-01-10;"sexta-feira";"22:50:00";"MG";262;353;"BETIM";"Desobediência às normas de trânsito pelo condutor";"Colisão frontal";"Com Vítimas Feridas";"Plena Noite";"Crescente";"Nublado";"Simples";"Retorno Regulamentado";"Não";2;0;1;0;1;0;1;2;-19,97671;-44,19963;"SR-MG";"DEL4/1";"UOP03/MG"
262014;2020-01-10;"sexta-feira";"20:30:00";"PR";272;409;"JANIOPOLIS";"Agressão Externa";"Saída de leito carroçável";"Com Vítimas Feridas";"Plena Noite";"Decrescente";"Céu Claro";"Simples";"Reta";"Não";3;0;2;0;1;0;2;1;-24,13003;-52,77057;"SR-PR";"DEL7/4";"UOP05/PR"
262015;2020-01-10;"sexta-feira";"23:00:00";"SC";282;411,8;"CATANDUVAS";"Falta de Atenção à Condução";"Tombamento";"Sem Vítimas";"Plena Noite";"Decrescente";"Chuva";"Simples";"Curva";"Não";1;0;0;0;1;0;0;1;-27,0592;-51,68005;"SR-SC";"DEL7";"UOP07/SC"
262016;2020-01-10;"sexta-feira";"23:00:00";"SC";101;367;"ICARA";"Pista Escorregadia";"Saída de leito carroçável";"Com Vítimas Feridas";"Plena Noite";"Crescente";"Chuva";"Dupla";"Não Informado";"Não";5;0;4;1;0;0;5;1;-28,69146;-49,16485;"SR-SC";"DEL8/2";"UOP01/SC"
262017;2020-01-10;"sexta-feira";"23:40:00";"SC";101;367;"SANGAO";"Pista Escorregadia";"Saída de leito carroçável";"Com Vítimas Feridas";"Plena Noite";"Decrescente";"Chuva";"Dupla";"Curva";"Não";2;0;1;0;1;0;1;1;-28,69146;-49,16485;"SR-SC";"DEL8/2";"UOP01/SC"
262018;2020-01-10;"sexta-feira";"23:00:00";"PR";277;633;"CEU AZUL";"Falta de Atenção à Condução";"Colisão transversal";"Sem Vítimas";"Plena Noite";"Crescente";"Chuva";"Dupla";"Interseção de vias";"Não";2;0;0;0;1;1;0;2;-25,12585;-53,81903;"SR-PR";"DEL7/5";"UOP02/PR"
262020;2020-01-10;"sexta-feira";"23:30:00";"PR";163;80;"PLANALTO";"Ingestão de Álcool";"Saída de leito carroçável";"Com Vítimas Feridas";"Plena Noite";"Crescente";"Chuva";"Simples";"Curva";"Não";1;0;0;1;0;0;1;1;-25,7546;-53,80005;"SR-PR";"DEL7/2";"UOP04/PR"
262021;2020-01-11;"sábado";"00:30:00";"SE";101;148,7;"ESTANCIA";"Defeito na Via";"Tombamento";"Com Vítimas Feridas";"Plena Noite";"Crescente";"Céu Claro";"Dupla";"Curva";"Sim";1;0;1;0;0;0;1;1;-11,23754;-37,42983;"SR-SE";"DEL20/2";"UOP01/SE"
262022;2020-01-11;"sábado";"00:05:00";"PR";476;130;"CURITIBA";"Não guardar distância de segurança";"Colisão com objeto estático";"Com Vítimas Feridas";"Plena Noite";"Crescente";"Nublado";"Múltipla";"Curva";"Sim";3;0;0;2;1;0;2;2;-25,44956;-49,23643;"SR-PR";"DEL7/1";"UOP06/PR"
262023;2020-01-11;"sábado";"00:45:00";"MG";153;58;"MONTE ALEGRE DE MINAS";"Não guardar distância de segurança";"Colisão traseira";"Com Vítimas Feridas";"Plena Noite";"Decrescente";"Céu Claro";"Simples";"Reta";"Não";2;0;0;1;1;0;1;2;-18,87839;-49,05664;"SR-MG";"DEL4/15";"UOP03/MG"
262024;2020-01-10;"sexta-feira";"22:10:00";"BA";116;910;"ENCRUZILHADA";"Falta de Atenção à Condução";"Colisão traseira";"Com Vítimas Feridas";"Plena Noite";"Crescente";"Céu Claro";"Simples";"Não Informado";"Não";2;0;1;0;1;0;1;2;-15,51613;-41,23852;"SR-BA";"DEL10/8";"UOP03/BA"
262025;2020-01-11;"sábado";"00:40:00";"RS";116;148,4;"CAXIAS DO SUL";"Velocidade Incompatível";"Saída de leito carroçável";"Sem Vítimas";"Plena Noite";"Crescente";"Nublado";"Dupla";"Não Informado";"Não";1;0;0;0;0;1;0;1;-29,15445;-51,15102;"SR-RS";"DEL9/5";"UOP01/RS"
262027;2020-01-11;"sábado";"01:45:00";"GO";20;93,9;"VILA BOA";"Falta de Atenção à Condução";"Colisão com objeto estático";"Com Vítimas Feridas";"Plena Noite";"Crescente";"Nublado";"Simples";"Ponte";"Não";3;0;2;1;0;0;3;1;-14,99792;-47,03061;"SR-DF";"UOP01/DEL02/DF";""
262029;2020-01-11;"sábado";"00:30:00";"MA";230;404;"BALSAS";"Ingestão de Álcool";"Colisão lateral";"Com Vítimas Feridas";"Plena Noite";"Crescente";"Céu Claro";"Simples";"Reta";"Sim";2;0;2;0;0;0;2;2;-7,523399;-46,04122;"SR-MA";"DEL18/5";"UOP01/MA"
262030;2020-01-10;"sexta-feira";"21:00:00";"MG";459;88;"CONGONHAL";"Velocidade Incompatível";"Colisão frontal";"Com Vítimas Fatais";"Plena Noite";"Decrescente";"Céu Claro";"Simples";"Reta";"Não";2;1;0;0;1;0;0;2;-22,14956;-46,02399;"SR-MG";"DEL09";"UOP04/MG"
262031;2020-01-10;"sexta-feira";"23:40:00";"MG";381;532;"ITATIAIUCU";"Velocidade Incompatível";"Saída de leito carroçável";"Sem Vítimas";"Plena Noite";"Decrescente";"Nublado";"Dupla";"Curva";"Não";1;0;0;0;1;0;0;1;-20,19043;-44,38269;"SR-MG";"DEL4/4";"UOP03/MG"
262032;2020-01-10;"sexta-feira";"18:30:00";"SP";116;282;"EMBU DAS ARTES";"Velocidade Incompatível";"Tombamento";"Sem Vítimas";"Anoitecer";"Crescente";"Sol";"Simples";"Não Informado";"Sim";1;0;0;0;1;0;0;1;-23,66057;-46,85281;"SR-SP";"DEL6/4";"UOP01/SP"
262033;2020-01-11;"sábado";"03:20:00";"PA";316;63;"CASTANHAL";"Ingestão de Álcool";"Capotamento";"Com Vítimas Feridas";"Plena Noite";"Crescente";"Céu Claro";"Dupla";"Reta";"Sim";1;0;1;0;0;0;1;1;-1,296794;-47,92878;"SR-PA";"DEL19/1";"UOP01/PA"
262034;2020-01-11;"sábado";"03:05:00";"RS";116;529;"CAPAO DO LEAO";"Ingestão de Álcool";"Colisão traseira";"Sem Vítimas";"Plena Noite";"Crescente";"Céu Claro";"Simples";"Reta";"Não";2;0;0;0;2;0;0;2;-31,75446;-52,42804;"SR-RS";"DEL9/7";"UOP01/RS"
262035;2020-01-11;"sábado";"04:20:00";"RS";386;14,9;"FREDERICO WESTPHALEN";"Condutor Dormindo";"Colisão frontal";"Com Vítimas Fatais";"Plena Noite";"Crescente";"Nublado";"Simples";"Curva";"Não";9;1;4;3;1;0;7;2;-27,23955;-53,32888;"SR-RS";"DEL08";"UOP02/RS"
262036;2020-01-11;"sábado";"02:30:00";"MT";364;202,5;"RONDONOPOLIS";"Ingestão de Álcool";"Colisão com objeto estático";"Sem Vítimas";"Plena Noite";"Crescente";"Céu Claro";"Dupla";"Não Informado";"Sim";1;0;0;0;1;0;0;1;-16,48347;-54,6497;"SR-MT";"DEL2/2";"UOP01/MT"
262038;2020-01-11;"sábado";"04:25:00";"SP";116;23;"LAVRINHAS";"Falta de Atenção à Condução";"Colisão traseira";"Com Vítimas Feridas";"Plena Noite";"Decrescente";"Céu Claro";"Dupla";"Reta";"Não";30;0;16;10;4;0;26;2;-22,58978;-44,88536;"SR-SP";"DEL6/8";"UOP01/SP"
262039;2020-01-11;"sábado";"03:00:00";"PR";376;106,9;"PARANAVAI";"Velocidade Incompatível";"Colisão com objeto estático";"Sem Vítimas";"Plena Noite";"Crescente";"Céu Claro";"Dupla";"Interseção de vias";"Sim";1;0;0;0;0;1;0;1;-23,06146;-52,43401;"SR-PR";"DEL7/7";"UOP05/PR"
262040;2020-01-11;"sábado";"05:10:00";"RS";116;528;"CAPAO DO LEAO";"Não guardar distância de segurança";"Colisão traseira";"Com Vítimas Feridas";"Amanhecer";"Crescente";"Nublado";"Simples";"Reta";"Sim";2;0;1;0;1;0;1;2;-31,75074;-52,41851;"SR-RS";"DEL9/7";"UOP01/RS"
262041;2020-01-11;"sábado";"04:30:00";"MG";251;438,7;"GRAO MOGOL";"Falta de Atenção à Condução";"Colisão frontal";"Com Vítimas Feridas";"Amanhecer";"Decrescente";"Céu Claro";"Simples";"Reta";"Não";3;0;2;0;1;0;2;2;-16,39867;-43,21254;"SR-MG";"DEL4/12";"UOP01/MG"
262042;2020-01-11;"sábado";"03:00:00";"AC";364;67,7;"SENADOR GUIOMARD";"Desobediência às normas de trânsito pelo condutor";"Colisão frontal";"Com Vítimas Fatais";"Plena Noite";"Decrescente";"Céu Claro";"Simples";"Curva";"Não";2;1;1;0;0;0;1;2;-10,06104;-67,31302;"SR-AC";"UOP01/AC";""
262043;2020-01-11;"sábado";"05:15:00";"MG";262;676,2;"ARAXA";"Condutor Dormindo";"Saída de leito carroçável";"Com Vítimas Feridas";"Amanhecer";"Crescente";"Nublado";"Simples";"Reta";"Não";2;0;2;0;0;0;2;1;-19,55096;-46,85118;"SR-MG";"DEL4/8";"UOP01/MG"
262044;2020-01-11;"sábado";"04:10:00";"SC";101;198;"BIGUACU";"Agressão Externa";"Saída de leito carroçável";"Com Vítimas Feridas";"Amanhecer";"Decrescente";"Chuva";"Dupla";"Reta";"Não";3;0;1;0;2;0;1;1;-27,52659;-48,63506;"SR-SC";"DEL8/1";"UOP01/SC"
262046;2020-01-11;"sábado";"04:50:00";"PE";104;85,9;"AGRESTINA";"Ingestão de Álcool";"Colisão lateral";"Sem Vítimas";"Amanhecer";"Crescente";"Céu Claro";"Simples";"Curva";"Não";6;0;0;0;6;0;0;2;-8,438719;-35,95518;"SR-PE";"DEL11/2";"UOP01/PE"
262047;2020-01-11;"sábado";"05:30:00";"SP";116;175;"JACAREI";"Ingestão de Álcool";"Colisão com objeto estático";"Com Vítimas Feridas";"Amanhecer";"Crescente";"Céu Claro";"Dupla";"Não Informado";"Sim";1;0;0;1;0;0;1;1;-23,32174;-46,10035;"SR-SP";"DEL6/2";"UOP01/SP"
262048;2020-01-11;"sábado";"03:50:00";"MG";356;276,5;"EUGENOPOLIS";"Ingestão de Álcool";"Saída de leito carroçável";"Com Vítimas Feridas";"Plena Noite";"Crescente";"Nevoeiro/Neblina";"Simples";"Não Informado";"Não";3;0;2;1;0;0;3;1;-21,12599;-42,27931;"SR-MG";"DEL4/7";"UOP02/MG"
262049;2020-01-11;"sábado";"00:30:00";"BA";116;63,7;"CHORROCHO";"Condutor Dormindo";"Saída de leito carroçável";"Com Vítimas Feridas";"Plena Noite";"Decrescente";"Céu Claro";"Simples";"Reta";"Não";4;0;3;0;1;0;3;1;-9,15583;-39,11561;"SR-PE";"DEL11/5";"UOP03/PE"
262050;2020-01-11;"sábado";"00:40:00";"GO";153;535;"HIDROLANDIA";"Condutor Dormindo";"Saída de leito carroçável";"Com Vítimas Feridas";"Plena Noite";"Crescente";"Nublado";"Dupla";"Desvio Temporário";"Não";2;0;2;0;0;0;2;1;-17,01;-49,2202;"SR-GO";"DEL1/1";"UOP03/GO"
262051;2020-01-11;"sábado";"06:00:00";"SP";116;220,7;"GUARULHOS";"Condutor Dormindo";"Saída de leito carroçável";"Com Vítimas Feridas";"Amanhecer";"Decrescente";"Nublado";"Múltipla";"Reta";"Não";3;0;3;0;0;0;3;1;-23,46473;-46,49794;"SR-SP";"DEL6/1";"UOP01/SP"
262052;2020-01-10;"sexta-feira";"21:10:00";"RS";392;248;"CACAPAVA DO SUL";"Ingestão de Álcool";"Saída de leito carroçável";"Sem Vítimas";"Plena Noite";"Crescente";"Nublado";"Simples";"Curva";"Não";2;0;0;0;2;0;0;1;-30,55515;-53,40981;"SR-RS";"DEL9/9";"UOP02/RS"
262053;2020-01-11;"sábado";"06:30:00";"MG";153;147;"CAMPO FLORIDO";"Falta de Atenção à Condução";"Colisão transversal";"Com Vítimas Feridas";"Pleno dia";"Crescente";"Nublado";"Simples";"Interseção de vias";"Não";47;0;7;0;39;1;7;2;-19,62977;-48,84916;"SR-MG";"DEL13";"UOP02/MG"
262054;2020-01-11;"sábado";"05:50:00";"MG";262;803,9;"UBERABA";"Falta de Atenção à Condução";"Colisão traseira";"Sem Vítimas";"Pleno dia";"Crescente";"Céu Claro";"Dupla";"Interseção de vias";"Sim";2;0;0;0;2;0;0;2;-19,7751;-47,97202;"SR-MG";"DEL13";"UOP01/MG"
262055;2020-01-11;"sábado";"05:30:00";"MT";163;821;"SINOP";"Falta de Atenção à Condução";"Danos eventuais";"Com Vítimas Feridas";"Amanhecer";"Crescente";"Céu Claro";"Simples";"Reta";"Sim";2;0;1;0;0;1;1;2;-12,11241;-55,51673;"SR-MT";"DEL2/6";"UOP01/MT"
262056;2020-01-10;"sexta-feira";"21:55:00";"SC";470;97;"APIUNA";"Desobediência às normas de trânsito pelo condutor";"Colisão traseira";"Com Vítimas Feridas";"Plena Noite";"Crescente";"Chuva";"Simples";"Reta";"Não";2;0;1;0;1;0;1;2;-27,02662;-49,37812;"SR-SC";"DEL8/4";"UOP01/SC"
262057;2020-01-11;"sábado";"06:50:00";"RS";158;333;"SANTA MARIA";"Ingestão de Álcool";"Saída de leito carroçável";"Sem Vítimas";"Pleno dia";"Decrescente";"Céu Claro";"Dupla";"Não Informado";"Sim";4;0;0;0;1;3;0;1;-29,70756;-53,85414;"SR-RS";"DEL9/9";"UOP01/RS"
262058;2020-01-11;"sábado";"07:20:00";"RJ";116;224,7;"PIRAI";"Defeito Mecânico no Veículo";"Tombamento";"Com Vítimas Feridas";"Pleno dia";"Decrescente";"Sol";"Dupla";"Não Informado";"Não";1;0;1;0;0;0;1;1;-22,66922;-43,83605;"SR-RJ";"DEL5/7";"UOP01/RJ"
262059;2020-01-11;"sábado";"06:45:00";"CE";222;22;"CAUCAIA";"Desobediência às normas de trânsito pelo condutor";"Colisão traseira";"Sem Vítimas";"Pleno dia";"Decrescente";"Nublado";"Simples";"Reta";"Sim";3;0;0;0;3;0;0;3;-3,733423;-38,75084;"SR-CE";"DEL16/1";"UOP01/CE"
262060;2020-01-11;"sábado";"03:50:00";"BA";116;683;"JEQUIE";"Desobediência às normas de trânsito pelo condutor";"Colisão frontal";"Com Vítimas Fatais";"Plena Noite";"Decrescente";"Céu Claro";"Simples";"Curva";"Não";6;1;4;1;0;0;5;2;-13,8777;-40,13464;"SR-BA";"DEL10/3";"UOP01/BA"
262062;2020-01-10;"sexta-feira";"21:00:00";"PI";316;182;"VALENCA DO PIAUI";"Animais na Pista";"Atropelamento de Animal";"Com Vítimas Feridas";"Plena Noite";"Crescente";"Nublado";"Simples";"Curva";"Não";1;0;1;0;0;0;1;1;-6,257728;-41,95994;"SR-PI";"DEL17/4";"UOP02/PI"
262063;2020-01-10;"sexta-feira";"23:00:00";"PI";316;250;"INHUMA";"Falta de Atenção à Condução";"Colisão transversal";"Sem Vítimas";"Plena Noite";"Decrescente";"Nublado";"Simples";"Reta";"Não";2;0;0;0;1;1;0;2;-6,742085;-41,72373;"SR-PI";"DEL17/4";"UOP02/PI"
262064;2020-01-11;"sábado";"07:45:00";"AP";210;0,3;"MACAPA";"Falta de Atenção à Condução";"Engavetamento";"Com Vítimas Feridas";"Pleno dia";"Decrescente";"Céu Claro";"Dupla";"Reta";"Sim";3;0;1;0;2;0;1;3;0,07756946;-51,06334;"SR-AP";"UOP01/AP";""
262066;2020-01-11;"sábado";"08:30:00";"DF";40;5;"BRASILIA";"Falta de Atenção à Condução";"Queda de ocupante de veículo";"Com Vítimas Feridas";"Pleno dia";"Decrescente";"Céu Claro";"Simples";"Reta";"Sim";1;0;1;0;0;0;1;1;-16,0209;-47,98054;"SR-DF";"UOP01/DF";""
262067;2020-01-11;"sábado";"08:40:00";"PR";376;174,4;"MARINGA";"Falta de Atenção à Condução";"Colisão lateral";"Com Vítimas Feridas";"Pleno dia";"Crescente";"Sol";"Múltipla";"Não Informado";"Sim";2;0;1;0;1;0;1;2;-23,4143;-51,94984;"SR-PR";"DEL7/7";"UOP04/PR"
262068;2020-01-11;"sábado";"08:20:00";"DF";70;3;"BRASILIA";"Falta de Atenção à Condução";"Colisão lateral";"Com Vítimas Feridas";"Pleno dia";"Decrescente";"Céu Claro";"Simples";"Reta";"Sim";2;0;1;0;1;0;1;2;-15,80245;-48,08039;"SR-DF";"UOP06/DF";""
262070;2020-01-11;"sábado";"09:00:00";"RS";116;149,4;"CAXIAS DO SUL";"Ingestão de Álcool";"Colisão traseira";"Com Vítimas Feridas";"Pleno dia";"Decrescente";"Chuva";"Dupla";"Reta";"Sim";3;0;0;1;2;0;1;3;-29,15997;-51,15645;"SR-RS";"DEL9/5";"UOP01/RS"
262071;2020-01-11;"sábado";"06:00:00";"RR";174;539,9;"BOA VISTA";"Ingestão de Álcool";"Colisão frontal";"Com Vítimas Fatais";"Amanhecer";"Decrescente";"Céu Claro";"Simples";"Reta";"Não";4;3;1;0;0;0;1;2;3,081079;-60,81047;"SR-RR";"UOP01/RR";""
262073;2020-01-11;"sábado";"09:00:00";"PE";101;5;"GOIANA";"Falta de Atenção à Condução";"Capotamento";"Com Vítimas Feridas";"Pleno dia";"Decrescente";"Céu Claro";"Simples";"Reta";"Não";1;0;1;0;0;0;1;1;-7,541764;-34,99139;"SR-PE";"DEL11/1";"UOP02/PE"
262074;2020-01-11;"sábado";"08:00:00";"CE";20;418,5;"MARACANAU";"Não guardar distância de segurança";"Colisão traseira";"Com Vítimas Feridas";"Pleno dia";"Crescente";"Céu Claro";"Dupla";"Reta";"Sim";3;0;0;1;2;0;1;3;-3,836936;-38,60703;"SR-CE";"DEL16/1";"UOP02/CE"
262075;2020-01-11;"sábado";"08:30:00";"RJ";116;167;"SAO JOAO DE MERITI";"Falta de Atenção à Condução";"Queda de ocupante de veículo";"Com Vítimas Feridas";"Pleno dia";"Decrescente";"Céu Claro";"Múltipla";"Reta";"Sim";1;0;1;0;0;0;1;1;-22,81804;-43,30787;"SR-RJ";"DEL5/1";"UOP02/RJ"
262076;2020-01-11;"sábado";"05:00:00";"PR";277;34;"MORRETES";"Falta de Atenção à Condução";"Saída de leito carroçável";"Com Vítimas Feridas";"Plena Noite";"Crescente";"Nublado";"Dupla";"Reta";"Não";1;0;1;0;0;0;1;1;-25,54737;-48,79056;"SR-PR";"DEL7/1";"UOP07/PR"
262078;2020-01-11;"sábado";"08:45:00";"SC";101;41,5;"JOINVILLE";"Falta de Atenção à Condução";"Colisão traseira";"Com Vítimas Feridas";"Pleno dia";"Decrescente";"Nublado";"Dupla";"Não Informado";"Sim";2;0;1;0;1;0;1;2;-26,32013;-48,87048;"SR-SC";"DEL8/3";"UOP01/SC"
262079;2020-01-11;"sábado";"09:00:00";"PI";343;2;"TERESINA";"Falta de Atenção à Condução";"Colisão lateral";"Com Vítimas Feridas";"Pleno dia";"Crescente";"Céu Claro";"Múltipla";"Reta";"Sim";2;0;0;1;1;0;1;2;-5,089569;-42,80229;"SR-PI";"DEL17/1";"UOP01/PI"
262080;2020-01-11;"sábado";"08:45:00";"RS";116;377,9;"TAPES";"Desobediência às normas de trânsito pelo condutor";"Colisão transversal";"Com Vítimas Feridas";"Pleno dia";"Decrescente";"Nublado";"Simples";"Interseção de vias";"Não";4;0;1;1;2;0;2;2;-30,74674;-51,63195;"SR-RS";"DEL9/2";"UOP02/RS"
262081;2020-01-11;"sábado";"08:10:00";"PR";376;473,6;"PONTA GROSSA";"Velocidade Incompatível";"Saída de leito carroçável";"Sem Vítimas";"Pleno dia";"Decrescente";"Chuva";"Dupla";"Curva";"Não";1;0;0;0;1;0;0;1;-25,03424;-50,3055;"SR-PR";"DEL7/3";"UOP01/PR"
262082;2020-01-11;"sábado";"09:10:00";"SP";116;310;"SAO LOURENCO DA SERRA";"Defeito Mecânico no Veículo";"Colisão traseira";"Com Vítimas Feridas";"Pleno dia";"Decrescente";"Céu Claro";"Dupla";"Reta";"Sim";5;0;4;0;1;0;4;2;-23,86058;-46,94636;"SR-SP";"DEL6/4";"UOP01/SP"
262083;2020-01-11;"sábado";"09:00:00";"MG";381;503;"BETIM";"Defeito Mecânico no Veículo";"Tombamento";"Com Vítimas Feridas";"Pleno dia";"Crescente";"Céu Claro";"Dupla";"Reta";"Sim";2;0;2;0;0;0;2;1;-20,02957;-44,2357;"SR-MG";"DEL4/1";"UOP03/MG"
262084;2020-01-11;"sábado";"08:10:00";"GO";153;71;"PORANGATU";"Ingestão de Álcool";"Colisão lateral";"Com Vítimas Feridas";"Pleno dia";"Crescente";"Céu Claro";"Simples";"Interseção de vias";"Não";3;0;2;0;1;0;2;2;-13,45846;-49,13558;"SR-GO";"DEL1/7";"UOP01/GO"
262085;2020-01-11;"sábado";"08:30:00";"PB";101;110,8;"ALHANDRA";"Falta de Atenção à Condução";"Colisão lateral";"Sem Vítimas";"Pleno dia";"Decrescente";"Céu Claro";"Dupla";"Retorno Regulamentado";"Não";2;0;0;0;1;1;0;2;-7,352556;-34,94941;"SR-PB";"DEL14/1";"UOP01/PB"
262086;2020-01-11;"sábado";"09:00:00";"GO";364;316;"MINEIROS";"Defeito Mecânico no Veículo";"Incêndio";"Sem Vítimas";"Pleno dia";"Decrescente";"Céu Claro";"Simples";"Reta";"Não";1;0;0;0;1;0;0;1;-17,44645;-52,59899;"SR-GO";"DEL1/5";"UOP01/GO"
262087;2020-01-11;"sábado";"08:45:00";"PR";376;450,8;"TIBAGI";"Velocidade Incompatível";"Saída de leito carroçável";"Com Vítimas Feridas";"Pleno dia";"Crescente";"Garoa/Chuvisco";"Dupla";"Curva";"Não";2;0;0;2;0;0;2;1;-24,8764;-50,44299;"SR-PR";"DEL7/3";"UOP05/PR"
262088;2020-01-11;"sábado";"09:00:00";"PR";376;380;"IMBAU";"Defeito Mecânico no Veículo";"Saída de leito carroçável";"Com Vítimas Feridas";"Pleno dia";"Crescente";"Chuva";"Simples";"Não Informado";"Não";1;0;1;0;0;0;1;1;-24,4047;-50,7844;"SR-PR";"DEL7/3";"UOP05/PR"
262089;2020-01-11;"sábado";"05:10:00";"CE";222;30,1;"CAUCAIA";"Velocidade Incompatível";"Saída de leito carroçável";"Sem Vítimas";"Amanhecer";"Decrescente";"Ignorado";"Simples";"Interseção de vias";"Não";1;0;0;0;0;1;0;1;-3,71178;-38,81972;"SR-CE";"DEL16/1";"UOP01/CE"
262090;2020-01-11;"sábado";"09:50:00";"SC";280;90,7;"CORUPA";"Velocidade Incompatível";"Queda de ocupante de veículo";"Com Vítimas Feridas";"Pleno dia";"Decrescente";"Céu Claro";"Simples";"Curva";"Não";1;0;1;0;0;0;1;1;-26,40742;-49,2835;"SR-SC";"DEL8/6";"UOP03/SC"
262093;2020-01-11;"sábado";"09:30:00";"RS";290;701;"URUGUAIANA";"Falta de Atenção à Condução";"Colisão traseira";"Com Vítimas Feridas";"Pleno dia";"Decrescente";"Céu Claro";"Simples";"Curva";"Não";2;0;1;0;1;0;1;2;-29,8624;-56,8941;"SR-RS";"DEL9/13";"UOP01/RS"
262094;2020-01-11;"sábado";"08:30:00";"SC";280;25;"ARAQUARI";"Não guardar distância de segurança";"Colisão traseira";"Com Vítimas Feridas";"Pleno dia";"Crescente";"Céu Claro";"Simples";"Reta";"Não";4;0;2;0;2;0;2;3;-26,38353;-48,72678;"SR-SC";"DEL8/3";"UOP03/SC"
262096;2020-01-11;"sábado";"10:00:00";"CE";20;430;"FORTALEZA";"Desobediência às normas de trânsito pelo condutor";"Colisão transversal";"Com Vítimas Feridas";"Pleno dia";"Decrescente";"Céu Claro";"Simples";"Reta";"Sim";2;0;1;0;1;0;1;2;-3,76999;-38,67006;"SR-CE";"DEL16/1";"UOP02/CE"
262097;2020-01-11;"sábado";"10:00:00";"GO";40;22;"LUZIANIA";"Velocidade Incompatível";"Saída de leito carroçável";"Com Vítimas Feridas";"Pleno dia";"Crescente";"Céu Claro";"Dupla";"Reta";"Sim";2;0;2;0;0;0;2;1;-16,22748;-47,91411;"SR-DF";"UOP01/DF";""
262098;2020-01-11;"sábado";"09:45:00";"RO";364;318,9;"PRESIDENTE MEDICI";"Mal Súbito";"Colisão com objeto estático";"Com Vítimas Feridas";"Pleno dia";"Decrescente";"Sol";"Simples";"Reta";"Sim";1;0;1;0;0;0;1;1;-11,08535;-61,91477;"SR-RO";"DEL21/2";"UOP01/RO"
262099;2020-01-11;"sábado";"10:30:00";"SP";116;177;"GUARAREMA";"Objeto estático sobre o leito carroçável";"Colisão traseira";"Com Vítimas Feridas";"Pleno dia";"Crescente";"Sol";"Dupla";"Reta";"Não";3;0;1;1;1;0;2;2;-23,32333;-46,11958;"SR-SP";"DEL6/2";"UOP01/SP"
262100;2020-01-11;"sábado";"11:00:00";"MG";365;634;"UBERLANDIA";"Defeito Mecânico no Veículo";"Colisão lateral";"Sem Vítimas";"Pleno dia";"Decrescente";"Nublado";"Dupla";"Reta";"Sim";2;0;0;0;2;0;0;2;-18,89398;-48,40921;"SR-MG";"DEL4/15";"UOP01/MG"
262101;2020-01-11;"sábado";"11:00:00";"SC";101;208;"SAO JOSE";"Ingestão de Álcool";"Colisão traseira";"Sem Vítimas";"Pleno dia";"Crescente";"Nublado";"Dupla";"Reta";"Sim";2;0;0;0;2;0;0;2;-27,60328;-48,63202;"SR-SC";"DEL8/1";"UOP01/SC"
262102;2020-01-11;"sábado";"08:50:00";"MG";40;44,7;"PARACATU";"Falta de Atenção à Condução";"Colisão transversal";"Com Vítimas Feridas";"Pleno dia";"Crescente";"Céu Claro";"Simples";"Reta";"Sim";4;0;2;0;2;0;2;2;-17,23102;-46,8539;"SR-MG";"DEL4/14";"UOP01/MG"
262103;2020-01-11;"sábado";"11:00:00";"RN";405;1;"MOSSORO";"Ingestão de Álcool";"Colisão transversal";"Com Vítimas Feridas";"Pleno dia";"Crescente";"Céu Claro";"Simples";"Reta";"Sim";2;0;1;1;0;0;2;2;-5,191702;-37,36147;"SR-RN";"DEL15/4";"UOP02/RN"