"id";"data_inversa";"dia_semana";"horario";"uf";"br";"km";"municipio";"causa_acidente";"tipo_acidente";"classificacao_acidente";"fase_dia";"sentido_via";"condicao_metereologica";"tipo_pista";"tracado_via";"uso_solo";"pessoas";"mortos";"feridos_leves";"feridos_graves";"ilesos";"ignorados";"feridos";"veiculos";"latitude";"longitude";"regional";"delegacia";"uop"
262104;2020-01-11;"sábado";"11:08:00";"MG";50;140;"UBERABA";"Falta de Atenção à Condução";"Saída de leito carroçável";"Com Vítimas Feridas";"Pleno dia";"Crescente";"Chuva";"Dupla";"Reta";"Não";2;0;1;0;1;0;1;1;-19,47658;-48,05333;"SR-MG";"DEL13";"UOP01/MG"
262105;2020-01-11;"sábado";"10:50:00";"RJ";116;122;"MAGE";"Falta de Atenção à Condução";"Colisão traseira";"Sem Vítimas";"Pleno dia";"Decrescente";"Céu Claro";"Dupla";"Reta";"Sim";4;0;0;0;4;0;0;3;-22,6351;-43,05578;"SR-RJ";"DEL5/4";"UOP02/RJ"
262106;2020-01-11;"sábado";"11:00:00";"PB";230;64;"SAO MIGUEL DE TAIPU";"Falta de Atenção à Condução";"Saída de leito carroçável";"Com Vítimas Feridas";"Pleno dia";"Crescente";"Céu Claro";"Dupla";"Não Informado";"Não";1;0;1;0;0;0;1;1;-7,1944;-35,1754;"SR-PB";"DEL14/1";"UOP02/PB"
262107;2020-01-11;"sábado";"11:20:00";"SP";116;193;"SANTA ISABEL";"Defeito Mecânico no Veículo";"Tombamento";"Com Vítimas Feridas";"Pleno dia";"Decrescente";"Céu Claro";"Dupla";"Reta";"Não";2;0;1;0;1;0;1;1;-23,38041;-46,25851;"SR-SP";"DEL6/2";"UOP01/SP"
262108;2020-01-11;"sábado";"10:55:00";"MT";364;398;"CUIABA";"Desobediência às normas de trânsito pelo condutor";"Colisão transversal";"Com Vítimas Feridas";"Pleno dia";"Decrescente";"Céu Claro";"Dupla";"Interseção de vias";"Não";2;0;1;0;1;0;1;2;-15,66599;-55,9614;"SR-MT";"DEL2/1";"UOP01/MT"
262109;2020-01-11;"sábado";"09:30:00";"PI";407;453,5;"JAICOS";"Pista Escorregadia";"Saída de leito carroçável";"Com Vítimas Feridas";"Pleno dia";"Crescente";"Céu Claro";"Simples";"Reta";"Não";2;0;0;2;0;0;2;1;-7,258;-41,23022;"SR-PI";"DEL17/4";"UOP01/PI"
262110;2020-01-11;"sábado";"11:15:00";"PR";153;460;"UNIAO DA VITORIA";"Defeito Mecânico no Veículo";"Colisão lateral";"Com Vítimas Feridas";"Pleno dia";"Decrescente";"Nublado";"Simples";"Curva";"Não";3;0;0;1;2;0;1;3;-26,23111;-51,14174;"SR-PR";"DEL7/2";"UOP02/PR"
262111;2020-01-11;"sábado";"11:30:00";"MG";381;484,3;"BETIM";"Falta de Atenção à Condução";"Colisão lateral";"Com Vítimas Feridas";"Pleno dia";"Crescente";"Céu Claro";"Dupla";"Reta";"Sim";2;0;1;0;1;0;1;2;-19,95942;-44,08754;"SR-MG";"DEL4/1";"UOP03/MG"
262112;2020-01-11;"sábado";"11:20:00";"RS";470;218;"BENTO GONCALVES";"Falta de Atenção à Condução";"Colisão transversal";"Com Vítimas Feridas";"Pleno dia";"Decrescente";"Nublado";"Simples";"Interseção de vias";"Sim";4;0;1;0;3;0;1;2;-29,18237;-51,52014;"SR-RS";"DEL9/6";"UOP01/RS"
262113;2020-01-11;"sábado";"11:00:00";"PR";277;116;"CAMPO LARGO";"Falta de Atenção à Condução";"Colisão lateral";"Com Vítimas Feridas";"Pleno dia";"Decrescente";"Céu Claro";"Dupla";"Reta";"Não";2;0;1;0;1;0;1;2;-25,43343;-49,40593;"SR-PR";"DEL7/1";"UOP05/PR"
262114;2020-01-11;"sábado";"12:00:00";"SP";381;82;"SAO PAULO";"Desobediência às normas de trânsito pelo condutor";"Colisão lateral";"Com Vítimas Feridas";"Pleno dia";"Decrescente";"Céu Claro";"Dupla";"Reta";"Sim";3;0;2;0;1;0;2;2;-23,42399;-46,57511;"SR-SP";"DEL6/3";"UOP02/SP"
262115;2020-01-11;"sábado";"07:30:00";"TO";153;749,8;"ALVORADA";"Falta de Atenção à Condução";"Saída de leito carroçável";"Sem Vítimas";"Pleno dia";"Decrescente";"Chuva";"Simples";"Reta";"Não";1;0;0;0;1;0;0;1;-12,37561;-49,14052;"SR-TO";"UOP01/TO";""
262116;2020-01-11;"sábado";"12:15:00";"MG";116;274,2;"TEOFILO OTONI";"Ingestão de Álcool";"Colisão lateral";"Com Vítimas Feridas";"Pleno dia";"Crescente";"Céu Claro";"Simples";"Interseção de vias";"Sim";2;0;1;0;1;0;1;2;-17,83385;-41,51094;"SR-MG";"DEL4/11";"UOP01/MG"
262117;2020-01-11;"sábado";"12:10:00";"MG";381;626,8;"OLIVEIRA";"Falta de Atenção à Condução";"Saída de leito carroçável";"Com Vítimas Feridas";"Pleno dia";"Crescente";"Chuva";"Dupla";"Curva";"Não";1;0;1;0;0;0;1;1;-20,82829;-44,80796;"SR-MG";"DEL4/4";"UOP01/MG"
262118;2020-01-11;"sábado";"12:25:00";"RJ";101;155;"MACAE";"Desobediência às normas de trânsito pelo condutor";"Colisão lateral";"Sem Vítimas";"Pleno dia";"Crescente";"Céu Claro";"Simples";"Reta";"Não";3;0;0;0;3;0;0;3;-22,25964;-41,84127;"SR-RJ";"DEL5/2";"UOP03/RJ"
262119;2020-01-11;"sábado";"08:55:00";"TO";153;211,1;"NOVA OLINDA";"Condutor Dormindo";"Saída de leito carroçável";"Com Vítimas Feridas";"Pleno dia";"Decrescente";"Chuva";"Simples";"Reta";"Não";2;0;0;2;0;0;2;1;-7,743519;-48,45085;"SR-TO";"UOP04/TO";""
262121;2020-01-11;"sábado";"12:50:00";"GO";40;2;"VALPARAISO DE GOIAS";"Falta de Atenção à Condução";"Atropelamento de Pedestre";"Com Vítimas Feridas";"Pleno dia";"Crescente";"Céu Claro";"Simples";"Reta";"Sim";3;0;1;0;1;1;1;2;-16,06713;-47,98423;"SR-DF";"UOP01/DF";""
262122;2020-01-11;"sábado";"12:00:00";"MG";381;352;"JOAO MONLEVADE";"Carga excessiva e/ou mal acondicionada";"Saída de leito carroçável";"Com Vítimas Feridas";"Pleno dia";"Decrescente";"Céu Claro";"Simples";"Curva";"Não";2;0;2;0;0;0;2;1;-19,85815;-43,1231;"SR-MG";"DEL4/3";"UOP01/MG"
262124;2020-01-11;"sábado";"12:45:00";"MG";381;907,4;"CAMBUI";"Velocidade Incompatível";"Saída de leito carroçável";"Com Vítimas Feridas";"Pleno dia";"Crescente";"Nublado";"Dupla";"Não Informado";"Não";1;0;0;1;0;0;1;1;-22,67447;-46,09751;"SR-MG";"DEL09";"UOP03/MG"
262125;2020-01-11;"sábado";"12:20:00";"MG";381;481,1;"BETIM";"Desobediência às normas de trânsito pelo condutor";"Colisão traseira";"Com Vítimas Feridas";"Pleno dia";"Decrescente";"Céu Claro";"Dupla";"Interseção de vias";"Sim";2;0;0;1;1;0;1;2;-19,95932;-44,08826;"SR-MG";"DEL4/1";"UOP03/MG"
262126;2020-01-11;"sábado";"13:00:00";"SP";116;276,5;"EMBU DAS ARTES";"Falta de Atenção à Condução";"Queda de ocupante de veículo";"Com Vítimas Feridas";"Pleno dia";"Decrescente";"Sol";"Dupla";"Reta";"Sim";1;0;0;1;0;0;1;1;-23,6251;-46,8162;"SR-SP";"DEL6/4";"UOP01/SP"
262127;2020-01-11;"sábado";"09:50:00";"MA";10;249,8;"IMPERATRIZ";"Desobediência às normas de trânsito pelo condutor";"Colisão lateral";"Com Vítimas Feridas";"Pleno dia";"Crescente";"Céu Claro";"Simples";"Reta";"Sim";2;0;1;0;1;0;1;2;-5,558508;-47,45417;"SR-MA";"DEL18/4";"UOP01/MA"
262128;2020-01-11;"sábado";"13:30:00";"RJ";116;166;"RIO DE JANEIRO";"Falta de Atenção à Condução";"Atropelamento de Pedestre";"Com Vítimas Feridas";"Pleno dia";"Decrescente";"Sol";"Múltipla";"Reta";"Sim";2;0;1;0;1;0;1;1;-22,8156;-43,30052;"SR-RJ";"DEL5/1";"UOP02/RJ"
262131;2020-01-11;"sábado";"13:15:00";"GO";40;107;"CRISTALINA";"Defeito Mecânico no Veículo";"Incêndio";"Sem Vítimas";"Pleno dia";"Decrescente";"Céu Claro";"Dupla";"Reta";"Não";1;0;0;0;1;0;0;1;-16,83159;-47,5351;"SR-DF";"UOP02/DF";""
262132;2020-01-11;"sábado";"13:25:00";"RS";116;142,4;"CAXIAS DO SUL";"Falta de Atenção à Condução";"Colisão com objeto estático";"Com Vítimas Feridas";"Pleno dia";"Crescente";"Nublado";"Dupla";"Curva";"Sim";1;0;1;0;0;0;1;1;-29,11727;-51,11521;"SR-RS";"DEL9/5";"UOP01/RS"
262133;2020-01-11;"sábado";"14:15:00";"PR";277;584,7;"CASCAVEL";"Não guardar distância de segurança";"Colisão traseira";"Com Vítimas Feridas";"Pleno dia";"Decrescente";"Céu Claro";"Simples";"Reta";"Não";4;0;2;0;2;0;2;2;-24,96684;-53,40258;"SR-PR";"DEL7/4";"UOP01/PR"
262134;2020-01-11;"sábado";"14:10:00";"PE";428;189,6;"PETROLINA";"Desobediência às normas de trânsito pelo condutor";"Colisão transversal";"Com Vítimas Feridas";"Pleno dia";"Crescente";"Sol";"Dupla";"Retorno Regulamentado";"Sim";2;0;0;1;1;0;1;2;-9,377959;-40,50426;"SR-PE";"DEL11/6";"UOP01/PE"
262135;2020-01-11;"sábado";"13:00:00";"MG";459;40,5;"SANTA RITA DE CALDAS";"Velocidade Incompatível";"Colisão com objeto estático";"Com Vítimas Feridas";"Pleno dia";"Decrescente";"Chuva";"Simples";"Curva";"Não";2;0;1;0;1;0;1;1;-21,9914;-46,32991;"SR-MG";"DEL09";"UOP04/MG"
262136;2020-01-11;"sábado";"11:40:00";"BA";324;543;"AMELIA RODRIGUES";"Não guardar distância de segurança";"Colisão traseira";"Com Vítimas Feridas";"Pleno dia";"Decrescente";"Céu Claro";"Simples";"Reta";"Não";3;0;1;0;2;0;1;2;-12,39713;-38,76807;"SR-BA";"DEL10/1";"UOP01/BA"
262137;2020-01-11;"sábado";"14:30:00";"SP";101;28;"UBATUBA";"Ingestão de Álcool";"Tombamento";"Com Vítimas Feridas";"Pleno dia";"Crescente";"Céu Claro";"Simples";"Curva";"Não";1;0;1;0;0;0;1;1;-23,37197;-44,95651;"SR-SP";"DEL6";"UOP03/SP"
262138;2020-01-11;"sábado";"14:45:00";"GO";40;21,5;"LUZIANIA";"Desobediência às normas de trânsito pelo condutor";"Colisão transversal";"Com Vítimas Feridas";"Pleno dia";"Decrescente";"Céu Claro";"Múltipla";"Reta";"Sim";3;0;2;0;1;0;2;2;-16,21854;-47,91573;"SR-DF";"UOP01/DF";""
262139;2020-01-11;"sábado";"13:45:00";"MG";40;431,2;"PARAOPEBA";"Condutor Dormindo";"Saída de leito carroçável";"Com Vítimas Feridas";"Pleno dia";"Decrescente";"Sol";"Dupla";"Reta";"Não";1;0;0;1;0;0;1;1;-19,20036;-44,47603;"SR-MG";"DEL4/2";"UOP01/MG"
262140;2020-01-11;"sábado";"14:40:00";"PR";476;153,9;"ARAUCARIA";"Falta de Atenção do Pedestre";"Atropelamento de Pedestre";"Com Vítimas Feridas";"Pleno dia";"Decrescente";"Céu Claro";"Dupla";"Reta";"Sim";3;0;0;1;2;0;1;1;-25,5817;-49,39813;"SR-PR";"DEL7/1";"UOP04/PR"
262142;2020-01-11;"sábado";"14:00:00";"RJ";101;309;"SAO GONCALO";"Não guardar distância de segurança";"Colisão traseira";"Com Vítimas Feridas";"Pleno dia";"Decrescente";"Céu Claro";"Dupla";"Reta";"Sim";2;0;0;1;1;0;1;2;-22,79499;-43,03446;"SR-RJ";"DEL5/2";"UOP01/RJ"
262143;2020-01-11;"sábado";"13:00:00";"MA";226;567,6;"PORTO FRANCO";"Defeito na Via";"Colisão lateral";"Com Vítimas Fatais";"Pleno dia";"Crescente";"Céu Claro";"Simples";"Reta";"Não";2;1;0;0;1;0;0;2;-6,328657;-47,35319;"SR-MA";"DEL18/4";"UOP02/MA"
262146;2020-01-11;"sábado";"14:00:00";"ES";101;269,5;"SERRA";"Desobediência às normas de trânsito pelo condutor";"Colisão transversal";"Com Vítimas Feridas";"Pleno dia";"Decrescente";"Céu Claro";"Múltipla";"Interseção de vias";"Sim";8;0;2;0;6;0;2;4;-20,2174;-40,26991;"SR-ES";"DEL12/2";"UOP01/ES"
262147;2020-01-11;"sábado";"14:00:00";"ES";101;288;"CARIACICA";"Falta de Atenção à Condução";"Saída de leito carroçável";"Com Vítimas Feridas";"Pleno dia";"Crescente";"Céu Claro";"Dupla";"Reta";"Sim";1;0;1;0;0;0;1;1;-20,2716;-40,39092;"SR-ES";"DEL12/1";"UOP01/ES"
262149;2020-01-11;"sábado";"15:15:00";"PR";369;142;"IBIPORA";"Ingestão de Álcool";"Colisão frontal";"Com Vítimas Feridas";"Pleno dia";"Crescente";"Nublado";"Simples";"Reta";"Sim";3;0;0;1;1;1;1;2;-23,29061;-51,08513;"SR-PR";"DEL7/7";"UOP01/PR"
262150;2020-01-11;"sábado";"11:30:00";"RJ";40;119;"DUQUE DE CAXIAS";"Ingestão de álcool e/ou substâncias psicoativas pelo pedestre";"Atropelamento de Pedestre";"Com Vítimas Feridas";"Pleno dia";"Crescente";"Sol";"Múltipla";"Reta";"Sim";3;0;1;0;2;0;1;1;-22,76376;-43,28683;"SR-RJ";"DEL5/1";"UOP01/RJ"
262151;2020-01-11;"sábado";"12:00:00";"RJ";493;107;"ITAGUAI";"Falta de Atenção à Condução";"Saída de leito carroçável";"Com Vítimas Feridas";"Pleno dia";"Crescente";"Céu Claro";"Dupla";"Reta";"Não";1;0;0;1;0;0;1;1;-22,80847;-43,79562;"SR-RJ";"DEL5/3";"UOP01/RJ"
262152;2020-01-11;"sábado";"15:00:00";"PR";373;175,3;"PONTA GROSSA";"Falta de Atenção à Condução";"Colisão transversal";"Com Vítimas Feridas";"Pleno dia";"Crescente";"Chuva";"Dupla";"Retorno Regulamentado";"Sim";2;0;2;0;0;0;2;2;-25,06522;-50,21305;"SR-PR";"DEL7/3";"UOP01/PR"
262153;2020-01-11;"sábado";"15:40:00";"RS";116;190,5;"NOVA PETROPOLIS";"Velocidade Incompatível";"Colisão traseira";"Com Vítimas Feridas";"Pleno dia";"Crescente";"Céu Claro";"Simples";"Curva";"Não";2;0;0;1;1;0;1;2;-29,42252;-51,13229;"SR-RS";"DEL9/5";"UOP02/RS"
262154;2020-01-11;"sábado";"15:23:00";"PR";116;210;"RIO NEGRO";"Desobediência às normas de trânsito pelo condutor";"Colisão frontal";"Com Vítimas Feridas";"Pleno dia";"Crescente";"Céu Claro";"Simples";"Reta";"Sim";3;0;0;1;2;0;1;2;-26,07479;-49,76117;"SR-SC";"DEL8/6";"UOP01/SC"
262155;2020-01-11;"sábado";"16:00:00";"RJ";485;0,3;"ITATIAIA";"Falta de Atenção à Condução";"Colisão lateral";"Com Vítimas Feridas";"Pleno dia";"Decrescente";"Chuva";"Simples";"Reta";"Sim";5;0;4;1;0;0;5;2;-22,49193;-44,5635;"SR-RJ";"DEL5/7";"UOP02/RJ"
262156;2020-01-11;"sábado";"12:20:00";"SC";116;144,8;"SANTA CECILIA";"Velocidade Incompatível";"Tombamento";"Com Vítimas Feridas";"Pleno dia";"Crescente";"Nublado";"Simples";"Curva";"Não";3;0;3;0;0;0;3;1;-26,99398;-50,39845;"SR-SC";"DEL8/6";"UOP02/SC"
262157;2020-01-11;"sábado";"16:34:00";"GO";40;4,3;"VALPARAISO DE GOIAS";"Desobediência às normas de trânsito pelo condutor";"Colisão transversal";"Com Vítimas Feridas";"Pleno dia";"Decrescente";"Céu Claro";"Dupla";"Reta";"Sim";7;0;3;0;4;0;3;2;-16,08524;-47,98675;"SR-DF";"UOP01/DF";""
262158;2020-01-10;"sexta-feira";"05:00:00";"SC";282;359,1;"ERVAL VELHO";"Ingestão de Álcool";"Colisão com objeto estático";"Com Vítimas Fatais";"Plena Noite";"Crescente";"Ignorado";"Simples";"Reta";"Não";1;1;0;0;0;0;0;1;-27,32418;-51,36026;"SR-SC";"DEL7";"UOP07/SC"
262159;2020-01-11;"sábado";"16:15:00";"MG";40;503,8;"ESMERALDAS";"Ingestão de Álcool";"Colisão traseira";"Sem Vítimas";"Pleno dia";"Crescente";"Céu Claro";"Dupla";"Não Informado";"Sim";2;0;0;0;1;1;0;2;-19,72839;-44,15327;"SR-MG";"DEL4/2";"UOP01/MG"
262160;2020-01-11;"sábado";"16:30:00";"GO";364;322;"PORTELANDIA";"Velocidade Incompatível";"Colisão traseira";"Com Vítimas Feridas";"Pleno dia";"Decrescente";"Chuva";"Simples";"Curva";"Não";6;0;4;0;2;0;4;2;-17,40715;-52,64487;"SR-GO";"DEL1/5";"UOP01/GO"
262161;2020-01-11;"sábado";"13:10:00";"RJ";116;235;"PIRAI";"Defeito Mecânico no Veículo";"Queda de ocupante de veículo";"Com Vítimas Feridas";"Pleno dia";"Decrescente";"Céu Claro";"Dupla";"Reta";"Não";1;0;1;0;0;0;1;1;-22,66935;-43,85529;"SR-RJ";"DEL5/7";"UOP01/RJ"
262162;2020-01-11;"sábado";"16:00:00";"RS";116;526;"PELOTAS";"Ingestão de Álcool";"Tombamento";"Com Vítimas Feridas";"Pleno dia";"Decrescente";"Céu Claro";"Simples";"Rotatória";"Sim";1;0;1;0;0;0;1;1;-31,74308;-52,39967;"SR-RS";"DEL9/7";"UOP01/RS"
262163;2020-01-11;"sábado";"14:55:00";"PR";376;221,7;"CAMBIRA";"Velocidade Incompatível";"Saída de leito carroçável";"Com Vítimas Feridas";"Pleno dia";"Crescente";"Sol";"Dupla";"Curva";"Não";1;0;1;0;0;0;1;1;-23,6024;-51,60067;"SR-PR";"DEL7/7";"UOP03/PR"
262164;2020-01-11;"sábado";"15:34:00";"MT";163;838;"SINOP";"Desobediência às normas de trânsito pelo condutor";"Colisão transversal";"Sem Vítimas";"Pleno dia";"Crescente";"Céu Claro";"Simples";"Interseção de vias";"Sim";3;0;0;0;3;0;0;2;-11,96001;-55,51691;"SR-MT";"DEL2/6";"UOP02/MT"
262165;2020-01-11;"sábado";"16:00:00";"RO";364;197,2;"PIMENTA BUENO";"Falta de Atenção à Condução";"Colisão transversal";"Com Vítimas Feridas";"Pleno dia";"Crescente";"Nublado";"Simples";"Reta";"Sim";2;0;1;0;1;0;1;2;-11,6788;-61,18789;"SR-RO";"DEL21/2";"UOP02/RO"
262166;2020-01-11;"sábado";"16:10:00";"MG";381;454;"BELO HORIZONTE";"Não guardar distância de segurança";"Engavetamento";"Com Vítimas Feridas";"Pleno dia";"Crescente";"Sol";"Simples";"Não Informado";"Sim";5;0;3;0;2;0;3;3;-19,84128;-43,87162;"SR-MG";"DEL4/1";"UOP01/MG"
262167;2020-01-11;"sábado";"16:30:00";"RJ";40;84;"PETROPOLIS";"Velocidade Incompatível";"Queda de ocupante de veículo";"Com Vítimas Feridas";"Pleno dia";"Crescente";"Garoa/Chuvisco";"Simples";"Curva";"Não";1;0;1;0;0;0;1;1;-22,52146;-43,23708;"SR-RJ";"DEL5/6";"UOP03/RJ"
262168;2020-01-11;"sábado";"15:30:00";"SC";282;525;"XAXIM";"Falta de Atenção à Condução";"Colisão lateral";"Com Vítimas Feridas";"Pleno dia";"Crescente";"Nublado";"Simples";"Curva";"Não";2;0;1;0;1;0;1;2;-26,96544;-52,56638;"SR-SC";"DEL7";"UOP01/SC"
262170;2020-01-11;"sábado";"17:00:00";"AL";424;93,7;"SATUBA";"Ultrapassagem Indevida";"Colisão frontal";"Com Vítimas Feridas";"Pleno dia";"Decrescente";"Céu Claro";"Simples";"Curva";"Não";4;0;0;2;2;0;2;3;-9,596773;-35,87859;"SR-AL";"DEL13/2";"UOP01/AL"
262171;2020-01-11;"sábado";"17:00:00";"RN";101;101;"PARNAMIRIM";"Não guardar distância de segurança";"Colisão traseira";"Com Vítimas Feridas";"Anoitecer";"Crescente";"Nublado";"Dupla";"Viaduto";"Sim";2;0;1;0;0;1;1;2;-5,886811;-35,23143;"SR-RN";"DEL15/1";"UOP01/RN"
262172;2020-01-11;"sábado";"17:25:00";"MG";40;552,1;"NOVA LIMA";"Velocidade Incompatível";"Colisão traseira";"Com Vítimas Feridas";"Pleno dia";"Decrescente";"Céu Claro";"Dupla";"Reta";"Sim";2;0;0;1;1;0;1;2;-20,06301;-43,9784;"SR-MG";"DEL4/1";"UOP02/MG"
262173;2020-01-11;"sábado";"15:30:00";"PE";428;61,5;"SANTA MARIA DA BOA VISTA";"Condutor Dormindo";"Saída de leito carroçável";"Com Vítimas Feridas";"Pleno dia";"Crescente";"Céu Claro";"Simples";"Reta";"Não";3;0;3;0;0;0;3;1;-8,634376;-39,7114;"SR-PE";"DEL11/6";"UOP03/PE"
262174;2020-01-11;"sábado";"17:42:00";"SP";116;167;"JACAREI";"Falta de Atenção à Condução";"Colisão com objeto estático";"Sem Vítimas";"Anoitecer";"Decrescente";"Nublado";"Simples";"Desvio Temporário";"Sim";1;0;0;0;1;0;0;1;-23,30255;-46,0264;"SR-SP";"DEL6/2";"UOP01/SP"
262175;2020-01-11;"sábado";"14:45:00";"BA";116;901;"CANDIDO SALES";"Falta de Atenção à Condução";"Tombamento";"Com Vítimas Feridas";"Pleno dia";"Crescente";"Céu Claro";"Simples";"Reta";"Não";1;0;1;0;0;0;1;1;-15,36851;-41,18454;"SR-BA";"DEL10/8";"UOP03/BA"
262176;2020-01-11;"sábado";"16:35:00";"PR";163;185;"SANTA TEREZA DO OESTE";"Pista Escorregadia";"Saída de leito carroçável";"Com Vítimas Feridas";"Pleno dia";"Decrescente";"Nublado";"Dupla";"Curva";"Não";2;0;1;0;1;0;1;1;-25,13566;-53,5836;"SR-PR";"DEL7/4";"UOP06/PR"
262177;2020-01-11;"sábado";"17:40:00";"RS";386;342,8;"LAJEADO";"Mal Súbito";"Saída de leito carroçável";"Com Vítimas Feridas";"Pleno dia";"Crescente";"Céu Claro";"Simples";"Reta";"Sim";2;0;2;0;0;0;2;1;-29,43163;-52,01193;"SR-RS";"DEL9/4";"UOP01/RS"
262178;2020-01-11;"sábado";"17:40:00";"MA";222;667;"ACAILANDIA";"Não guardar distância de segurança";"Colisão lateral";"Com Vítimas Feridas";"Anoitecer";"Crescente";"Nublado";"Simples";"Reta";"Não";2;0;1;0;1;0;1;2;-4,902642;-47,39968;"SR-MA";"DEL18/4";"UOP03/MA"
262179;2020-01-11;"sábado";"18:00:00";"CE";116;307,5;"JAGUARIBE";"Ingestão de Álcool";"Colisão frontal";"Com Vítimas Fatais";"Plena Noite";"Crescente";"Céu Claro";"Simples";"Reta";"Não";4;2;0;0;1;1;0;2;-5,878087;-38,61375;"SR-CE";"DEL16/5";"UOP02/CE"
262180;2020-01-11;"sábado";"18:15:00";"PI";407;424;"PICOS";"Falta de Atenção à Condução";"Colisão transversal";"Com Vítimas Feridas";"Plena Noite";"Crescente";"Céu Claro";"Simples";"Reta";"Sim";2;0;0;1;0;1;1;2;-7,086907;-41,4282;"SR-PI";"DEL17/4";"UOP01/PI"
262181;2020-01-11;"sábado";"16:40:00";"RJ";101;392;"RIO DE JANEIRO";"Velocidade Incompatível";"Colisão com objeto estático";"Com Vítimas Feridas";"Pleno dia";"Decrescente";"Nublado";"Dupla";"Reta";"Não";1;0;1;0;0;0;1;1;-22,88895;-43,70498;"SR-RJ";"DEL5/3";"UOP01/RJ"
262182;2020-01-11;"sábado";"17:55:00";"PR";376;305,8;"MAUA DA SERRA";"Velocidade Incompatível";"Colisão com objeto estático";"Com Vítimas Feridas";"Pleno dia";"Decrescente";"Nublado";"Dupla";"Curva";"Não";4;0;4;0;0;0;4;1;-23,95912;-51,11371;"SR-PR";"DEL7/7";"UOP02/PR"
262184;2020-01-11;"sábado";"18:30:00";"SP";381;73,3;"SAO PAULO";"Velocidade Incompatível";"Capotamento";"Sem Vítimas";"Anoitecer";"Decrescente";"Chuva";"Dupla";"Curva";"Não";1;0;0;0;1;0;0;1;-23,36553;-46,55254;"SR-SP";"DEL6/3";"UOP02/SP"
262185;2020-01-11;"sábado";"17:35:00";"PA";163;1001;"SANTAREM";"Falta de Atenção à Condução";"Colisão transversal";"Com Vítimas Feridas";"Pleno dia";"Decrescente";"Céu Claro";"Simples";"Reta";"Não";2;0;1;0;1;0;1;2;-2,464507;-54,72745;"SR-PA";"DEL19/5";"UOP01/PA"
262186;2020-01-11;"sábado";"18:30:00";"MG";40;525;"CONTAGEM";"Desobediência às normas de trânsito pelo condutor";"Colisão transversal";"Com Vítimas Feridas";"Anoitecer";"Crescente";"Nublado";"Dupla";"Reta";"Sim";3;0;1;1;1;0;2;2;-19,88362;-44,05039;"SR-MG";"DEL4/1";"UOP02/MG"
262187;2020-01-11;"sábado";"18:50:00";"SP";116;204;"ARUJA";"Ingestão de Álcool";"Colisão lateral";"Sem Vítimas";"Anoitecer";"Crescente";"Céu Claro";"Múltipla";"Reta";"Não";2;0;0;0;2;0;0;2;-23,41236;-46,35692;"SR-SP";"DEL6/1";"UOP01/SP"
262188;2020-01-11;"sábado";"13:30:00";"PR";163;131,9;"CAPITAO LEONIDAS MARQUES";"Pista Escorregadia";"Saída de leito carroçável";"Com Vítimas Feridas";"Pleno dia";"Crescente";"Chuva";"Simples";"Reta";"Não";3;0;1;0;2;0;1;1;-25,56778;-53,57407;"SR-PR";"DEL7/4";"UOP06/PR"
262190;2020-01-11;"sábado";"14:50:00";"MT";70;235;"POXOREO";"Pista Escorregadia";"Saída de leito carroçável";"Com Vítimas Feridas";"Pleno dia";"Decrescente";"Chuva";"Simples";"Reta";"Não";3;0;2;0;1;0;2;1;-15,63034;-53,98454;"SR-MT";"DEL2/5";"UOP01/MT"
262191;2020-01-11;"sábado";"17:30:00";"RJ";116;279;"BARRA MANSA";"Defeito Mecânico no Veículo";"Colisão com objeto estático";"Com Vítimas Feridas";"Anoitecer";"Crescente";"Chuva";"Dupla";"Curva";"Não";1;0;1;0;0;0;1;1;-22,54744;-44,18366;"SR-RJ";"DEL5/7";"UOP02/RJ"
262192;2020-01-11;"sábado";"19:50:00";"GO";40;7;"VALPARAISO DE GOIAS";"Desobediência às normas de trânsito pelo condutor";"Atropelamento de Pedestre";"Com Vítimas Feridas";"Plena Noite";"Crescente";"Céu Claro";"Dupla";"Reta";"Sim";3;0;2;0;1;0;2;1;-16,10848;-47,97252;"SR-DF";"UOP01/DF";""
262193;2020-01-11;"sábado";"18:15:00";"RJ";101;571;"PARATY";"Desobediência às normas de trânsito pelo condutor";"Colisão traseira";"Sem Vítimas";"Plena Noite";"Decrescente";"Chuva";"Simples";"Reta";"Não";2;0;0;0;2;0;0;2;-23,1858;-44,72424;"SR-RJ";"DEL5/3";"UOP04/RJ"
262194;2020-01-11;"sábado";"18:50:00";"PR";369;178,5;"ARAPONGAS";"Ingestão de Álcool";"Colisão traseira";"Sem Vítimas";"Anoitecer";"Decrescente";"Nublado";"Múltipla";"Reta";"Não";3;0;0;0;3;0;0;3;-23,36194;-51,4002;"SR-PR";"DEL7/7";"UOP01/PR"
262195;2020-01-11;"sábado";"18:30:00";"PA";230;631;"ALTAMIRA";"Falta de Atenção à Condução";"Queda de ocupante de veículo";"Com Vítimas Feridas";"Anoitecer";"Crescente";"Céu Claro";"Simples";"Reta";"Sim";1;0;1;0;0;0;1;1;-3,173693;-52,17226;"SR-PA";"DEL19/4";"UOP01/PA"
262196;2020-01-11;"sábado";"18:00:00";"RR";174;499;"BOA VISTA";"Restrição de Visibilidade";"Atropelamento de Pedestre";"Com Vítimas Feridas";"Plena Noite";"Decrescente";"Céu Claro";"Simples";"Desvio Temporário";"Sim";3;0;2;0;1;0;2;1;2,772157;-60,71441;"SR-RR";"UOP01/RR";""