"id";"data_inversa";"dia_semana";"horario";"uf";"br";"km";"municipio";"causa_acidente";"tipo_acidente";"classificacao_acidente";"fase_dia";"sentido_via";"condicao_metereologica";"tipo_pista";"tracado_via";"uso_solo";"pessoas";"mortos";"feridos_leves";"feridos_graves";"ilesos";"ignorados";"feridos";"veiculos";"latitude";"longitude";"regional";"delegacia";"uop"
262285;2020-01-12;"domingo";"06:56:00";"RJ";116;164;"RIO DE JANEIRO";"Falta de Atenção à Condução";"Colisão traseira";"Sem Vítimas";"Pleno dia";"Decrescente";"Céu Claro";"Dupla";"Curva";"Não";2;0;0;0;2;0;0;2;-22,81074;-43,28844;"SR-RJ";"DEL5/1";"UOP01/RJ"
262286;2020-01-12;"domingo";"07:15:00";"PR";277;712,9;"SANTA TEREZINHA DE ITAIPU";"Ingestão de álcool e/ou substâncias psicoativas pelo pedestre";"Saída de leito carroçável";"Com Vítimas Feridas";"Pleno dia";"Decrescente";"Céu Claro";"Dupla";"Reta";"Não";1;0;1;0;0;0;1;1;-25,45781;-54,4312;"SR-PR";"DEL7/5";"UOP01/PR"
262287;2020-01-12;"domingo";"06:00:00";"PR";163;103,2;"CAPANEMA";"Ingestão de Álcool";"Saída de leito carroçável";"Sem Vítimas";"Amanhecer";"Crescente";"Céu Claro";"Simples";"Curva";"Não";1;0;0;0;1;0;0;1;-25,60244;-53,76238;"SR-PR";"DEL7/2";"UOP04/PR"
262288;2020-01-12;"domingo";"07:00:00";"ES";101;322;"GUARAPARI";"Falta de Atenção à Condução";"Colisão lateral";"Sem Vítimas";"Pleno dia";"Decrescente";"Céu Claro";"Múltipla";"Desvio Temporário";"Não";2;0;0;0;1;1;0;2;-20,52834;-40,48237;"SR-ES";"DEL12/3";"UOP01/ES"
262289;2020-01-12;"domingo";"05:50:00";"SP";116;272,9;"TABOAO DA SERRA";"Ingestão de Álcool";"Saída de leito carroçável";"Sem Vítimas";"Amanhecer";"Decrescente";"Céu Claro";"Dupla";"Retorno Regulamentado";"Sim";2;0;0;0;2;0;0;1;-23,62169;-46,81329;"SR-SP";"DEL6/4";"UOP01/SP"
262290;2020-01-12;"domingo";"07:00:00";"SC";282;646;"SAO MIGUEL DO OESTE";"Ingestão de álcool e/ou substâncias psicoativas pelo pedestre";"Saída de leito carroçável";"Com Vítimas Feridas";"Pleno dia";"Crescente";"Céu Claro";"Simples";"Não Informado";"Sim";1;0;1;0;0;0;1;1;-26,76393;-53,49683;"SR-SC";"DEL7";"UOP03/SC"
262291;2020-01-12;"domingo";"05:00:00";"BA";101;574;"ARATACA";"Falta de Atenção do Pedestre";"Atropelamento de Pedestre";"Com Vítimas Fatais";"Amanhecer";"Decrescente";"Céu Claro";"Simples";"Reta";"Não";2;1;0;0;0;1;0;1;-15,31477;-39,49687;"SR-BA";"DEL10/5";"UOP02/BA"
262293;2020-01-12;"domingo";"08:40:00";"RS";392;18,4;"RIO GRANDE";"Velocidade Incompatível";"Colisão traseira";"Com Vítimas Feridas";"Pleno dia";"Crescente";"Sol";"Dupla";"Reta";"Sim";8;0;2;0;6;0;2;2;-32,09018;-52,17651;"SR-RS";"DEL9/7";"UOP02/RS"
262294;2020-01-12;"domingo";"06:20:00";"MG";381;456;"BELO HORIZONTE";"Não guardar distância de segurança";"Colisão traseira";"Com Vítimas Feridas";"Pleno dia";"Crescente";"Céu Claro";"Dupla";"Curva";"Sim";3;0;2;0;1;0;2;2;-19,85095;-43,88817;"SR-MG";"DEL4/1";"UOP01/MG"
262295;2020-01-12;"domingo";"08:20:00";"BA";110;5,8;"PAULO AFONSO";"Velocidade Incompatível";"Saída de leito carroçável";"Com Vítimas Feridas";"Pleno dia";"Crescente";"Sol";"Simples";"Ponte";"Não";5;0;4;1;0;0;5;1;-9,49662;-38,21521;"SR-BA";"DEL10/7";"UOP01/BA"
262297;2020-01-12;"domingo";"10:30:00";"MG";365;473,5;"PATROCINIO";"Não guardar distância de segurança";"Colisão traseira";"Com Vítimas Feridas";"Pleno dia";"Decrescente";"Céu Claro";"Simples";"Não Informado";"Sim";3;0;1;0;2;0;1;2;-18,92253;-47,0152;"SR-MG";"DEL4/10";"UOP01/MG"
262298;2020-01-12;"domingo";"10:30:00";"PE";232;508,3;"SALGUEIRO";"Desobediência às normas de trânsito pelo condutor";"Colisão transversal";"Com Vítimas Feridas";"Pleno dia";"Crescente";"Céu Claro";"Simples";"Reta";"Sim";2;0;0;1;1;0;1;2;-8,062756;-39,1233;"SR-PE";"DEL11/5";"UOP01/PE"
262299;2020-01-12;"domingo";"10:40:00";"MG";40;457,6;"CAETANOPOLIS";"Velocidade Incompatível";"Tombamento";"Com Vítimas Feridas";"Pleno dia";"Crescente";"Céu Claro";"Dupla";"Curva";"Não";1;0;1;0;0;0;1;1;-19,37147;-44,33613;"SR-MG";"DEL4/2";"UOP01/MG"
262301;2020-01-12;"domingo";"10:50:00";"PB";101;88;"JOAO PESSOA";"Não guardar distância de segurança";"Colisão traseira";"Com Vítimas Feridas";"Pleno dia";"Crescente";"Céu Claro";"Dupla";"Reta";"Sim";3;0;0;1;1;1;1;2;-7,165689;-34,89653;"SR-PB";"DEL14/1";"UOP01/PB"
262302;2020-01-12;"domingo";"04:55:00";"MG";116;110,1;"ITAOBIM";"Condutor Dormindo";"Colisão frontal";"Com Vítimas Fatais";"Amanhecer";"Decrescente";"Céu Claro";"Simples";"Reta";"Não";6;3;0;2;1;0;2;2;-16,51283;-41,5062;"SR-MG";"DEL4/11";"UOP02/MG"
262303;2020-01-12;"domingo";"10:40:00";"CE";20;421;"MARACANAU";"Desobediência às normas de trânsito pelo condutor";"Colisão transversal";"Com Vítimas Feridas";"Pleno dia";"Crescente";"Céu Claro";"Dupla";"Reta";"Sim";3;0;0;2;1;0;2;2;-3,76999;-38,67006;"SR-CE";"DEL16/1";"UOP02/CE"
262304;2020-01-12;"domingo";"10:30:00";"RS";386;385,7;"TABAI";"Falta de Atenção à Condução";"Saída de leito carroçável";"Com Vítimas Feridas";"Pleno dia";"Crescente";"Céu Claro";"Dupla";"Reta";"Sim";3;0;3;0;0;0;3;1;-29,68211;-51,72397;"SR-RS";"DEL9/4";"UOP02/RS"
262305;2020-01-12;"domingo";"10:00:00";"PB";230;219,8;"SOLEDADE";"Defeito Mecânico no Veículo";"Capotamento";"Com Vítimas Feridas";"Pleno dia";"Decrescente";"Sol";"Simples";"Reta";"Não";4;0;1;1;2;0;2;1;-7,0463;-36,3909;"SR-PB";"DEL14/2";"UOP02/PB"
262306;2020-01-12;"domingo";"11:05:00";"SC";101;29,1;"JOINVILLE";"Falta de Atenção à Condução";"Colisão traseira";"Com Vítimas Feridas";"Pleno dia";"Crescente";"Nublado";"Dupla";"Reta";"Sim";3;0;0;1;1;1;1;2;-26,2119;-48,9159;"SR-SC";"DEL8/3";"UOP01/SC"
262307;2020-01-12;"domingo";"11:20:00";"SP";101;50;"UBATUBA";"Falta de Atenção à Condução";"Tombamento";"Com Vítimas Feridas";"Pleno dia";"Crescente";"Nublado";"Simples";"Reta";"Sim";1;0;1;0;0;0;1;1;-23,45019;-45,07744;"SR-SP";"DEL6";"UOP03/SP"
262308;2020-01-12;"domingo";"07:50:00";"MT";70;346;"CAMPO VERDE";"Desobediência às normas de trânsito pelo condutor";"Colisão lateral";"Com Vítimas Feridas";"Pleno dia";"Crescente";"Céu Claro";"Simples";"Reta";"Não";3;0;0;1;1;1;1;2;-15,51192;-54,85651;"SR-MT";"DEL2/5";"UOP01/MT"
262309;2020-01-12;"domingo";"11:15:00";"SC";470;139,1;"RIO DO SUL";"Falta de Atenção à Condução";"Tombamento";"Com Vítimas Feridas";"Pleno dia";"Crescente";"Céu Claro";"Dupla";"Interseção de vias";"Sim";2;0;1;0;1;0;1;2;-27,21756;-49,65461;"SR-SC";"DEL8/4";"UOP02/SC"
262310;2020-01-12;"domingo";"11:30:00";"GO";50;248,5;"CATALAO";"Falta de Atenção à Condução";"Colisão lateral";"Sem Vítimas";"Pleno dia";"Decrescente";"Céu Claro";"Dupla";"Não Informado";"Não";3;0;0;0;3;0;0;2;-17,9522;-47,7883;"SR-GO";"DEL1/6";"UOP01/GO"
262311;2020-01-12;"domingo";"11:30:00";"MG";50;30,5;"ARAGUARI";"Defeito Mecânico no Veículo";"Queda de ocupante de veículo";"Com Vítimas Feridas";"Pleno dia";"Crescente";"Céu Claro";"Dupla";"Curva";"Não";1;0;1;0;0;0;1;1;-18,61551;-48,11661;"SR-MG";"DEL4/15";"UOP02/MG"
262312;2020-01-12;"domingo";"11:40:00";"RJ";101;545;"PARATY";"Desobediência às normas de trânsito pelo condutor";"Colisão transversal";"Com Vítimas Feridas";"Pleno dia";"Crescente";"Céu Claro";"Simples";"Reta";"Não";5;0;0;1;2;2;1;2;-23,04286;-44,61881;"SR-RJ";"DEL5/3";"UOP03/RJ"
262313;2020-01-12;"domingo";"09:05:00";"PE";423;173,3;"AGUAS BELAS";"Falta de Atenção à Condução";"Colisão traseira";"Com Vítimas Feridas";"Pleno dia";"Decrescente";"Céu Claro";"Simples";"Desvio Temporário";"Não";2;0;1;0;1;0;1;2;-9,12888;-37,0783;"SR-AL";"DEL13/3";"UOP02/AL"
262314;2020-01-12;"domingo";"10:00:00";"RR";401;126;"BONFIM";"Falta de Atenção à Condução";"Saída de leito carroçável";"Sem Vítimas";"Pleno dia";"Crescente";"Céu Claro";"Simples";"Reta";"Não";2;0;0;0;2;0;0;1;3,482059;-59,93323;"SR-RR";"UOP01/RR";""
262315;2020-01-12;"domingo";"12:25:00";"PE";232;126,9;"CARUARU";"Falta de Atenção à Condução";"Saída de leito carroçável";"Com Vítimas Feridas";"Pleno dia";"Decrescente";"Céu Claro";"Dupla";"Curva";"Sim";2;0;1;0;1;0;1;2;-8,305392;-35,96745;"SR-PE";"DEL11/2";"UOP02/PE"
262316;2020-01-12;"domingo";"10:30:00";"AL";104;25;"UNIAO DOS PALMARES";"Falta de Atenção à Condução";"Saída de leito carroçável";"Com Vítimas Feridas";"Pleno dia";"Decrescente";"Céu Claro";"Simples";"Curva";"Não";2;0;0;1;0;1;1;1;-9,090121;-36,05202;"SR-AL";"DEL13/1";"UOP02/AL"
262317;2020-01-12;"domingo";"13:20:00";"PE";232;468,6;"MIRANDIBA";"Desobediência às normas de trânsito pelo condutor";"Colisão frontal";"Com Vítimas Fatais";"Pleno dia";"Crescente";"Céu Claro";"Simples";"Reta";"Não";2;1;0;1;0;0;1;2;-8,022357;-38,78991;"SR-PE";"DEL11/5";"UOP01/PE"
262319;2020-01-12;"domingo";"12:40:00";"PR";116;59,4;"CAMPINA GRANDE DO SUL";"Falta de Atenção à Condução";"Colisão com objeto estático";"Com Vítimas Feridas";"Pleno dia";"Crescente";"Sol";"Dupla";"Curva";"Não";1;0;1;0;0;0;1;1;-25,30336;-48,94379;"SR-PR";"DEL7/1";"UOP02/PR"
262320;2020-01-12;"domingo";"13:00:00";"RN";304;208,7;"CAICARA DO RIO DO VENTO";"Defeito Mecânico no Veículo";"Saída de leito carroçável";"Com Vítimas Feridas";"Pleno dia";"Decrescente";"Nublado";"Simples";"Reta";"Não";1;0;1;0;0;0;1;1;-5,740079;-36,09479;"SR-RN";"DEL15/1";"UOP03/RN"
262321;2020-01-12;"domingo";"11:20:00";"MG";251;354;"FRUTA DE LEITE";"Velocidade Incompatível";"Tombamento";"Com Vítimas Feridas";"Pleno dia";"Decrescente";"Sol";"Simples";"Não Informado";"Não";2;0;0;1;1;0;1;1;-16,2709;-42,5604;"SR-MG";"DEL4/12";"UOP01/MG"
262324;2020-01-12;"domingo";"13:15:00";"SP";116;199,1;"ARUJA";"Não guardar distância de segurança";"Colisão traseira";"Com Vítimas Feridas";"Pleno dia";"Decrescente";"Garoa/Chuvisco";"Múltipla";"Reta";"Sim";7;0;4;0;3;0;4;2;-23,40185;-46,31154;"SR-SP";"DEL6/1";"UOP01/SP"
262325;2020-01-12;"domingo";"12:39:00";"SP";116;299,6;"ITAPECERICA DA SERRA";"Ingestão de Álcool";"Colisão lateral";"Sem Vítimas";"Pleno dia";"Decrescente";"Céu Claro";"Dupla";"Curva";"Não";2;0;0;0;2;0;0;2;-23,79881;-46,91524;"SR-SP";"DEL6/4";"UOP01/SP"
262326;2020-01-12;"domingo";"13:14:00";"SP";101;31,7;"UBATUBA";"Falta de Atenção à Condução";"Colisão transversal";"Com Vítimas Feridas";"Pleno dia";"Crescente";"Nublado";"Simples";"Curva";"Não";3;0;2;0;1;0;2;2;-23,38811;-44,98122;"SR-SP";"DEL6";"UOP03/SP"
262327;2020-01-12;"domingo";"12:50:00";"SP";381;77;"SAO PAULO";"Pista Escorregadia";"Saída de leito carroçável";"Com Vítimas Feridas";"Pleno dia";"Crescente";"Chuva";"Dupla";"Não Informado";"Não";4;0;2;0;2;0;2;2;-23,38884;-46,56935;"SR-SP";"DEL6/3";"UOP02/SP"
262328;2020-01-12;"domingo";"13:20:00";"SP";381;54;"MAIRIPORA";"Falta de Atenção à Condução";"Colisão com objeto estático";"Com Vítimas Feridas";"Pleno dia";"Decrescente";"Chuva";"Dupla";"Curva";"Sim";2;0;2;0;0;0;2;1;-23,24491;-46,59562;"SR-SP";"DEL6/3";"UOP02/SP"
262329;2020-01-12;"domingo";"14:00:00";"SP";116;488,9;"CAJATI";"Velocidade Incompatível";"Saída de leito carroçável";"Com Vítimas Feridas";"Pleno dia";"Crescente";"Chuva";"Dupla";"Curva";"Sim";2;0;1;0;1;0;1;1;-24,73098;-48,09816;"SR-SP";"DEL6/5";"UOP03/SP"
262332;2020-01-12;"domingo";"08:00:00";"MG";262;436,7;"NOVA SERRANA";"Avarias e/ou desgaste excessivo no pneu";"Tombamento";"Com Vítimas Feridas";"Pleno dia";"Decrescente";"Sol";"Dupla";"Não Informado";"Não";2;0;2;0;0;0;2;1;-19,89784;-44,86032;"SR-MG";"DEL4/8";"UOP03/MG"
262333;2020-01-12;"domingo";"13:20:00";"SC";101;264,4;"PAULO LOPES";"Falta de Atenção à Condução";"Colisão lateral";"Com Vítimas Feridas";"Pleno dia";"Decrescente";"Sol";"Dupla";"Reta";"Não";4;0;1;1;1;1;2;2;-28,05149;-48,71633;"SR-SC";"DEL8/2";"UOP03/SC"
262334;2020-01-12;"domingo";"11:15:00";"MG";116;460,3;"ENGENHEIRO CALDAS";"Desobediência às normas de trânsito pelo condutor";"Colisão transversal";"Com Vítimas Feridas";"Pleno dia";"Decrescente";"Céu Claro";"Simples";"Reta";"Não";2;0;1;0;1;0;1;2;-19,23401;-42,05671;"SR-MG";"DEL4/6";"UOP02/MG"
262336;2020-01-12;"domingo";"14:30:00";"RS";392;652,8;"GUARANI DAS MISSOES";"Ingestão de Álcool";"Engavetamento";"Sem Vítimas";"Pleno dia";"Crescente";"Sol";"Simples";"Curva";"Não";5;0;0;0;5;0;0;4;-28,13179;-54,62214;"SR-RS";"DEL9/10";"UOP01/RS"
262337;2020-01-12;"domingo";"13:30:00";"RS";386;32,5;"FREDERICO WESTPHALEN";"Desobediência às normas de trânsito pelo condutor";"Colisão transversal";"Com Vítimas Feridas";"Pleno dia";"Crescente";"Céu Claro";"Simples";"Reta";"Sim";2;0;0;1;0;1;1;2;-27,34669;-53,38652;"SR-RS";"DEL08";"UOP02/RS"
262338;2020-01-12;"domingo";"14:00:00";"SC";470;134,8;"RIO DO SUL";"Falta de Atenção à Condução";"Colisão transversal";"Com Vítimas Feridas";"Pleno dia";"Crescente";"Céu Claro";"Simples";"Interseção de vias";"Não";2;0;0;1;1;0;1;2;-27,17824;-49,59465;"SR-SC";"DEL8/4";"UOP02/SC"
262339;2020-01-12;"domingo";"13:00:00";"MG";116;550,4;"SANTA BARBARA DO LESTE";"Falta de Atenção à Condução";"Colisão transversal";"Com Vítimas Feridas";"Pleno dia";"Decrescente";"Céu Claro";"Simples";"Reta";"Não";4;0;2;0;2;0;2;2;-19,96878;-42,13645;"SR-MG";"DEL4/6";"UOP02/MG"
262340;2020-01-12;"domingo";"14:10:00";"RJ";116;196,5;"QUEIMADOS";"Falta de Atenção do Pedestre";"Atropelamento de Pedestre";"Com Vítimas Fatais";"Pleno dia";"Crescente";"Nublado";"Dupla";"Reta";"Não";2;1;0;0;1;0;0;1;-22,73337;-43,55659;"SR-RJ";"DEL5/1";"UOP02/RJ"
262341;2020-01-12;"domingo";"02:30:00";"MG";381;720,7;"CARMO DA CACHOEIRA";"Velocidade Incompatível";"Tombamento";"Com Vítimas Feridas";"Pleno dia";"Decrescente";"Nublado";"Dupla";"Curva";"Não";1;0;1;0;0;0;1;1;-21,46061;-45,20744;"SR-MG";"DEL4/4";"UOP02/MG"
262343;2020-01-12;"domingo";"15:00:00";"RJ";116;225,6;"PIRAI";"Pista Escorregadia";"Colisão transversal";"Com Vítimas Feridas";"Pleno dia";"Decrescente";"Chuva";"Dupla";"Curva";"Não";4;0;2;0;2;0;2;2;-22,67103;-43,83121;"SR-RJ";"DEL5/7";"UOP01/RJ"
262344;2020-01-12;"domingo";"13:50:00";"RJ";40;111;"DUQUE DE CAXIAS";"Falta de Atenção à Condução";"Colisão lateral";"Com Vítimas Feridas";"Pleno dia";"Decrescente";"Nublado";"Múltipla";"Não Informado";"Sim";21;0;10;3;7;1;13;3;-22,69187;-43,28745;"SR-RJ";"DEL5/1";"UOP01/RJ"
262345;2020-01-12;"domingo";"15:10:00";"ES";101;436;"MIMOSO DO SUL";"Condutor Dormindo";"Saída de leito carroçável";"Com Vítimas Feridas";"Pleno dia";"Crescente";"Céu Claro";"Simples";"Reta";"Não";4;0;0;1;3;0;1;1;-21,10797;-41,25918;"SR-ES";"DEL12/3";"UOP02/ES"
262346;2020-01-12;"domingo";"15:15:00";"PI";343;23;"PARNAIBA";"Ingestão de Álcool";"Colisão transversal";"Sem Vítimas";"Pleno dia";"Decrescente";"Céu Claro";"Simples";"Reta";"Sim";2;0;0;0;1;1;0;2;-3,007861;-41,76722;"SR-PI";"DEL17/5";"UOP01/PI"
262347;2020-01-12;"domingo";"15:15:00";"ES";101;267;"SERRA";"Desobediência às normas de trânsito pelo condutor";"Queda de ocupante de veículo";"Com Vítimas Feridas";"Pleno dia";"Decrescente";"Céu Claro";"Múltipla";"Reta";"Sim";2;0;1;0;0;1;1;1;-20,19931;-40,26885;"SR-ES";"DEL12/2";"UOP01/ES"
262348;2020-01-12;"domingo";"15:00:00";"MG";381;500;"BETIM";"Defeito Mecânico no Veículo";"Incêndio";"Com Vítimas Feridas";"Pleno dia";"Decrescente";"Céu Claro";"Dupla";"Reta";"Não";1;0;1;0;0;0;1;1;-20,02513;-44,23113;"SR-MG";"DEL4/1";"UOP03/MG"
262349;2020-01-12;"domingo";"13:00:00";"MT";70;507;"CUIABA";"Ultrapassagem Indevida";"Colisão frontal";"Com Vítimas Feridas";"Pleno dia";"Crescente";"Céu Claro";"Simples";"Reta";"Não";3;0;2;0;1;0;2;3;-15,70204;-56,07834;"SR-MT";"DEL2/1";"UOP01/MT"
262350;2020-01-12;"domingo";"15:20:00";"SP";116;109;"TAUBATE";"Falta de Atenção à Condução";"Colisão lateral";"Com Vítimas Feridas";"Pleno dia";"Crescente";"Chuva";"Dupla";"Reta";"Sim";2;0;1;0;1;0;1;2;-23,02871;-45,54517;"SR-SP";"DEL6";"UOP01/SP"
262351;2020-01-12;"domingo";"14:50:00";"PR";277;485,5;"NOVA LARANJEIRAS";"Objeto estático sobre o leito carroçável";"Queda de ocupante de veículo";"Com Vítimas Feridas";"Pleno dia";"Decrescente";"Nublado";"Simples";"Curva";"Não";1;0;0;1;0;0;1;1;-25,26613;-52,62117;"SR-PR";"DEL7/4";"UOP03/PR"
262353;2020-01-12;"domingo";"15:45:00";"DF";70;3,7;"BRASILIA";"Falta de Atenção à Condução";"Colisão traseira";"Com Vítimas Feridas";"Pleno dia";"Crescente";"Céu Claro";"Dupla";"Reta";"Sim";2;0;1;0;0;1;1;2;-15,80245;-48,08039;"SR-DF";"UOP06/DF";""
262354;2020-01-12;"domingo";"15:42:00";"PE";428;189,9;"PETROLINA";"Desobediência às normas de trânsito pelo condutor";"Colisão traseira";"Com Vítimas Feridas";"Pleno dia";"Crescente";"Céu Claro";"Dupla";"Reta";"Sim";3;0;1;1;1;0;2;2;-9,371975;-40,4868;"SR-PE";"DEL11/6";"UOP01/PE"
262355;2020-01-12;"domingo";"15:00:00";"MG";262;814;"UBERABA";"Falta de Atenção à Condução";"Colisão lateral";"Com Vítimas Feridas";"Pleno dia";"Crescente";"Céu Claro";"Dupla";"Retorno Regulamentado";"Sim";2;0;1;0;1;0;1;2;-19,762;-48,01416;"SR-MG";"DEL13";"UOP01/MG"
262356;2020-01-12;"domingo";"12:30:00";"MT";70;380;"CAMPO VERDE";"Falta de Atenção à Condução";"Colisão transversal";"Com Vítimas Feridas";"Pleno dia";"Decrescente";"Céu Claro";"Simples";"Reta";"Sim";2;0;1;0;1;0;1;2;-15,51448;-55,11821;"SR-MT";"DEL2/5";"UOP01/MT"
262357;2020-01-12;"domingo";"16:10:00";"GO";153;417;"ANAPOLIS";"Ingestão de Álcool";"Tombamento";"Com Vítimas Feridas";"Pleno dia";"Decrescente";"Céu Claro";"Simples";"Reta";"Não";1;0;1;0;0;0;1;1;-16,151;-49,04475;"SR-GO";"DEL1/2";"UOP01/GO"
262358;2020-01-12;"domingo";"16:00:00";"ES";262;58;"MARECHAL FLORIANO";"Condutor Dormindo";"Colisão frontal";"Com Vítimas Feridas";"Pleno dia";"Crescente";"Sol";"Simples";"Curva";"Não";6;0;0;5;1;0;5;2;-20,42076;-40,76928;"SR-ES";"DEL12/1";"UOP01/ES"
262359;2020-01-12;"domingo";"16:00:00";"PR";277;660;"MATELANDIA";"Falta de Atenção à Condução";"Queda de ocupante de veículo";"Com Vítimas Feridas";"Pleno dia";"Decrescente";"Nublado";"Dupla";"Não Informado";"Não";1;0;1;0;0;0;1;1;-25,25136;-53,99028;"SR-PR";"DEL7/5";"UOP02/PR"
262361;2020-01-12;"domingo";"16:50:00";"GO";153;418;"ANAPOLIS";"Falta de Atenção à Condução";"Colisão traseira";"Sem Vítimas";"Pleno dia";"Crescente";"Céu Claro";"Simples";"Reta";"Não";3;0;0;0;3;0;0;2;-16,15982;-49,04351;"SR-GO";"DEL1/2";"UOP01/GO"
262362;2020-01-12;"domingo";"16:20:00";"RJ";101;271;"TANGUA";"Pista Escorregadia";"Colisão com objeto estático";"Com Vítimas Feridas";"Pleno dia";"Crescente";"Chuva";"Dupla";"Curva";"Sim";21;0;7;13;1;0;20;1;-22,72443;-42,69368;"SR-RJ";"DEL5/2";"UOP02/RJ"
262363;2020-01-12;"domingo";"16:40:00";"RJ";101;293,4;"ITABORAI";"Agressão Externa";"Colisão com objeto estático";"Com Vítimas Feridas";"Anoitecer";"Decrescente";"Céu Claro";"Dupla";"Interseção de vias";"Sim";1;0;1;0;0;0;1;1;-22,7562;-42,88724;"SR-RJ";"DEL5/2";"UOP02/RJ"
262365;2020-01-12;"domingo";"17:10:00";"PE";101;72;"RECIFE";"Falta de Atenção à Condução";"Colisão com objeto estático";"Com Vítimas Feridas";"Anoitecer";"Crescente";"Céu Claro";"Dupla";"Reta";"Sim";1;0;1;0;0;0;1;1;-8,084931;-34,94506;"SR-PE";"DEL11/1";"UOP01/PE"
262366;2020-01-12;"domingo";"16:45:00";"MG";365;649;"UBERLANDIA";"Falta de Atenção à Condução";"Capotamento";"Com Vítimas Feridas";"Pleno dia";"Decrescente";"Nublado";"Dupla";"Reta";"Não";1;0;1;0;0;0;1;1;-18,87111;-48,54958;"SR-MG";"DEL4/15";"UOP01/MG"
262367;2020-01-12;"domingo";"17:20:00";"SP";101;35,4;"UBATUBA";"Desobediência às normas de trânsito pelo condutor";"Colisão transversal";"Sem Vítimas";"Pleno dia";"Crescente";"Chuva";"Simples";"Reta";"Não";2;0;0;0;1;1;0;2;-23,39251;-45,00853;"SR-SP";"DEL6";"UOP03/SP"
262368;2020-01-12;"domingo";"17:00:00";"RN";304;305;"PARNAMIRIM";"Desobediência às normas de trânsito pelo condutor";"Colisão traseira";"Com Vítimas Feridas";"Anoitecer";"Crescente";"Céu Claro";"Dupla";"Reta";"Não";3;0;2;0;1;0;2;3;-5,887693;-35,27219;"SR-RN";"DEL15/1";"UOP02/RN"
262369;2020-01-12;"domingo";"17:20:00";"RN";101;112,3;"PARNAMIRIM";"Não guardar distância de segurança";"Colisão traseira";"Com Vítimas Feridas";"Anoitecer";"Decrescente";"Nublado";"Dupla";"Desvio Temporário";"Não";3;0;2;0;1;0;2;2;-5,96429;-35,26488;"SR-RN";"DEL15/1";"UOP01/RN"
262370;2020-01-12;"domingo";"17:20:00";"TO";242;436,6;"FORMOSO DO ARAGUAIA";"Falta de Atenção à Condução";"Saída de leito carroçável";"Com Vítimas Feridas";"Pleno dia";"Decrescente";"Céu Claro";"Simples";"Reta";"Não";1;0;1;0;0;0;1;1;-11,87076;-49,40076;"SR-TO";"UOP01/TO";""
262371;2020-01-12;"domingo";"15:10:00";"PE";408;68,2;"PAUDALHO";"Falta de Atenção à Condução";"Saída de leito carroçável";"Com Vítimas Fatais";"Pleno dia";"Crescente";"Ignorado";"Dupla";"Desvio Temporário";"Não";1;1;0;0;0;0;0;1;-7,864082;-35,20695;"SR-PE";"DEL11/1";"UOP01/PE"
262372;2020-01-12;"domingo";"17:10:00";"ES";262;6,3;"CARIACICA";"Falta de Atenção do Pedestre";"Atropelamento de Pedestre";"Com Vítimas Feridas";"Pleno dia";"Decrescente";"Sol";"Múltipla";"Reta";"Sim";3;0;3;0;0;0;3;1;-20,34007;-40,39451;"SR-ES";"DEL12/1";"UOP01/ES"
262373;2020-01-12;"domingo";"16:20:00";"MT";364;474;"JANGADA";"Defeito Mecânico no Veículo";"Colisão com objeto em movimento";"Com Vítimas Feridas";"Pleno dia";"Decrescente";"Sol";"Simples";"Não Informado";"Não";4;0;1;0;3;0;1;3;-15,43256;-56,33922;"SR-MT";"DEL2/4";"UOP02/MT"
262376;2020-01-07;"terça-feira";"07:15:00";"SC";280;221,1;"TRES BARRAS";"Velocidade Incompatível";"Tombamento";"Sem Vítimas";"Pleno dia";"Decrescente";"Sol";"Simples";"Interseção de vias";"Não";1;0;0;0;1;0;0;1;-26,17271;-50,27121;"SR-SC";"DEL8/6";"UOP04/SC"
262377;2020-01-12;"domingo";"17:41:00";"RJ";40;82;"PETROPOLIS";"Falta de Atenção à Condução";"Saída de leito carroçável";"Com Vítimas Feridas";"Pleno dia";"Crescente";"Chuva";"Simples";"Curva";"Não";3;0;1;0;2;0;1;1;-22,51898;-43,22856;"SR-RJ";"DEL5/6";"UOP03/RJ"
262378;2020-01-12;"domingo";"16:40:00";"GO";60;80,5;"ANAPOLIS";"Ingestão de Álcool";"Saída de leito carroçável";"Sem Vítimas";"Pleno dia";"Decrescente";"Céu Claro";"Dupla";"Reta";"Não";1;0;0;0;1;0;0;1;-16,3053;-48,8208;"SR-GO";"DEL1/2";"UOP01/GO"
262379;2020-01-12;"domingo";"17:30:00";"SP";153;72,8;"SAO JOSE DO RIO PRETO";"Falta de Atenção à Condução";"Colisão traseira";"Com Vítimas Feridas";"Pleno dia";"Crescente";"Céu Claro";"Dupla";"Reta";"Sim";3;0;1;0;2;0;1;2;-20,86716;-49,41334;"SR-SP";"DEL6/9";"UOP01/SP"
262380;2020-01-12;"domingo";"17:00:00";"MG";381;293;"ANTONIO DIAS";"Velocidade Incompatível";"Colisão frontal";"Com Vítimas Feridas";"Pleno dia";"Decrescente";"Céu Claro";"Simples";"Reta";"Não";2;0;0;1;1;0;1;2;-19,63347;-42,80733;"SR-MG";"DEL4/3";"UOP02/MG"
262382;2020-01-12;"domingo";"17:40:00";"SC";101;90,2;"BARRA VELHA";"Não guardar distância de segurança";"Engavetamento";"Com Vítimas Feridas";"Pleno dia";"Decrescente";"Céu Claro";"Dupla";"Reta";"Não";4;0;1;0;3;0;1;3;-26,66353;-48,68888;"SR-SC";"DEL8/3";"UOP02/SC"