"id";"data_inversa";"dia_semana";"horario";"uf";"br";"km";"municipio";"causa_acidente";"tipo_acidente";"classificacao_acidente";"fase_dia";"sentido_via";"condicao_metereologica";"tipo_pista";"tracado_via";"uso_solo";"pessoas";"mortos";"feridos_leves";"feridos_graves";"ilesos";"ignorados";"feridos";"veiculos";"latitude";"longitude";"regional";"delegacia";"uop"
262383;2020-01-12;"domingo";"17:20:00";"ES";101;232,8;"FUNDAO";"Falta de Atenção à Condução";"Capotamento";"Com Vítimas Feridas";"Pleno dia";"Crescente";"Céu Claro";"Dupla";"Reta";"Não";1;0;0;1;0;0;1;1;-19,96052;-40,40703;"SR-ES";"DEL12/2";"UOP01/ES"
262384;2020-01-12;"domingo";"18:10:00";"PE";101;53,8;"PAULISTA";"Falta de Atenção do Pedestre";"Atropelamento de Pedestre";"Com Vítimas Fatais";"Plena Noite";"Crescente";"Nublado";"Dupla";"Reta";"Não";3;1;0;0;1;1;0;1;-7,938911;-34,90356;"SR-PE";"DEL11/1";"UOP02/PE"
262385;2020-01-12;"domingo";"16:50:00";"SC";101;156;"PORTO BELO";"Carga excessiva e/ou mal acondicionada";"Colisão com objeto estático";"Sem Vítimas";"Pleno dia";"Decrescente";"Sol";"Simples";"Reta";"Não";1;0;0;0;1;0;0;1;-27,17227;-48,6117;"SR-SC";"DEL8/4";"UOP03/SC"
262386;2020-01-12;"domingo";"16:25:00";"RR";401;3;"CANTA";"Avarias e/ou desgaste excessivo no pneu";"Danos eventuais";"Com Vítimas Feridas";"Pleno dia";"Decrescente";"Céu Claro";"Simples";"Reta";"Não";2;0;1;0;1;0;1;1;2,793862;-60,66666;"SR-RR";"UOP01/RR";""
262387;2020-01-12;"domingo";"17:45:00";"RJ";116;137;"DUQUE DE CAXIAS";"Falta de Atenção à Condução";"Colisão traseira";"Sem Vítimas";"Anoitecer";"Crescente";"Chuva";"Simples";"Reta";"Sim";2;0;0;0;2;0;0;2;-22,64792;-43,18201;"SR-RJ";"DEL5/4";"UOP02/RJ"
262388;2020-01-12;"domingo";"17:00:00";"MT";163;769;"SORRISO";"Avarias e/ou desgaste excessivo no pneu";"Queda de ocupante de veículo";"Com Vítimas Feridas";"Anoitecer";"Decrescente";"Céu Claro";"Simples";"Reta";"Não";2;0;2;0;0;0;2;1;-12,35177;-55,59918;"SR-MT";"DEL2/6";"UOP01/MT"
262389;2020-01-12;"domingo";"18:30:00";"ES";262;5,5;"CARIACICA";"Falta de Atenção do Pedestre";"Atropelamento de Pedestre";"Com Vítimas Feridas";"Plena Noite";"Decrescente";"Céu Claro";"Múltipla";"Não Informado";"Sim";2;0;1;0;1;0;1;1;-20,33707;-40,3865;"SR-ES";"DEL12/1";"UOP01/ES"
262390;2020-01-12;"domingo";"18:15:00";"RS";472;173,5;"SANTA ROSA";"Não guardar distância de segurança";"Colisão traseira";"Com Vítimas Feridas";"Pleno dia";"Decrescente";"Sol";"Simples";"Reta";"Sim";3;0;1;1;1;0;2;2;-27,86092;-54,49762;"SR-RS";"DEL9/10";"UOP01/RS"
262391;2020-01-12;"domingo";"18:40:00";"MG";381;925,1;"ITAPEVA";"Falta de Atenção à Condução";"Colisão com objeto estático";"Com Vítimas Feridas";"Anoitecer";"Crescente";"Nublado";"Dupla";"Não Informado";"Não";2;0;2;0;0;0;2;1;-22,77721;-46,23911;"SR-MG";"DEL09";"UOP03/MG"
262392;2020-01-12;"domingo";"18:05:00";"PR";476;152;"ARAUCARIA";"Ingestão de Álcool";"Colisão traseira";"Com Vítimas Feridas";"Plena Noite";"Crescente";"Céu Claro";"Simples";"Interseção de vias";"Não";2;0;1;0;1;0;1;2;-25,57004;-49,38419;"SR-PR";"DEL7/1";"UOP04/PR"
262393;2020-01-12;"domingo";"13:30:00";"MG";116;530,6;"CARATINGA";"Desobediência às normas de trânsito pelo condutor";"Colisão frontal";"Com Vítimas Feridas";"Pleno dia";"Crescente";"Sol";"Simples";"Interseção de vias";"Sim";2;0;0;1;1;0;1;2;-19,76027;-42,13399;"SR-MG";"DEL4/6";"UOP02/MG"
262394;2020-01-12;"domingo";"15:00:00";"MG";116;433;"ENGENHEIRO CALDAS";"Avarias e/ou desgaste excessivo no pneu";"Saída de leito carroçável";"Com Vítimas Feridas";"Pleno dia";"Crescente";"Céu Claro";"Simples";"Curva";"Não";1;0;1;0;0;0;1;1;-19,02115;-41,98708;"SR-MG";"DEL4/6";"UOP01/MG"
262395;2020-01-12;"domingo";"18:45:00";"DF";70;13,3;"BRASILIA";"Ingestão de Álcool";"Colisão traseira";"Com Vítimas Feridas";"Pleno dia";"Crescente";"Céu Claro";"Dupla";"Reta";"Sim";4;0;2;0;1;1;2;2;-15,79456;-48,16658;"SR-DF";"UOP06/DF";""
262397;2020-01-12;"domingo";"18:00:00";"DF";70;13,6;"BRASILIA";"Falta de Atenção à Condução";"Capotamento";"Com Vítimas Feridas";"Anoitecer";"Crescente";"Céu Claro";"Dupla";"Rotatória";"Não";6;0;4;0;1;1;4;1;-15,79456;-48,16658;"SR-DF";"UOP06/DF";""
262399;2020-01-12;"domingo";"16:45:00";"MG";40;778;"JUIZ DE FORA";"Falta de Atenção à Condução";"Colisão lateral";"Com Vítimas Feridas";"Pleno dia";"Crescente";"Nublado";"Dupla";"Curva";"Não";3;0;1;0;1;1;1;3;-21,66781;-43,43632;"SR-MG";"DEL5";"UOP01/MG"
262400;2020-01-12;"domingo";"19:00:00";"PA";155;338;"MARABA";"Desobediência às normas de trânsito pelo condutor";"Colisão frontal";"Com Vítimas Fatais";"Anoitecer";"Decrescente";"Chuva";"Simples";"Reta";"Não";20;1;0;0;18;1;0;3;-5,447003;-49,07593;"SR-PA";"DEL19/3";"UOP01/PA"
262401;2020-01-12;"domingo";"18:30:00";"SP";116;159;"JACAREI";"Ingestão de Álcool";"Colisão traseira";"Com Vítimas Feridas";"Anoitecer";"Decrescente";"Nublado";"Dupla";"Reta";"Sim";4;0;1;0;2;1;1;2;-23,26585;-45,95984;"SR-SP";"DEL6/2";"UOP01/SP"
262402;2020-01-12;"domingo";"18:00:00";"PE";423;88,4;"SAO JOAO";"Falta de Atenção à Condução";"Capotamento";"Sem Vítimas";"Anoitecer";"Decrescente";"Céu Claro";"Simples";"Desvio Temporário";"Não";1;0;0;0;0;1;0;1;-8,829836;-36,45246;"SR-PE";"DEL11/3";"UOP01/PE"
262403;2020-01-12;"domingo";"19:35:00";"RJ";101;53,5;"CAMPOS DOS GOYTACAZES";"Animais na Pista";"Atropelamento de Animal";"Com Vítimas Feridas";"Plena Noite";"Decrescente";"Céu Claro";"Simples";"Reta";"Sim";6;0;5;0;1;0;5;2;-21,66048;-41,31129;"SR-RJ";"DEL5/8";"UOP01/RJ"
262405;2020-01-12;"domingo";"09:00:00";"MA";222;541;"BOM JESUS DAS SELVAS";"Velocidade Incompatível";"Colisão frontal";"Com Vítimas Fatais";"Pleno dia";"Decrescente";"Sol";"Simples";"Curva";"Não";2;1;0;0;1;0;0;2;-4,310535;-46,56981;"SR-MA";"DEL18/4";"UOP03/MA"
262407;2020-01-12;"domingo";"19:00:00";"PR";277;584;"CASCAVEL";"Ingestão de Álcool";"Colisão transversal";"Sem Vítimas";"Anoitecer";"Crescente";"Céu Claro";"Múltipla";"Interseção de vias";"Sim";10;0;0;0;10;0;0;3;-24,96684;-53,40258;"SR-PR";"DEL7/4";"UOP01/PR"
262408;2020-01-12;"domingo";"14:55:00";"PR";476;48;"ADRIANOPOLIS";"Desobediência às normas de trânsito pelo condutor";"Colisão lateral";"Com Vítimas Fatais";"Pleno dia";"Crescente";"Nublado";"Simples";"Curva";"Não";3;1;0;1;1;0;1;2;-24,92094;-49,09756;"SR-PR";"DEL7/1";"UOP06/PR"
262409;2020-01-12;"domingo";"19:35:00";"PR";163;252,6;"TOLEDO";"Pista Escorregadia";"Saída de leito carroçável";"Com Vítimas Fatais";"Plena Noite";"Decrescente";"Nublado";"Dupla";"Reta";"Não";3;1;0;1;0;1;1;1;-24,6827;-53,78039;"SR-PR";"DEL7/6";"UOP04/PR"
262411;2020-01-12;"domingo";"17:00:00";"BA";116;9;"VITORIA DA CONQUISTA";"Desobediência às normas de trânsito pelo condutor";"Colisão traseira";"Com Vítimas Feridas";"Pleno dia";"Decrescente";"Céu Claro";"Simples";"Reta";"Não";2;0;1;0;0;1;1;2;-14,85071;-40,88316;"SR-PE";"DEL11/5";"UOP03/PE"
262412;2020-01-12;"domingo";"19:20:00";"BA";101;110;"ALAGOINHAS";"Ingestão de Álcool";"Colisão transversal";"Com Vítimas Feridas";"Plena Noite";"Decrescente";"Céu Claro";"Simples";"Reta";"Sim";4;0;1;0;3;0;1;2;-12,16596;-38,42078;"SR-BA";"DEL10/1";"UOP04/BA"
262413;2020-01-12;"domingo";"18:30:00";"DF";251;37;"BRASILIA";"Desobediência às normas de trânsito pelo condutor";"Colisão traseira";"Com Vítimas Feridas";"Anoitecer";"Crescente";"Céu Claro";"Simples";"Não Informado";"Não";4;0;3;0;1;0;3;2;-15,94397;-47,7831;"SR-DF";"UOP01/DF";""
262414;2020-01-12;"domingo";"19:50:00";"SE";235;9;"NOSSA SENHORA DO SOCORRO";"Desobediência às normas de trânsito pelo condutor";"Colisão lateral";"Sem Vítimas";"Plena Noite";"Crescente";"Céu Claro";"Simples";"Reta";"Não";2;0;0;0;2;0;0;2;-10,88359;-37,13908;"SR-SE";"DEL20/1";"UOP01/SE"
262415;2020-01-12;"domingo";"19:30:00";"ES";101;262,3;"SERRA";"Velocidade Incompatível";"Tombamento";"Com Vítimas Feridas";"Plena Noite";"Crescente";"Céu Claro";"Dupla";"Reta";"Sim";1;0;1;0;0;0;1;1;-20,15723;-40,27678;"SR-ES";"DEL12/2";"UOP01/ES"
262416;2020-01-12;"domingo";"10:07:00";"MG";40;151,3;"JOAO PINHEIRO";"Falta de Atenção à Condução";"Saída de leito carroçável";"Com Vítimas Feridas";"Pleno dia";"Decrescente";"Céu Claro";"Simples";"Reta";"Não";4;0;1;0;3;0;1;1;-17,79832;-46,13492;"SR-MG";"DEL4/14";"UOP02/MG"
262417;2020-01-12;"domingo";"17:15:00";"MG";40;822,4;"SIMAO PEREIRA";"Condutor Dormindo";"Colisão traseira";"Com Vítimas Feridas";"Pleno dia";"Decrescente";"Nublado";"Dupla";"Reta";"Não";4;0;3;0;1;0;3;2;-21,95324;-43,30086;"SR-MG";"DEL5";"UOP01/MG"
262418;2020-01-12;"domingo";"16:30:00";"MA";316;378;"BACABAL";"Desobediência às normas de trânsito pelo condutor";"Colisão frontal";"Com Vítimas Fatais";"Pleno dia";"Crescente";"Céu Claro";"Simples";"Reta";"Sim";2;1;0;0;1;0;0;2;-4,214915;-44,63724;"SR-MA";"DEL18/3";"UOP01/MA"
262420;2020-01-12;"domingo";"20:10:00";"SP";116;203,4;"ARUJA";"Falta de Atenção do Pedestre";"Atropelamento de Pedestre";"Com Vítimas Feridas";"Plena Noite";"Crescente";"Chuva";"Dupla";"Desvio Temporário";"Sim";3;0;1;0;2;0;1;1;-23,41116;-46,35155;"SR-SP";"DEL6/1";"UOP01/SP"
262422;2020-01-12;"domingo";"20:22:00";"RN";101;66,3;"CEARA-MIRIM";"Desobediência às normas de trânsito pelo condutor";"Colisão transversal";"Com Vítimas Feridas";"Plena Noite";"Decrescente";"Céu Claro";"Simples";"Rotatória";"Não";7;0;2;0;5;0;2;2;-5,650334;-35,25016;"SR-RN";"DEL15/2";"UOP01/RN"
262423;2020-01-12;"domingo";"16:30:00";"BA";367;53;"PORTO SEGURO";"Falta de Atenção à Condução";"Saída de leito carroçável";"Com Vítimas Feridas";"Pleno dia";"Decrescente";"Sol";"Simples";"Reta";"Não";3;0;2;0;1;0;2;1;-16,3791;-39,32439;"SR-BA";"DEL10/9";"UOP01/BA"
262424;2020-01-12;"domingo";"17:00:00";"ES";262;29;"DOMINGOS MARTINS";"Falta de Atenção à Condução";"Colisão com objeto estático";"Sem Vítimas";"Plena Noite";"Decrescente";"Nublado";"Dupla";"Curva";"Não";1;0;0;0;1;0;0;1;-20,37585;-40,56027;"SR-ES";"DEL12/1";"UOP01/ES"
262425;2020-01-12;"domingo";"19:40:00";"PR";467;76,6;"TOLEDO";"Desobediência às normas de trânsito pelo condutor";"Colisão transversal";"Com Vítimas Feridas";"Plena Noite";"Crescente";"Céu Claro";"Dupla";"Retorno Regulamentado";"Sim";3;0;0;2;1;0;2;2;-24,7592;-53,6955;"SR-PR";"DEL7/4";"UOP01/PR"
262426;2020-01-12;"domingo";"18:35:00";"MT";163;1064;"GUARANTA DO NORTE";"Velocidade Incompatível";"Capotamento";"Com Vítimas Feridas";"Plena Noite";"Decrescente";"Garoa/Chuvisco";"Dupla";"Curva";"Sim";1;0;0;1;0;0;1;1;-10,09327;-54,91901;"SR-MT";"DEL2/6";"UOP02/MT"
262427;2020-01-12;"domingo";"19:15:00";"GO";414;396,4;"CORUMBA DE GOIAS";"Defeito Mecânico no Veículo";"Saída de leito carroçável";"Com Vítimas Feridas";"Plena Noite";"Decrescente";"Céu Claro";"Simples";"Reta";"Não";2;0;1;0;1;0;1;1;-15,9463;-48,80403;"SR-GO";"DEL1/2";"UOP01/GO"
262428;2020-01-12;"domingo";"20:55:00";"SE";101;47;"JAPARATUBA";"Desobediência às normas de trânsito pelo condutor";"Colisão transversal";"Com Vítimas Feridas";"Plena Noite";"Decrescente";"Céu Claro";"Dupla";"Reta";"Não";6;0;0;2;3;1;2;2;-10,57954;-36,96511;"SR-SE";"DEL20/2";"UOP02/SE"
262429;2020-01-12;"domingo";"15:00:00";"BA";116;28,1;"VITORIA DA CONQUISTA";"Desobediência às normas de trânsito pelo condutor";"Colisão traseira";"Sem Vítimas";"Pleno dia";"Crescente";"Céu Claro";"Simples";"Reta";"Não";2;0;0;0;2;0;0;2;-14,851;-40,8485;"SR-BA";"DEL10/8";"UOP01/BA"
262430;2020-01-12;"domingo";"16:40:00";"SP";116;445;"REGISTRO";"Ingestão de Álcool";"Colisão transversal";"Com Vítimas Feridas";"Pleno dia";"Crescente";"Nublado";"Dupla";"Reta";"Sim";2;0;1;0;1;0;1;2;-24,49791;-47,84209;"SR-SP";"DEL6/5";"UOP01/SP"
262431;2020-01-12;"domingo";"18:50:00";"MG";381;487;"BETIM";"Velocidade Incompatível";"Colisão traseira";"Sem Vítimas";"Anoitecer";"Decrescente";"Céu Claro";"Dupla";"Reta";"Sim";2;0;0;0;2;0;0;2;-19,95587;-44,1461;"SR-MG";"DEL4/1";"UOP03/MG"
262432;2020-01-12;"domingo";"14:30:00";"RO";364;718;"PORTO VELHO";"Fenômenos da Natureza";"Capotamento";"Com Vítimas Feridas";"Pleno dia";"Decrescente";"Chuva";"Dupla";"Reta";"Não";3;0;1;0;2;0;1;1;-8,798451;-63,91144;"SR-RO";"DEL21/1";"UOP01/RO"
262433;2020-01-12;"domingo";"18:50:00";"RJ";493;14;"MAGE";"Falta de Atenção à Condução";"Colisão lateral";"Sem Vítimas";"Plena Noite";"Decrescente";"Nublado";"Simples";"Reta";"Não";2;0;0;0;2;0;0;2;-22,67034;-42,98256;"SR-RJ";"DEL5/4";"UOP02/RJ"
262435;2020-01-12;"domingo";"22:00:00";"SC";101;211,5;"PALHOCA";"Desobediência às normas de trânsito pelo condutor";"Saída de leito carroçável";"Com Vítimas Feridas";"Plena Noite";"Decrescente";"Céu Claro";"Múltipla";"Reta";"Sim";1;0;1;0;0;0;1;1;-27,62329;-48,65246;"SR-SC";"DEL8/1";"UOP02/SC"
262436;2020-01-12;"domingo";"21:30:00";"CE";222;5;"CAUCAIA";"Desobediência às normas de trânsito pelo condutor";"Colisão transversal";"Com Vítimas Feridas";"Plena Noite";"Decrescente";"Céu Claro";"Múltipla";"Reta";"Sim";2;0;1;0;1;0;1;2;-3,742969;-38,61331;"SR-CE";"DEL16/1";"UOP01/CE"
262437;2020-01-12;"domingo";"19:30:00";"RO";364;441;"JARU";"Desobediência às normas de trânsito pelo condutor";"Colisão frontal";"Com Vítimas Feridas";"Plena Noite";"Decrescente";"Céu Claro";"Simples";"Reta";"Não";2;0;1;0;1;0;1;2;-10,34928;-62,58865;"SR-RO";"DEL21/3";"UOP02/RO"
262438;2020-01-12;"domingo";"21:15:00";"RS";386;437,6;"NOVA SANTA RITA";"Falta de Atenção à Condução";"Colisão frontal";"Sem Vítimas";"Plena Noite";"Crescente";"Céu Claro";"Simples";"Reta";"Não";6;0;0;0;6;0;0;2;-29,85803;-51,26123;"SR-RS";"DEL9/4";"UOP02/RS"
262439;2020-01-12;"domingo";"19:30:00";"ES";101;287;"CARIACICA";"Falta de Atenção à Condução";"Colisão transversal";"Com Vítimas Feridas";"Plena Noite";"Crescente";"Céu Claro";"Dupla";"Reta";"Sim";2;0;1;0;1;0;1;2;-20,26494;-40,38472;"SR-ES";"DEL12/1";"UOP01/ES"
262440;2020-01-12;"domingo";"19:20:00";"TO";230;29;"NAZARE";"Desobediência às normas de trânsito pelo condutor";"Colisão frontal";"Com Vítimas Fatais";"Plena Noite";"Crescente";"Céu Claro";"Simples";"Reta";"Não";4;2;0;0;2;0;0;2;-6,410978;-47,61521;"SR-TO";"UOP05/TO";""
262442;2020-01-12;"domingo";"21:30:00";"PI";316;13,9;"TERESINA";"Falta de Atenção à Condução";"Saída de leito carroçável";"Com Vítimas Feridas";"Pleno dia";"Decrescente";"Céu Claro";"Dupla";"Retorno Regulamentado";"Sim";1;0;1;0;0;0;1;1;-5,214309;-42,7548;"SR-PI";"DEL17/1";"UOP02/PI"
262443;2020-01-12;"domingo";"22:35:00";"SC";101;195;"BIGUACU";"Objeto estático sobre o leito carroçável";"Colisão com objeto estático";"Sem Vítimas";"Plena Noite";"Decrescente";"Céu Claro";"Dupla";"Reta";"Não";1;0;0;0;1;0;0;1;-27,50471;-48,65011;"SR-SC";"DEL8/1";"UOP01/SC"
262444;2020-01-12;"domingo";"21:35:00";"RS";392;52,1;"RIO GRANDE";"Ingestão de Álcool";"Atropelamento de Pedestre";"Com Vítimas Feridas";"Plena Noite";"Crescente";"Céu Claro";"Simples";"Reta";"Não";5;0;0;1;1;3;1;1;-31,85622;-52,32535;"SR-RS";"DEL9/7";"UOP02/RS"
262445;2020-01-12;"domingo";"22:20:00";"BA";116;17;"VITORIA DA CONQUISTA";"Desobediência às normas de trânsito pelo condutor";"Colisão transversal";"Com Vítimas Feridas";"Plena Noite";"Crescente";"Céu Claro";"Simples";"Curva";"Sim";3;0;2;0;1;0;2;2;-14,90213;-40,84069;"SR-PE";"DEL11/5";"UOP03/PE"
262446;2020-01-12;"domingo";"20:05:00";"RJ";116;67;"TERESOPOLIS";"Desobediência às normas de trânsito pelo condutor";"Colisão transversal";"Com Vítimas Feridas";"Plena Noite";"Decrescente";"Nublado";"Simples";"Curva";"Sim";2;0;2;0;0;0;2;2;-22,29372;-42,93354;"SR-RJ";"DEL5/6";"UOP02/RJ"
262447;2020-01-12;"domingo";"22:00:00";"PB";230;4,8;"CABEDELO";"Sinalização da via insuficiente ou inadequada";"Colisão com objeto estático";"Com Vítimas Feridas";"Plena Noite";"Crescente";"Céu Claro";"Dupla";"Túnel";"Sim";1;0;0;1;0;0;1;1;-7,008728;-34,83072;"SR-PB";"DEL14/1";"UOP01/PB"
262448;2020-01-12;"domingo";"18:00:00";"MG";40;497;"ESMERALDAS";"Desobediência às normas de trânsito pelo condutor";"Saída de leito carroçável";"Com Vítimas Feridas";"Pleno dia";"Crescente";"Céu Claro";"Dupla";"Curva";"Não";3;0;3;0;0;0;3;1;-19,67802;-44,1883;"SR-MG";"DEL4/2";"UOP01/MG"
262449;2020-01-12;"domingo";"22:00:00";"SE";101;83,3;"LARANJEIRAS";"Ingestão de Álcool";"Colisão traseira";"Com Vítimas Feridas";"Plena Noite";"Crescente";"Céu Claro";"Dupla";"Desvio Temporário";"Não";2;0;1;0;1;0;1;2;-10,82644;-37,13848;"SR-SE";"DEL20/1";"UOP01/SE"
262450;2020-01-12;"domingo";"23:15:00";"PR";277;625,9;"CEU AZUL";"Ingestão de Álcool";"Colisão lateral";"Com Vítimas Feridas";"Plena Noite";"Decrescente";"Céu Claro";"Simples";"Reta";"Não";3;0;1;0;1;1;1;2;-25,10778;-53,74934;"SR-PR";"DEL7/5";"UOP02/PR"
262451;2020-01-12;"domingo";"22:30:00";"BA";116;416;"FEIRA DE SANTANA";"Falta de Atenção à Condução";"Colisão traseira";"Com Vítimas Fatais";"Plena Noite";"Decrescente";"Céu Claro";"Simples";"Reta";"Não";2;1;0;0;1;0;0;2;-12,16836;-38,96499;"SR-BA";"DEL10/2";"UOP01/BA"
262452;2020-01-12;"domingo";"19:40:00";"PE";316;331;"FLORESTA";"Ingestão de Álcool";"Atropelamento de Pedestre";"Com Vítimas Fatais";"Plena Noite";"Decrescente";"Céu Claro";"Simples";"Reta";"Não";3;1;0;0;0;2;0;2;-8,750825;-38,40151;"SR-PE";"DEL11/4";"UOP02/PE"
262453;2020-01-12;"domingo";"21:30:00";"MG";262;822,7;"UBERABA";"Velocidade Incompatível";"Saída de leito carroçável";"Com Vítimas Feridas";"Plena Noite";"Decrescente";"Nublado";"Dupla";"Reta";"Não";2;0;1;1;0;0;2;1;-19,76063;-48,1458;"SR-MG";"DEL13";"UOP01/MG"
262454;2020-01-12;"domingo";"18:00:00";"MT";364;555;"ROSARIO OESTE";"Falta de Atenção à Condução";"Saída de leito carroçável";"Com Vítimas Feridas";"Anoitecer";"Crescente";"Nublado";"Dupla";"Reta";"Não";1;0;1;0;0;0;1;1;-14,81342;-56,42026;"SR-MT";"DEL2/4";"UOP01/MT"
262456;2020-01-12;"domingo";"22:30:00";"MG";381;477,2;"CONTAGEM";"Falta de Atenção à Condução";"Colisão traseira";"Com Vítimas Feridas";"Plena Noite";"Crescente";"Céu Claro";"Dupla";"Não Informado";"Sim";2;0;1;0;1;0;1;2;-19,96179;-44,05042;"SR-MG";"DEL4/1";"UOP03/MG"
262457;2020-01-12;"domingo";"23:30:00";"SC";470;85,6;"RODEIO";"Falta de Atenção do Pedestre";"Atropelamento de Pedestre";"Com Vítimas Fatais";"Plena Noite";"Crescente";"Céu Claro";"Simples";"Reta";"Sim";2;1;0;0;1;0;0;1;-26,95611;-49,35041;"SR-SC";"DEL8/4";"UOP01/SC"
262458;2020-01-12;"domingo";"21:50:00";"PI";343;443;"AGUA BRANCA";"Falta de Atenção à Condução";"Colisão traseira";"Com Vítimas Fatais";"Plena Noite";"Decrescente";"Nublado";"Simples";"Reta";"Não";3;1;1;1;0;0;2;2;-5,880499;-42,6385;"SR-PI";"DEL17/1";"UOP02/PI"
262459;2020-01-12;"domingo";"18:50:00";"MA";135;86,8;"ITAPECURU MIRIM";"Falta de Atenção à Condução";"Colisão transversal";"Com Vítimas Fatais";"Plena Noite";"Crescente";"Nublado";"Simples";"Reta";"Não";4;2;0;1;0;1;1;2;-3,263683;-44,39405;"SR-MA";"DEL18/1";"UOP02/MA"
262460;2020-01-12;"domingo";"23:00:00";"SP";116;500;"CAJATI";"Pista Escorregadia";"Saída de leito carroçável";"Com Vítimas Feridas";"Plena Noite";"Crescente";"Garoa/Chuvisco";"Simples";"Curva";"Não";3;0;1;0;2;0;1;1;-24,78162;-48,18343;"SR-SP";"DEL6/5";"UOP03/SP"
262461;2020-01-12;"domingo";"22:50:00";"PI";343;593,9;"FLORIANO";"Ingestão de Álcool";"Atropelamento de Pedestre";"Com Vítimas Feridas";"Plena Noite";"Crescente";"Céu Claro";"Simples";"Reta";"Sim";2;0;1;0;1;0;1;1;-6,781913;-43,03827;"SR-PI";"DEL17/3";"UOP01/PI"
262462;2020-01-12;"domingo";"20:30:00";"SP";116;187;"SANTA ISABEL";"Falta de Atenção à Condução";"Tombamento";"Com Vítimas Feridas";"Plena Noite";"Decrescente";"Chuva";"Dupla";"Reta";"Não";1;0;1;0;0;0;1;1;-23,35664;-46,20607;"SR-SP";"DEL6/2";"UOP01/SP"
262463;2020-01-12;"domingo";"23:10:00";"PR";277;722,5;"FOZ DO IGUACU";"Falta de Atenção à Condução";"Saída de leito carroçável";"Sem Vítimas";"Plena Noite";"Crescente";"Céu Claro";"Dupla";"Reta";"Sim";1;0;0;0;1;0;0;1;-25,49495;-54,52095;"SR-PR";"DEL7/5";"UOP01/PR"
262464;2020-01-12;"domingo";"20:20:00";"MA";316;453,5;"PERITORO";"Ultrapassagem Indevida";"Colisão frontal";"Sem Vítimas";"Plena Noite";"Crescente";"Céu Claro";"Simples";"Reta";"Não";3;0;0;0;3;0;0;2;-4,497037;-44,11797;"SR-MA";"DEL18/3";"UOP01/MA"
262465;2020-01-12;"domingo";"22:20:00";"RJ";101;394;"RIO DE JANEIRO";"Ingestão de Álcool";"Colisão lateral";"Sem Vítimas";"Plena Noite";"Crescente";"Céu Claro";"Dupla";"Reta";"Não";2;0;0;0;2;0;0;2;-22,88582;-43,71288;"SR-RJ";"DEL5/3";"UOP01/RJ"
262466;2020-01-13;"segunda-feira";"00:10:00";"GO";50;273;"CATALAO";"Animais na Pista";"Atropelamento de Animal";"Sem Vítimas";"Plena Noite";"Decrescente";"Céu Claro";"Dupla";"Reta";"Sim";4;0;0;0;4;0;0;1;-18,1302;-47,9047;"SR-GO";"DEL1/6";"UOP01/GO"
262467;2020-01-13;"segunda-feira";"00:10:00";"PA";155;336;"MARABA";"Ingestão de Álcool";"Saída de leito carroçável";"Sem Vítimas";"Plena Noite";"Crescente";"Céu Claro";"Simples";"Reta";"Não";3;0;0;0;3;0;0;3;-5,432081;-49,0761;"SR-PA";"DEL19/3";"UOP01/PA"
262468;2020-01-13;"segunda-feira";"00:30:00";"MG";381;525;"BRUMADINHO";"Falta de Atenção à Condução";"Capotamento";"Com Vítimas Fatais";"Plena Noite";"Crescente";"Céu Claro";"Dupla";"Curva";"Não";1;1;0;0;0;0;0;1;-20,16711;-44,33422;"SR-MG";"DEL4/4";"UOP03/MG"
262469;2020-01-12;"domingo";"20:30:00";"RS";392;114,8;"CANGUCU";"Velocidade Incompatível";"Saída de leito carroçável";"Sem Vítimas";"Plena Noite";"Decrescente";"Céu Claro";"Simples";"Reta";"Não";1;0;0;0;0;1;0;1;-31,43235;-52,65623;"SR-RS";"DEL9/7";"UOP01/RS"
262470;2020-01-12;"domingo";"23:00:00";"PI";343;274;"CAMPO MAIOR";"Animais na Pista";"Atropelamento de Animal";"Com Vítimas Feridas";"Plena Noite";"Crescente";"Nublado";"Simples";"Reta";"Não";1;0;1;0;0;0;1;1;-4,879998;-42,22644;"SR-PI";"DEL17/1";"UOP03/PI"
262471;2020-01-13;"segunda-feira";"01:30:00";"PE";232;194,1;"SANHARO";"Ingestão de Álcool";"Colisão traseira";"Com Vítimas Feridas";"Plena Noite";"Crescente";"Céu Claro";"Simples";"Reta";"Sim";5;0;3;0;2;0;3;3;-8,362091;-36,55441;"SR-PE";"DEL11/2";"UOP02/PE"
262472;2020-01-13;"segunda-feira";"01:10:00";"MG";381;946,6;"EXTREMA";"Falta de Atenção do Pedestre";"Atropelamento de Pedestre";"Com Vítimas Feridas";"Plena Noite";"Crescente";"Céu Claro";"Dupla";"Curva";"Não";2;0;1;0;1;0;1;1;-22,86421;-46,34556;"SR-MG";"DEL09";"UOP03/MG"
262473;2020-01-12;"domingo";"23:00:00";"PA";308;151;"CAPANEMA";"Falta de Atenção à Condução";"Colisão com objeto estático";"Com Vítimas Feridas";"Plena Noite";"Decrescente";"Céu Claro";"Simples";"Reta";"Sim";1;0;0;1;0;0;1;1;-1,21064;-47,18274;"SR-PA";"DEL19/1";"UOP03/PA"