"id";"data_inversa";"dia_semana";"horario";"uf";"br";"km";"municipio";"causa_acidente";"tipo_acidente";"classificacao_acidente";"fase_dia";"sentido_via";"condicao_metereologica";"tipo_pista";"tracado_via";"uso_solo";"pessoas";"mortos";"feridos_leves";"feridos_graves";"ilesos";"ignorados";"feridos";"veiculos";"latitude";"longitude";"regional";"delegacia";"uop"
262474;2020-01-12;"domingo";"21:40:00";"PR";476;312,8;"PAULO FRONTIN";"Falta de Atenção à Condução";"Saída de leito carroçável";"Com Vítimas Feridas";"Plena Noite";"Decrescente";"Céu Claro";"Simples";"Curva";"Não";1;0;0;1;0;0;1;1;-26,02461;-50,67159;"SR-PR";"DEL7/2";"UOP03/PR"
262475;2020-01-12;"domingo";"21:15:00";"SP";116;68,6;"APARECIDA";"Mal Súbito";"Tombamento";"Sem Vítimas";"Plena Noite";"Decrescente";"Chuva";"Dupla";"Reta";"Sim";1;0;0;0;1;0;0;1;-22,83355;-45,21713;"SR-SP";"DEL6/8";"UOP02/SP"
262476;2020-01-13;"segunda-feira";"03:30:00";"SP";116;446;"REGISTRO";"Falta de Atenção à Condução";"Queda de ocupante de veículo";"Com Vítimas Feridas";"Plena Noite";"Decrescente";"Chuva";"Múltipla";"Reta";"Sim";1;0;1;0;0;0;1;1;-24,50467;-47,84773;"SR-SP";"DEL6/5";"UOP01/SP"
262477;2020-01-13;"segunda-feira";"03:20:00";"PR";158;223,9;"CAMPO MOURAO";"Velocidade Incompatível";"Saída de leito carroçável";"Com Vítimas Feridas";"Plena Noite";"Crescente";"Nublado";"Simples";"Reta";"Não";3;0;3;0;0;0;3;1;-24,08429;-52,37617;"SR-PR";"DEL7/4";"UOP05/PR"
262478;2020-01-13;"segunda-feira";"02:20:00";"CE";116;476,4;"MILAGRES";"Falta de Atenção à Condução";"Colisão lateral";"Com Vítimas Feridas";"Plena Noite";"Crescente";"Nublado";"Simples";"Reta";"Sim";4;0;2;0;2;0;2;2;-7,292112;-38,87065;"SR-CE";"DEL16/5";"UOP03/CE"
262479;2020-01-13;"segunda-feira";"02:20:00";"BA";324;621;"SALVADOR";"Desobediência às normas de trânsito pelo condutor";"Colisão traseira";"Com Vítimas Feridas";"Plena Noite";"Crescente";"Céu Claro";"Dupla";"Reta";"Sim";2;0;1;0;1;0;1;2;-12,91234;-38,45957;"SR-BA";"DEL10/1";"UOP01/BA"
262480;2020-01-13;"segunda-feira";"02:00:00";"PB";230;296;"SANTA LUZIA";"Condutor Dormindo";"Saída de leito carroçável";"Sem Vítimas";"Plena Noite";"Crescente";"Céu Claro";"Simples";"Reta";"Não";1;0;0;0;1;0;0;1;-6,8907;-36,9481;"SR-PB";"DEL14/3";"UOP01/PB"
262481;2020-01-13;"segunda-feira";"03:50:00";"ES";101;299;"VIANA";"Desobediência às normas de trânsito pelo pedestre";"Atropelamento de Pedestre";"Com Vítimas Fatais";"Plena Noite";"Decrescente";"Céu Claro";"Dupla";"Reta";"Sim";3;1;0;0;1;1;0;1;-20,35858;-40,42377;"SR-ES";"DEL12/1";"UOP01/ES"
262482;2020-01-13;"segunda-feira";"02:56:00";"ES";101;358,8;"ANCHIETA";"Condutor Dormindo";"Saída de leito carroçável";"Sem Vítimas";"Plena Noite";"Decrescente";"Céu Claro";"Simples";"Reta";"Não";1;0;0;0;0;1;0;1;-20,69172;-40,70425;"SR-ES";"DEL12/3";"UOP01/ES"
262483;2020-01-12;"domingo";"19:50:00";"MT";70;558,3;"NOSSA SENHORA DO LIVRAMENTO";"Desobediência às normas de trânsito pelo condutor";"Colisão frontal";"Com Vítimas Fatais";"Plena Noite";"Decrescente";"Céu Claro";"Simples";"Curva";"Não";6;1;0;3;2;0;3;3;-15,69831;-56,46161;"SR-MT";"DEL2/4";"UOP02/MT"
262485;2020-01-13;"segunda-feira";"05:30:00";"CE";222;223,3;"SOBRAL";"Falta de Atenção à Condução";"Colisão traseira";"Com Vítimas Feridas";"Amanhecer";"Crescente";"Nublado";"Simples";"Reta";"Não";2;0;0;1;1;0;1;2;-3,715998;-40,33583;"SR-CE";"DEL16/4";"UOP01/CE"
262486;2020-01-13;"segunda-feira";"05:20:00";"PR";476;152,1;"ARAUCARIA";"Ingestão de Álcool";"Colisão com objeto estático";"Com Vítimas Feridas";"Amanhecer";"Decrescente";"Nublado";"Dupla";"Reta";"Sim";1;0;1;0;0;0;1;1;-25,57004;-49,38419;"SR-PR";"DEL7/1";"UOP04/PR"
262487;2020-01-13;"segunda-feira";"03:55:00";"RO";364;375;"OURO PRETO DO OESTE";"Animais na Pista";"Atropelamento de Animal";"Sem Vítimas";"Amanhecer";"Decrescente";"Céu Claro";"Simples";"Reta";"Não";1;0;0;0;1;0;0;1;-10,7395;-62,18556;"SR-RO";"DEL21/2";"UOP01/RO"
262488;2020-01-13;"segunda-feira";"06:30:00";"PE";101;63;"RECIFE";"Falta de Atenção à Condução";"Colisão lateral";"Com Vítimas Feridas";"Pleno dia";"Crescente";"Sol";"Dupla";"Reta";"Sim";3;0;2;0;1;0;2;2;-8,008006;-34,93757;"SR-PE";"DEL11/1";"UOP01/PE"
262489;2020-01-13;"segunda-feira";"06:30:00";"ES";101;108,1;"SOORETAMA";"Desobediência às normas de trânsito pelo condutor";"Colisão traseira";"Com Vítimas Feridas";"Pleno dia";"Crescente";"Sol";"Simples";"Não Informado";"Não";3;0;1;2;0;0;3;2;-19,0458;-40,0268;"SR-ES";"DEL12/4";"UOP01/ES"
262490;2020-01-13;"segunda-feira";"06:50:00";"CE";116;12;"FORTALEZA";"Falta de Atenção à Condução";"Colisão transversal";"Com Vítimas Feridas";"Pleno dia";"Decrescente";"Céu Claro";"Dupla";"Reta";"Não";2;0;1;0;0;1;1;2;-3,852077;-38,49553;"SR-CE";"DEL16/1";"UOP02/CE"
262492;2020-01-13;"segunda-feira";"07:15:00";"RS";158;328;"SANTA MARIA";"Falta de Atenção à Condução";"Atropelamento de Pedestre";"Com Vítimas Feridas";"Pleno dia";"Decrescente";"Céu Claro";"Dupla";"Reta";"Sim";2;0;1;0;0;1;1;1;-29,71113;-53,81968;"SR-RS";"DEL9/9";"UOP01/RS"
262493;2020-01-13;"segunda-feira";"07:00:00";"SC";101;214;"PALHOCA";"Falta de Atenção à Condução";"Colisão transversal";"Com Vítimas Feridas";"Pleno dia";"Crescente";"Céu Claro";"Dupla";"Viaduto";"Sim";2;0;1;0;1;0;1;2;-27,64443;-48,67057;"SR-SC";"DEL8/1";"UOP02/SC"
262494;2020-01-13;"segunda-feira";"07:15:00";"SP";153;64,3;"SAO JOSE DO RIO PRETO";"Pista Escorregadia";"Tombamento";"Com Vítimas Feridas";"Pleno dia";"Crescente";"Nublado";"Dupla";"Interseção de vias";"Sim";1;0;1;0;0;0;1;1;-20,82919;-49,36046;"SR-SP";"DEL6/9";"UOP01/SP"
262495;2020-01-13;"segunda-feira";"06:30:00";"RJ";116;174,1;"NOVA IGUACU";"Não guardar distância de segurança";"Queda de ocupante de veículo";"Com Vítimas Feridas";"Amanhecer";"Decrescente";"Nublado";"Múltipla";"Reta";"Sim";1;0;0;1;0;0;1;1;-22,78269;-43,38953;"SR-RJ";"DEL5/1";"UOP02/RJ"
262496;2020-01-12;"domingo";"22:15:00";"BA";242;364;"LENCOIS";"Velocidade Incompatível";"Saída de leito carroçável";"Com Vítimas Feridas";"Plena Noite";"Decrescente";"Nublado";"Simples";"Curva";"Não";1;0;1;0;0;0;1;1;-12,46157;-41,4217;"SR-BA";"DEL10/6";"UOP01/BA"
262497;2020-01-13;"segunda-feira";"07:50:00";"MG";146;609,3;"POCOS DE CALDAS";"Animais na Pista";"Tombamento";"Com Vítimas Feridas";"Pleno dia";"Crescente";"Céu Claro";"Simples";"Não Informado";"Sim";2;0;1;0;0;1;1;1;-21,80783;-46,48366;"SR-MG";"DEL09";"UOP04/MG"
262498;2020-01-12;"domingo";"19:10:00";"PA";163;1002;"SANTAREM";"Ingestão de Álcool";"Atropelamento de Pedestre";"Com Vítimas Feridas";"Plena Noite";"Crescente";"Céu Claro";"Simples";"Reta";"Não";3;0;2;1;0;0;3;1;-2,45567;-54,72855;"SR-PA";"DEL19/5";"UOP01/PA"
262499;2020-01-13;"segunda-feira";"07:05:00";"PR";277;4,5;"PARANAGUA";"Falta de Atenção à Condução";"Queda de ocupante de veículo";"Com Vítimas Feridas";"Pleno dia";"Crescente";"Céu Claro";"Simples";"Reta";"Não";1;0;1;0;0;0;1;1;-25,55096;-48,56146;"SR-PR";"DEL7/1";"UOP07/PR"
262500;2020-01-12;"domingo";"19:00:00";"MG";116;413;"GOVERNADOR VALADARES";"Velocidade Incompatível";"Colisão traseira";"Com Vítimas Feridas";"Plena Noite";"Crescente";"Céu Claro";"Simples";"Reta";"Sim";3;0;3;0;0;0;3;2;-18,87391;-41,96637;"SR-MG";"DEL4/6";"UOP01/MG"
262501;2020-01-13;"segunda-feira";"08:01:00";"SC";280;24,8;"ARAQUARI";"Desobediência às normas de trânsito pelo condutor";"Colisão transversal";"Com Vítimas Feridas";"Pleno dia";"Crescente";"Sol";"Simples";"Reta";"Não";3;0;2;0;1;0;2;2;-26,38253;-48,72555;"SR-SC";"DEL8/3";"UOP03/SC"
262502;2020-01-13;"segunda-feira";"07:50:00";"SC";282;15,7;"PALHOCA";"Falta de Atenção do Pedestre";"Colisão traseira";"Sem Vítimas";"Pleno dia";"Crescente";"Céu Claro";"Simples";"Reta";"Sim";2;0;0;0;2;0;0;2;-27,65185;-48,67605;"SR-SC";"DEL8/1";"UOP02/SC"
262503;2020-01-13;"segunda-feira";"08:00:00";"PB";230;508,3;"CAJAZEIRAS";"Desobediência às normas de trânsito pelo condutor";"Colisão traseira";"Com Vítimas Feridas";"Pleno dia";"Crescente";"Céu Claro";"Simples";"Reta";"Não";2;0;0;1;1;0;1;2;-6,890469;-38,58909;"SR-PB";"DEL14/3";"UOP03/PB"
262504;2020-01-13;"segunda-feira";"07:50:00";"RN";101;98;"NATAL";"Falta de Atenção à Condução";"Colisão lateral";"Com Vítimas Feridas";"Pleno dia";"Decrescente";"Céu Claro";"Múltipla";"Reta";"Sim";3;0;2;0;1;0;2;2;-5,860559;-35,21405;"SR-RN";"DEL15/1";"UOP01/RN"
262505;2020-01-13;"segunda-feira";"07:10:00";"MG";40;755,6;"EWBANK DA CAMARA";"Velocidade Incompatível";"Colisão com objeto estático";"Com Vítimas Feridas";"Pleno dia";"Decrescente";"Céu Claro";"Simples";"Reta";"Não";4;0;4;0;0;0;4;1;-21,48605;-43,53483;"SR-MG";"DEL5";"UOP01/MG"
262516;2020-01-13;"segunda-feira";"08:04:00";"SC";101;144;"ITAPEMA";"Falta de Atenção à Condução";"Colisão lateral";"Com Vítimas Feridas";"Pleno dia";"Decrescente";"Sol";"Dupla";"Reta";"Sim";2;0;1;0;1;0;1;2;-27,07327;-48,59673;"SR-SC";"DEL8/4";"UOP03/SC"
262530;2020-01-10;"sexta-feira";"06:40:00";"PA";222;242;"MARABA";"Desobediência às normas de trânsito pelo condutor";"Colisão transversal";"Com Vítimas Feridas";"Pleno dia";"Crescente";"Céu Claro";"Simples";"Interseção de vias";"Sim";3;0;1;1;1;0;2;2;-5,331903;-49,08522;"SR-PA";"DEL19/3";"UOP01/PA"
262531;2020-01-13;"segunda-feira";"06:00:00";"GO";153;313;"RIALMA";"Defeito na Via";"Tombamento";"Com Vítimas Feridas";"Amanhecer";"Crescente";"Céu Claro";"Simples";"Reta";"Não";2;0;1;0;1;0;1;2;-15,39372;-49,54728;"SR-GO";"DEL1/2";"UOP02/GO"
262532;2020-01-13;"segunda-feira";"08:35:00";"PE";101;49;"ABREU E LIMA";"Falta de Atenção à Condução";"Colisão traseira";"Com Vítimas Feridas";"Pleno dia";"Decrescente";"Sol";"Múltipla";"Reta";"Sim";2;0;1;0;1;0;1;2;-7,900515;-34,90181;"SR-PE";"DEL11/1";"UOP02/PE"
262533;2020-01-13;"segunda-feira";"08:00:00";"GO";153;183;"CAMPINORTE";"Velocidade Incompatível";"Saída de leito carroçável";"Com Vítimas Feridas";"Pleno dia";"Crescente";"Chuva";"Simples";"Não Informado";"Não";1;0;1;0;0;0;1;1;-14,36941;-49,15827;"SR-GO";"DEL1/7";"UOP01/GO"
262534;2020-01-13;"segunda-feira";"07:15:00";"RJ";116;79;"TERESOPOLIS";"Condutor Dormindo";"Colisão lateral";"Com Vítimas Feridas";"Pleno dia";"Crescente";"Nublado";"Simples";"Reta";"Sim";2;0;0;1;1;0;1;2;-22,3817;-42,95478;"SR-RJ";"DEL5/6";"UOP02/RJ"
262535;2020-01-13;"segunda-feira";"08:10:00";"MG";354;705,4;"CAXAMBU";"Velocidade Incompatível";"Queda de ocupante de veículo";"Com Vítimas Feridas";"Pleno dia";"Crescente";"Nublado";"Simples";"Curva";"Não";1;0;1;0;0;0;1;1;-21,99205;-44,92517;"SR-MG";"DEL5";"UOP03/MG"
262536;2020-01-13;"segunda-feira";"08:44:00";"MG";381;358;"JOAO MONLEVADE";"Falta de Atenção à Condução";"Colisão traseira";"Com Vítimas Feridas";"Pleno dia";"Crescente";"Céu Claro";"Simples";"Reta";"Sim";2;0;1;0;1;0;1;2;-19,85593;-43,21689;"SR-MG";"DEL4/3";"UOP01/MG"
262537;2020-01-13;"segunda-feira";"09:00:00";"SC";101;206;"SAO JOSE";"Falta de Atenção do Pedestre";"Atropelamento de Pedestre";"Com Vítimas Feridas";"Pleno dia";"Crescente";"Céu Claro";"Múltipla";"Reta";"Sim";2;0;1;0;1;0;1;1;-27,59194;-48,61825;"SR-SC";"DEL8/1";"UOP01/SC"
262538;2020-01-11;"sábado";"22:00:00";"MT";163;920;"ITAUBA";"Ingestão de Substâncias Psicoativas";"Saída de leito carroçável";"Com Vítimas Feridas";"Plena Noite";"Crescente";"Ignorado";"Simples";"Reta";"Não";1;0;1;0;0;0;1;1;-11,26005;-55,31097;"SR-MT";"DEL2/6";"UOP02/MT"
262539;2020-01-13;"segunda-feira";"07:45:00";"SC";282;344,6;"CAMPOS NOVOS";"Desobediência às normas de trânsito pelo condutor";"Saída de leito carroçável";"Sem Vítimas";"Pleno dia";"Decrescente";"Céu Claro";"Simples";"Reta";"Não";6;0;0;0;6;0;0;2;-27,38117;-51,24008;"SR-SC";"DEL7";"UOP08/SC"
262540;2020-01-13;"segunda-feira";"06:20:00";"CE";20;205,9;"BOA VIAGEM";"Condutor Dormindo";"Colisão com objeto estático";"Com Vítimas Feridas";"Pleno dia";"Decrescente";"Céu Claro";"Simples";"Reta";"Sim";3;0;2;1;0;0;3;1;-5,116039;-39,72549;"SR-CE";"DEL16/2";"UOP02/CE"
262541;2020-01-13;"segunda-feira";"08:50:00";"PI";343;188;"PIRIPIRI";"Falta de Atenção à Condução";"Colisão transversal";"Sem Vítimas";"Pleno dia";"Crescente";"Céu Claro";"Simples";"Curva";"Sim";2;0;0;0;2;0;0;2;-4,30723;-41,77048;"SR-PI";"DEL17/2";"UOP01/PI"
262543;2020-01-13;"segunda-feira";"08:40:00";"MG";381;347;"BELA VISTA DE MINAS";"Velocidade Incompatível";"Tombamento";"Com Vítimas Feridas";"Pleno dia";"Crescente";"Céu Claro";"Simples";"Curva";"Não";3;0;2;0;1;0;2;3;-19,85407;-43,13181;"SR-MG";"DEL4/3";"UOP01/MG"
262544;2020-01-13;"segunda-feira";"06:30:00";"RJ";101;454;"ANGRA DOS REIS";"Desobediência às normas de trânsito pelo condutor";"Colisão frontal";"Com Vítimas Feridas";"Amanhecer";"Crescente";"Chuva";"Simples";"Reta";"Não";2;0;1;1;0;0;2;2;-23,03351;-44,14565;"SR-RJ";"DEL5/3";"UOP02/RJ"
262545;2020-01-13;"segunda-feira";"07:05:00";"SP";116;140,5;"SAO JOSE DOS CAMPOS";"Falta de Atenção à Condução";"Colisão lateral";"Com Vítimas Feridas";"Pleno dia";"Crescente";"Nublado";"Dupla";"Reta";"Não";2;0;1;0;0;1;1;2;-23,21673;-45,91466;"SR-SP";"DEL6";"UOP01/SP"
262546;2020-01-13;"segunda-feira";"09:45:00";"PR";116;123;"CURITIBA";"Falta de Atenção à Condução";"Colisão lateral";"Com Vítimas Feridas";"Pleno dia";"Decrescente";"Sol";"Dupla";"Reta";"Não";2;0;1;0;1;0;1;2;-25,57736;-49,31244;"SR-PR";"DEL7/1";"UOP03/PR"
262547;2020-01-13;"segunda-feira";"09:45:00";"SP";116;221;"GUARULHOS";"Não guardar distância de segurança";"Engavetamento";"Com Vítimas Feridas";"Pleno dia";"Decrescente";"Céu Claro";"Múltipla";"Reta";"Sim";5;0;2;0;2;1;2;4;-23,46802;-46,50705;"SR-SP";"DEL6/1";"UOP01/SP"
262548;2020-01-13;"segunda-feira";"09:40:00";"PR";376;628;"SAO JOSE DOS PINHAIS";"Velocidade Incompatível";"Colisão lateral";"Com Vítimas Feridas";"Pleno dia";"Decrescente";"Sol";"Dupla";"Reta";"Sim";2;0;1;0;1;0;1;2;-25,67832;-49,14963;"SR-PR";"DEL7/1";"UOP08/PR"
262550;2020-01-09;"quinta-feira";"10:20:00";"RJ";40;109;"DUQUE DE CAXIAS";"Carga excessiva e/ou mal acondicionada";"Derramamento de carga";"Sem Vítimas";"Pleno dia";"Crescente";"Céu Claro";"Múltipla";"Reta";"Sim";1;0;0;0;1;0;0;1;-22,67375;-43,28638;"SR-RJ";"DEL5/1";"UOP01/RJ"
262551;2020-01-13;"segunda-feira";"09:45:00";"SC";282;5;"SAO JOSE";"Não guardar distância de segurança";"Colisão lateral";"Com Vítimas Feridas";"Pleno dia";"Decrescente";"Céu Claro";"Dupla";"Reta";"Sim";2;0;1;0;0;1;1;2;-27,58843;-48,61292;"SR-SC";"DEL8/1";"UOP01/SC"
262553;2020-01-13;"segunda-feira";"07:00:00";"MG";116;260,1;"TEOFILO OTONI";"Não guardar distância de segurança";"Colisão traseira";"Com Vítimas Feridas";"Pleno dia";"Crescente";"Céu Claro";"Simples";"Reta";"Não";2;0;1;0;1;0;1;2;-17,72379;-41,49247;"SR-MG";"DEL4/11";"UOP01/MG"
262554;2020-01-04;"sábado";"18:15:00";"RJ";116;278;"BARRA MANSA";"Pista Escorregadia";"Colisão com objeto estático";"Com Vítimas Feridas";"Pleno dia";"Decrescente";"Chuva";"Dupla";"Reta";"Não";1;0;1;0;0;0;1;1;-22,55271;-44,17778;"SR-RJ";"DEL5/7";"UOP02/RJ"
262555;2020-01-13;"segunda-feira";"08:40:00";"MT";163;752;"SORRISO";"Ingestão de Álcool";"Colisão transversal";"Sem Vítimas";"Pleno dia";"Decrescente";"Céu Claro";"Dupla";"Interseção de vias";"Sim";2;0;0;0;2;0;0;2;-12,55403;-55,71539;"SR-MT";"DEL2/6";"UOP01/MT"
262556;2020-01-13;"segunda-feira";"10:25:00";"ES";101;288,8;"CARIACICA";"Falta de Atenção à Condução";"Colisão lateral";"Com Vítimas Feridas";"Pleno dia";"Crescente";"Céu Claro";"Dupla";"Reta";"Sim";3;0;1;0;2;0;1;3;-20,2716;-40,39092;"SR-ES";"DEL12/1";"UOP01/ES"
262557;2020-01-13;"segunda-feira";"10:45:00";"SC";280;220,8;"TRES BARRAS";"Falta de Atenção à Condução";"Colisão traseira";"Com Vítimas Feridas";"Pleno dia";"Decrescente";"Céu Claro";"Simples";"Reta";"Não";3;0;1;0;2;0;1;2;-26,17119;-50,26466;"SR-SC";"DEL8/6";"UOP04/SC"
262558;2020-01-13;"segunda-feira";"10:32:00";"PE";232;234,7;"PESQUEIRA";"Falta de Atenção à Condução";"Capotamento";"Sem Vítimas";"Pleno dia";"Crescente";"Céu Claro";"Simples";"Reta";"Não";3;0;0;0;2;1;0;2;-8,407089;-36,91058;"SR-PE";"DEL11/3";"UOP02/PE"
262559;2020-01-13;"segunda-feira";"10:10:00";"RJ";101;321;"NITEROI";"Pista Escorregadia";"Queda de ocupante de veículo";"Com Vítimas Feridas";"Pleno dia";"Crescente";"Nublado";"Dupla";"Reta";"Sim";2;0;2;0;0;0;2;1;-22,86981;-43,11046;"SR-RJ";"UOP01";"DEL02"
262560;2020-01-13;"segunda-feira";"11:03:00";"MG";116;526;"CARATINGA";"Falta de Atenção à Condução";"Colisão traseira";"Com Vítimas Feridas";"Pleno dia";"Crescente";"Sol";"Simples";"Reta";"Sim";3;0;1;0;2;0;1;2;-19,77654;-42,13328;"SR-MG";"DEL4/6";"UOP02/MG"
262561;2020-01-02;"quinta-feira";"11:15:00";"ES";259;10,5;"JOAO NEIVA";"Condutor Dormindo";"Saída de leito carroçável";"Com Vítimas Feridas";"Pleno dia";"Crescente";"Sol";"Simples";"Reta";"Não";1;0;1;0;0;0;1;1;-19,66858;-40,40294;"SR-ES";"DEL12/2";"UOP01/ES"
262563;2020-01-13;"segunda-feira";"11:00:00";"SP";116;219;"GUARULHOS";"Velocidade Incompatível";"Engavetamento";"Com Vítimas Feridas";"Pleno dia";"Crescente";"Nublado";"Múltipla";"Reta";"Sim";5;0;1;0;4;0;1;5;-23,46144;-46,48885;"SR-SP";"DEL6/1";"UOP01/SP"
262564;2020-01-13;"segunda-feira";"10:00:00";"PE";423;95,1;"GARANHUNS";"Desobediência às normas de trânsito pelo condutor";"Colisão lateral";"Com Vítimas Feridas";"Pleno dia";"Decrescente";"Céu Claro";"Simples";"Reta";"Sim";3;0;2;0;1;0;2;2;-8,87892;-36,47796;"SR-PE";"DEL11/3";"UOP01/PE"
262565;2020-01-13;"segunda-feira";"11:05:00";"PE";101;69,9;"RECIFE";"Falta de Atenção à Condução";"Colisão lateral";"Com Vítimas Feridas";"Pleno dia";"Crescente";"Sol";"Múltipla";"Reta";"Não";2;0;1;0;0;1;1;2;-8,050743;-34,94581;"SR-PE";"DEL11/1";"UOP01/PE"
262566;2020-01-13;"segunda-feira";"11:00:00";"MG";262;36;"MANHUACU";"Mal Súbito";"Colisão lateral";"Com Vítimas Feridas";"Pleno dia";"Crescente";"Céu Claro";"Simples";"Rotatória";"Sim";4;0;0;1;1;2;1;2;-20,25932;-42,02298;"SR-MG";"DEL4/6";"UOP04/MG"
262568;2020-01-13;"segunda-feira";"09:00:00";"MT";364;259,1;"JUSCIMEIRA";"Ultrapassagem Indevida";"Colisão lateral";"Com Vítimas Feridas";"Pleno dia";"Decrescente";"Sol";"Simples";"Reta";"Sim";2;0;1;0;1;0;1;2;-16,04831;-54,88714;"SR-MT";"DEL2/1";"UOP02/MT"
262569;2020-01-13;"segunda-feira";"10:00:00";"MT";364;206,3;"RONDONOPOLIS";"Falta de Atenção à Condução";"Queda de ocupante de veículo";"Com Vítimas Feridas";"Pleno dia";"Crescente";"Nublado";"Dupla";"Curva";"Sim";1;0;1;0;0;0;1;1;-16,45125;-54,6647;"SR-MT";"DEL2/2";"UOP01/MT"
262570;2020-01-13;"segunda-feira";"11:26:00";"MG";381;574;"ITAGUARA";"Mal Súbito";"Tombamento";"Com Vítimas Feridas";"Pleno dia";"Crescente";"Sol";"Dupla";"Curva";"Não";1;0;1;0;0;0;1;1;-20,46631;-44,57959;"SR-MG";"DEL4/4";"UOP03/MG"
262571;2020-01-13;"segunda-feira";"07:30:00";"MG";NA;NA;"FELIXLANDIA";"Ingestão de Álcool";"Colisão com objeto estático";"Sem Vítimas";"Pleno dia";"Não Informado";"Céu Claro";"Simples";"Reta";"Sim";1;0;0;0;1;0;0;1;-18,73054;-44,88269;"SR-MG";"DEL4/2";"UOP01/MG"
262572;2020-01-13;"segunda-feira";"11:20:00";"SC";101;197;"BIGUACU";"Defeito Mecânico no Veículo";"Tombamento";"Com Vítimas Feridas";"Pleno dia";"Crescente";"Sol";"Múltipla";"Reta";"Sim";2;0;1;0;1;0;1;1;-27,51844;-48,63848;"SR-SC";"DEL8/1";"UOP01/SC"
262573;2020-01-13;"segunda-feira";"11:50:00";"SE";101;55,1;"CARMOPOLIS";"Falta de Atenção à Condução";"Saída de leito carroçável";"Com Vítimas Feridas";"Pleno dia";"Decrescente";"Céu Claro";"Simples";"Não Informado";"Não";2;0;2;0;0;0;2;1;-10,63343;-37,00374;"SR-SE";"DEL20/2";"UOP02/SE"
262575;2020-01-13;"segunda-feira";"11:00:00";"MT";70;507;"CUIABA";"Falta de Atenção à Condução";"Colisão traseira";"Com Vítimas Feridas";"Pleno dia";"Crescente";"Céu Claro";"Simples";"Reta";"Não";2;0;1;0;1;0;1;2;-15,69775;-56,08555;"SR-MT";"DEL2/1";"UOP01/MT"
262576;2020-01-13;"segunda-feira";"11:10:00";"MG";40;499;"ESMERALDAS";"Defeito Mecânico no Veículo";"Queda de ocupante de veículo";"Com Vítimas Feridas";"Pleno dia";"Decrescente";"Céu Claro";"Dupla";"Reta";"Não";1;0;1;0;0;0;1;1;-19,69293;-44,17828;"SR-MG";"DEL4/2";"UOP01/MG"
262577;2020-01-13;"segunda-feira";"10:45:00";"BA";116;914;"ENCRUZILHADA";"Defeito Mecânico no Veículo";"Incêndio";"Sem Vítimas";"Pleno dia";"Decrescente";"Céu Claro";"Simples";"Não Informado";"Não";1;0;0;0;1;0;0;1;-15,4678;-41,24161;"SR-BA";"DEL10/8";"UOP03/BA"
262578;2020-01-13;"segunda-feira";"11:40:00";"BA";242;719;"CRISTOPOLIS";"Desobediência às normas de trânsito pelo condutor";"Colisão transversal";"Com Vítimas Fatais";"Pleno dia";"Decrescente";"Sol";"Simples";"Reta";"Não";4;1;1;0;2;0;1;2;-12,23263;-44,37742;"SR-BA";"DEL10/10";"UOP01/BA"
262579;2020-01-13;"segunda-feira";"11:15:00";"SC";470;9;"NAVEGANTES";"Falta de Atenção do Pedestre";"Colisão transversal";"Com Vítimas Feridas";"Pleno dia";"Crescente";"Céu Claro";"Simples";"Reta";"Não";3;0;0;3;0;0;3;2;-26,79435;-48,68351;"SR-SC";"DEL8/4";"UOP04/SC"
262580;2020-01-13;"segunda-feira";"11:20:00";"MG";381;490;"BETIM";"Falta de Atenção à Condução";"Colisão transversal";"Com Vítimas Feridas";"Pleno dia";"Crescente";"Sol";"Múltipla";"Reta";"Sim";6;0;1;0;5;0;1;2;-19,96503;-44,17422;"SR-MG";"DEL4/1";"UOP03/MG"
262582;2020-01-13;"segunda-feira";"12:20:00";"PR";153;364,4;"RIO AZUL";"Velocidade Incompatível";"Colisão transversal";"Com Vítimas Feridas";"Pleno dia";"Decrescente";"Céu Claro";"Simples";"Curva";"Não";2;0;1;0;1;0;1;2;-25,70656;-50,78358;"SR-PR";"DEL7/3";"UOP04/PR"
262583;2020-01-13;"segunda-feira";"12:30:00";"MG";267;282,7;"BAEPENDI";"Falta de Atenção à Condução";"Colisão com objeto estático";"Com Vítimas Feridas";"Pleno dia";"Crescente";"Nublado";"Simples";"Não Informado";"Não";1;0;1;0;0;0;1;1;-21,92489;-44,77718;"SR-MG";"DEL5";"UOP03/MG"
262584;2020-01-13;"segunda-feira";"12:00:00";"BA";407;231,5;"CAPIM GROSSO";"Falta de Atenção à Condução";"Colisão lateral";"Com Vítimas Feridas";"Pleno dia";"Decrescente";"Céu Claro";"Simples";"Reta";"Não";2;0;1;0;1;0;1;2;-11,36444;-40,01315;"SR-BA";"DEL10/4";"UOP02/BA"
262585;2020-01-13;"segunda-feira";"12:10:00";"RS";101;12;"DOM PEDRO DE ALCANTARA";"Condutor Dormindo";"Saída de leito carroçável";"Com Vítimas Feridas";"Pleno dia";"Decrescente";"Sol";"Dupla";"Reta";"Sim";1;0;1;0;0;0;1;1;-29,3866;-49,83647;"SR-RS";"DEL9/3";"UOP02/RS"
262586;2020-01-13;"segunda-feira";"12:40:00";"MG";381;7;"BETIM";"Mal Súbito";"Tombamento";"Com Vítimas Feridas";"Pleno dia";"Crescente";"Céu Claro";"Dupla";"Reta";"Sim";1;0;1;0;0;0;1;1;-19,96825;-44,19871;"SR-MG";"DEL4/1";"UOP03/MG"