"id";"data_inversa";"dia_semana";"horario";"uf";"br";"km";"municipio";"causa_acidente";"tipo_acidente";"classificacao_acidente";"fase_dia";"sentido_via";"condicao_metereologica";"tipo_pista";"tracado_via";"uso_solo";"pessoas";"mortos";"feridos_leves";"feridos_graves";"ilesos";"ignorados";"feridos";"veiculos";"latitude";"longitude";"regional";"delegacia";"uop"
262589;2020-01-13;"segunda-feira";"11:00:00";"SC";470;99,7;"APIUNA";"Falta de Atenção à Condução";"Engavetamento";"Com Vítimas Feridas";"Pleno dia";"Decrescente";"Céu Claro";"Simples";"Reta";"Sim";5;0;1;0;4;0;1;3;-27,03796;-49,39342;"SR-SC";"DEL8/4";"UOP01/SC"
262590;2020-01-13;"segunda-feira";"12:55:00";"MG";381;674;"PERDOES";"Condutor Dormindo";"Saída de leito carroçável";"Com Vítimas Feridas";"Pleno dia";"Crescente";"Céu Claro";"Dupla";"Curva";"Não";1;0;1;0;0;0;1;1;-21,10702;-45,09114;"SR-MG";"DEL4/4";"UOP02/MG"
262591;2020-01-13;"segunda-feira";"11:10:00";"SC";470;129,6;"LONTRAS";"Falta de Atenção à Condução";"Colisão traseira";"Com Vítimas Feridas";"Pleno dia";"Decrescente";"Sol";"Simples";"Reta";"Sim";2;0;1;0;1;0;1;2;-27,1485;-49,55614;"SR-SC";"DEL8/4";"UOP02/SC"
262592;2020-01-13;"segunda-feira";"11:15:00";"PE";232;21,6;"MORENO";"Defeito Mecânico no Veículo";"Capotamento";"Com Vítimas Feridas";"Pleno dia";"Crescente";"Sol";"Dupla";"Curva";"Não";2;0;2;0;0;0;2;1;-8,095802;-35,08013;"SR-PE";"DEL11/1";"UOP04/PE"
262593;2020-01-13;"segunda-feira";"12:40:00";"MG";381;821;"SAO SEBASTIAO DA BELA VISTA";"Falta de Atenção à Condução";"Colisão traseira";"Com Vítimas Feridas";"Pleno dia";"Crescente";"Nublado";"Dupla";"Reta";"Não";5;0;2;0;1;2;2;2;-22,11209;-45,74743;"SR-MG";"DEL09";"UOP02/MG"
262594;2020-01-13;"segunda-feira";"14:00:00";"PE";408;96,5;"SAO LOURENCO DA MATA";"Velocidade Incompatível";"Saída de leito carroçável";"Com Vítimas Fatais";"Pleno dia";"Decrescente";"Céu Claro";"Simples";"Reta";"Não";2;1;0;1;0;0;1;1;-8,02062;-35,04104;"SR-PE";"DEL11/1";"UOP01/PE"
262596;2020-01-13;"segunda-feira";"13:30:00";"MG";459;92,2;"CONGONHAL";"Velocidade Incompatível";"Saída de leito carroçável";"Com Vítimas Feridas";"Pleno dia";"Crescente";"Chuva";"Simples";"Curva";"Não";1;0;1;0;0;0;1;1;-22,18499;-45,98524;"SR-MG";"DEL09";"UOP04/MG"
262597;2020-01-13;"segunda-feira";"13:30:00";"RJ";40;32;"TRES RIOS";"Falta de Atenção à Condução";"Colisão com objeto estático";"Com Vítimas Feridas";"Pleno dia";"Decrescente";"Chuva";"Dupla";"Curva";"Não";5;0;2;2;1;0;4;1;-22,19935;-43,15764;"SR-RJ";"DEL5/6";"UOP01/RJ"
262598;2020-01-13;"segunda-feira";"14:30:00";"RJ";116;95,8;"GUAPIMIRIM";"Avarias e/ou desgaste excessivo no pneu";"Atropelamento de Pedestre";"Com Vítimas Feridas";"Pleno dia";"Decrescente";"Chuva";"Simples";"Reta";"Não";2;0;0;1;1;0;1;2;-22,47375;-43,00118;"SR-RJ";"DEL5/4";"UOP02/RJ"
262600;2020-01-13;"segunda-feira";"14:37:00";"PR";469;15,3;"FOZ DO IGUACU";"Falta de Atenção à Condução";"Colisão transversal";"Com Vítimas Feridas";"Pleno dia";"Crescente";"Sol";"Simples";"Interseção de vias";"Sim";2;0;0;1;1;0;1;2;-25,5813;-54,5315;"SR-PR";"DEL7/5";"UOP04/PR"
262601;2020-01-13;"segunda-feira";"14:10:00";"RJ";101;82;"CAMPOS DOS GOYTACAZES";"Falta de Atenção à Condução";"Colisão transversal";"Com Vítimas Feridas";"Pleno dia";"Crescente";"Céu Claro";"Simples";"Curva";"Não";6;0;2;2;2;0;4;3;-21,82752;-41,45414;"SR-RJ";"DEL5/8";"UOP02/RJ"
262602;2020-01-13;"segunda-feira";"14:00:00";"MG";40;750,1;"SANTOS DUMONT";"Velocidade Incompatível";"Saída de leito carroçável";"Com Vítimas Feridas";"Pleno dia";"Crescente";"Chuva";"Dupla";"Curva";"Não";1;0;1;0;0;0;1;1;-21,45724;-43,55822;"SR-MG";"DEL5";"UOP01/MG"
262603;2020-01-13;"segunda-feira";"14:40:00";"RJ";101;99;"CAMPOS DOS GOYTACAZES";"Velocidade Incompatível";"Colisão com objeto estático";"Com Vítimas Feridas";"Pleno dia";"Crescente";"Chuva";"Dupla";"Curva";"Não";2;0;0;2;0;0;2;1;-21,87582;-41,58329;"SR-RJ";"DEL5/8";"UOP02/RJ"
262604;2020-01-13;"segunda-feira";"14:10:00";"MG";116;814;"ALEM PARAIBA";"Pista Escorregadia";"Saída de leito carroçável";"Com Vítimas Feridas";"Pleno dia";"Crescente";"Chuva";"Simples";"Curva";"Não";2;0;1;0;1;0;1;2;-21,85629;-42,66083;"SR-MG";"DEL4/7";"UOP01/MG"
262605;2020-01-13;"segunda-feira";"14:25:00";"SC";101;217;"PALHOCA";"Falta de Atenção à Condução";"Engavetamento";"Com Vítimas Feridas";"Pleno dia";"Decrescente";"Sol";"Múltipla";"Reta";"Sim";5;0;1;0;4;0;1;5;-27,66779;-48,67394;"SR-SC";"DEL8/1";"UOP02/SC"
262606;2020-01-13;"segunda-feira";"13:10:00";"ES";101;296;"CARIACICA";"Não guardar distância de segurança";"Colisão traseira";"Com Vítimas Feridas";"Pleno dia";"Crescente";"Céu Claro";"Simples";"Reta";"Sim";2;0;0;1;1;0;1;2;-20,3403;-40,40406;"SR-ES";"DEL12/1";"UOP01/ES"
262607;2020-01-05;"domingo";"14:45:00";"MT";174;125;"MIRASSOL DOESTE";"Falta de Atenção à Condução";"Colisão lateral";"Com Vítimas Feridas";"Pleno dia";"Crescente";"Sol";"Simples";"Rotatória";"Não";3;0;0;2;1;0;2;2;-15,81918;-58,08648;"SR-MT";"DEL2/3";"UOP01/MT"
262608;2020-01-13;"segunda-feira";"12:10:00";"SC";163;76,9;"SAO MIGUEL DO OESTE";"Falta de Atenção à Condução";"Colisão frontal";"Com Vítimas Feridas";"Pleno dia";"Crescente";"Céu Claro";"Simples";"Curva";"Não";7;0;0;2;5;0;2;2;-26,68478;-53,51451;"SR-SC";"DEL7";"UOP03/SC"
262611;2020-01-13;"segunda-feira";"15:30:00";"PB";230;335,8;"PATOS";"Falta de Atenção do Pedestre";"Atropelamento de Pedestre";"Com Vítimas Fatais";"Pleno dia";"Crescente";"Céu Claro";"Simples";"Reta";"Sim";2;1;0;0;1;0;0;1;-7,0128;-37,2644;"SR-PB";"DEL14/3";"UOP01/PB"
262612;2020-01-13;"segunda-feira";"14:30:00";"PI";316;9;"TERESINA";"Desobediência às normas de trânsito pelo condutor";"Colisão lateral";"Com Vítimas Feridas";"Pleno dia";"Crescente";"Céu Claro";"Simples";"Reta";"Sim";2;0;0;1;1;0;1;2;-5,173817;-42,76625;"SR-PI";"DEL17/1";"UOP02/PI"
262613;2020-01-13;"segunda-feira";"09:45:00";"SC";282;156;"BOM RETIRO";"Velocidade Incompatível";"Saída de leito carroçável";"Com Vítimas Feridas";"Pleno dia";"Crescente";"Céu Claro";"Simples";"Reta";"Não";3;0;1;1;1;0;2;1;-27,74688;-49,71588;"SR-SC";"DEL8/5";"UOP01/SC"
262614;2020-01-13;"segunda-feira";"14:20:00";"RS";116;408,5;"CAMAQUA";"Desobediência às normas de trânsito pelo condutor";"Colisão lateral";"Com Vítimas Feridas";"Pleno dia";"Crescente";"Céu Claro";"Simples";"Interseção de vias";"Não";2;0;2;0;0;0;2;2;-30,91209;-51,88208;"SR-RS";"DEL9/2";"UOP02/RS"
262616;2020-01-13;"segunda-feira";"14:50:00";"MG";251;472,3;"FRANCISCO SA";"Velocidade Incompatível";"Colisão traseira";"Com Vítimas Fatais";"Pleno dia";"Crescente";"Céu Claro";"Simples";"Reta";"Não";9;1;5;1;2;0;6;4;-16,46691;-43,43948;"SR-MG";"DEL4/12";"UOP01/MG"
262617;2020-01-12;"domingo";"05:00:00";"SC";282;587;"SAUDADES";"Ingestão de Álcool";"Colisão com objeto estático";"Com Vítimas Feridas";"Amanhecer";"Crescente";"Nublado";"Simples";"Curva";"Não";2;0;1;0;1;0;1;1;-26,83068;-53,04443;"SR-SC";"DEL7";"UOP02/SC"
262619;2020-01-13;"segunda-feira";"11:30:00";"SC";282;666,4;"SAO MIGUEL DO OESTE";"Ultrapassagem Indevida";"Colisão frontal";"Com Vítimas Fatais";"Pleno dia";"Decrescente";"Sol";"Simples";"Reta";"Não";3;1;0;1;1;0;1;2;-26,65202;-53,60944;"SR-SC";"DEL7";"UOP03/SC"
262620;2020-01-13;"segunda-feira";"16:00:00";"RS";386;177;"CARAZINHO";"Desobediência às normas de trânsito pelo condutor";"Colisão traseira";"Com Vítimas Feridas";"Pleno dia";"Crescente";"Céu Claro";"Simples";"Reta";"Sim";2;0;0;1;1;0;1;2;-28,28131;-52,76505;"SR-RS";"DEL08";"UOP01/RS"
262621;2020-01-13;"segunda-feira";"14:20:00";"PB";230;237,8;"JUAZEIRINHO";"Falta de Atenção à Condução";"Saída de leito carroçável";"Com Vítimas Feridas";"Pleno dia";"Crescente";"Céu Claro";"Simples";"Curva";"Não";1;0;1;0;0;0;1;1;-7,052853;-36,54808;"SR-PB";"DEL14/2";"UOP02/PB"
262622;2020-01-13;"segunda-feira";"15:20:00";"MG";40;514;"RIBEIRAO DAS NEVES";"Defeito Mecânico no Veículo";"Queda de ocupante de veículo";"Com Vítimas Feridas";"Pleno dia";"Crescente";"Sol";"Dupla";"Reta";"Sim";2;0;1;1;0;0;2;1;-19,80152;-44,1;"SR-MG";"DEL4/1";"UOP02/MG"
262623;2020-01-13;"segunda-feira";"16:15:00";"SC";280;54,9;"GUARAMIRIM";"Falta de Atenção à Condução";"Colisão traseira";"Com Vítimas Feridas";"Pleno dia";"Decrescente";"Céu Claro";"Simples";"Reta";"Sim";2;0;1;0;1;0;1;2;-26,4754;-48,98375;"SR-SC";"DEL8/3";"UOP03/SC"
262624;2020-01-13;"segunda-feira";"14:40:00";"PR";277;518,3;"GUARANIACU";"Ingestão de Álcool";"Colisão transversal";"Com Vítimas Feridas";"Pleno dia";"Decrescente";"Céu Claro";"Simples";"Rotatória";"Não";1;0;0;1;0;0;1;1;-25,11241;-52,83208;"SR-PR";"DEL7/4";"UOP02/PR"
262625;2020-01-13;"segunda-feira";"15:30:00";"SP";116;100,9;"PINDAMONHANGABA";"Não guardar distância de segurança";"Engavetamento";"Com Vítimas Feridas";"Pleno dia";"Crescente";"Chuva";"Dupla";"Não Informado";"Sim";5;0;0;1;4;0;1;4;-22,98655;-45,47276;"SR-SP";"DEL6";"UOP01/SP"
262626;2020-01-13;"segunda-feira";"15:00:00";"BA";110;142;"CICERO DANTAS";"Avarias e/ou desgaste excessivo no pneu";"Tombamento";"Com Vítimas Feridas";"Pleno dia";"Crescente";"Céu Claro";"Simples";"Desvio Temporário";"Não";1;0;0;1;0;0;1;1;-10,6356;-38,40122;"SR-BA";"DEL10/7";"UOP02/BA"
262627;2020-01-13;"segunda-feira";"15:08:00";"SP";116;162,1;"JACAREI";"Carga excessiva e/ou mal acondicionada";"Derramamento de carga";"Sem Vítimas";"Pleno dia";"Decrescente";"Nublado";"Dupla";"Curva";"Sim";1;0;0;0;1;0;0;1;-23,28046;-45,98227;"SR-SP";"DEL6/2";"UOP01/SP"
262628;2020-01-13;"segunda-feira";"16:45:00";"RN";405;2,8;"MOSSORO";"Ingestão de Álcool";"Colisão frontal";"Com Vítimas Fatais";"Pleno dia";"Crescente";"Céu Claro";"Simples";"Viaduto";"Sim";3;1;1;0;1;0;1;2;-5,193789;-37,37884;"SR-RN";"DEL15/4";"UOP02/RN"
262629;2020-01-13;"segunda-feira";"16:45:00";"BA";330;805;"JEQUIE";"Falta de Atenção à Condução";"Tombamento";"Com Vítimas Feridas";"Pleno dia";"Crescente";"Céu Claro";"Simples";"Curva";"Não";1;0;1;0;0;0;1;1;-13,97873;-39,94815;"SR-BA";"DEL10/3";"UOP01/BA"
262630;2020-01-13;"segunda-feira";"17:00:00";"RS";116;146,1;"CAXIAS DO SUL";"Desobediência às normas de trânsito pelo condutor";"Colisão transversal";"Com Vítimas Feridas";"Pleno dia";"Crescente";"Sol";"Dupla";"Reta";"Sim";4;0;3;0;1;0;3;2;-29,14229;-51,13622;"SR-RS";"DEL9/5";"UOP01/RS"
262631;2020-01-13;"segunda-feira";"04:15:00";"MG";251;283;"SALINAS";"Falta de Atenção à Condução";"Colisão frontal";"Com Vítimas Feridas";"Plena Noite";"Crescente";"Céu Claro";"Simples";"Não Informado";"Não";6;0;1;0;5;0;1;3;-16,03955;-42,13593;"SR-MG";"DEL4/11";"UOP02/MG"
262632;2020-01-13;"segunda-feira";"14:20:00";"GO";153;615,5;"MORRINHOS";"Condutor Dormindo";"Saída de leito carroçável";"Sem Vítimas";"Pleno dia";"Decrescente";"Céu Claro";"Dupla";"Reta";"Não";1;0;0;0;1;0;0;1;-17,6778;-49,1621;"SR-GO";"DEL1/3";"UOP01/GO"
262633;2020-01-13;"segunda-feira";"16:45:00";"SP";116;83,8;"PINDAMONHANGABA";"Falta de Atenção à Condução";"Colisão traseira";"Com Vítimas Feridas";"Pleno dia";"Decrescente";"Chuva";"Dupla";"Reta";"Sim";3;0;1;0;2;0;1;3;-22,91346;-45,32741;"SR-SP";"DEL6";"UOP01/SP"
262634;2020-01-13;"segunda-feira";"15:20:00";"ES";101;131,4;"LINHARES";"Desobediência às normas de trânsito pelo condutor";"Colisão transversal";"Com Vítimas Feridas";"Pleno dia";"Crescente";"Céu Claro";"Simples";"Não Informado";"Não";6;0;0;1;5;0;1;2;-19,23897;-40,09171;"SR-ES";"DEL12/4";"UOP01/ES"
262636;2020-01-13;"segunda-feira";"17:00:00";"SC";282;19,8;"PALHOCA";"Falta de Atenção à Condução";"Colisão transversal";"Com Vítimas Feridas";"Pleno dia";"Crescente";"Sol";"Simples";"Reta";"Sim";2;0;1;0;1;0;1;2;-27,67863;-48,70192;"SR-SC";"DEL8/1";"UOP02/SC"
262637;2020-01-13;"segunda-feira";"15:09:00";"PR";369;182,2;"ARAPONGAS";"Desobediência às normas de trânsito pelo condutor";"Colisão transversal";"Com Vítimas Feridas";"Pleno dia";"Decrescente";"Céu Claro";"Dupla";"Não Informado";"Não";7;0;2;1;4;0;3;2;-23,38441;-51,41933;"SR-PR";"DEL7/7";"UOP03/PR"
262638;2020-01-13;"segunda-feira";"17:30:00";"PE";101;100;"CABO DE SANTO AGOSTINHO";"Sinalização da via insuficiente ou inadequada";"Colisão traseira";"Com Vítimas Feridas";"Plena Noite";"Crescente";"Ignorado";"Simples";"Reta";"Não";3;0;3;0;0;0;3;1;-8,266993;-35,05234;"SR-PE";"DEL11/1";"UOP03/PE"
262639;2020-01-13;"segunda-feira";"15:00:00";"MT";364;205;"RONDONOPOLIS";"Ingestão de Álcool";"Colisão transversal";"Sem Vítimas";"Pleno dia";"Crescente";"Céu Claro";"Dupla";"Reta";"Sim";2;0;0;0;2;0;0;2;-16,45929;-54,66092;"SR-MT";"DEL2/2";"UOP01/MT"
262640;2020-01-13;"segunda-feira";"16:30:00";"RR";174;463;"BOA VISTA";"Defeito Mecânico no Veículo";"Saída de leito carroçável";"Com Vítimas Feridas";"Pleno dia";"Crescente";"Céu Claro";"Simples";"Reta";"Não";2;0;2;0;0;0;2;1;2,554278;-60,87697;"SR-RR";"UOP01/RR";""
262641;2020-01-13;"segunda-feira";"17:00:00";"BA";324;518;"FEIRA DE SANTANA";"Desobediência às normas de trânsito pelo condutor";"Colisão lateral";"Com Vítimas Feridas";"Pleno dia";"Decrescente";"Céu Claro";"Simples";"Não Informado";"Sim";2;0;1;0;1;0;1;2;-12,2582;-38,93218;"SR-BA";"DEL10/2";"UOP01/BA"
262642;2020-01-13;"segunda-feira";"18:10:00";"SP";381;86,3;"SAO PAULO";"Falta de Atenção à Condução";"Colisão traseira";"Com Vítimas Feridas";"Anoitecer";"Crescente";"Nublado";"Dupla";"Reta";"Sim";2;0;1;0;1;0;1;2;-23,4593;-46,57161;"SR-SP";"DEL6/3";"UOP02/SP"
262643;2020-01-13;"segunda-feira";"18:10:00";"DF";70;11,3;"BRASILIA";"Velocidade Incompatível";"Colisão traseira";"Com Vítimas Fatais";"Pleno dia";"Crescente";"Céu Claro";"Dupla";"Não Informado";"Não";3;1;0;0;2;0;0;2;-15,78976;-48,14873;"SR-DF";"UOP06/DF";""
262644;2020-01-13;"segunda-feira";"17:50:00";"GO";60;101;"ANAPOLIS";"Desobediência às normas de trânsito pelo condutor";"Colisão transversal";"Com Vítimas Feridas";"Pleno dia";"Crescente";"Céu Claro";"Dupla";"Interseção de vias";"Sim";2;0;1;0;1;0;1;2;-16,4022;-48,9745;"SR-GO";"DEL1/2";"UOP01/GO"
262645;2020-01-13;"segunda-feira";"16:30:00";"SP";116;489,8;"CAJATI";"Defeito Mecânico no Veículo";"Incêndio";"Sem Vítimas";"Pleno dia";"Decrescente";"Nublado";"Dupla";"Reta";"Sim";1;0;0;0;1;0;0;1;-24,73034;-48,10761;"SR-SP";"DEL6/5";"UOP03/SP"
262646;2020-01-13;"segunda-feira";"18:15:00";"MG";381;487;"BETIM";"Falta de Atenção à Condução";"Colisão traseira";"Com Vítimas Feridas";"Anoitecer";"Crescente";"Sol";"Múltipla";"Reta";"Sim";2;0;1;0;1;0;1;2;-19,95587;-44,1461;"SR-MG";"DEL4/1";"UOP03/MG"
262647;2020-01-13;"segunda-feira";"16:20:00";"SC";282;32,1;"SANTO AMARO DA IMPERATRIZ";"Velocidade Incompatível";"Tombamento";"Com Vítimas Feridas";"Pleno dia";"Decrescente";"Céu Claro";"Simples";"Reta";"Sim";4;0;2;0;0;2;2;1;-27,70167;-48,80101;"SR-SC";"DEL8/1";"UOP03/SC"
262648;2020-01-13;"segunda-feira";"18:00:00";"RS";290;103,4;"ELDORADO DO SUL";"Não guardar distância de segurança";"Tombamento";"Com Vítimas Feridas";"Pleno dia";"Crescente";"Céu Claro";"Dupla";"Não Informado";"Não";4;0;0;1;0;3;1;2;-29,99017;-51,26577;"SR-RS";"DEL9/2";"UOP01/RS"
262649;2020-01-13;"segunda-feira";"07:20:00";"SC";101;327;"CAPIVARI DE BAIXO";"Falta de Atenção à Condução";"Saída de leito carroçável";"Com Vítimas Feridas";"Pleno dia";"Crescente";"Céu Claro";"Simples";"Reta";"Sim";1;0;1;0;0;0;1;1;-28,43023;-48,95205;"SR-SC";"DEL8/2";"UOP01/SC"
262650;2020-01-13;"segunda-feira";"17:00:00";"MT";163;759;"SORRISO";"Falta de Atenção à Condução";"Saída de leito carroçável";"Com Vítimas Feridas";"Pleno dia";"Crescente";"Céu Claro";"Dupla";"Reta";"Sim";1;0;0;1;0;0;1;1;-12,50008;-55,6883;"SR-MT";"DEL2/6";"UOP01/MT"
262651;2020-01-13;"segunda-feira";"18:00:00";"RS";290;102;"PORTO ALEGRE";"Falta de Atenção à Condução";"Colisão traseira";"Com Vítimas Feridas";"Pleno dia";"Crescente";"Céu Claro";"Dupla";"Reta";"Não";2;0;1;0;1;0;1;2;-29,98723;-51,25613;"SR-RS";"DEL9/1";"UOP01/RS"
262652;2020-01-13;"segunda-feira";"16:55:00";"PR";476;341,5;"PAULA FREITAS";"Não guardar distância de segurança";"Colisão traseira";"Com Vítimas Feridas";"Pleno dia";"Crescente";"Céu Claro";"Simples";"Reta";"Não";3;0;1;0;2;0;1;2;-26,16689;-50,90011;"SR-PR";"DEL7/2";"UOP03/PR"
262653;2020-01-13;"segunda-feira";"18:40:00";"CE";222;39,9;"CAUCAIA";"Desobediência às normas de trânsito pelo condutor";"Colisão frontal";"Com Vítimas Fatais";"Plena Noite";"Crescente";"Céu Claro";"Simples";"Reta";"Sim";3;1;0;1;0;1;1;2;-3,688706;-38,89854;"SR-CE";"DEL16/1";"UOP01/CE"
262654;2020-01-13;"segunda-feira";"19:00:00";"RS";116;153,7;"CAXIAS DO SUL";"Desobediência às normas de trânsito pelo condutor";"Colisão transversal";"Com Vítimas Feridas";"Pleno dia";"Crescente";"Céu Claro";"Dupla";"Interseção de vias";"Sim";2;0;1;0;1;0;1;2;-29,18791;-51,18213;"SR-RS";"DEL9/5";"UOP01/RS"
262655;2020-01-13;"segunda-feira";"18:25:00";"PR";373;178;"PONTA GROSSA";"Falta de Atenção à Condução";"Colisão transversal";"Com Vítimas Feridas";"Pleno dia";"Crescente";"Céu Claro";"Simples";"Reta";"Sim";4;0;2;0;2;0;2;2;-25,05025;-50,23418;"SR-PR";"DEL7/3";"UOP01/PR"
262657;2020-01-13;"segunda-feira";"17:30:00";"MG";262;472,6;"BOM DESPACHO";"Falta de Atenção à Condução";"Colisão traseira";"Com Vítimas Feridas";"Pleno dia";"Crescente";"Céu Claro";"Simples";"Reta";"Não";3;0;1;0;2;0;1;3;-19,78651;-45,17551;"SR-MG";"DEL4/8";"UOP03/MG"
262658;2020-01-13;"segunda-feira";"18:50:00";"PE";428;121;"SANTA MARIA DA BOA VISTA";"Animais na Pista";"Atropelamento de Animal";"Com Vítimas Feridas";"Plena Noite";"Crescente";"Céu Claro";"Simples";"Reta";"Não";2;0;1;0;1;0;1;1;-8,930059;-40,11503;"SR-PE";"DEL11/6";"UOP03/PE"
262659;2020-01-13;"segunda-feira";"18:30:00";"MG";262;33;"MANHUACU";"Falta de Atenção à Condução";"Colisão traseira";"Com Vítimas Feridas";"Plena Noite";"Crescente";"Céu Claro";"Simples";"Desvio Temporário";"Não";2;0;1;0;1;0;1;2;-20,25551;-42,00465;"SR-MG";"DEL4/6";"UOP04/MG"
262660;2020-01-13;"segunda-feira";"17:45:00";"RJ";101;215;"SILVA JARDIM";"Desobediência às normas de trânsito pelo condutor";"Colisão traseira";"Sem Vítimas";"Anoitecer";"Crescente";"Nublado";"Dupla";"Não Informado";"Não";2;0;0;0;2;0;0;2;-22,50541;-42,27366;"SR-RJ";"DEL5/2";"UOP02/RJ"
262661;2020-01-13;"segunda-feira";"19:20:00";"GO";40;93;"CRISTALINA";"Falta de Atenção à Condução";"Colisão transversal";"Com Vítimas Feridas";"Plena Noite";"Crescente";"Céu Claro";"Simples";"Interseção de vias";"Não";4;0;2;0;2;0;2;2;-16,73682;-47,61925;"SR-DF";"UOP02/DF";""
262663;2020-01-13;"segunda-feira";"17:30:00";"SC";470;65,9;"INDAIAL";"Desobediência às normas de trânsito pelo condutor";"Colisão transversal";"Com Vítimas Feridas";"Pleno dia";"Crescente";"Sol";"Simples";"Não Informado";"Sim";3;0;2;0;1;0;2;2;-26,87041;-49,21186;"SR-SC";"DEL8/4";"UOP01/SC"
262664;2020-01-13;"segunda-feira";"17:00:00";"SC";470;173,5;"POUSO REDONDO";"Falta de Atenção à Condução";"Colisão transversal";"Com Vítimas Feridas";"Pleno dia";"Crescente";"Sol";"Simples";"Reta";"Sim";3;0;2;0;1;0;2;2;-27,25984;-49,91929;"SR-SC";"DEL8/4";"UOP02/SC"
262665;2020-01-13;"segunda-feira";"18:20:00";"SP";381;70;"MAIRIPORA";"Pista Escorregadia";"Capotamento";"Com Vítimas Feridas";"Plena Noite";"Decrescente";"Garoa/Chuvisco";"Múltipla";"Curva";"Sim";3;0;3;0;0;0;3;1;-23,34973;-46,5607;"SR-SP";"DEL6/3";"UOP02/SP"
262666;2020-01-13;"segunda-feira";"19:40:00";"RN";406;104,5;"JOAO CAMARA";"Falta de Atenção à Condução";"Colisão traseira";"Sem Vítimas";"Plena Noite";"Crescente";"Céu Claro";"Simples";"Reta";"Sim";2;0;0;0;1;1;0;2;-5,540678;-35,80554;"SR-RN";"DEL15/2";"UOP01/RN"
262667;2020-01-13;"segunda-feira";"19:20:00";"MG";381;484,9;"BETIM";"Falta de Atenção do Pedestre";"Atropelamento de Pedestre";"Com Vítimas Fatais";"Plena Noite";"Crescente";"Nublado";"Dupla";"Curva";"Sim";2;1;1;0;0;0;1;1;-19,95532;-44,11722;"SR-MG";"DEL4/1";"UOP03/MG"
262668;2020-01-13;"segunda-feira";"14:00:00";"BA";116;577;"NOVA ITARANA";"Falta de Atenção à Condução";"Colisão traseira";"Com Vítimas Feridas";"Pleno dia";"Crescente";"Céu Claro";"Simples";"Reta";"Não";2;0;1;0;1;0;1;2;-13,06384;-39,95768;"SR-BA";"DEL10/3";"UOP02/BA"
262669;2020-01-13;"segunda-feira";"19:15:00";"GO";60;138;"GOIANIA";"Falta de Atenção à Condução";"Colisão frontal";"Com Vítimas Feridas";"Anoitecer";"Decrescente";"Céu Claro";"Simples";"Reta";"Sim";2;0;1;0;1;0;1;2;-16,6117;-49,2053;"SR-GO";"DEL1/1";"UOP01/GO"
262670;2020-01-13;"segunda-feira";"15:30:00";"MG";116;416;"GOVERNADOR VALADARES";"Falta de Atenção à Condução";"Colisão lateral";"Com Vítimas Feridas";"Pleno dia";"Crescente";"Céu Claro";"Simples";"Reta";"Sim";3;0;1;0;1;1;1;2;-18,88636;-41,94632;"SR-MG";"DEL4/6";"UOP01/MG"
262671;2020-01-13;"segunda-feira";"14:40:00";"RO";364;411;"JARU";"Falta de Atenção à Condução";"Colisão frontal";"Com Vítimas Feridas";"Pleno dia";"Decrescente";"Nublado";"Simples";"Não Informado";"Não";2;0;1;0;1;0;1;2;-10,52498;-62,39404;"SR-RO";"DEL21/3";"UOP02/RO"
262672;2020-01-13;"segunda-feira";"19:20:00";"RS";290;173;"BUTIA";"Defeito Mecânico no Veículo";"Incêndio";"Sem Vítimas";"Pleno dia";"Decrescente";"Sol";"Simples";"Não Informado";"Não";1;0;0;0;1;0;0;1;-30,12729;-51,94133;"SR-RS";"DEL9/2";"UOP03/RS"
262673;2020-01-13;"segunda-feira";"17:00:00";"PR";153;39,8;"SANTO ANTONIO DA PLATINA";"Defeito Mecânico no Veículo";"Colisão transversal";"Com Vítimas Feridas";"Pleno dia";"Crescente";"Céu Claro";"Dupla";"Rotatória";"Não";2;0;1;0;1;0;1;2;-23,27232;-50,05734;"SR-PR";"DEL7/7";"UOP07/PR"
262674;2020-01-13;"segunda-feira";"18:00:00";"MG";116;498,5;"INHAPIM";"Falta de Atenção à Condução";"Colisão transversal";"Com Vítimas Feridas";"Plena Noite";"Decrescente";"Nublado";"Simples";"Curva";"Não";2;0;0;1;1;0;1;2;-19,5462;-42,12776;"SR-MG";"DEL4/6";"UOP02/MG"
262675;2020-01-13;"segunda-feira";"19:50:00";"SC";101;123,8;"ITAJAI";"Falta de Atenção à Condução";"Tombamento";"Com Vítimas Feridas";"Plena Noite";"Crescente";"Céu Claro";"Simples";"Retorno Regulamentado";"Não";2;0;2;0;0;0;2;1;-26,9492;-48,68158;"SR-SC";"DEL8/4";"UOP04/SC"
262676;2020-01-13;"segunda-feira";"20:20:00";"TO";242;352,2;"PEIXE";"Defeito Mecânico no Veículo";"Colisão lateral";"Com Vítimas Feridas";"Plena Noite";"Decrescente";"Céu Claro";"Simples";"Reta";"Não";5;0;4;0;1;0;4;2;-11,86927;-48,87444;"SR-TO";"UOP01/TO";""
262677;2020-01-13;"segunda-feira";"16:00:00";"BA";242;418;"SEABRA";"Velocidade Incompatível";"Saída de leito carroçável";"Com Vítimas Feridas";"Pleno dia";"Decrescente";"Céu Claro";"Simples";"Reta";"Não";2;0;2;0;0;0;2;1;-12,43219;-41,80645;"SR-BA";"DEL10/6";"UOP01/BA"