"id";"data_inversa";"dia_semana";"horario";"uf";"br";"km";"municipio";"causa_acidente";"tipo_acidente";"classificacao_acidente";"fase_dia";"sentido_via";"condicao_metereologica";"tipo_pista";"tracado_via";"uso_solo";"pessoas";"mortos";"feridos_leves";"feridos_graves";"ilesos";"ignorados";"feridos";"veiculos";"latitude";"longitude";"regional";"delegacia";"uop"
262678;2020-01-13;"segunda-feira";"17:30:00";"MT";70;719;"CACERES";"Pista Escorregadia";"Saída de leito carroçável";"Sem Vítimas";"Pleno dia";"Crescente";"Chuva";"Simples";"Curva";"Não";2;0;0;0;2;0;0;1;-16,20103;-57,57632;"SR-MT";"DEL2/3";"UOP01/MT"
262679;2020-01-13;"segunda-feira";"19:45:00";"SC";101;151;"ITAPEMA";"Falta de Atenção do Pedestre";"Atropelamento de Pedestre";"Com Vítimas Fatais";"Anoitecer";"Crescente";"Céu Claro";"Simples";"Reta";"Sim";2;1;0;0;1;0;0;1;-27,12654;-48,60964;"SR-SC";"DEL8/4";"UOP03/SC"
262681;2020-01-13;"segunda-feira";"21:55:00";"SP";116;27,8;"LAVRINHAS";"Velocidade Incompatível";"Colisão com objeto estático";"Com Vítimas Feridas";"Plena Noite";"Decrescente";"Chuva";"Dupla";"Curva";"Não";4;0;3;0;1;0;3;2;-22,62439;-44,91099;"SR-SP";"DEL6/8";"UOP01/SP"
262683;2020-01-13;"segunda-feira";"07:20:00";"RO";364;382,5;"OURO PRETO DO OESTE";"Ingestão de Álcool";"Queda de ocupante de veículo";"Com Vítimas Feridas";"Plena Noite";"Decrescente";"Céu Claro";"Simples";"Desvio Temporário";"Não";1;0;0;1;0;0;1;1;-10,72309;-62,24058;"SR-RO";"DEL21/2";"UOP01/RO"
262685;2020-01-13;"segunda-feira";"22:20:00";"SE";101;11,7;"CEDRO DE SAO JOAO";"Falta de Atenção à Condução";"Colisão frontal";"Com Vítimas Fatais";"Plena Noite";"Decrescente";"Céu Claro";"Simples";"Reta";"Não";2;1;0;0;1;0;0;2;-10,28768;-36,87861;"SR-SE";"DEL20/2";"UOP02/SE"
262686;2020-01-13;"segunda-feira";"22:15:00";"SC";101;214;"PALHOCA";"Falta de Atenção à Condução";"Colisão lateral";"Com Vítimas Feridas";"Plena Noite";"Crescente";"Céu Claro";"Dupla";"Reta";"Sim";2;0;1;0;1;0;1;2;-27,64443;-48,67057;"SR-SC";"DEL8/1";"UOP02/SC"
262687;2020-01-13;"segunda-feira";"22:00:00";"PB";230;27;"JOAO PESSOA";"Falta de Atenção à Condução";"Colisão traseira";"Com Vítimas Feridas";"Plena Noite";"Crescente";"Céu Claro";"Dupla";"Reta";"Sim";3;0;0;2;0;1;2;2;-7,1677;-34,8855;"SR-PB";"DEL14/1";"UOP01/PB"
262688;2020-01-13;"segunda-feira";"22:45:00";"SC";101;200;"SAO JOSE";"Falta de Atenção à Condução";"Colisão lateral";"Com Vítimas Feridas";"Plena Noite";"Decrescente";"Nublado";"Dupla";"Reta";"Sim";2;0;2;0;0;0;2;2;-27,54019;-48,62288;"SR-SC";"DEL8/1";"UOP01/SC"
262689;2020-01-13;"segunda-feira";"22:30:00";"PA";230;116;"MARABA";"Não guardar distância de segurança";"Colisão lateral";"Com Vítimas Feridas";"Plena Noite";"Decrescente";"Garoa/Chuvisco";"Dupla";"Reta";"Sim";2;0;1;0;1;0;1;2;-5,355699;-49,09047;"SR-PA";"DEL19/3";"UOP01/PA"
262690;2020-01-13;"segunda-feira";"19:00:00";"MT";70;381;"CAMPO VERDE";"Falta de Atenção do Pedestre";"Atropelamento de Pedestre";"Com Vítimas Feridas";"Plena Noite";"Crescente";"Céu Claro";"Simples";"Reta";"Não";2;0;2;0;0;0;2;1;-15,52082;-55,12451;"SR-MT";"DEL2/5";"UOP01/MT"
262691;2020-01-13;"segunda-feira";"22:25:00";"RJ";101;473;"ANGRA DOS REIS";"Desobediência às normas de trânsito pelo condutor";"Colisão traseira";"Sem Vítimas";"Plena Noite";"Decrescente";"Garoa/Chuvisco";"Simples";"Reta";"Sim";2;0;0;0;2;0;0;2;-22,98961;-44,24169;"SR-RJ";"DEL5/3";"UOP02/RJ"
262692;2020-01-13;"segunda-feira";"23:30:00";"RS";471;504;"RIO GRANDE";"Condutor Dormindo";"Colisão traseira";"Com Vítimas Feridas";"Plena Noite";"Decrescente";"Céu Claro";"Simples";"Reta";"Não";3;0;2;0;1;0;2;2;-32,40653;-52,55959;"SR-RS";"DEL9/7";"UOP02/RS"
262693;2020-01-13;"segunda-feira";"23:30:00";"GO";70;9,9;"AGUAS LINDAS DE GOIAS";"Ingestão de Álcool";"Saída de leito carroçável";"Com Vítimas Feridas";"Plena Noite";"Decrescente";"Nublado";"Dupla";"Curva";"Sim";3;0;1;0;0;2;1;1;-15,73577;-48,28288;"SR-DF";"UOP06/DF";""
262694;2020-01-13;"segunda-feira";"22:30:00";"MG";262;711,1;"ARAXA";"Não guardar distância de segurança";"Colisão traseira";"Com Vítimas Feridas";"Plena Noite";"Crescente";"Céu Claro";"Simples";"Reta";"Não";2;0;2;0;0;0;2;1;-19,60285;-47,15316;"SR-MG";"DEL4/8";"UOP01/MG"
262696;2020-01-13;"segunda-feira";"23:30:00";"SC";101;203;"SAO JOSE";"Desobediência às normas de trânsito pelo condutor";"Colisão traseira";"Sem Vítimas";"Plena Noite";"Crescente";"Céu Claro";"Múltipla";"Interseção de vias";"Sim";2;0;0;0;2;0;0;2;-27,565;-48,6146;"SR-SC";"DEL8/1";"UOP01/SC"
262697;2020-01-13;"segunda-feira";"22:50:00";"PI";230;275,2;"NAZARE DO PIAUI";"Animais na Pista";"Colisão com objeto estático";"Com Vítimas Feridas";"Plena Noite";"Decrescente";"Céu Claro";"Simples";"Reta";"Não";1;0;0;1;0;0;1;1;-6,934962;-42,7474;"SR-PI";"DEL17/3";"UOP01/PI"
262698;2020-01-14;"terça-feira";"00:40:00";"SP";153;201;"GETULINA";"Animais na Pista";"Atropelamento de Animal";"Sem Vítimas";"Plena Noite";"Crescente";"Nublado";"Simples";"Desvio Temporário";"Não";3;0;0;0;3;0;0;1;-21,82878;-49,90313;"SR-SP";"DEL6/07";"UOP01/SP"
262699;2020-01-14;"terça-feira";"01:10:00";"SP";381;87;"GUARULHOS";"Falta de Atenção à Condução";"Tombamento";"Com Vítimas Feridas";"Plena Noite";"Decrescente";"Céu Claro";"Dupla";"Reta";"Sim";1;0;1;0;0;0;1;1;-23,46885;-46,56997;"SR-SP";"DEL6/3";"UOP02/SP"
262700;2020-01-13;"segunda-feira";"21:00:00";"SP";116;275;"TABOAO DA SERRA";"Ingestão de Álcool";"Colisão lateral";"Sem Vítimas";"Plena Noite";"Decrescente";"Céu Claro";"Dupla";"Reta";"Sim";2;0;0;0;2;0;0;2;-23,63639;-46,83252;"SR-SP";"DEL6/4";"UOP01/SP"
262701;2020-01-13;"segunda-feira";"22:00:00";"SP";381;88;"GUARULHOS";"Falta de Atenção à Condução";"Colisão lateral";"Sem Vítimas";"Plena Noite";"Decrescente";"Céu Claro";"Dupla";"Reta";"Sim";1;0;0;0;0;1;0;1;-23,47469;-46,56113;"SR-SP";"DEL6/3";"UOP02/SP"
262702;2020-01-13;"segunda-feira";"23:50:00";"RJ";101;120,5;"CAMPOS DOS GOYTACAZES";"Falta de Atenção do Pedestre";"Atropelamento de Pedestre";"Com Vítimas Fatais";"Plena Noite";"Crescente";"Céu Claro";"Dupla";"Reta";"Sim";2;1;0;0;0;1;0;1;-22,02622;-41,69171;"SR-RJ";"DEL5/8";"UOP02/RJ"
262703;2020-01-13;"segunda-feira";"23:40:00";"MA";316;275;"BELA VISTA DO MARANHAO";"Falta de Atenção à Condução";"Saída de leito carroçável";"Com Vítimas Feridas";"Plena Noite";"Crescente";"Nublado";"Simples";"Não Informado";"Não";1;0;1;0;0;0;1;1;-3,724337;-45,27808;"SR-MA";"DEL18/2";"UOP01/MA"
262704;2020-01-14;"terça-feira";"04:05:00";"MG";381;493,2;"BETIM";"Falta de Atenção à Condução";"Colisão traseira";"Com Vítimas Feridas";"Plena Noite";"Crescente";"Céu Claro";"Dupla";"Reta";"Sim";2;0;1;0;1;0;1;2;-19,97671;-44,19963;"SR-MG";"DEL4/1";"UOP03/MG"
262705;2020-01-14;"terça-feira";"01:50:00";"RJ";116;133;"MAGE";"Mal Súbito";"Danos eventuais";"Com Vítimas Feridas";"Plena Noite";"Decrescente";"Nublado";"Dupla";"Reta";"Sim";1;0;1;0;0;0;1;1;-22,65418;-43,14383;"SR-RJ";"DEL5/4";"UOP02/RJ"
262706;2020-01-14;"terça-feira";"05:10:00";"ES";101;266;"SERRA";"Desobediência às normas de trânsito pelo condutor";"Colisão transversal";"Com Vítimas Feridas";"Amanhecer";"Crescente";"Céu Claro";"Dupla";"Interseção de vias";"Sim";5;0;4;0;1;0;4;2;-20,1902;-40,26829;"SR-ES";"DEL12/2";"UOP01/ES"
262715;2020-01-14;"terça-feira";"04:50:00";"SC";101;203;"SAO JOSE";"Ingestão de Álcool";"Colisão com objeto estático";"Com Vítimas Feridas";"Amanhecer";"Decrescente";"Nublado";"Múltipla";"Reta";"Sim";1;0;1;0;0;0;1;1;-27,565;-48,6146;"SR-SC";"DEL8/1";"UOP01/SC"
262720;2020-01-14;"terça-feira";"02:04:00";"PA";316;62;"CASTANHAL";"Ingestão de Álcool";"Colisão com objeto estático";"Sem Vítimas";"Plena Noite";"Decrescente";"Céu Claro";"Dupla";"Reta";"Sim";1;0;0;0;1;0;0;1;-1,297869;-47,93764;"SR-PA";"DEL19/1";"UOP01/PA"
262721;2020-01-14;"terça-feira";"05:50:00";"SC";101;117;"ITAJAI";"Desobediência às normas de trânsito pelo condutor";"Colisão transversal";"Com Vítimas Feridas";"Pleno dia";"Decrescente";"Céu Claro";"Simples";"Interseção de vias";"Sim";2;0;0;1;1;0;1;2;-26,88747;-48,72253;"SR-SC";"DEL8/4";"UOP04/SC"
262722;2020-01-14;"terça-feira";"04:00:00";"MG";381;4,8;"BETIM";"Agressão Externa";"Incêndio";"Sem Vítimas";"Plena Noite";"Crescente";"Céu Claro";"Dupla";"Reta";"Sim";1;0;0;0;0;1;0;1;-19,96825;-44,19871;"SR-MG";"DEL4/1";"UOP03/MG"
262723;2020-01-13;"segunda-feira";"20:50:00";"RO";319;63;"PORTO VELHO";"Falta de Atenção à Condução";"Colisão traseira";"Sem Vítimas";"Plena Noite";"Decrescente";"Nublado";"Múltipla";"Reta";"Sim";6;0;0;0;6;0;0;2;-8,766685;-63,88405;"SR-RO";"DEL21/1";"UOP01/RO"
262724;2020-01-14;"terça-feira";"06:30:00";"MG";381;345;"BELA VISTA DE MINAS";"Velocidade Incompatível";"Saída de leito carroçável";"Com Vítimas Feridas";"Pleno dia";"Crescente";"Chuva";"Simples";"Curva";"Não";2;0;2;0;0;0;2;1;-19,86363;-43,12254;"SR-MG";"DEL4/3";"UOP01/MG"
262725;2020-01-14;"terça-feira";"06:55:00";"RS";285;293;"PASSO FUNDO";"Desobediência às normas de trânsito pelo condutor";"Colisão transversal";"Com Vítimas Feridas";"Pleno dia";"Crescente";"Sol";"Simples";"Interseção de vias";"Sim";3;0;1;0;2;0;1;2;-28,23664;-52,37516;"SR-RS";"DEL08";"UOP03/RS"
262726;2020-01-14;"terça-feira";"06:30:00";"SP";116;396;"MIRACATU";"Falta de Atenção à Condução";"Tombamento";"Sem Vítimas";"Amanhecer";"Crescente";"Céu Claro";"Dupla";"Reta";"Não";1;0;0;0;0;1;0;1;-24,29195;-47,46959;"SR-SP";"DEL6/4";"UOP03/SP"
262727;2020-01-14;"terça-feira";"05:45:00";"RJ";40;84;"PETROPOLIS";"Condutor Dormindo";"Colisão com objeto estático";"Com Vítimas Feridas";"Amanhecer";"Decrescente";"Chuva";"Simples";"Curva";"Não";3;0;3;0;0;0;3;1;-22,52146;-43,23708;"SR-RJ";"DEL5/6";"UOP03/RJ"
262728;2020-01-14;"terça-feira";"07:00:00";"ES";101;268;"SERRA";"Falta de Atenção do Pedestre";"Atropelamento de Pedestre";"Com Vítimas Feridas";"Pleno dia";"Crescente";"Céu Claro";"Múltipla";"Reta";"Sim";2;0;1;0;1;0;1;1;-20,20842;-40,2694;"SR-ES";"DEL12/2";"UOP01/ES"
262729;2020-01-14;"terça-feira";"06:55:00";"MG";381;708,7;"NEPOMUCENO";"Falta de Atenção à Condução";"Colisão lateral";"Com Vítimas Feridas";"Pleno dia";"Crescente";"Céu Claro";"Dupla";"Reta";"Não";3;0;1;0;1;1;1;2;-21,37052;-45,18865;"SR-MG";"DEL4/4";"UOP02/MG"
262730;2020-01-14;"terça-feira";"07:30:00";"SC";101;216,5;"PALHOCA";"Falta de Atenção à Condução";"Colisão traseira";"Com Vítimas Feridas";"Pleno dia";"Decrescente";"Sol";"Dupla";"Não Informado";"Sim";2;0;1;0;1;0;1;2;-27,65602;-48,67839;"SR-SC";"DEL8/1";"UOP02/SC"
262731;2020-01-14;"terça-feira";"07:10:00";"DF";40;3;"BRASILIA";"Desobediência às normas de trânsito pelo condutor";"Colisão traseira";"Com Vítimas Feridas";"Pleno dia";"Decrescente";"Céu Claro";"Dupla";"Reta";"Sim";2;0;1;0;1;0;1;2;-16,00314;-47,98394;"SR-DF";"UOP01/DF";""
262733;2020-01-14;"terça-feira";"07:30:00";"PR";277;81,2;"CURITIBA";"Desobediência às normas de trânsito pelo condutor";"Colisão traseira";"Com Vítimas Feridas";"Pleno dia";"Crescente";"Céu Claro";"Dupla";"Reta";"Sim";3;0;2;0;1;0;2;3;-25,467;-49,21606;"SR-PR";"DEL7/1";"UOP04/PR"
262734;2020-01-14;"terça-feira";"07:40:00";"BA";324;619;"SALVADOR";"Não guardar distância de segurança";"Colisão lateral";"Sem Vítimas";"Pleno dia";"Crescente";"Céu Claro";"Dupla";"Reta";"Sim";4;0;0;0;4;0;0;4;-12,89821;-38,45012;"SR-BA";"DEL10/1";"UOP01/BA"
262735;2020-01-14;"terça-feira";"07:00:00";"BA";101;164;"CONCEICAO DO JACUIPE";"Falta de Atenção à Condução";"Capotamento";"Com Vítimas Feridas";"Pleno dia";"Crescente";"Céu Claro";"Simples";"Reta";"Sim";4;0;3;0;1;0;3;1;-12,35551;-38,78248;"SR-BA";"DEL10/1";"UOP03/BA"
262736;2020-01-14;"terça-feira";"07:50:00";"DF";70;10;"BRASILIA";"Falta de Atenção à Condução";"Atropelamento de Pedestre";"Com Vítimas Feridas";"Pleno dia";"Decrescente";"Céu Claro";"Simples";"Reta";"Sim";3;0;1;0;2;0;1;1;-15,78707;-48,14071;"SR-DF";"UOP06/DF";""
262737;2020-01-14;"terça-feira";"08:05:00";"GO";153;506;"GOIANIA";"Desobediência às normas de trânsito pelo condutor";"Queda de ocupante de veículo";"Com Vítimas Feridas";"Pleno dia";"Decrescente";"Céu Claro";"Dupla";"Reta";"Sim";1;0;1;0;0;0;1;1;-16,7633;-49,24;"SR-GO";"DEL1/1";"UOP01/GO"
262739;2020-01-14;"terça-feira";"06:10:00";"SE";101;13,3;"CEDRO DE SAO JOAO";"Defeito Mecânico no Veículo";"Incêndio";"Sem Vítimas";"Pleno dia";"Decrescente";"Céu Claro";"Dupla";"Não Informado";"Não";1;0;0;0;1;0;0;1;-10,30352;-36,88758;"SR-SE";"DEL20/2";"UOP02/SE"
262740;2020-01-14;"terça-feira";"08:10:00";"RN";101;85;"NATAL";"Falta de Atenção à Condução";"Colisão traseira";"Com Vítimas Feridas";"Pleno dia";"Crescente";"Céu Claro";"Dupla";"Reta";"Sim";3;0;1;0;2;0;1;2;-5,777664;-35,24937;"SR-RN";"DEL15/2";"UOP01/RN"
262741;2020-01-14;"terça-feira";"07:00:00";"RJ";465;5;"SEROPEDICA";"Desobediência às normas de trânsito pelo condutor";"Colisão frontal";"Com Vítimas Feridas";"Pleno dia";"Crescente";"Nublado";"Simples";"Reta";"Sim";3;0;0;2;1;0;2;2;-22,74767;-43,6992;"SR-RJ";"DEL5/1";"UOP03/RJ"
262742;2020-01-14;"terça-feira";"08:15:00";"MA";230;2,1;"BARAO DE GRAJAU";"Não guardar distância de segurança";"Colisão traseira";"Com Vítimas Feridas";"Pleno dia";"Crescente";"Nublado";"Simples";"Reta";"Sim";6;0;0;1;5;0;1;2;-6,754515;-43,0254;"SR-PI";"DEL17/3";"UOP01/PI"
262743;2020-01-14;"terça-feira";"08:20:00";"PR";277;199,6;"PALMEIRA";"Condutor Dormindo";"Saída de leito carroçável";"Com Vítimas Feridas";"Pleno dia";"Decrescente";"Nublado";"Simples";"Não Informado";"Não";1;0;0;1;0;0;1;1;-25,46923;-50,27545;"SR-PR";"DEL7/3";"UOP04/PR"
262744;2020-01-14;"terça-feira";"08:10:00";"BA";415;58,8;"ITABUNA";"Velocidade Incompatível";"Tombamento";"Com Vítimas Fatais";"Pleno dia";"Crescente";"Céu Claro";"Simples";"Curva";"Não";1;1;0;0;0;0;0;1;-14,8491;-39,38504;"SR-BA";"DEL10/5";"UOP01/BA"
262745;2020-01-14;"terça-feira";"08:00:00";"PR";116;110,8;"CURITIBA";"Falta de Atenção à Condução";"Colisão traseira";"Sem Vítimas";"Pleno dia";"Crescente";"Nublado";"Dupla";"Reta";"Sim";4;0;0;0;2;2;0;4;-25,57013;-49,21737;"SR-PR";"DEL7/1";"UOP04/PR"
262746;2020-01-14;"terça-feira";"06:50:00";"PI";343;347,9;"TERESINA";"Pista Escorregadia";"Capotamento";"Com Vítimas Feridas";"Pleno dia";"Crescente";"Nublado";"Dupla";"Curva";"Sim";4;0;3;0;1;0;3;1;-5,114822;-42,77835;"SR-PI";"DEL17/1";"UOP01/PI"
262747;2020-01-14;"terça-feira";"09:40:00";"SC";470;53,7;"BLUMENAU";"Desobediência às normas de trânsito pelo condutor";"Colisão transversal";"Com Vítimas Feridas";"Pleno dia";"Crescente";"Céu Claro";"Simples";"Curva";"Sim";2;0;1;0;1;0;1;2;-26,87099;-49,10721;"SR-SC";"DEL8/4";"UOP01/SC"
262748;2020-01-14;"terça-feira";"08:50:00";"PI";316;8,9;"TERESINA";"Falta de Atenção à Condução";"Colisão lateral";"Com Vítimas Feridas";"Pleno dia";"Decrescente";"Céu Claro";"Simples";"Reta";"Sim";3;0;2;0;1;0;2;2;-5,164834;-42,769;"SR-PI";"DEL17/1";"UOP02/PI"
262750;2020-01-14;"terça-feira";"09:35:00";"MA";316;552,4;"CAXIAS";"Falta de Atenção à Condução";"Colisão transversal";"Sem Vítimas";"Pleno dia";"Decrescente";"Nublado";"Simples";"Rotatória";"Sim";2;0;0;0;2;0;0;2;-4,882649;-43,34558;"SR-MA";"DEL18/3";"UOP02/MA"
262751;2020-01-14;"terça-feira";"09:50:00";"RN";101;84,9;"NATAL";"Não guardar distância de segurança";"Colisão traseira";"Com Vítimas Feridas";"Pleno dia";"Decrescente";"Céu Claro";"Dupla";"Curva";"Sim";2;0;1;0;1;0;1;2;-5,774175;-35,2578;"SR-RN";"DEL15/2";"UOP01/RN"
262752;2020-01-14;"terça-feira";"09:10:00";"MG";262;370,4;"JUATUBA";"Falta de Atenção do Pedestre";"Atropelamento de Pedestre";"Com Vítimas Fatais";"Pleno dia";"Decrescente";"Céu Claro";"Dupla";"Desvio Temporário";"Sim";3;1;1;1;0;0;2;1;-19,95869;-44,35916;"SR-MG";"DEL4/1";"UOP03/MG"
262754;2020-01-14;"terça-feira";"09:30:00";"SP";116;47;"CANAS";"Defeito Mecânico no Veículo";"Colisão com objeto em movimento";"Sem Vítimas";"Pleno dia";"Decrescente";"Nublado";"Dupla";"Reta";"Não";4;0;0;0;3;1;0;3;-22,71947;-45,0611;"SR-SP";"DEL6/8";"UOP02/SP"
262755;2020-01-06;"segunda-feira";"12:35:00";"SC";282;1;"FLORIANOPOLIS";"Falta de Atenção à Condução";"Colisão lateral";"Com Vítimas Feridas";"Pleno dia";"Decrescente";"Céu Claro";"Dupla";"Reta";"Sim";2;0;1;0;1;0;1;2;-27,60296;-48,58051;"SR-SC";"DEL8/1";"UOP01/SC"
262757;2020-01-14;"terça-feira";"10:00:00";"SC";282;3;"FLORIANOPOLIS";"Desobediência às normas de trânsito pelo condutor";"Colisão lateral";"Com Vítimas Feridas";"Pleno dia";"Decrescente";"Sol";"Dupla";"Reta";"Não";2;0;1;0;1;0;1;2;-27,60038;-48,59971;"SR-SC";"DEL8/1";"UOP01/SC"
262758;2020-01-14;"terça-feira";"08:50:00";"RS";386;234,7;"SOLEDADE";"Falta de Atenção à Condução";"Saída de leito carroçável";"Com Vítimas Feridas";"Pleno dia";"Crescente";"Céu Claro";"Dupla";"Não Informado";"Não";2;0;2;0;0;0;2;1;-28,72695;-52,55633;"SR-RS";"DEL9/4";"UOP03/RS"
262759;2020-01-14;"terça-feira";"10:00:00";"RS";448;20;"CANOAS";"Velocidade Incompatível";"Tombamento";"Com Vítimas Feridas";"Pleno dia";"Decrescente";"Sol";"Múltipla";"Curva";"Sim";3;0;2;0;1;0;2;1;-29,90078;-51,14925;"SR-RS";"DEL9/1";"UOP01/RS"
262760;2020-01-14;"terça-feira";"09:35:00";"RS";392;67,8;"PELOTAS";"Falta de Atenção à Condução";"Colisão transversal";"Com Vítimas Feridas";"Pleno dia";"Decrescente";"Céu Claro";"Simples";"Reta";"Não";3;0;1;0;2;0;1;2;-31,7571;-52,39981;"SR-RS";"DEL9/7";"UOP01/RS"
262761;2020-01-14;"terça-feira";"10:40:00";"ES";101;313;"VILA VELHA";"Falta de Atenção à Condução";"Tombamento";"Com Vítimas Feridas";"Pleno dia";"Crescente";"Nublado";"Simples";"Reta";"Não";1;0;1;0;0;0;1;1;-20,45266;-40,46228;"SR-ES";"DEL12/3";"UOP01/ES"
262762;2020-01-14;"terça-feira";"10:10:00";"CE";20;258;"ITATIRA";"Pista Escorregadia";"Saída de leito carroçável";"Com Vítimas Feridas";"Pleno dia";"Crescente";"Chuva";"Simples";"Curva";"Não";2;0;2;0;0;0;2;1;-4,728426;-39,46709;"SR-CE";"DEL16/2";"UOP01/CE"
262764;2020-01-02;"quinta-feira";"20:00:00";"GO";60;34,9;"ALEXANIA";"Defeito na Via";"Saída de leito carroçável";"Com Vítimas Fatais";"Plena Noite";"Crescente";"Chuva";"Dupla";"Reta";"Não";3;1;2;0;0;0;2;1;-16,0963;-48,5202;"SR-DF";"UOP03/DF";""
262766;2020-01-14;"terça-feira";"11:00:00";"BA";101;728,7;"EUNAPOLIS";"Ultrapassagem Indevida";"Colisão frontal";"Com Vítimas Feridas";"Pleno dia";"Crescente";"Céu Claro";"Simples";"Curva";"Não";5;0;3;2;0;0;5;2;-16,42837;-39,57927;"SR-BA";"DEL10/9";"UOP01/BA"
262768;2020-01-14;"terça-feira";"11:00:00";"BA";242;773;"BARREIRAS";"Mal Súbito";"Colisão com objeto estático";"Com Vítimas Fatais";"Pleno dia";"Crescente";"Céu Claro";"Simples";"Reta";"Não";5;1;2;2;0;0;4;1;-12,15891;-44,64721;"SR-BA";"DEL10/10";"UOP01/BA"
262769;2020-01-14;"terça-feira";"10:20:00";"BA";101;578,8;"CAMACAN";"Falta de Atenção à Condução";"Colisão lateral";"Com Vítimas Feridas";"Pleno dia";"Crescente";"Céu Claro";"Simples";"Reta";"Não";5;0;1;1;3;0;2;2;-15,3456;-39,50097;"SR-BA";"DEL10/5";"UOP02/BA"
262770;2020-01-14;"terça-feira";"11:25:00";"PI";316;8,9;"TERESINA";"Desobediência às normas de trânsito pelo condutor";"Colisão transversal";"Com Vítimas Feridas";"Pleno dia";"Decrescente";"Sol";"Simples";"Reta";"Sim";2;0;0;1;1;0;1;2;-5,164834;-42,769;"SR-PI";"DEL17/1";"UOP02/PI"
262771;2020-01-14;"terça-feira";"10:00:00";"PE";101;51;"PAULISTA";"Falta de Atenção à Condução";"Colisão transversal";"Com Vítimas Feridas";"Pleno dia";"Decrescente";"Sol";"Múltipla";"Reta";"Sim";4;0;2;0;2;0;2;2;-7,916997;-34,89689;"SR-PE";"DEL11/1";"UOP02/PE"
262772;2020-01-14;"terça-feira";"10:50:00";"PE";232;20,1;"MORENO";"Falta de Atenção à Condução";"Saída de leito carroçável";"Com Vítimas Feridas";"Pleno dia";"Crescente";"Sol";"Dupla";"Não Informado";"Não";3;0;1;1;1;0;2;1;-8,095462;-35,07223;"SR-PE";"DEL11/1";"UOP01/PE"
262773;2020-01-14;"terça-feira";"10:15:00";"MG";116;274,8;"TEOFILO OTONI";"Falta de Atenção à Condução";"Colisão traseira";"Sem Vítimas";"Pleno dia";"Crescente";"Sol";"Simples";"Reta";"Não";2;0;0;0;2;0;0;2;-17,83385;-41,51094;"SR-MG";"DEL4/11";"UOP01/MG"
262774;2020-01-14;"terça-feira";"11:49:00";"RN";406;170;"SAO GONCALO DO AMARANTE";"Falta de Atenção à Condução";"Colisão transversal";"Com Vítimas Feridas";"Pleno dia";"Crescente";"Céu Claro";"Dupla";"Reta";"Sim";2;0;1;0;0;1;1;2;-5,758721;-35,29922;"SR-RN";"DEL15/2";"UOP01/RN"
262775;2020-01-14;"terça-feira";"11:45:00";"CE";116;27;"ITAITINGA";"Falta de Atenção do Pedestre";"Atropelamento de Pedestre";"Com Vítimas Feridas";"Pleno dia";"Crescente";"Céu Claro";"Múltipla";"Reta";"Não";2;0;0;1;1;0;1;1;-3,984187;-38,51514;"SR-CE";"DEL16/1";"UOP02/CE"
262776;2020-01-14;"terça-feira";"10:20:00";"RJ";393;147;"TRES RIOS";"Velocidade Incompatível";"Tombamento";"Com Vítimas Feridas";"Pleno dia";"Crescente";"Céu Claro";"Simples";"Curva";"Não";1;0;1;0;0;0;1;1;-22,04639;-43,00066;"SR-RJ";"DEL5/6";"UOP02/RJ"
262777;2020-01-14;"terça-feira";"12:20:00";"MG";381;947;"EXTREMA";"Ingestão de álcool e/ou substâncias psicoativas pelo pedestre";"Colisão traseira";"Com Vítimas Feridas";"Pleno dia";"Crescente";"Céu Claro";"Dupla";"Não Informado";"Não";3;0;2;0;1;0;2;3;-22,87479;-46,36656;"SR-MG";"DEL09";"UOP03/MG"
262779;2020-01-14;"terça-feira";"12:40:00";"PE";232;7,1;"RECIFE";"Não guardar distância de segurança";"Colisão traseira";"Com Vítimas Feridas";"Pleno dia";"Decrescente";"Sol";"Dupla";"Reta";"Sim";7;0;1;0;6;0;1;3;-8,073335;-34,96184;"SR-PE";"DEL11/1";"UOP01/PE"
262780;2020-01-14;"terça-feira";"12:45:00";"SC";282;127,5;"BOM RETIRO";"Falta de Atenção à Condução";"Saída de leito carroçável";"Com Vítimas Feridas";"Pleno dia";"Decrescente";"Céu Claro";"Simples";"Reta";"Sim";1;0;1;0;0;0;1;1;-27,80049;-49,47854;"SR-SC";"DEL8/5";"UOP01/SC"
262781;2020-01-14;"terça-feira";"09:30:00";"RJ";493;57,4;"DUQUE DE CAXIAS";"Falta de Atenção à Condução";"Colisão traseira";"Com Vítimas Fatais";"Pleno dia";"Decrescente";"Sol";"Dupla";"Reta";"Não";2;1;0;0;1;0;0;2;-22,66686;-43,32633;"SR-RJ";"DEL5/1";"UOP01/RJ"
262782;2020-01-14;"terça-feira";"10:20:00";"SC";101;269;"IMBITUBA";"Falta de Atenção à Condução";"Colisão traseira";"Com Vítimas Feridas";"Pleno dia";"Crescente";"Céu Claro";"Dupla";"Reta";"Não";2;0;0;1;1;0;1;2;-28,09418;-48,70918;"SR-SC";"DEL8/2";"UOP03/SC"
262783;2020-01-14;"terça-feira";"11:40:00";"SC";282;340;"CAMPOS NOVOS";"Não guardar distância de segurança";"Colisão traseira";"Com Vítimas Feridas";"Pleno dia";"Crescente";"Sol";"Simples";"Reta";"Sim";2;0;1;0;1;0;1;2;-27,38827;-51,20379;"SR-SC";"DEL7";"UOP08/SC"
262784;2020-01-13;"segunda-feira";"10:00:00";"CE";116;451;"BARRO";"Falta de Atenção à Condução";"Colisão traseira";"Com Vítimas Feridas";"Pleno dia";"Decrescente";"Céu Claro";"Simples";"Não Informado";"Não";4;0;1;1;2;0;2;2;-7,124081;-38,78089;"SR-CE";"DEL16/5";"UOP03/CE"