"id";"data_inversa";"dia_semana";"horario";"uf";"br";"km";"municipio";"causa_acidente";"tipo_acidente";"classificacao_acidente";"fase_dia";"sentido_via";"condicao_metereologica";"tipo_pista";"tracado_via";"uso_solo";"pessoas";"mortos";"feridos_leves";"feridos_graves";"ilesos";"ignorados";"feridos";"veiculos";"latitude";"longitude";"regional";"delegacia";"uop"
262872;2020-01-14;"terça-feira";"19:30:00";"PB";230;461;"SOUSA";"Desobediência às normas de trânsito pelo condutor";"Tombamento";"Com Vítimas Feridas";"Plena Noite";"Decrescente";"Céu Claro";"Simples";"Reta";"Sim";1;0;1;0;0;0;1;1;-6,7753;-38,2061;"SR-PB";"DEL14/3";"UOP03/PB"
262873;2020-01-14;"terça-feira";"00:15:00";"PR";369;150;"LONDRINA";"Desobediência às normas de trânsito pelo condutor";"Colisão transversal";"Com Vítimas Feridas";"Pleno dia";"Crescente";"Nublado";"Dupla";"Não Informado";"Sim";3;0;1;0;2;0;1;2;-23,29288;-51,16284;"SR-PR";"DEL7/7";"UOP01/PR"
262874;2020-01-14;"terça-feira";"21:50:00";"PR";163;289;"MARECHAL CANDIDO RONDON";"Desobediência às normas de trânsito pelo condutor";"Saída de leito carroçável";"Com Vítimas Feridas";"Plena Noite";"Crescente";"Chuva";"Simples";"Curva";"Não";1;0;1;0;0;0;1;1;-24,52344;-54,05804;"SR-PR";"DEL7/6";"UOP04/PR"
262875;2020-01-14;"terça-feira";"18:30:00";"PE";423;106;"GARANHUNS";"Falta de Atenção à Condução";"Colisão lateral";"Com Vítimas Feridas";"Plena Noite";"Decrescente";"Céu Claro";"Simples";"Reta";"Não";3;0;1;0;2;0;1;2;-8,881718;-36,5728;"SR-PE";"DEL11/3";"UOP01/PE"
262876;2020-01-15;"quarta-feira";"01:30:00";"RJ";116;273,2;"BARRA MANSA";"Defeito Mecânico no Veículo";"Colisão com objeto estático";"Sem Vítimas";"Plena Noite";"Decrescente";"Nublado";"Dupla";"Curva";"Não";1;0;0;0;1;0;0;1;-22,561;-44,13834;"SR-RJ";"DEL5/7";"UOP02/RJ"
262877;2020-01-15;"quarta-feira";"01:30:00";"PR";277;130;"BALSA NOVA";"Condutor Dormindo";"Saída de leito carroçável";"Com Vítimas Feridas";"Plena Noite";"Decrescente";"Nublado";"Simples";"Não Informado";"Não";1;0;1;0;0;0;1;1;-25,47923;-49,64619;"SR-PR";"DEL7/1";"UOP05/PR"
262878;2020-01-15;"quarta-feira";"01:00:00";"PR";153;403;"MALLET";"Falta de Atenção à Condução";"Saída de leito carroçável";"Com Vítimas Fatais";"Plena Noite";"Crescente";"Céu Claro";"Simples";"Não Informado";"Não";1;1;0;0;0;0;0;1;-25,98732;-50,83897;"SR-PR";"DEL7/2";"UOP02/PR"
262879;2020-01-14;"terça-feira";"22:02:00";"PR";153;503;"GENERAL CARNEIRO";"Condutor Dormindo";"Tombamento";"Sem Vítimas";"Plena Noite";"Decrescente";"Céu Claro";"Simples";"Reta";"Não";1;0;0;0;1;0;0;1;-26,51021;-51,35422;"SR-PR";"DEL7/2";"UOP02/PR"
262880;2020-01-15;"quarta-feira";"01:40:00";"PR";467;83,5;"CASCAVEL";"Não guardar distância de segurança";"Colisão traseira";"Com Vítimas Feridas";"Plena Noite";"Crescente";"Nublado";"Dupla";"Não Informado";"Não";4;0;1;0;3;0;1;3;-24,8125;-53,6653;"SR-PR";"DEL7/4";"UOP01/PR"
262881;2020-01-15;"quarta-feira";"03:10:00";"CE";222;42,8;"SAO GONCALO DO AMARANTE";"Agressão Externa";"Colisão frontal";"Com Vítimas Fatais";"Plena Noite";"Crescente";"Chuva";"Simples";"Reta";"Não";6;3;1;2;0;0;3;2;-3,681754;-38,92437;"SR-CE";"DEL16/1";"UOP03/CE"
262882;2020-01-15;"quarta-feira";"04:00:00";"MS";163;185,8;"JUTI";"Condutor Dormindo";"Saída de leito carroçável";"Com Vítimas Feridas";"Amanhecer";"Decrescente";"Céu Claro";"Simples";"Reta";"Não";1;0;1;0;0;0;1;1;-22,80967;-54,72019;"SR-MS";"DEL3/09";"UOP01/MS"
262883;2020-01-15;"quarta-feira";"06:10:00";"CE";222;2,9;"FORTALEZA";"Desobediência às normas de trânsito pelo condutor";"Atropelamento de Pedestre";"Com Vítimas Feridas";"Pleno dia";"Decrescente";"Nublado";"Múltipla";"Interseção de vias";"Sim";2;0;1;1;0;0;2;1;-3,739111;-38,58687;"SR-CE";"DEL16/1";"UOP01/CE"
262884;2020-01-15;"quarta-feira";"05:10:00";"MS";163;116;"NAVIRAI";"Condutor Dormindo";"Colisão com objeto estático";"Com Vítimas Feridas";"Amanhecer";"Decrescente";"Céu Claro";"Simples";"Reta";"Não";1;0;1;0;0;0;1;1;-23,14334;-54,19671;"SR-MS";"DEL3/09";"UOP01/MS"
262885;2020-01-15;"quarta-feira";"06:30:00";"CE";222;3,6;"CAUCAIA";"Falta de Atenção à Condução";"Colisão lateral";"Com Vítimas Feridas";"Pleno dia";"Decrescente";"Nublado";"Múltipla";"Reta";"Sim";2;0;1;0;1;0;1;2;-3,741145;-38,59999;"SR-CE";"DEL16/1";"UOP01/CE"
262886;2020-01-15;"quarta-feira";"06:35:00";"PB";101;84;"BAYEUX";"Não guardar distância de segurança";"Colisão traseira";"Com Vítimas Feridas";"Pleno dia";"Crescente";"Céu Claro";"Dupla";"Reta";"Não";2;0;1;0;1;0;1;2;-7,139579;-34,92313;"SR-PB";"DEL14/1";"UOP01/PB"
262887;2020-01-15;"quarta-feira";"06:20:00";"PR";116;122,4;"CURITIBA";"Falta de Atenção à Condução";"Colisão traseira";"Com Vítimas Feridas";"Pleno dia";"Decrescente";"Céu Claro";"Dupla";"Reta";"Sim";5;0;2;1;2;0;3;3;-25,60615;-49,31862;"SR-PR";"DEL7/1";"UOP03/PR"
262888;2020-01-15;"quarta-feira";"07:00:00";"SE";101;157;"ESTANCIA";"Falta de Atenção à Condução";"Colisão traseira";"Com Vítimas Feridas";"Pleno dia";"Crescente";"Céu Claro";"Simples";"Não Informado";"Não";12;0;0;2;10;0;2;2;-11,28638;-37,46183;"SR-SE";"DEL20/2";"UOP01/SE"
262890;2020-01-14;"terça-feira";"22:15:00";"MG";116;613,7;"SAO JOAO DO MANHUACU";"Desobediência às normas de trânsito pelo condutor";"Colisão lateral";"Sem Vítimas";"Plena Noite";"Decrescente";"Céu Claro";"Simples";"Curva";"Não";2;0;0;0;1;1;0;2;-20,4378;-42,16419;"SR-MG";"DEL4/7";"UOP03/MG"
262891;2020-01-15;"quarta-feira";"07:30:00";"SP";116;212,3;"GUARULHOS";"Desobediência às normas de trânsito pelo condutor";"Colisão frontal";"Com Vítimas Feridas";"Pleno dia";"Crescente";"Sol";"Múltipla";"Não Informado";"Sim";4;0;0;1;2;1;1;2;-23,4378;-46,4332;"SR-SP";"DEL6/1";"UOP01/SP"
262892;2020-01-15;"quarta-feira";"05:20:00";"SC";116;229,4;"CORREIA PINTO";"Velocidade Incompatível";"Saída de leito carroçável";"Com Vítimas Feridas";"Amanhecer";"Crescente";"Nublado";"Simples";"Reta";"Não";1;0;1;0;0;0;1;1;-27,65535;-50,33649;"SR-SC";"DEL8/5";"UOP03/SC"
262893;2020-01-15;"quarta-feira";"06:40:00";"PR";116;64,7;"SAO JOSE DOS PINHAIS";"Falta de Atenção à Condução";"Colisão traseira";"Com Vítimas Feridas";"Pleno dia";"Decrescente";"Nublado";"Dupla";"Reta";"Não";4;0;2;0;2;0;2;2;-25,5336;-49,0793;"SR-PR";"DEL7/1";"UOP02/PR"
262894;2020-01-14;"terça-feira";"22:00:00";"RO";174;15;"VILHENA";"Falta de Atenção à Condução";"Colisão traseira";"Com Vítimas Feridas";"Plena Noite";"Decrescente";"Céu Claro";"Dupla";"Reta";"Sim";4;0;1;0;3;0;1;2;-12,72332;-60,12801;"SR-RO";"DEL21/4";"UOP01/RO"
262895;2020-01-15;"quarta-feira";"06:55:00";"SC";101;338,5;"TUBARAO";"Falta de Atenção à Condução";"Incêndio";"Sem Vítimas";"Pleno dia";"Decrescente";"Céu Claro";"Dupla";"Reta";"Não";1;0;0;0;1;0;0;1;-28,48572;-49,03726;"SR-SC";"DEL8/2";"UOP01/SC"
262896;2020-01-15;"quarta-feira";"07:00:00";"SC";280;126;"RIO NEGRINHO";"Falta de Atenção à Condução";"Colisão transversal";"Com Vítimas Feridas";"Pleno dia";"Decrescente";"Céu Claro";"Simples";"Reta";"Sim";2;0;1;0;1;0;1;2;-26,24419;-49,5162;"SR-SC";"DEL8/6";"UOP03/SC"
262897;2020-01-15;"quarta-feira";"07:10:00";"RJ";101;532;"ANGRA DOS REIS";"Desobediência às normas de trânsito pelo condutor";"Colisão lateral";"Com Vítimas Feridas";"Pleno dia";"Decrescente";"Céu Claro";"Simples";"Reta";"Não";3;0;2;0;1;0;2;2;-23,01755;-44,52979;"SR-RJ";"DEL5/3";"UOP03/RJ"
262898;2020-01-15;"quarta-feira";"06:00:00";"GO";20;5,7;"FORMOSA";"Ingestão de Álcool";"Colisão com objeto estático";"Sem Vítimas";"Pleno dia";"Crescente";"Ignorado";"Simples";"Rotatória";"Sim";1;0;0;0;0;1;0;1;-15,55527;-47,30691;"SR-DF";"UOP01/DEL02/DF";""
262899;2020-01-15;"quarta-feira";"07:00:00";"BA";418;86;"NOVA VICOSA";"Falta de Atenção à Condução";"Colisão lateral";"Com Vítimas Feridas";"Pleno dia";"Crescente";"Nublado";"Simples";"Reta";"Não";2;0;0;1;1;0;1;2;-17,89416;-39,80762;"SR-BA";"DEL10/9";"UOP03/BA"
262901;2020-01-15;"quarta-feira";"08:10:00";"RS";116;241,9;"SAO LEOPOLDO";"Desobediência às normas de trânsito pelo condutor";"Colisão traseira";"Com Vítimas Feridas";"Pleno dia";"Decrescente";"Céu Claro";"Dupla";"Reta";"Sim";2;0;1;0;1;0;1;2;-29,71397;-51,14767;"SR-RS";"DEL9/1";"UOP02/RS"
262902;2020-01-15;"quarta-feira";"08:05:00";"RN";101;97;"NATAL";"Falta de Atenção à Condução";"Colisão traseira";"Com Vítimas Feridas";"Pleno dia";"Decrescente";"Sol";"Múltipla";"Viaduto";"Sim";4;0;1;0;3;0;1;3;-5,857589;-35,21271;"SR-RN";"DEL15/1";"UOP01/RN"
262903;2020-01-15;"quarta-feira";"05:25:00";"SC";470;113;"IBIRAMA";"Defeito Mecânico no Veículo";"Tombamento";"Sem Vítimas";"Pleno dia";"Decrescente";"Céu Claro";"Simples";"Reta";"Não";1;0;0;0;1;0;0;1;-27,0911;-49,47012;"SR-SC";"DEL8/4";"UOP02/SC"
262904;2020-01-15;"quarta-feira";"07:10:00";"MS";163;265;"DOURADOS";"Desobediência às normas de trânsito pelo condutor";"Danos eventuais";"Com Vítimas Feridas";"Pleno dia";"Crescente";"Céu Claro";"Dupla";"Reta";"Sim";2;0;1;0;1;0;1;1;-22,22296;-54,73243;"SR-MS";"DEL3/4";"UOP01/MS"
262905;2020-01-15;"quarta-feira";"08:20:00";"RS";290;583;"ALEGRETE";"Falta de Atenção à Condução";"Colisão traseira";"Sem Vítimas";"Pleno dia";"Decrescente";"Céu Claro";"Simples";"Rotatória";"Sim";2;0;0;0;2;0;0;2;-29,8131;-55,80668;"SR-RS";"DEL9/13";"UOP02/RS"
262906;2020-01-15;"quarta-feira";"06:26:00";"PR";476;110;"COLOMBO";"Falta de Atenção à Condução";"Colisão transversal";"Com Vítimas Feridas";"Pleno dia";"Crescente";"Céu Claro";"Simples";"Reta";"Não";2;0;1;0;1;0;1;2;-25,31136;-49,14525;"SR-PR";"DEL7/1";"UOP06/PR"
262907;2020-01-15;"quarta-feira";"08:50:00";"RN";101;95,1;"NATAL";"Sinalização da via insuficiente ou inadequada";"Colisão traseira";"Com Vítimas Feridas";"Pleno dia";"Crescente";"Sol";"Múltipla";"Reta";"Sim";3;0;2;0;1;0;2;2;-5,840768;-35,21036;"SR-RN";"DEL15/1";"UOP01/RN"
262908;2020-01-15;"quarta-feira";"06:45:00";"MG";50;78;"UBERLANDIA";"Falta de Atenção à Condução";"Colisão transversal";"Com Vítimas Feridas";"Amanhecer";"Crescente";"Céu Claro";"Dupla";"Reta";"Sim";2;0;0;1;1;0;1;2;-18,98691;-48,21185;"SR-MG";"DEL4/15";"UOP01/MG"
262909;2020-01-15;"quarta-feira";"08:00:00";"BA";20;88;"SAO DESIDERIO";"Falta de Atenção à Condução";"Saída de leito carroçável";"Com Vítimas Feridas";"Pleno dia";"Crescente";"Céu Claro";"Simples";"Reta";"Não";4;0;1;0;3;0;1;1;-13,18426;-46,03488;"SR-BA";"DEL10/10";"UOP01/BA"
262910;2020-01-15;"quarta-feira";"08:30:00";"PE";101;107;"CABO DE SANTO AGOSTINHO";"Condutor Dormindo";"Saída de leito carroçável";"Com Vítimas Feridas";"Pleno dia";"Decrescente";"Céu Claro";"Dupla";"Curva";"Não";1;0;1;0;0;0;1;1;-8,309768;-35,0844;"SR-PE";"DEL11/1";"UOP03/PE"
262911;2020-01-15;"quarta-feira";"09:15:00";"RJ";393;282,8;"VOLTA REDONDA";"Defeito Mecânico no Veículo";"Colisão frontal";"Sem Vítimas";"Pleno dia";"Crescente";"Sol";"Simples";"Não Informado";"Não";3;0;0;0;3;0;0;3;-22,48083;-44,04047;"SR-RJ";"DEL5/5";"UOP02/RJ"
262913;2020-01-15;"quarta-feira";"08:20:00";"RJ";116;294;"PORTO REAL";"Defeito Mecânico no Veículo";"Incêndio";"Sem Vítimas";"Pleno dia";"Crescente";"Céu Claro";"Dupla";"Reta";"Não";1;0;0;0;1;0;0;1;-22,45429;-44,30084;"SR-RJ";"DEL5/7";"UOP02/RJ"
262916;2020-01-15;"quarta-feira";"08:45:00";"CE";222;29;"CAUCAIA";"Não guardar distância de segurança";"Engavetamento";"Com Vítimas Feridas";"Pleno dia";"Decrescente";"Chuva";"Simples";"Reta";"Não";6;0;3;0;3;0;3;3;-3,71435;-38,81105;"SR-CE";"DEL16/1";"UOP01/CE"
262919;2020-01-15;"quarta-feira";"09:05:00";"SP";116;521;"CAJATI";"Não guardar distância de segurança";"Colisão traseira";"Sem Vítimas";"Pleno dia";"Crescente";"Céu Claro";"Simples";"Não Informado";"Não";2;0;0;0;2;0;0;2;-24,89972;-48,24746;"SR-SP";"DEL6/5";"UOP03/SP"
262920;2020-01-15;"quarta-feira";"07:30:00";"SC";101;162;"TIJUCAS";"Falta de Atenção à Condução";"Colisão lateral";"Com Vítimas Feridas";"Pleno dia";"Crescente";"Céu Claro";"Simples";"Interseção de vias";"Sim";2;0;1;0;1;0;1;2;-27,22554;-48,62794;"SR-SC";"DEL8/4";"UOP03/SC"
262921;2020-01-15;"quarta-feira";"08:30:00";"PR";277;104;"CAMPO LARGO";"Desobediência às normas de trânsito pelo condutor";"Colisão lateral";"Com Vítimas Feridas";"Pleno dia";"Decrescente";"Céu Claro";"Dupla";"Reta";"Não";2;0;1;0;1;0;1;2;-25,49679;-49,34265;"SR-PR";"DEL7/1";"UOP04/PR"
262922;2020-01-11;"sábado";"05:30:00";"BA";101;306,4;"PRESIDENTE TANCREDO NEVES";"Falta de Atenção à Condução";"Saída de leito carroçável";"Com Vítimas Feridas";"Pleno dia";"Decrescente";"Sol";"Simples";"Curva";"Não";1;0;1;0;0;0;1;1;-13,39129;-39,39869;"SR-BA";"DEL10/5";"UOP03/BA"
262923;2020-01-15;"quarta-feira";"09:30:00";"MG";50;172;"UBERABA";"Mal Súbito";"Tombamento";"Com Vítimas Feridas";"Pleno dia";"Crescente";"Céu Claro";"Dupla";"Viaduto";"Sim";2;0;1;0;0;1;1;1;-19,75403;-47,98052;"SR-MG";"DEL13";"UOP01/MG"
262925;2020-01-15;"quarta-feira";"10:00:00";"PE";101;70,8;"RECIFE";"Mal Súbito";"Capotamento";"Com Vítimas Feridas";"Pleno dia";"Decrescente";"Céu Claro";"Dupla";"Reta";"Sim";2;0;2;0;0;0;2;1;-8,067761;-34,94265;"SR-PE";"DEL11/1";"UOP01/PE"
262926;2020-01-15;"quarta-feira";"10:20:00";"PR";369;156;"LONDRINA";"Falta de Atenção à Condução";"Colisão lateral";"Com Vítimas Feridas";"Pleno dia";"Decrescente";"Céu Claro";"Dupla";"Reta";"Sim";2;0;1;0;1;0;1;2;-23,29086;-51,21899;"SR-PR";"DEL7/7";"UOP01/PR"
262929;2020-01-15;"quarta-feira";"09:00:00";"RS";116;300;"GUAIBA";"Falta de Atenção do Pedestre";"Danos eventuais";"Sem Vítimas";"Pleno dia";"Decrescente";"Céu Claro";"Dupla";"Reta";"Sim";1;0;0;0;1;0;0;1;-30,12369;-51,34923;"SR-RS";"DEL9/2";"UOP01/RS"
262930;2020-01-15;"quarta-feira";"11:10:00";"MG";354;739,2;"POUSO ALTO";"Defeito Mecânico no Veículo";"Colisão lateral";"Com Vítimas Feridas";"Pleno dia";"Crescente";"Céu Claro";"Simples";"Curva";"Não";2;0;1;0;1;0;1;2;-22,2174;-44,94656;"SR-MG";"DEL5";"UOP03/MG"
262932;2020-01-15;"quarta-feira";"10:30:00";"MG";381;433;"SABARA";"Defeito Mecânico no Veículo";"Colisão frontal";"Com Vítimas Feridas";"Pleno dia";"Decrescente";"Céu Claro";"Simples";"Curva";"Não";11;0;7;0;4;0;7;6;-19,78673;-43,73314;"SR-MG";"DEL4/1";"UOP01/MG"
262933;2020-01-15;"quarta-feira";"11:10:00";"PE";101;51,8;"PAULISTA";"Desobediência às normas de trânsito pelo condutor";"Colisão lateral";"Com Vítimas Feridas";"Pleno dia";"Decrescente";"Céu Claro";"Dupla";"Curva";"Sim";2;0;1;0;1;0;1;2;-7,916997;-34,89689;"SR-PE";"DEL11/1";"UOP02/PE"
262934;2020-01-15;"quarta-feira";"04:20:00";"MS";267;154,7;"NOVA ANDRADINA";"Falta de Atenção à Condução";"Saída de leito carroçável";"Sem Vítimas";"Plena Noite";"Decrescente";"Céu Claro";"Simples";"Não Informado";"Não";1;0;0;0;1;0;0;1;-21,63973;-53,51038;"SR-MS";"DEL2";"UOP03/MS"
262935;2020-01-15;"quarta-feira";"10:20:00";"RR";174;503;"BOA VISTA";"Falta de Atenção à Condução";"Colisão traseira";"Sem Vítimas";"Pleno dia";"Decrescente";"Céu Claro";"Dupla";"Rotatória";"Sim";2;0;0;0;1;1;0;2;2,794901;-60,69844;"SR-RR";"UOP01/RR";""
262937;2020-01-15;"quarta-feira";"10:00:00";"MG";381;480,8;"CONTAGEM";"Falta de Atenção à Condução";"Tombamento";"Com Vítimas Feridas";"Pleno dia";"Crescente";"Sol";"Múltipla";"Reta";"Sim";1;0;1;0;0;0;1;1;-19,9575;-44,079;"SR-MG";"DEL4/1";"UOP03/MG"
262938;2020-01-15;"quarta-feira";"10:50:00";"SC";101;139;"BALNEARIO CAMBORIU";"Pista Escorregadia";"Tombamento";"Com Vítimas Feridas";"Pleno dia";"Decrescente";"Céu Claro";"Dupla";"Retorno Regulamentado";"Não";1;0;1;0;0;0;1;1;-27,02982;-48,60115;"SR-SC";"DEL8/4";"UOP03/SC"
262941;2020-01-15;"quarta-feira";"11:20:00";"SC";101;119;"ITAJAI";"Falta de Atenção à Condução";"Colisão lateral";"Com Vítimas Feridas";"Pleno dia";"Crescente";"Céu Claro";"Dupla";"Reta";"Sim";2;0;0;1;1;0;1;2;-26,90432;-48,71555;"SR-SC";"DEL8/4";"UOP04/SC"
262942;2020-01-15;"quarta-feira";"11:30:00";"PR";116;116;"CURITIBA";"Falta de Atenção à Condução";"Colisão lateral";"Com Vítimas Feridas";"Pleno dia";"Decrescente";"Nublado";"Dupla";"Reta";"Sim";3;0;1;0;2;0;1;3;-25,55468;-49,27402;"SR-PR";"DEL7/1";"UOP03/PR"
262943;2020-01-15;"quarta-feira";"12:25:00";"PR";376;192,8;"MARIALVA";"Falta de Atenção à Condução";"Saída de leito carroçável";"Com Vítimas Feridas";"Pleno dia";"Crescente";"Céu Claro";"Dupla";"Não Informado";"Não";1;0;1;0;0;0;1;1;-23,49521;-51,81049;"SR-PR";"DEL7/7";"UOP04/PR"
262944;2020-01-15;"quarta-feira";"12:15:00";"SP";381;21;"BRAGANCA PAULISTA";"Condutor Dormindo";"Capotamento";"Com Vítimas Feridas";"Pleno dia";"Crescente";"Céu Claro";"Dupla";"Reta";"Não";2;0;2;0;0;0;2;1;-22,9914;-46,50878;"SR-SP";"DEL6/3";"UOP02/SP"
262946;2020-01-15;"quarta-feira";"10:20:00";"PB";104;81,9;"REMIGIO";"Velocidade Incompatível";"Engavetamento";"Sem Vítimas";"Pleno dia";"Decrescente";"Céu Claro";"Simples";"Reta";"Não";3;0;0;0;2;1;0;3;-6,930775;-35,83569;"SR-PB";"DEL14/2";"UOP04/PB"
262948;2020-01-15;"quarta-feira";"10:37:00";"PR";272;561,5;"GUAIRA";"Ultrapassagem Indevida";"Colisão frontal";"Com Vítimas Feridas";"Pleno dia";"Decrescente";"Céu Claro";"Simples";"Reta";"Não";4;0;2;1;1;0;3;2;-24,09856;-54,21702;"SR-PR";"DEL7/6";"UOP02/PR"
262949;2020-01-15;"quarta-feira";"08:15:00";"MS";463;16,5;"DOURADOS";"Avarias e/ou desgaste excessivo no pneu";"Tombamento";"Com Vítimas Feridas";"Pleno dia";"Decrescente";"Céu Claro";"Simples";"Reta";"Não";2;0;0;2;0;0;2;1;-22,24299;-54,96264;"SR-MS";"DEL3/4";"UOP01/MS"
262951;2020-01-15;"quarta-feira";"11:00:00";"AM";174;924,9;"MANAUS";"Falta de Atenção à Condução";"Saída de leito carroçável";"Com Vítimas Fatais";"Pleno dia";"Decrescente";"Céu Claro";"Simples";"Reta";"Não";2;1;0;0;0;1;0;1;-2,61523;-60,03946;"SR-AM";"UOP01/AM";""
262952;2020-01-15;"quarta-feira";"12:50:00";"BA";407;126;"SENHOR DO BONFIM";"Não guardar distância de segurança";"Colisão traseira";"Com Vítimas Feridas";"Pleno dia";"Crescente";"Céu Claro";"Simples";"Rotatória";"Sim";4;0;1;0;3;0;1;2;-10,45582;-40,18119;"SR-BA";"DEL10/4";"UOP01/BA"
262954;2020-01-15;"quarta-feira";"09:45:00";"MG";381;657;"SANTO ANTONIO DO AMPARO";"Falta de Atenção à Condução";"Saída de leito carroçável";"Sem Vítimas";"Pleno dia";"Decrescente";"Sol";"Dupla";"Reta";"Não";2;0;0;0;1;1;0;2;-21,01109;-44,98405;"SR-MG";"DEL4/4";"UOP02/MG"
262955;2020-01-15;"quarta-feira";"12:00:00";"BA";415;49;"ITABUNA";"Falta de Atenção à Condução";"Colisão lateral";"Com Vítimas Feridas";"Pleno dia";"Decrescente";"Sol";"Simples";"Reta";"Sim";2;0;1;0;1;0;1;2;-14,81574;-39,29612;"SR-BA";"DEL10/5";"UOP01/BA"
262956;2020-01-15;"quarta-feira";"13:30:00";"SC";101;206,4;"SAO JOSE";"Não guardar distância de segurança";"Colisão traseira";"Com Vítimas Feridas";"Pleno dia";"Decrescente";"Sol";"Múltipla";"Reta";"Sim";3;0;0;1;2;0;1;3;-27,59664;-48,61968;"SR-SC";"DEL8/1";"UOP01/SC"
262957;2020-01-15;"quarta-feira";"10:00:00";"MG";262;32;"MANHUACU";"Falta de Atenção à Condução";"Colisão traseira";"Com Vítimas Feridas";"Pleno dia";"Crescente";"Céu Claro";"Simples";"Reta";"Não";4;0;1;0;3;0;1;3;-20,25556;-41,99815;"SR-MG";"DEL4/6";"UOP04/MG"
262958;2020-01-15;"quarta-feira";"14:30:00";"SP";116;219,4;"GUARULHOS";"Não guardar distância de segurança";"Colisão lateral";"Com Vítimas Feridas";"Pleno dia";"Crescente";"Céu Claro";"Simples";"Reta";"Não";2;0;1;0;1;0;1;2;-23,46144;-46,48885;"SR-SP";"DEL6/1";"UOP01/SP"
262959;2020-01-15;"quarta-feira";"13:35:00";"SC";282;512;"XANXERE";"Falta de Atenção à Condução";"Colisão lateral";"Com Vítimas Feridas";"Pleno dia";"Decrescente";"Nublado";"Simples";"Não Informado";"Não";4;0;1;0;3;0;1;3;-26,9108;-52,4721;"SR-SC";"DEL7";"UOP01/SC"
262960;2020-01-15;"quarta-feira";"14:20:00";"PR";476;123;"CURITIBA";"Não guardar distância de segurança";"Colisão traseira";"Com Vítimas Feridas";"Pleno dia";"Crescente";"Céu Claro";"Múltipla";"Reta";"Sim";2;0;1;0;1;0;1;2;-25,3929;-49,20956;"SR-PR";"DEL7/1";"UOP06/PR"
262961;2020-01-15;"quarta-feira";"13:30:00";"RS";290;423;"SAO GABRIEL";"Falta de Atenção à Condução";"Colisão transversal";"Com Vítimas Feridas";"Pleno dia";"Crescente";"Chuva";"Simples";"Reta";"Sim";3;0;3;0;0;0;3;2;-30,3284;-54,36789;"SR-RS";"DEL9/11";"UOP02/RS"
262962;2020-01-15;"quarta-feira";"10:10:00";"MG";153;48,5;"MONTE ALEGRE DE MINAS";"Falta de Atenção à Condução";"Saída de leito carroçável";"Com Vítimas Feridas";"Pleno dia";"Crescente";"Céu Claro";"Dupla";"Não Informado";"Não";1;0;0;1;0;0;1;1;-18,80472;-49,08294;"SR-MG";"DEL4/15";"UOP03/MG"
262963;2020-01-15;"quarta-feira";"14:50:00";"SE";101;174;"SANTA LUZIA DO ITANHY";"Desobediência às normas de trânsito pelo condutor";"Colisão transversal";"Com Vítimas Feridas";"Pleno dia";"Crescente";"Céu Claro";"Simples";"Interseção de vias";"Não";6;0;2;0;4;0;2;2;-11,34367;-37,60337;"SR-SE";"DEL20/2";"UOP01/SE"
262964;2020-01-15;"quarta-feira";"15:00:00";"PR";369;9;"CAMBARA";"Defeito Mecânico no Veículo";"Saída de leito carroçável";"Com Vítimas Feridas";"Pleno dia";"Decrescente";"Céu Claro";"Simples";"Reta";"Não";2;0;2;0;0;0;2;1;-23,00108;-49,98189;"SR-PR";"DEL7/7";"UOP06/PR"
262965;2020-01-15;"quarta-feira";"14:40:00";"PI";316;309,5;"PICOS";"Ingestão de Álcool";"Tombamento";"Com Vítimas Feridas";"Pleno dia";"Crescente";"Sol";"Simples";"Reta";"Sim";1;0;1;0;0;0;1;1;-7,077787;-41,4837;"SR-PI";"DEL17/4";"UOP01/PI"
262967;2020-01-15;"quarta-feira";"14:50:00";"PR";476;272;"SAO MATEUS DO SUL";"Fenômenos da Natureza";"Colisão frontal";"Com Vítimas Feridas";"Pleno dia";"Crescente";"Chuva";"Dupla";"Reta";"Não";3;0;2;0;1;0;2;2;-25,89465;-50,35872;"SR-PR";"DEL7/2";"UOP03/PR"
262968;2020-01-15;"quarta-feira";"14:20:00";"SC";101;86,3;"BARRA VELHA";"Falta de Atenção à Condução";"Colisão traseira";"Com Vítimas Feridas";"Pleno dia";"Decrescente";"Sol";"Dupla";"Viaduto";"Sim";1;0;1;0;0;0;1;1;-26,63277;-48,70233;"SR-SC";"DEL8/3";"UOP02/SC"
262969;2020-01-15;"quarta-feira";"15:30:00";"PR";376;4;"SAO JOSE DOS PINHAIS";"Desobediência às normas de trânsito pelo condutor";"Colisão traseira";"Sem Vítimas";"Pleno dia";"Crescente";"Nublado";"Dupla";"Interseção de vias";"Sim";2;0;0;0;2;0;0;2;-25,5307;-49,1958;"SR-PR";"DEL7/1";"UOP01/PR"
262970;2020-01-15;"quarta-feira";"14:10:00";"MS";163;777,7;"COXIM";"Falta de Atenção à Condução";"Colisão traseira";"Com Vítimas Fatais";"Pleno dia";"Decrescente";"Céu Claro";"Dupla";"Reta";"Não";3;1;1;0;0;1;1;2;-18,12227;-54,70013;"SR-MS";"DEL3/6";"UOP01/MS"
262971;2020-01-15;"quarta-feira";"15:00:00";"SC";282;17,5;"PALHOCA";"Falta de Atenção à Condução";"Colisão transversal";"Sem Vítimas";"Pleno dia";"Decrescente";"Céu Claro";"Simples";"Reta";"Sim";2;0;0;0;2;0;0;2;-27,66571;-48,68807;"SR-SC";"DEL8/1";"UOP02/SC"