"id";"data_inversa";"dia_semana";"horario";"uf";"br";"km";"municipio";"causa_acidente";"tipo_acidente";"classificacao_acidente";"fase_dia";"sentido_via";"condicao_metereologica";"tipo_pista";"tracado_via";"uso_solo";"pessoas";"mortos";"feridos_leves";"feridos_graves";"ilesos";"ignorados";"feridos";"veiculos";"latitude";"longitude";"regional";"delegacia";"uop"
262973;2020-01-15;"quarta-feira";"15:50:00";"MT";364;391;"CUIABA";"Pista Escorregadia";"Saída de leito carroçável";"Com Vítimas Feridas";"Pleno dia";"Crescente";"Garoa/Chuvisco";"Dupla";"Curva";"Não";2;0;1;0;1;0;1;1;-15,70133;-55,8637;"SR-MT";"DEL2/1";"UOP01/MT"
262974;2020-01-15;"quarta-feira";"15:15:00";"PE";101;41;"IGARASSU";"Falta de Atenção do Pedestre";"Saída de leito carroçável";"Com Vítimas Feridas";"Pleno dia";"Decrescente";"Céu Claro";"Simples";"Reta";"Sim";2;0;1;0;1;0;1;1;-7,830383;-34,91427;"SR-PE";"DEL11/1";"UOP02/PE"
262976;2020-01-15;"quarta-feira";"15:00:00";"MG";381;567,1;"ITAGUARA";"Falta de Atenção à Condução";"Queda de ocupante de veículo";"Com Vítimas Feridas";"Pleno dia";"Crescente";"Nublado";"Dupla";"Curva";"Não";1;0;1;0;0;0;1;1;-20,42175;-44,53677;"SR-MG";"DEL4/4";"UOP03/MG"
262977;2020-01-15;"quarta-feira";"15:20:00";"RS";116;268,1;"CANOAS";"Falta de Atenção à Condução";"Colisão traseira";"Com Vítimas Feridas";"Pleno dia";"Crescente";"Céu Claro";"Dupla";"Reta";"Sim";2;0;1;0;1;0;1;2;-29,95043;-51,17653;"SR-RS";"DEL9/1";"UOP01/RS"
262979;2020-01-15;"quarta-feira";"14:25:00";"MT";163;551;"DIAMANTINO";"Defeito Mecânico no Veículo";"Incêndio";"Sem Vítimas";"Pleno dia";"Decrescente";"Céu Claro";"Simples";"Reta";"Não";1;0;0;0;1;0;0;1;-14,30009;-56,14296;"SR-MT";"DEL2/4";"UOP01/MT"
262980;2020-01-15;"quarta-feira";"16:10:00";"MG";267;191,4;"BOM JARDIM DE MINAS";"Falta de Atenção à Condução";"Incêndio";"Com Vítimas Feridas";"Pleno dia";"Crescente";"Céu Claro";"Simples";"Reta";"Não";1;0;1;0;0;0;1;1;-21,92184;-44,02808;"SR-MG";"DEL5";"UOP01/MG"
262981;2020-01-15;"quarta-feira";"14:30:00";"SP";101;50,5;"UBATUBA";"Falta de Atenção à Condução";"Colisão transversal";"Com Vítimas Feridas";"Pleno dia";"Crescente";"Céu Claro";"Simples";"Reta";"Sim";2;0;1;0;1;0;1;2;-23,45709;-45,07049;"SR-SP";"DEL6";"UOP03/SP"
262982;2020-01-15;"quarta-feira";"16:20:00";"RS";116;159,5;"CAXIAS DO SUL";"Desobediência às normas de trânsito pelo condutor";"Colisão transversal";"Com Vítimas Feridas";"Pleno dia";"Decrescente";"Nublado";"Simples";"Reta";"Sim";2;0;0;1;1;0;1;2;-29,22512;-51,16049;"SR-RS";"DEL9/5";"UOP01/RS"
262983;2020-01-15;"quarta-feira";"16:00:00";"MG";381;369;"SAO GONCALO DO RIO ABAIXO";"Velocidade Incompatível";"Tombamento";"Com Vítimas Feridas";"Pleno dia";"Decrescente";"Céu Claro";"Simples";"Curva";"Não";1;0;1;0;0;0;1;1;-19,84812;-43,25318;"SR-MG";"DEL4/3";"UOP01/MG"
262984;2020-01-15;"quarta-feira";"15:50:00";"SC";282;17,5;"PALHOCA";"Falta de Atenção à Condução";"Colisão traseira";"Com Vítimas Feridas";"Pleno dia";"Decrescente";"Céu Claro";"Simples";"Reta";"Sim";2;0;0;1;1;0;1;2;-27,66571;-48,68807;"SR-SC";"DEL8/1";"UOP02/SC"
262985;2020-01-15;"quarta-feira";"16:00:00";"SP";153;64;"SAO JOSE DO RIO PRETO";"Defeito na Via";"Colisão com objeto estático";"Sem Vítimas";"Pleno dia";"Crescente";"Céu Claro";"Dupla";"Curva";"Sim";1;0;0;0;1;0;0;1;-20,82912;-49,36109;"SR-SP";"DEL6/9";"UOP01/SP"
262986;2020-01-15;"quarta-feira";"16:50:00";"PR";469;15,3;"FOZ DO IGUACU";"Avarias e/ou desgaste excessivo no pneu";"Colisão lateral";"Sem Vítimas";"Pleno dia";"Decrescente";"Chuva";"Simples";"Não Informado";"Sim";3;0;0;0;3;0;0;2;-25,58241;-54,52646;"SR-PR";"DEL7/5";"UOP04/PR"
262987;2020-01-15;"quarta-feira";"13:17:00";"GO";251;32;"CRISTALINA";"Desobediência às normas de trânsito pelo condutor";"Colisão transversal";"Com Vítimas Feridas";"Pleno dia";"Crescente";"Céu Claro";"Simples";"Reta";"Não";2;0;1;0;1;0;1;2;-16,06678;-47,53167;"SR-DF";"UOP01/DF";""
262989;2020-01-15;"quarta-feira";"16:35:00";"RN";101;103,9;"PARNAMIRIM";"Não guardar distância de segurança";"Colisão traseira";"Com Vítimas Feridas";"Pleno dia";"Crescente";"Céu Claro";"Dupla";"Não Informado";"Sim";2;0;1;0;1;0;1;2;-5,89034;-35,24895;"SR-RN";"DEL15/1";"UOP01/RN"
262990;2020-01-15;"quarta-feira";"17:00:00";"PR";280;312,7;"BARRACAO";"Velocidade Incompatível";"Saída de leito carroçável";"Com Vítimas Feridas";"Pleno dia";"Decrescente";"Chuva";"Simples";"Curva";"Não";1;0;1;0;0;0;1;1;-26,29977;-53,5004;"SR-PR";"DEL7/2";"UOP01/PR"
262991;2020-01-15;"quarta-feira";"15:00:00";"MT";163;620;"NOVA MUTUM";"Não guardar distância de segurança";"Tombamento";"Com Vítimas Feridas";"Pleno dia";"Decrescente";"Chuva";"Simples";"Reta";"Não";2;0;1;0;1;0;1;1;-13,73529;-56,04882;"SR-MT";"DEL2/4";"UOP01/MT"
262993;2020-01-15;"quarta-feira";"16:15:00";"RS";285;307,4;"PASSO FUNDO";"Avarias e/ou desgaste excessivo no pneu";"Saída de leito carroçável";"Com Vítimas Feridas";"Pleno dia";"Decrescente";"Chuva";"Simples";"Reta";"Não";1;0;1;0;0;0;1;1;-28,23151;-52,52117;"SR-RS";"DEL08";"UOP03/RS"
262994;2020-01-15;"quarta-feira";"15:00:00";"BA";101;440;"ITACARE";"Falta de Atenção à Condução";"Colisão transversal";"Com Vítimas Feridas";"Pleno dia";"Crescente";"Sol";"Simples";"Interseção de vias";"Não";6;0;4;0;2;0;4;2;-14,4144;-39,32637;"SR-BA";"DEL10/5";"UOP01/BA"
262995;2020-01-15;"quarta-feira";"17:20:00";"DF";20;4,1;"BRASILIA";"Falta de Atenção à Condução";"Colisão traseira";"Com Vítimas Feridas";"Pleno dia";"Crescente";"Céu Claro";"Dupla";"Desvio Temporário";"Sim";2;0;1;0;0;1;1;2;-15,67548;-47,82376;"SR-DF";"UOP01/DEL02/DF";""
262996;2020-01-15;"quarta-feira";"13:00:00";"SC";282;424,7;"VARGEM BONITA";"Falta de Atenção à Condução";"Colisão lateral";"Com Vítimas Feridas";"Pleno dia";"Crescente";"Céu Claro";"Simples";"Curva";"Não";3;0;1;0;2;0;1;2;-26,98801;-51,75312;"SR-SC";"DEL7";"UOP07/SC"
262997;2020-01-15;"quarta-feira";"13:00:00";"MG";262;597,2;"CAMPOS ALTOS";"Defeito Mecânico no Veículo";"Colisão traseira";"Sem Vítimas";"Pleno dia";"Decrescente";"Chuva";"Simples";"Reta";"Não";2;0;0;0;2;0;0;2;-19,655;-46,18849;"SR-MG";"DEL4/8";"UOP02/MG"
262998;2020-01-15;"quarta-feira";"16:20:00";"MG";262;576;"CORREGO DANTA";"Falta de Atenção à Condução";"Saída de leito carroçável";"Com Vítimas Feridas";"Pleno dia";"Crescente";"Sol";"Simples";"Curva";"Não";2;0;1;0;1;0;1;1;-19,67634;-46,04347;"SR-MG";"PM/MG";""
262999;2020-01-15;"quarta-feira";"18:05:00";"PR";376;181,5;"MARINGA";"Desobediência às normas de trânsito pelo condutor";"Colisão traseira";"Com Vítimas Feridas";"Pleno dia";"Crescente";"Céu Claro";"Dupla";"Reta";"Sim";3;0;1;0;2;0;1;2;-23,43197;-51,88672;"SR-PR";"DEL7/7";"UOP04/PR"
263000;2020-01-15;"quarta-feira";"17:00:00";"MG";381;501;"BETIM";"Falta de Atenção à Condução";"Colisão traseira";"Com Vítimas Feridas";"Pleno dia";"Decrescente";"Céu Claro";"Dupla";"Reta";"Sim";3;0;1;0;1;1;1;3;-20,01329;-44,22077;"SR-MG";"DEL4/1";"UOP03/MG"
263001;2020-01-15;"quarta-feira";"17:30:00";"BA";116;316;"ARACI";"Desobediência às normas de trânsito pelo condutor";"Colisão transversal";"Com Vítimas Feridas";"Pleno dia";"Decrescente";"Sol";"Simples";"Reta";"Não";3;0;3;0;0;0;3;3;-11,29876;-38,93632;"SR-BA";"DEL10/2";"UOP01/BA"
263002;2020-01-15;"quarta-feira";"17:40:00";"RS";386;405;"TRIUNFO";"Pista Escorregadia";"Colisão frontal";"Com Vítimas Fatais";"Pleno dia";"Decrescente";"Chuva";"Simples";"Reta";"Não";3;2;0;1;0;0;1;2;-29,77286;-51,57295;"SR-RS";"DEL9/4";"UOP02/RS"
263003;2020-01-15;"quarta-feira";"17:00:00";"PI";316;5;"TERESINA";"Objeto estático sobre o leito carroçável";"Colisão traseira";"Com Vítimas Feridas";"Pleno dia";"Crescente";"Nublado";"Múltipla";"Reta";"Sim";2;0;1;0;1;0;1;2;-5,141699;-42,78157;"SR-PI";"DEL17/1";"UOP02/PI"
263005;2020-01-15;"quarta-feira";"18:15:00";"ES";101;160;"LINHARES";"Não guardar distância de segurança";"Colisão traseira";"Com Vítimas Feridas";"Pleno dia";"Crescente";"Nublado";"Simples";"Reta";"Não";5;0;1;0;4;0;1;3;-19,47663;-40,11403;"SR-ES";"DEL12/4";"UOP01/ES"
263006;2020-01-15;"quarta-feira";"18:20:00";"RS";116;253;"SAPUCAIA DO SUL";"Falta de Atenção à Condução";"Queda de ocupante de veículo";"Com Vítimas Feridas";"Pleno dia";"Crescente";"Chuva";"Dupla";"Reta";"Sim";1;0;1;0;0;0;1;1;-29,81784;-51,16996;"SR-RS";"DEL9/1";"UOP02/RS"
263007;2020-01-15;"quarta-feira";"17:00:00";"SC";282;395,2;"JOACABA";"Desobediência às normas de trânsito pelo condutor";"Colisão lateral";"Com Vítimas Feridas";"Pleno dia";"Decrescente";"Céu Claro";"Simples";"Curva";"Não";2;0;2;0;0;0;2;2;-27,15689;-51,59208;"SR-SC";"DEL7";"UOP07/SC"
263010;2020-01-15;"quarta-feira";"18:15:00";"RN";101;80;"NATAL";"Falta de Atenção à Condução";"Colisão lateral";"Com Vítimas Feridas";"Plena Noite";"Decrescente";"Céu Claro";"Dupla";"Rotatória";"Sim";2;0;0;1;1;0;1;2;-5,763058;-35,2871;"SR-RN";"DEL15/2";"UOP01/RN"
263011;2020-01-15;"quarta-feira";"16:30:00";"PE";232;120;"CARUARU";"Velocidade Incompatível";"Capotamento";"Com Vítimas Feridas";"Pleno dia";"Crescente";"Céu Claro";"Dupla";"Desvio Temporário";"Não";1;0;1;0;0;0;1;1;-8,298267;-35,90192;"SR-PE";"DEL11/2";"UOP02/PE"
263012;2020-01-15;"quarta-feira";"18:35:00";"CE";20;421;"MARACANAU";"Falta de Atenção à Condução";"Colisão lateral";"Com Vítimas Feridas";"Plena Noite";"Decrescente";"Céu Claro";"Dupla";"Reta";"Não";3;0;1;1;1;0;2;2;-3,856719;-38,55068;"SR-CE";"DEL16/1";"UOP02/CE"
263013;2020-01-15;"quarta-feira";"17:50:00";"MS";163;263,8;"DOURADOS";"Restrição de Visibilidade";"Colisão traseira";"Com Vítimas Feridas";"Anoitecer";"Decrescente";"Sol";"Dupla";"Reta";"Sim";2;0;1;0;1;0;1;2;-22,22782;-54,74014;"SR-MS";"DEL3/4";"UOP01/MS"
263014;2020-01-15;"quarta-feira";"18:30:00";"SP";116;16,8;"LAVRINHAS";"Falta de Atenção à Condução";"Saída de leito carroçável";"Com Vítimas Feridas";"Anoitecer";"Crescente";"Nublado";"Dupla";"Reta";"Não";2;0;0;2;0;0;2;1;-22,55822;-44,83796;"SR-SP";"DEL6/8";"UOP01/SP"
263015;2020-01-15;"quarta-feira";"18:55:00";"BA";242;802;"BARREIRAS";"Animais na Pista";"Atropelamento de Animal";"Com Vítimas Feridas";"Plena Noite";"Decrescente";"Céu Claro";"Simples";"Reta";"Não";2;0;2;0;0;0;2;1;-12,11788;-45,06386;"SR-BA";"DEL10/10";"UOP01/BA"
263016;2020-01-02;"quinta-feira";"18:30:00";"MG";40;735;"SANTOS DUMONT";"Velocidade Incompatível";"Colisão frontal";"Com Vítimas Feridas";"Plena Noite";"Decrescente";"Garoa/Chuvisco";"Simples";"Curva";"Não";2;0;0;1;1;0;1;2;-21,37013;-43,57559;"SR-MG";"DEL5";"UOP01/MG"
263017;2020-01-15;"quarta-feira";"19:20:00";"PA";316;99;"SANTA MARIA DO PARA";"Falta de Atenção do Pedestre";"Atropelamento de Pedestre";"Com Vítimas Fatais";"Plena Noite";"Crescente";"Céu Claro";"Simples";"Reta";"Não";3;1;0;0;2;0;0;2;-1,336465;-47,59557;"SR-PA";"DEL19/1";"UOP02/PA"
263018;2020-01-15;"quarta-feira";"17:20:00";"RJ";465;19;"NOVA IGUACU";"Não guardar distância de segurança";"Colisão traseira";"Com Vítimas Feridas";"Pleno dia";"Crescente";"Céu Claro";"Simples";"Reta";"Sim";2;0;1;0;1;0;1;2;-22,83918;-43,61045;"SR-RJ";"DEL5/1";"UOP03/RJ"
263019;2020-01-15;"quarta-feira";"18:30:00";"RO";364;713;"PORTO VELHO";"Falta de Atenção do Pedestre";"Atropelamento de Pedestre";"Com Vítimas Feridas";"Anoitecer";"Crescente";"Céu Claro";"Dupla";"Reta";"Sim";2;0;1;0;1;0;1;1;-8,771602;-63,88363;"SR-RO";"DEL21/1";"UOP01/RO"
263020;2020-01-15;"quarta-feira";"19:50:00";"PR";277;2,5;"PARANAGUA";"Defeito Mecânico no Veículo";"Colisão traseira";"Com Vítimas Feridas";"Plena Noite";"Crescente";"Céu Claro";"Dupla";"Reta";"Sim";3;0;2;0;1;0;2;2;-25,54518;-48,54279;"SR-PR";"DEL7/1";"UOP07/PR"
263021;2020-01-15;"quarta-feira";"19:05:00";"MG";40;474,1;"SETE LAGOAS";"Avarias e/ou desgaste excessivo no pneu";"Saída de leito carroçável";"Com Vítimas Feridas";"Plena Noite";"Decrescente";"Chuva";"Dupla";"Não Informado";"Não";1;0;1;0;0;0;1;1;-19,49793;-44,27937;"SR-MG";"DEL4/2";"UOP01/MG"
263022;2020-01-15;"quarta-feira";"19:10:00";"ES";101;58;"SAO MATEUS";"Restrição de Visibilidade";"Atropelamento de Pedestre";"Com Vítimas Feridas";"Plena Noite";"Crescente";"Céu Claro";"Simples";"Desvio Temporário";"Não";2;0;0;1;0;1;1;1;-18,65547;-39,87148;"SR-ES";"DEL12/4";"UOP02/ES"
263023;2020-01-15;"quarta-feira";"20:20:00";"ES";101;281,2;"SERRA";"Animais na Pista";"Atropelamento de Animal";"Com Vítimas Feridas";"Plena Noite";"Crescente";"Céu Claro";"Dupla";"Reta";"Não";1;0;1;0;0;0;1;1;-20,22113;-40,35721;"SR-ES";"DEL12/2";"UOP01/ES"
263024;2020-01-15;"quarta-feira";"20:30:00";"MG";381;524,5;"BRUMADINHO";"Falta de Atenção do Pedestre";"Atropelamento de Pedestre";"Com Vítimas Fatais";"Plena Noite";"Crescente";"Chuva";"Dupla";"Reta";"Não";2;1;0;0;1;0;0;1;-20,16074;-44,32984;"SR-MG";"DEL4/4";"UOP03/MG"
263025;2020-01-15;"quarta-feira";"18:20:00";"PE";232;100,3;"BEZERROS";"Falta de Atenção do Pedestre";"Atropelamento de Pedestre";"Com Vítimas Fatais";"Plena Noite";"Decrescente";"Céu Claro";"Dupla";"Reta";"Sim";3;1;0;0;0;2;0;1;-8,237912;-35,74298;"SR-PE";"DEL11/1";"UOP04/PE"
263027;2020-01-15;"quarta-feira";"21:20:00";"PR";376;176,1;"MARINGA";"Falta de Atenção à Condução";"Colisão traseira";"Com Vítimas Feridas";"Plena Noite";"Decrescente";"Céu Claro";"Dupla";"Reta";"Sim";2;0;1;0;1;0;1;2;-23,41131;-51,93995;"SR-PR";"DEL7/7";"UOP04/PR"
263029;2020-01-15;"quarta-feira";"21:30:00";"PR";376;180;"MARINGA";"Velocidade Incompatível";"Saída de leito carroçável";"Sem Vítimas";"Plena Noite";"Crescente";"Céu Claro";"Dupla";"Não Informado";"Sim";1;0;0;0;1;0;0;1;-23,42725;-51,89512;"SR-PR";"DEL7/7";"UOP04/PR"
263030;2020-01-15;"quarta-feira";"21:25:00";"MG";40;506,6;"RIBEIRAO DAS NEVES";"Ingestão de Álcool";"Atropelamento de Pedestre";"Com Vítimas Fatais";"Plena Noite";"Decrescente";"Chuva";"Dupla";"Reta";"Sim";2;1;1;0;0;0;1;1;-19,75106;-44,14426;"SR-MG";"DEL4/2";"UOP01/MG"
263031;2020-01-15;"quarta-feira";"16:15:00";"BA";101;186;"CONCEICAO DA FEIRA";"Falta de Atenção à Condução";"Colisão lateral";"Com Vítimas Feridas";"Pleno dia";"Crescente";"Céu Claro";"Simples";"Reta";"Não";2;0;1;0;1;0;1;2;-12,5619;-38,9769;"SR-BA";"DEL10/1";"UOP03/BA"
263032;2020-01-15;"quarta-feira";"21:35:00";"PR";369;87;"CORNELIO PROCOPIO";"Restrição de Visibilidade";"Queda de ocupante de veículo";"Com Vítimas Feridas";"Plena Noite";"Crescente";"Céu Claro";"Simples";"Reta";"Sim";1;0;1;0;0;0;1;1;-23,17757;-50,62332;"SR-PR";"DEL7/7";"UOP06/PR"
263033;2020-01-15;"quarta-feira";"14:30:00";"MG";251;206;"AGUAS VERMELHAS";"Ultrapassagem Indevida";"Colisão lateral";"Sem Vítimas";"Pleno dia";"Decrescente";"Sol";"Simples";"Reta";"Não";2;0;0;0;1;1;0;2;-15,88112;-41,52451;"SR-MG";"DEL4/11";"UOP02/MG"
263034;2020-01-15;"quarta-feira";"19:30:00";"BA";242;794;"BARREIRAS";"Ingestão de Álcool";"Colisão traseira";"Sem Vítimas";"Plena Noite";"Crescente";"Céu Claro";"Simples";"Reta";"Sim";2;0;0;0;2;0;0;2;-12,14116;-45,01057;"SR-BA";"DEL10/10";"UOP01/BA"
263035;2020-01-15;"quarta-feira";"20:30:00";"PE";232;73,1;"GRAVATA";"Falta de Atenção à Condução";"Colisão lateral";"Sem Vítimas";"Plena Noite";"Decrescente";"Céu Claro";"Dupla";"Reta";"Não";2;0;0;0;1;1;0;2;-8,1906;-35,50931;"SR-PE";"DEL11/1";"UOP04/PE"
263036;2020-01-15;"quarta-feira";"22:00:00";"SC";101;208,2;"SAO JOSE";"Falta de Atenção à Condução";"Tombamento";"Com Vítimas Feridas";"Plena Noite";"Decrescente";"Nublado";"Dupla";"Reta";"Sim";1;0;1;0;0;0;1;1;-27,60328;-48,63202;"SR-SC";"DEL8/1";"UOP01/SC"
263037;2020-01-15;"quarta-feira";"18:00:00";"RJ";116;176,3;"NOVA IGUACU";"Falta de Atenção à Condução";"Colisão traseira";"Com Vítimas Feridas";"Pleno dia";"Crescente";"Sol";"Dupla";"Reta";"Sim";3;0;2;0;1;0;2;2;-22,78395;-43,38195;"SR-RJ";"DEL5/1";"UOP02/RJ"
263038;2020-01-15;"quarta-feira";"23:10:00";"SC";101;208,6;"SAO JOSE";"Falta de Atenção à Condução";"Tombamento";"Com Vítimas Feridas";"Plena Noite";"Crescente";"Nublado";"Dupla";"Curva";"Sim";2;0;2;0;0;0;2;1;-27,60328;-48,63202;"SR-SC";"DEL8/1";"UOP01/SC"
263039;2020-01-15;"quarta-feira";"23:10:00";"MG";381;579,2;"CARMOPOLIS DE MINAS";"Falta de Atenção à Condução";"Colisão com objeto estático";"Com Vítimas Feridas";"Plena Noite";"Crescente";"Céu Claro";"Dupla";"Curva";"Não";1;0;1;0;0;0;1;1;-20,49968;-44,60847;"SR-MG";"DEL4/4";"UOP01/MG"
263041;2020-01-15;"quarta-feira";"18:00:00";"MG";262;507,7;"LUZ";"Desobediência às normas de trânsito pelo condutor";"Colisão frontal";"Com Vítimas Fatais";"Anoitecer";"Decrescente";"Céu Claro";"Simples";"Reta";"Não";2;1;0;0;1;0;0;2;-19,77094;-45,50125;"SR-MG";"DEL4/8";"UOP03/MG"
263042;2020-01-16;"quinta-feira";"00:25:00";"SP";116;112,7;"TAUBATE";"Falta de Atenção à Condução";"Colisão traseira";"Com Vítimas Fatais";"Plena Noite";"Crescente";"Céu Claro";"Dupla";"Reta";"Sim";8;4;2;0;2;0;2;3;-23,04159;-45,57066;"SR-SP";"DEL6";"UOP01/SP"
263043;2020-01-15;"quarta-feira";"23:50:00";"MG";381;816,1;"CAREACU";"Velocidade Incompatível";"Saída de leito carroçável";"Com Vítimas Fatais";"Pleno dia";"Decrescente";"Céu Claro";"Dupla";"Curva";"Sim";1;1;0;0;0;0;0;1;-22,09349;-45,71078;"SR-MG";"DEL09";"UOP02/MG"
263044;2020-01-15;"quarta-feira";"22:50:00";"MG";116;304,2;"ITAMBACURI";"Defeito Mecânico no Veículo";"Saída de leito carroçável";"Com Vítimas Feridas";"Plena Noite";"Crescente";"Céu Claro";"Simples";"Reta";"Não";3;0;2;0;1;0;2;1;-18,02425;-41,64792;"SR-MG";"DEL4/11";"UOP01/MG"
263045;2020-01-15;"quarta-feira";"22:50:00";"PR";153;346,9;"REBOUCAS";"Ingestão de Álcool";"Colisão frontal";"Com Vítimas Feridas";"Plena Noite";"Decrescente";"Nublado";"Simples";"Reta";"Não";3;0;3;0;0;0;3;2;-25,58518;-50,68345;"SR-PR";"DEL7/3";"UOP04/PR"
263046;2020-01-16;"quinta-feira";"04:50:00";"SP";116;313,5;"SAO LOURENCO DA SERRA";"Condutor Dormindo";"Saída de leito carroçável";"Com Vítimas Feridas";"Amanhecer";"Decrescente";"Céu Claro";"Dupla";"Reta";"Sim";47;0;14;1;32;0;15;1;-23,88914;-46,98017;"SR-SP";"DEL6/4";"UOP01/SP"
263047;2020-01-16;"quinta-feira";"03:00:00";"SP";381;63,3;"MAIRIPORA";"Velocidade Incompatível";"Colisão traseira";"Com Vítimas Feridas";"Plena Noite";"Crescente";"Céu Claro";"Dupla";"Curva";"Não";3;0;2;0;1;0;2;2;-23,3028;-46,57277;"SR-SP";"DEL6/3";"UOP02/SP"
263049;2020-01-16;"quinta-feira";"05:20:00";"RN";406;150;"CEARA-MIRIM";"Falta de Atenção à Condução";"Colisão frontal";"Com Vítimas Feridas";"Pleno dia";"Crescente";"Céu Claro";"Simples";"Reta";"Sim";2;0;0;2;0;0;2;2;-5,64975;-35,43235;"SR-RN";"DEL15/2";"UOP01/RN"
263050;2020-01-16;"quinta-feira";"05:35:00";"SC";470;88;"ASCURRA";"Velocidade Incompatível";"Tombamento";"Com Vítimas Feridas";"Amanhecer";"Decrescente";"Nublado";"Simples";"Curva";"Não";1;0;1;0;0;0;1;1;-26,95536;-49,37317;"SR-SC";"DEL8/4";"UOP01/SC"
263051;2020-01-16;"quinta-feira";"04:40:00";"BA";116;698;"JEQUIE";"Falta de Atenção à Condução";"Saída de leito carroçável";"Com Vítimas Feridas";"Amanhecer";"Crescente";"Céu Claro";"Simples";"Curva";"Não";2;0;2;0;0;0;2;1;-14,01082;-40,1867;"SR-BA";"DEL10/3";"UOP01/BA"
263052;2020-01-16;"quinta-feira";"04:55:00";"PB";230;310,8;"SAO MAMEDE";"Animais na Pista";"Atropelamento de Animal";"Com Vítimas Feridas";"Amanhecer";"Decrescente";"Céu Claro";"Simples";"Reta";"Não";4;0;2;1;1;0;3;1;-6,928011;-37,07237;"SR-PB";"DEL14/3";"UOP01/PB"
263054;2020-01-16;"quinta-feira";"04:50:00";"MG";40;530;"CONTAGEM";"Falta de Atenção do Pedestre";"Atropelamento de Pedestre";"Com Vítimas Fatais";"Amanhecer";"Decrescente";"Céu Claro";"Dupla";"Reta";"Sim";2;1;0;0;1;0;0;1;-19,92032;-44,03296;"SR-MG";"DEL4/1";"UOP02/MG"
263055;2020-01-16;"quinta-feira";"05:40:00";"SC";101;210;"SAO JOSE";"Falta de Atenção à Condução";"Tombamento";"Com Vítimas Feridas";"Pleno dia";"Decrescente";"Nublado";"Simples";"Reta";"Sim";1;0;0;1;0;0;1;1;-27,61673;-48,64573;"SR-SC";"DEL8/1";"UOP01/SC"
263056;2020-01-16;"quinta-feira";"05:54:00";"PB";101;88;"JOAO PESSOA";"Pista Escorregadia";"Tombamento";"Com Vítimas Feridas";"Pleno dia";"Decrescente";"Céu Claro";"Simples";"Não Informado";"Sim";2;0;2;0;0;0;2;1;-7,1647;-34,89994;"SR-PB";"DEL14/1";"UOP01/PB"
263057;2020-01-16;"quinta-feira";"02:40:00";"MG";381;778,7;"CAMPANHA";"Velocidade Incompatível";"Derramamento de carga";"Com Vítimas Feridas";"Plena Noite";"Crescente";"Nublado";"Dupla";"Curva";"Não";1;0;1;0;0;0;1;1;-21,83281;-45,50065;"SR-MG";"DEL09";"UOP02/MG"
263058;2020-01-16;"quinta-feira";"05:40:00";"SC";101;257,5;"GAROPABA";"Velocidade Incompatível";"Saída de leito carroçável";"Com Vítimas Feridas";"Amanhecer";"Decrescente";"Chuva";"Dupla";"Curva";"Não";2;0;1;1;0;0;2;1;-28,01211;-48,6948;"SR-SC";"DEL8/2";"UOP03/SC"
263060;2020-01-16;"quinta-feira";"03:50:00";"BA";116;791,6;"VITORIA DA CONQUISTA";"Defeito Mecânico no Veículo";"Colisão traseira";"Sem Vítimas";"Plena Noite";"Decrescente";"Céu Claro";"Simples";"Reta";"Não";2;0;0;0;2;0;0;2;-14,70701;-40,59526;"SR-BA";"DEL10/8";"UOP02/BA"
263061;2020-01-16;"quinta-feira";"06:00:00";"MG";381;897,7;"CAMBUI";"Animais na Pista";"Colisão traseira";"Com Vítimas Feridas";"Pleno dia";"Decrescente";"Sol";"Dupla";"Reta";"Sim";4;0;4;0;0;0;4;2;-22,63961;-46,08078;"SR-MG";"DEL09";"UOP03/MG"
263063;2020-01-16;"quinta-feira";"01:00:00";"PR";163;286;"MARECHAL CANDIDO RONDON";"Ingestão de Álcool";"Saída de leito carroçável";"Com Vítimas Feridas";"Plena Noite";"Crescente";"Ignorado";"Simples";"Reta";"Sim";2;0;0;2;0;0;2;1;-24,5681;-54,03417;"SR-PR";"DEL7/6";"UOP04/PR"
263064;2020-01-16;"quinta-feira";"03:26:00";"SP";116;210;"GUARULHOS";"Falta de Atenção à Condução";"Colisão traseira";"Sem Vítimas";"Plena Noite";"Decrescente";"Céu Claro";"Múltipla";"Reta";"Sim";2;0;0;0;2;0;0;2;-23,4287;-46,41086;"SR-SP";"DEL6/1";"UOP01/SP"
263065;2020-01-16;"quinta-feira";"04:00:00";"MG";116;303,7;"ITAMBACURI";"Condutor Dormindo";"Saída de leito carroçável";"Sem Vítimas";"Plena Noite";"Decrescente";"Céu Claro";"Simples";"Reta";"Não";1;0;0;0;1;0;0;1;-18,01748;-41,64325;"SR-MG";"DEL4/11";"UOP01/MG"
263066;2020-01-16;"quinta-feira";"06:50:00";"CE";116;17;"EUSEBIO";"Ingestão de Álcool";"Colisão traseira";"Com Vítimas Feridas";"Pleno dia";"Decrescente";"Garoa/Chuvisco";"Múltipla";"Reta";"Sim";7;0;1;0;6;0;1;7;-3,896179;-38,50336;"SR-CE";"DEL16/1";"UOP02/CE"
263067;2020-01-16;"quinta-feira";"07:00:00";"DF";40;4;"BRASILIA";"Falta de Atenção à Condução";"Colisão lateral";"Com Vítimas Feridas";"Pleno dia";"Decrescente";"Céu Claro";"Dupla";"Reta";"Não";3;0;2;0;1;0;2;2;-16,01203;-47,98212;"SR-DF";"UOP01/DF";""