"id";"data_inversa";"dia_semana";"horario";"uf";"br";"km";"municipio";"causa_acidente";"tipo_acidente";"classificacao_acidente";"fase_dia";"sentido_via";"condicao_metereologica";"tipo_pista";"tracado_via";"uso_solo";"pessoas";"mortos";"feridos_leves";"feridos_graves";"ilesos";"ignorados";"feridos";"veiculos";"latitude";"longitude";"regional";"delegacia";"uop"
263068;2020-01-16;"quinta-feira";"05:00:00";"MS";163;479,3;"CAMPO GRANDE";"Falta de Atenção à Condução";"Tombamento";"Com Vítimas Feridas";"Pleno dia";"Crescente";"Céu Claro";"Simples";"Reta";"Sim";1;0;1;0;0;0;1;1;-20,486;-54,55928;"SR-MS";"DEL3/1";"UOP01/MS"
263069;2020-01-16;"quinta-feira";"07:10:00";"PE";101;80;"JABOATAO DOS GUARARAPES";"Falta de Atenção à Condução";"Colisão traseira";"Sem Vítimas";"Pleno dia";"Crescente";"Sol";"Dupla";"Interseção de vias";"Não";3;0;0;0;3;0;0;3;-8,15226;-34,94261;"SR-PE";"DEL11/1";"UOP03/PE"
263070;2020-01-16;"quinta-feira";"08:00:00";"SC";101;210;"SAO JOSE";"Desobediência às normas de trânsito pelo condutor";"Colisão traseira";"Com Vítimas Feridas";"Pleno dia";"Decrescente";"Nublado";"Múltipla";"Reta";"Sim";2;0;1;0;1;0;1;2;-27,61673;-48,64573;"SR-SC";"DEL8/1";"UOP01/SC"
263071;2020-01-16;"quinta-feira";"07:20:00";"GO";40;10;"LUZIANIA";"Desobediência às normas de trânsito pelo condutor";"Colisão frontal";"Com Vítimas Feridas";"Pleno dia";"Crescente";"Céu Claro";"Dupla";"Retorno Regulamentado";"Sim";2;0;0;1;1;0;1;2;-16,13128;-47,95792;"SR-DF";"UOP01/DF";""
263072;2020-01-16;"quinta-feira";"07:40:00";"PB";230;464;"SOUSA";"Não guardar distância de segurança";"Colisão traseira";"Com Vítimas Feridas";"Pleno dia";"Decrescente";"Céu Claro";"Simples";"Reta";"Sim";4;0;1;0;3;0;1;3;-6,7791;-38,2438;"SR-PB";"DEL14/3";"UOP03/PB"
263073;2020-01-16;"quinta-feira";"06:45:00";"SP";116;269,5;"TABOAO DA SERRA";"Falta de Atenção à Condução";"Colisão traseira";"Sem Vítimas";"Pleno dia";"Crescente";"Céu Claro";"Dupla";"Reta";"Sim";3;0;0;0;2;1;0;3;-23,60879;-46,75735;"SR-SP";"DEL6/4";"UOP01/SP"
263074;2020-01-16;"quinta-feira";"06:45:00";"MG";153;104,8;"PRATA";"Falta de Atenção à Condução";"Saída de leito carroçável";"Com Vítimas Feridas";"Pleno dia";"Crescente";"Céu Claro";"Simples";"Reta";"Não";1;0;1;0;0;0;1;1;-19,27184;-48,91909;"SR-MG";"DEL4/15";"UOP03/MG"
263075;2020-01-15;"quarta-feira";"17:30:00";"BA";367;24;"PORTO SEGURO";"Falta de Atenção à Condução";"Colisão lateral";"Com Vítimas Feridas";"Anoitecer";"Crescente";"Céu Claro";"Múltipla";"Interseção de vias";"Sim";3;0;1;0;2;0;1;3;-16,43764;-39,08138;"SR-BA";"UOP01";"DEL09"
263078;2020-01-15;"quarta-feira";"20:30:00";"MS";60;34;"CHAPADAO DO SUL";"Falta de Atenção à Condução";"Colisão traseira";"Com Vítimas Feridas";"Plena Noite";"Crescente";"Céu Claro";"Simples";"Não Informado";"Não";3;0;2;0;1;0;2;2;-18,93397;-52,7759;"SR-MS";"DEL3/8";"UOP01/MS"
263079;2020-01-16;"quinta-feira";"06:00:00";"RO";364;384;"OURO PRETO DO OESTE";"Falta de Atenção do Pedestre";"Atropelamento de Pedestre";"Com Vítimas Feridas";"Amanhecer";"Decrescente";"Garoa/Chuvisco";"Simples";"Reta";"Não";2;0;0;1;1;0;1;1;-10,71525;-62,25065;"SR-RO";"DEL21/2";"UOP01/RO"
263080;2020-01-15;"quarta-feira";"10:30:00";"SC";116;148,9;"SANTA CECILIA";"Velocidade Incompatível";"Saída de leito carroçável";"Sem Vítimas";"Pleno dia";"Crescente";"Céu Claro";"Simples";"Curva";"Não";1;0;0;0;1;0;0;1;-27,01295;-50,42072;"SR-SC";"DEL8/6";"UOP02/SC"
263081;2020-01-16;"quinta-feira";"07:40:00";"RN";110;49,2;"MOSSORO";"Desobediência às normas de trânsito pelo condutor";"Colisão transversal";"Com Vítimas Feridas";"Pleno dia";"Decrescente";"Sol";"Dupla";"Retorno Regulamentado";"Sim";3;0;2;0;1;0;2;2;-5,21646;-37,32927;"SR-RN";"DEL15/4";"UOP01/RN"
263082;2020-01-16;"quinta-feira";"06:10:00";"MG";146;554,5;"CABO VERDE";"Falta de Atenção à Condução";"Colisão lateral";"Com Vítimas Feridas";"Pleno dia";"Crescente";"Céu Claro";"Simples";"Não Informado";"Não";2;0;2;0;0;0;2;2;-21,42319;-46,42997;"SR-MG";"DEL09";"UOP04/MG"
263083;2020-01-16;"quinta-feira";"06:50:00";"MG";50;180;"UBERABA";"Desobediência às normas de trânsito pelo condutor";"Colisão lateral";"Sem Vítimas";"Amanhecer";"Crescente";"Céu Claro";"Simples";"Viaduto";"Sim";2;0;0;0;2;0;0;2;-19,77848;-47,92195;"SR-MG";"DEL13";"UOP01/MG"
263084;2020-01-16;"quinta-feira";"07:40:00";"SC";101;251,1;"PAULO LOPES";"Falta de Atenção à Condução";"Colisão transversal";"Com Vítimas Feridas";"Pleno dia";"Crescente";"Nublado";"Dupla";"Reta";"Sim";2;0;0;1;1;0;1;2;-27,96046;-48,6793;"SR-SC";"DEL8/2";"UOP03/SC"
263085;2020-01-16;"quinta-feira";"07:20:00";"PR";376;523,8;"PONTA GROSSA";"Condutor Dormindo";"Colisão traseira";"Com Vítimas Feridas";"Pleno dia";"Crescente";"Céu Claro";"Dupla";"Reta";"Não";2;0;0;1;1;0;1;2;-25,2759;-49,92612;"SR-PR";"DEL7/3";"UOP03/PR"
263086;2020-01-16;"quinta-feira";"07:10:00";"DF";60;2,9;"BRASILIA";"Não guardar distância de segurança";"Colisão traseira";"Com Vítimas Feridas";"Pleno dia";"Crescente";"Céu Claro";"Dupla";"Reta";"Sim";2;0;0;1;1;0;1;2;-15,88983;-48,08593;"SR-DF";"UOP03/DF";""
263087;2020-01-16;"quinta-feira";"07:10:00";"MG";40;530;"BELO HORIZONTE";"Falta de Atenção do Pedestre";"Atropelamento de Pedestre";"Com Vítimas Feridas";"Pleno dia";"Decrescente";"Céu Claro";"Dupla";"Curva";"Sim";2;0;2;0;0;0;2;1;-19,92065;-44,03357;"SR-MG";"DEL4/1";"UOP02/MG"
263088;2020-01-16;"quinta-feira";"07:30:00";"PI";343;345,1;"TERESINA";"Desobediência às normas de trânsito pelo condutor";"Colisão transversal";"Com Vítimas Feridas";"Pleno dia";"Decrescente";"Nublado";"Simples";"Reta";"Sim";2;0;0;1;1;0;1;2;-5,102731;-42,76655;"SR-PI";"DEL17/1";"UOP01/PI"
263089;2020-01-16;"quinta-feira";"08:15:00";"RN";304;304,3;"PARNAMIRIM";"Não guardar distância de segurança";"Colisão traseira";"Com Vítimas Feridas";"Pleno dia";"Crescente";"Sol";"Dupla";"Reta";"Sim";2;0;1;0;1;0;1;2;-5,884971;-35,28078;"SR-RN";"DEL15/1";"UOP02/RN"
263090;2020-01-16;"quinta-feira";"08:10:00";"GO";40;6,8;"VALPARAISO DE GOIAS";"Pista Escorregadia";"Tombamento";"Com Vítimas Feridas";"Pleno dia";"Decrescente";"Céu Claro";"Dupla";"Reta";"Sim";2;0;2;0;0;0;2;1;-16,10081;-47,97735;"SR-DF";"UOP01/DF";""
263091;2020-01-16;"quinta-feira";"08:00:00";"PR";376;131;"NOVA ESPERANCA";"Velocidade Incompatível";"Queda de ocupante de veículo";"Com Vítimas Feridas";"Pleno dia";"Crescente";"Céu Claro";"Dupla";"Reta";"Não";1;0;0;1;0;0;1;1;-23,17708;-52,22887;"SR-PR";"DEL7/7";"UOP05/PR"
263092;2020-01-16;"quinta-feira";"07:30:00";"SC";101;210;"SAO JOSE";"Não guardar distância de segurança";"Colisão transversal";"Com Vítimas Feridas";"Pleno dia";"Decrescente";"Céu Claro";"Dupla";"Reta";"Sim";2;0;1;0;1;0;1;2;-27,61673;-48,64573;"SR-SC";"DEL8/1";"UOP01/SC"
263093;2020-01-16;"quinta-feira";"08:10:00";"SC";101;136;"BALNEARIO CAMBORIU";"Falta de Atenção à Condução";"Colisão traseira";"Com Vítimas Feridas";"Pleno dia";"Decrescente";"Sol";"Dupla";"Não Informado";"Não";4;0;0;1;3;0;1;3;-27,00811;-48,61724;"SR-SC";"DEL8/4";"UOP03/SC"
263094;2020-01-16;"quinta-feira";"08:20:00";"SC";101;212;"PALHOCA";"Não guardar distância de segurança";"Colisão lateral";"Com Vítimas Feridas";"Pleno dia";"Decrescente";"Nublado";"Dupla";"Reta";"Sim";3;0;1;0;2;0;1;3;-27,62997;-48,65904;"SR-SC";"DEL8/1";"UOP02/SC"
263095;2020-01-16;"quinta-feira";"07:40:00";"RJ";101;323,9;"NITEROI";"Não guardar distância de segurança";"Colisão traseira";"Sem Vítimas";"Pleno dia";"Decrescente";"Céu Claro";"Dupla";"Reta";"Sim";3;0;0;0;3;0;0;3;-22,87685;-43,11729;"SR-RJ";"UOP01";"DEL02"
263096;2020-01-16;"quinta-feira";"01:00:00";"MG";381;504;"BETIM";"Defeito Mecânico no Veículo";"Incêndio";"Sem Vítimas";"Plena Noite";"Decrescente";"Céu Claro";"Múltipla";"Reta";"Não";1;0;0;0;0;1;0;1;-20,04165;-44,26387;"SR-MG";"DEL4/1";"UOP03/MG"
263097;2020-01-16;"quinta-feira";"07:45:00";"RS";116;521;"PELOTAS";"Falta de Atenção à Condução";"Colisão transversal";"Com Vítimas Feridas";"Pleno dia";"Decrescente";"Céu Claro";"Dupla";"Interseção de vias";"Sim";2;0;0;1;1;0;1;2;-31,69369;-52,35459;"SR-RS";"DEL9/7";"UOP01/RS"
263098;2020-01-16;"quinta-feira";"07:20:00";"BA";324;626;"SALVADOR";"Falta de Atenção à Condução";"Colisão traseira";"Com Vítimas Feridas";"Pleno dia";"Crescente";"Céu Claro";"Múltipla";"Reta";"Sim";3;0;0;1;2;0;1;2;-12,95021;-38,47073;"SR-BA";"DEL10/1";"UOP01/BA"
263099;2020-01-16;"quinta-feira";"08:50:00";"RS";287;248;"SANTA MARIA";"Fenômenos da Natureza";"Tombamento";"Com Vítimas Feridas";"Pleno dia";"Decrescente";"Chuva";"Simples";"Reta";"Sim";1;0;1;0;0;0;1;1;-29,69602;-53,85096;"SR-RS";"DEL9/9";"UOP01/RS"
263100;2020-01-16;"quinta-feira";"05:50:00";"MG";381;681,5;"PERDOES";"Falta de Atenção à Condução";"Tombamento";"Sem Vítimas";"Amanhecer";"Crescente";"Ignorado";"Dupla";"Curva";"Não";1;0;0;0;1;0;0;1;-21,16801;-45,12657;"SR-MG";"DEL4/4";"UOP02/MG"
263101;2020-01-15;"quarta-feira";"22:30:00";"RO";364;340,7;"JI-PARANA";"Desobediência às normas de trânsito pelo condutor";"Colisão transversal";"Sem Vítimas";"Plena Noite";"Crescente";"Nublado";"Simples";"Interseção de vias";"Sim";2;0;0;0;2;0;0;2;-10,8988;-61,93046;"SR-RO";"DEL21/2";"UOP01/RO"
263102;2020-01-16;"quinta-feira";"09:05:00";"PE";104;63,3;"CARUARU";"Falta de Atenção à Condução";"Colisão lateral";"Com Vítimas Feridas";"Pleno dia";"Decrescente";"Sol";"Simples";"Reta";"Sim";2;0;0;1;1;0;1;2;-8,2698;-35,9803;"SR-PE";"DEL11/2";"UOP01/PE"
263104;2020-01-16;"quinta-feira";"08:50:00";"MG";381;602,9;"OLIVEIRA";"Condutor Dormindo";"Saída de leito carroçável";"Com Vítimas Feridas";"Pleno dia";"Crescente";"Nublado";"Dupla";"Não Informado";"Não";3;0;2;0;1;0;2;1;-20,61727;-44,73551;"SR-MG";"DEL4/4";"UOP01/MG"
263105;2020-01-15;"quarta-feira";"22:10:00";"RS";NA;NA;"VILA FLORES";"Pista Escorregadia";"Colisão com objeto estático";"Sem Vítimas";"Plena Noite";"Não Informado";"Garoa/Chuvisco";"Simples";"Não Informado";"Não";3;0;0;0;3;0;0;1;-28,87877;-51,53876;"SR-RS";"DEL9/6";""
263106;2020-01-16;"quinta-feira";"09:15:00";"PB";230;22;"JOAO PESSOA";"Não guardar distância de segurança";"Engavetamento";"Com Vítimas Feridas";"Pleno dia";"Crescente";"Céu Claro";"Dupla";"Reta";"Não";4;0;1;0;3;0;1;3;-7,1495;-34,8517;"SR-PB";"DEL14/1";"UOP01/PB"
263108;2020-01-16;"quinta-feira";"08:55:00";"PI";343;338,8;"TERESINA";"Falta de Atenção à Condução";"Colisão traseira";"Com Vítimas Feridas";"Pleno dia";"Crescente";"Céu Claro";"Simples";"Reta";"Sim";2;0;1;0;1;0;1;2;-5,063362;-42,72291;"SR-PI";"DEL17/1";"UOP01/PI"
263109;2020-01-16;"quinta-feira";"08:50:00";"RS";116;301,3;"GUAIBA";"Falta de Atenção à Condução";"Colisão transversal";"Com Vítimas Feridas";"Pleno dia";"Decrescente";"Nublado";"Simples";"Reta";"Sim";3;0;2;0;1;0;2;2;-30,13008;-51,35268;"SR-RS";"DEL9/2";"UOP01/RS"
263110;2020-01-16;"quinta-feira";"08:30:00";"SC";101;268;"PAULO LOPES";"Agressão Externa";"Tombamento";"Com Vítimas Feridas";"Pleno dia";"Crescente";"Garoa/Chuvisco";"Dupla";"Reta";"Não";1;0;1;0;0;0;1;1;-28,08561;-48,71072;"SR-SC";"DEL8/2";"UOP03/SC"
263111;2020-01-16;"quinta-feira";"09:20:00";"SP";153;274,5;"OCAUCU";"Defeito Mecânico no Veículo";"Colisão com objeto estático";"Com Vítimas Feridas";"Pleno dia";"Decrescente";"Céu Claro";"Simples";"Curva";"Não";1;0;1;0;0;0;1;1;-22,3722;-49,87033;"SR-SP";"DEL6/07";"UOP02/SP"
263113;2020-01-16;"quinta-feira";"07:00:00";"MG";381;486;"BETIM";"Falta de Atenção à Condução";"Colisão traseira";"Com Vítimas Feridas";"Amanhecer";"Decrescente";"Céu Claro";"Dupla";"Reta";"Sim";2;0;1;0;1;0;1;2;-19,95644;-44,13612;"SR-MG";"DEL4/1";"UOP03/MG"
263114;2020-01-16;"quinta-feira";"09:00:00";"SP";116;144,4;"SAO JOSE DOS CAMPOS";"Não guardar distância de segurança";"Colisão traseira";"Com Vítimas Feridas";"Pleno dia";"Crescente";"Nublado";"Dupla";"Reta";"Sim";3;0;1;0;2;0;1;3;-23,18274;-45,84634;"SR-SP";"DEL6/2";"UOP01/SP"
263116;2020-01-16;"quinta-feira";"09:20:00";"RJ";116;20;"MAGE";"Desobediência às normas de trânsito pelo condutor";"Colisão transversal";"Com Vítimas Feridas";"Pleno dia";"Crescente";"Sol";"Simples";"Reta";"Sim";2;0;1;0;1;0;1;2;-22,66629;-43,00255;"SR-RJ";"DEL5/6";"UOP02/RJ"
263117;2020-01-16;"quinta-feira";"09:30:00";"MG";381;349;"JOAO MONLEVADE";"Velocidade Incompatível";"Colisão frontal";"Com Vítimas Feridas";"Pleno dia";"Crescente";"Céu Claro";"Simples";"Curva";"Não";4;0;0;3;1;0;3;2;-19,84992;-43,14868;"SR-MG";"DEL4/3";"UOP01/MG"
263119;2020-01-16;"quinta-feira";"08:50:00";"TO";153;568,3;"FATIMA";"Falta de Atenção à Condução";"Colisão traseira";"Com Vítimas Feridas";"Pleno dia";"Crescente";"Céu Claro";"Simples";"Não Informado";"Não";5;0;2;0;3;0;2;3;-10,81068;-48,90299;"SR-TO";"UOP02/TO";""
263120;2020-01-16;"quinta-feira";"09:15:00";"MS";163;681;"RIO VERDE DE MATO GROSSO";"Falta de Atenção à Condução";"Colisão transversal";"Com Vítimas Feridas";"Pleno dia";"Crescente";"Céu Claro";"Simples";"Reta";"Sim";2;0;1;0;1;0;1;2;-18,91578;-54,83863;"SR-MS";"DEL3/6";"UOP02/MS"
263121;2020-01-16;"quinta-feira";"07:50:00";"MG";381;484,3;"BETIM";"Falta de Atenção à Condução";"Colisão lateral";"Com Vítimas Feridas";"Pleno dia";"Decrescente";"Sol";"Dupla";"Reta";"Não";3;0;0;1;1;1;1;3;-19,95532;-44,11722;"SR-MG";"DEL4/1";"UOP03/MG"
263122;2020-01-16;"quinta-feira";"06:50:00";"BA";407;135,3;"SENHOR DO BONFIM";"Não guardar distância de segurança";"Colisão traseira";"Com Vítimas Fatais";"Pleno dia";"Decrescente";"Céu Claro";"Simples";"Não Informado";"Não";3;1;0;0;2;0;0;2;-10,52389;-40,13928;"SR-BA";"DEL10/4";"UOP01/BA"
263123;2020-01-16;"quinta-feira";"09:50:00";"SP";381;24;"BRAGANCA PAULISTA";"Defeito Mecânico no Veículo";"Queda de ocupante de veículo";"Com Vítimas Feridas";"Pleno dia";"Decrescente";"Céu Claro";"Dupla";"Reta";"Não";2;0;2;0;0;0;2;1;-23,01316;-46,52386;"SR-SP";"DEL6/3";"UOP02/SP"
263124;2020-01-16;"quinta-feira";"10:15:00";"SC";101;87,6;"BARRA VELHA";"Falta de Atenção à Condução";"Colisão traseira";"Com Vítimas Feridas";"Pleno dia";"Crescente";"Nublado";"Simples";"Interseção de vias";"Sim";2;0;1;0;1;0;1;2;-26,65333;-48,68752;"SR-SC";"DEL8/3";"UOP02/SC"
263127;2020-01-16;"quinta-feira";"09:20:00";"MT";70;378;"CAMPO VERDE";"Desobediência às normas de trânsito pelo condutor";"Colisão frontal";"Com Vítimas Fatais";"Pleno dia";"Decrescente";"Sol";"Simples";"Reta";"Não";2;1;1;0;0;0;1;2;-15,50286;-55,10465;"SR-MT";"DEL2/5";"UOP01/MT"
263129;2020-01-16;"quinta-feira";"11:30:00";"PR";376;664,7;"GUARATUBA";"Mal Súbito";"Colisão com objeto estático";"Sem Vítimas";"Pleno dia";"Crescente";"Céu Claro";"Dupla";"Desvio Temporário";"Não";1;0;0;0;1;0;0;1;-25,85525;-48,95396;"SR-PR";"DEL7/1";"UOP08/PR"
263131;2020-01-16;"quinta-feira";"12:30:00";"RJ";116;177;"NOVA IGUACU";"Falta de Atenção à Condução";"Colisão com objeto estático";"Com Vítimas Feridas";"Pleno dia";"Crescente";"Céu Claro";"Dupla";"Reta";"Sim";1;0;1;0;0;0;1;1;-22,78055;-43,39209;"SR-RJ";"DEL5/1";"UOP02/RJ"
263133;2020-01-05;"domingo";"22:30:00";"SC";470;1;"NAVEGANTES";"Falta de Atenção à Condução";"Atropelamento de Pedestre";"Com Vítimas Feridas";"Plena Noite";"Decrescente";"Ignorado";"Dupla";"Reta";"Não";2;0;1;1;0;0;2;1;-26,87538;-48,66828;"SR-SC";"DEL8/4";"UOP04/SC"
263134;2020-01-16;"quinta-feira";"11:30:00";"RS";116;148;"CAXIAS DO SUL";"Pista Escorregadia";"Colisão transversal";"Com Vítimas Feridas";"Pleno dia";"Crescente";"Chuva";"Dupla";"Curva";"Sim";4;0;2;2;0;0;4;2;-29,15445;-51,15102;"SR-RS";"DEL9/5";"UOP01/RS"
263135;2020-01-16;"quinta-feira";"12:55:00";"RN";101;80,4;"NATAL";"Ingestão de álcool e/ou substâncias psicoativas pelo pedestre";"Atropelamento de Pedestre";"Com Vítimas Feridas";"Pleno dia";"Decrescente";"Sol";"Dupla";"Reta";"Sim";3;0;1;2;0;0;3;1;-5,758522;-35,28806;"SR-RN";"DEL15/2";"UOP01/RN"
263136;2020-01-16;"quinta-feira";"13:00:00";"RN";101;77;"EXTREMOZ";"Falta de Atenção à Condução";"Colisão lateral";"Sem Vítimas";"Pleno dia";"Decrescente";"Céu Claro";"Dupla";"Reta";"Sim";1;0;0;0;1;0;0;1;-5,731805;-35,29112;"SR-RN";"DEL15/2";"UOP01/RN"
263137;2020-01-16;"quinta-feira";"13:10:00";"ES";482;133,8;"DORES DO RIO PRETO";"Falta de Atenção à Condução";"Colisão com objeto estático";"Com Vítimas Feridas";"Pleno dia";"Decrescente";"Céu Claro";"Simples";"Curva";"Não";1;0;1;0;0;0;1;1;-20,70929;-41,83609;"SR-ES";"DEL12/3";"UOP02/ES"
263138;2020-01-16;"quinta-feira";"13:35:00";"SC";101;214,5;"PALHOCA";"Não guardar distância de segurança";"Colisão traseira";"Com Vítimas Feridas";"Pleno dia";"Decrescente";"Céu Claro";"Múltipla";"Viaduto";"Sim";2;0;1;0;1;0;1;2;-27,64443;-48,67057;"SR-SC";"DEL8/1";"UOP02/SC"
263139;2020-01-16;"quinta-feira";"13:15:00";"BA";242;777;"BARREIRAS";"Defeito Mecânico no Veículo";"Incêndio";"Sem Vítimas";"Pleno dia";"Crescente";"Céu Claro";"Simples";"Reta";"Não";1;0;0;0;1;0;0;1;-12,15634;-44,6838;"SR-BA";"DEL10/10";"UOP01/BA"
263140;2020-01-16;"quinta-feira";"13:25:00";"SC";282;72;"RANCHO QUEIMADO";"Velocidade Incompatível";"Colisão frontal";"Com Vítimas Feridas";"Pleno dia";"Decrescente";"Chuva";"Simples";"Curva";"Não";2;0;1;0;1;0;1;2;-27,68344;-49,10526;"SR-SC";"DEL8/1";"UOP03/SC"
263142;2020-01-16;"quinta-feira";"13:45:00";"RJ";40;24;"TRES RIOS";"Velocidade Incompatível";"Derramamento de carga";"Sem Vítimas";"Pleno dia";"Crescente";"Céu Claro";"Dupla";"Curva";"Sim";2;0;0;0;2;0;0;1;-22,13813;-43,15928;"SR-RJ";"DEL5/6";"UOP01/RJ"
263143;2020-01-16;"quinta-feira";"13:45:00";"CE";20;238,5;"MADALENA";"Falta de Atenção à Condução";"Colisão transversal";"Com Vítimas Feridas";"Pleno dia";"Crescente";"Céu Claro";"Simples";"Não Informado";"Não";4;0;1;0;3;0;1;3;-4,862078;-39,58049;"SR-CE";"DEL16/2";"UOP02/CE"
263144;2020-01-16;"quinta-feira";"13:20:00";"RJ";101;298;"SAO GONCALO";"Falta de Atenção do Pedestre";"Atropelamento de Pedestre";"Com Vítimas Feridas";"Pleno dia";"Decrescente";"Céu Claro";"Dupla";"Reta";"Sim";3;0;0;1;1;1;1;1;-22,7714;-42,92896;"SR-RJ";"DEL5/2";"UOP01/RJ"
263145;2020-01-16;"quinta-feira";"14:00:00";"SP";116;557,9;"BARRA DO TURVO";"Pista Escorregadia";"Saída de leito carroçável";"Com Vítimas Fatais";"Pleno dia";"Crescente";"Chuva";"Dupla";"Reta";"Não";7;4;0;3;0;0;3;1;-24,99089;-48,50735;"SR-SP";"DEL6/5";"UOP03/SP"
263146;2020-01-16;"quinta-feira";"13:00:00";"PR";277;250,6;"IRATI";"Pista Escorregadia";"Saída de leito carroçável";"Com Vítimas Feridas";"Pleno dia";"Crescente";"Chuva";"Simples";"Reta";"Não";1;0;0;1;0;0;1;1;-25,45317;-50,65141;"SR-PR";"DEL7/3";"UOP04/PR"
263147;2020-01-16;"quinta-feira";"11:30:00";"MG";262;583,9;"CAMPOS ALTOS";"Velocidade Incompatível";"Saída de leito carroçável";"Com Vítimas Feridas";"Pleno dia";"Decrescente";"Céu Claro";"Simples";"Reta";"Não";3;0;2;0;1;0;2;1;-19,66612;-46,14369;"SR-MG";"DEL4/8";"UOP02/MG"
263148;2020-01-16;"quinta-feira";"14:00:00";"PR";277;199,8;"PALMEIRA";"Avarias e/ou desgaste excessivo no pneu";"Colisão frontal";"Com Vítimas Fatais";"Pleno dia";"Decrescente";"Chuva";"Simples";"Curva";"Não";6;5;0;0;1;0;0;2;-25,47083;-50,27709;"SR-PR";"DEL7/3";"UOP04/PR"
263149;2020-01-16;"quinta-feira";"13:30:00";"MG";40;552,5;"NOVA LIMA";"Falta de Atenção à Condução";"Saída de leito carroçável";"Com Vítimas Feridas";"Pleno dia";"Crescente";"Nublado";"Simples";"Não Informado";"Sim";4;0;1;0;0;3;1;1;-20,06084;-43,97716;"SR-MG";"DEL4/1";"UOP02/MG"
263151;2020-01-16;"quinta-feira";"08:30:00";"RO";364;403,2;"OURO PRETO DO OESTE";"Não guardar distância de segurança";"Colisão frontal";"Com Vítimas Feridas";"Pleno dia";"Crescente";"Céu Claro";"Simples";"Reta";"Não";6;0;5;0;1;0;5;2;-10,58294;-62,36029;"SR-RO";"DEL21/3";"UOP02/RO"
263152;2020-01-16;"quinta-feira";"11:20:00";"MG";116;576,1;"MANHUACU";"Carga excessiva e/ou mal acondicionada";"Saída de leito carroçável";"Com Vítimas Feridas";"Pleno dia";"Crescente";"Céu Claro";"Simples";"Curva";"Não";1;0;0;1;0;0;1;1;-20,15474;-42,1863;"SR-MG";"DEL4/6";"UOP04/MG"
263153;2020-01-16;"quinta-feira";"14:00:00";"PB";230;333,8;"PATOS";"Não guardar distância de segurança";"Colisão traseira";"Sem Vítimas";"Pleno dia";"Crescente";"Sol";"Simples";"Reta";"Sim";2;0;0;0;2;0;0;2;-7,0193;-37,2493;"SR-PB";"DEL14/3";"UOP01/PB"
263154;2020-01-16;"quinta-feira";"14:10:00";"SC";282;18,9;"PALHOCA";"Desobediência às normas de trânsito pelo condutor";"Colisão transversal";"Com Vítimas Feridas";"Pleno dia";"Crescente";"Nublado";"Simples";"Reta";"Não";6;0;3;3;0;0;6;2;-27,67863;-48,70192;"SR-SC";"DEL8/1";"UOP02/SC"
263155;2020-01-16;"quinta-feira";"10:45:00";"SC";470;103,8;"APIUNA";"Avarias e/ou desgaste excessivo no pneu";"Saída de leito carroçável";"Com Vítimas Fatais";"Pleno dia";"Decrescente";"Chuva";"Simples";"Curva";"Não";1;1;0;0;0;0;0;1;-27,06371;-49,40792;"SR-SC";"DEL8/4";"UOP02/SC"
263156;2020-01-16;"quinta-feira";"12:35:00";"GO";153;698,5;"ITUMBIARA";"Condutor Dormindo";"Saída de leito carroçável";"Com Vítimas Feridas";"Pleno dia";"Crescente";"Céu Claro";"Dupla";"Reta";"Sim";2;0;2;0;0;0;2;1;-18,3777;-49,2106;"SR-GO";"DEL1/3";"UOP02/GO"
263157;2020-01-16;"quinta-feira";"12:40:00";"RS";285;293,9;"PASSO FUNDO";"Velocidade Incompatível";"Saída de leito carroçável";"Com Vítimas Feridas";"Pleno dia";"Crescente";"Chuva";"Dupla";"Interseção de vias";"Sim";1;0;0;1;0;0;1;1;-28,23483;-52,38235;"SR-RS";"DEL08";"UOP03/RS"
263160;2020-01-16;"quinta-feira";"13:10:00";"SP";116;219;"GUARULHOS";"Não guardar distância de segurança";"Engavetamento";"Com Vítimas Feridas";"Pleno dia";"Decrescente";"Céu Claro";"Múltipla";"Reta";"Sim";3;0;1;0;2;0;1;3;-23,46144;-46,48885;"SR-SP";"DEL6/1";"UOP01/SP"
263162;2020-01-16;"quinta-feira";"14:01:00";"SP";116;557,8;"BARRA DO TURVO";"Não guardar distância de segurança";"Colisão traseira";"Com Vítimas Feridas";"Pleno dia";"Decrescente";"Chuva";"Dupla";"Reta";"Não";2;0;1;0;1;0;1;2;-24,99089;-48,50735;"SR-SP";"DEL6/5";"UOP03/SP"
263163;2020-01-16;"quinta-feira";"12:50:00";"SC";101;58;"ARAQUARI";"Falta de Atenção à Condução";"Colisão com objeto estático";"Com Vítimas Feridas";"Pleno dia";"Decrescente";"Chuva";"Simples";"Retorno Regulamentado";"Não";1;0;1;0;0;0;1;1;-26,44025;-48,80129;"SR-SC";"DEL8/3";"UOP02/SC"
263164;2020-01-16;"quinta-feira";"13:30:00";"GO";153;510,9;"APARECIDA DE GOIANIA";"Não guardar distância de segurança";"Colisão traseira";"Com Vítimas Feridas";"Pleno dia";"Crescente";"Céu Claro";"Dupla";"Reta";"Sim";3;0;1;0;2;0;1;2;-16,7977;-49,2386;"SR-GO";"DEL1/1";"UOP03/GO"