"id";"data_inversa";"dia_semana";"horario";"uf";"br";"km";"municipio";"causa_acidente";"tipo_acidente";"classificacao_acidente";"fase_dia";"sentido_via";"condicao_metereologica";"tipo_pista";"tracado_via";"uso_solo";"pessoas";"mortos";"feridos_leves";"feridos_graves";"ilesos";"ignorados";"feridos";"veiculos";"latitude";"longitude";"regional";"delegacia";"uop"
263248;2020-01-16;"quinta-feira";"23:00:00";"ES";101;7;"ICONHA";"Ingestão de Álcool";"Colisão traseira";"Sem Vítimas";"Plena Noite";"Decrescente";"Céu Claro";"Dupla";"Não Informado";"Não";2;0;0;0;2;0;0;2;-20,80379;-40,82957;"SR-ES";"DEL12/4";"UOP02/ES"
263249;2020-01-17;"sexta-feira";"00:10:00";"MA";226;546;"PORTO FRANCO";"Falta de Atenção à Condução";"Tombamento";"Com Vítimas Feridas";"Plena Noite";"Decrescente";"Chuva";"Simples";"Reta";"Não";1;0;1;0;0;0;1;1;-6,259713;-47,18137;"SR-MA";"DEL18/4";"UOP02/MA"
263250;2020-01-17;"sexta-feira";"00:40:00";"PR";163;306;"MERCEDES";"Condutor Dormindo";"Colisão traseira";"Com Vítimas Feridas";"Plena Noite";"Decrescente";"Nublado";"Simples";"Reta";"Não";2;0;1;0;1;0;1;2;-24,42214;-54,16706;"SR-PR";"DEL7/6";"UOP04/PR"
263251;2020-01-16;"quinta-feira";"21:05:00";"MT";364;401;"CUIABA";"Avarias e/ou desgaste excessivo no pneu";"Queda de ocupante de veículo";"Com Vítimas Fatais";"Plena Noite";"Crescente";"Chuva";"Dupla";"Reta";"Não";1;1;0;0;0;0;0;1;-15,6721;-55,94649;"SR-MT";"DEL2/1";"UOP01/MT"
263252;2020-01-17;"sexta-feira";"02:40:00";"RS";290;92;"PORTO ALEGRE";"Ingestão de Álcool";"Colisão com objeto estático";"Sem Vítimas";"Plena Noite";"Crescente";"Céu Claro";"Simples";"Curva";"Sim";1;0;0;0;1;0;0;1;-29,96912;-51,17587;"SR-RS";"DEL9/1";"UOP01/RS"
263253;2020-01-17;"sexta-feira";"02:50:00";"MG";262;537,9;"LUZ";"Desobediência às normas de trânsito pelo condutor";"Colisão frontal";"Com Vítimas Fatais";"Plena Noite";"Decrescente";"Chuva";"Simples";"Curva";"Não";6;1;0;4;1;0;4;2;-19,767;-45,7868;"SR-MG";"DEL4/8";"UOP02/MG"
263254;2020-01-17;"sexta-feira";"03:15:00";"GO";452;99;"BOM JESUS DE GOIAS";"Ingestão de Álcool";"Colisão lateral";"Com Vítimas Feridas";"Plena Noite";"Crescente";"Nublado";"Simples";"Reta";"Não";3;0;2;0;1;0;2;2;-18,12599;-50,00849;"SR-GO";"DEL1/3";"UOP02/GO"
263255;2020-01-17;"sexta-feira";"03:30:00";"MG";116;147,1;"PONTO DOS VOLANTES";"Condutor Dormindo";"Saída de leito carroçável";"Com Vítimas Feridas";"Plena Noite";"Decrescente";"Nublado";"Simples";"Não Informado";"Não";1;0;1;0;0;0;1;1;-16,82766;-41,47435;"SR-MG";"DEL4/11";"UOP02/MG"
263256;2020-01-17;"sexta-feira";"03:30:00";"PB";361;70,8;"OLHO DAGUA";"Ingestão de Álcool";"Tombamento";"Com Vítimas Feridas";"Plena Noite";"Crescente";"Céu Claro";"Simples";"Reta";"Não";1;0;0;1;0;0;1;1;-7,196936;-37,8072;"SR-PB";"DEL14/3";"UOP01/PB"
263257;2020-01-17;"sexta-feira";"04:45:00";"PR";376;156;"MANDAGUACU";"Falta de Atenção à Condução";"Derramamento de carga";"Com Vítimas Feridas";"Amanhecer";"Decrescente";"Céu Claro";"Dupla";"Reta";"Sim";2;0;0;1;1;0;1;2;-23,33946;-52,09567;"SR-PR";"DEL7/7";"UOP04/PR"
263260;2020-01-17;"sexta-feira";"04:00:00";"BA";242;444;"SEABRA";"Condutor Dormindo";"Colisão traseira";"Com Vítimas Feridas";"Plena Noite";"Crescente";"Céu Claro";"Simples";"Reta";"Não";2;0;1;0;1;0;1;2;-12,42754;-42,01642;"SR-BA";"DEL10/6";"UOP01/BA"
263261;2020-01-17;"sexta-feira";"03:00:00";"GO";153;506;"APARECIDA DE GOIANIA";"Condutor Dormindo";"Saída de leito carroçável";"Sem Vítimas";"Plena Noite";"Crescente";"Céu Claro";"Dupla";"Reta";"Sim";1;0;0;0;0;1;0;1;-16,7633;-49,24;"SR-GO";"DEL1/1";"UOP01/GO"
263262;2020-01-17;"sexta-feira";"05:00:00";"ES";101;440,6;"MIMOSO DO SUL";"Condutor Dormindo";"Saída de leito carroçável";"Sem Vítimas";"Amanhecer";"Decrescente";"Nublado";"Simples";"Reta";"Não";1;0;0;0;0;1;0;1;-21,07916;-41,23374;"SR-ES";"DEL12/3";"UOP02/ES"
263263;2020-01-17;"sexta-feira";"05:10:00";"MG";40;587,1;"ITABIRITO";"Falta de Atenção à Condução";"Saída de leito carroçável";"Sem Vítimas";"Plena Noite";"Crescente";"Chuva";"Simples";"Não Informado";"Não";1;0;0;0;1;0;0;1;-20,34858;-43,92201;"SR-MG";"DEL4/1";"UOP02/MG"
263264;2020-01-17;"sexta-feira";"06:15:00";"MG";40;590;"ITABIRITO";"Falta de Atenção à Condução";"Saída de leito carroçável";"Com Vítimas Feridas";"Amanhecer";"Decrescente";"Chuva";"Simples";"Reta";"Não";4;0;4;0;0;0;4;1;-20,36808;-43,90983;"SR-MG";"DEL4/1";"UOP02/MG"
263265;2020-01-17;"sexta-feira";"06:40:00";"DF";70;11;"BRASILIA";"Falta de Atenção à Condução";"Colisão traseira";"Com Vítimas Feridas";"Pleno dia";"Decrescente";"Céu Claro";"Dupla";"Reta";"Não";6;0;1;0;5;0;1;2;-15,78976;-48,14873;"SR-DF";"UOP06/DF";""
263266;2020-01-17;"sexta-feira";"06:40:00";"RN";101;100;"PARNAMIRIM";"Defeito Mecânico no Veículo";"Tombamento";"Com Vítimas Feridas";"Pleno dia";"Crescente";"Céu Claro";"Dupla";"Não Informado";"Sim";2;0;2;0;0;0;2;1;-5,881069;-35,22542;"SR-RN";"DEL15/1";"UOP01/RN"
263268;2020-01-17;"sexta-feira";"06:55:00";"SC";470;49,2;"BLUMENAU";"Falta de Atenção à Condução";"Colisão transversal";"Com Vítimas Feridas";"Pleno dia";"Crescente";"Céu Claro";"Simples";"Não Informado";"Sim";2;0;1;0;1;0;1;2;-26,86066;-49,06516;"SR-SC";"DEL8/4";"UOP01/SC"
263269;2020-01-17;"sexta-feira";"06:05:00";"MS";163;728,5;"COXIM";"Ingestão de Álcool";"Saída de leito carroçável";"Sem Vítimas";"Amanhecer";"Crescente";"Nublado";"Simples";"Reta";"Sim";1;0;0;0;1;0;0;1;-18,52279;-54,7395;"SR-MS";"DEL3/6";"UOP01/MS"
263270;2020-01-16;"quinta-feira";"23:30:00";"MG";381;414;"NOVA UNIAO";"Pista Escorregadia";"Tombamento";"Com Vítimas Feridas";"Plena Noite";"Crescente";"Chuva";"Simples";"Curva";"Não";1;0;1;0;0;0;1;1;-19,74403;-43,61553;"SR-MG";"DEL4/1";"UOP01/MG"
263271;2020-01-17;"sexta-feira";"06:50:00";"CE";304;53;"ARACATI";"Falta de Atenção à Condução";"Colisão transversal";"Com Vítimas Feridas";"Pleno dia";"Crescente";"Céu Claro";"Simples";"Reta";"Não";2;0;1;0;1;0;1;2;-4,574024;-37,73636;"SR-CE";"DEL16/3";"UOP03/CE"
263272;2020-01-17;"sexta-feira";"02:00:00";"RJ";101;417,3;"MANGARATIBA";"Ingestão de Álcool";"Colisão com objeto estático";"Sem Vítimas";"Plena Noite";"Decrescente";"Chuva";"Simples";"Curva";"Não";2;0;0;0;2;0;0;1;-22,91294;-43,89732;"SR-RJ";"DEL5/3";"UOP01/RJ"
263273;2020-01-17;"sexta-feira";"07:15:00";"PE";101;81,8;"JABOATAO DOS GUARARAPES";"Desobediência às normas de trânsito pelo condutor";"Colisão lateral";"Com Vítimas Feridas";"Pleno dia";"Crescente";"Sol";"Dupla";"Reta";"Sim";2;0;2;0;0;0;2;2;-8,159749;-34,94025;"SR-PE";"DEL11/1";"UOP03/PE"
263274;2020-01-17;"sexta-feira";"07:20:00";"BA";324;535;"FEIRA DE SANTANA";"Defeito Mecânico no Veículo";"Incêndio";"Sem Vítimas";"Pleno dia";"Decrescente";"Céu Claro";"Dupla";"Curva";"Não";1;0;0;0;1;0;0;1;-12,35775;-38,82803;"SR-BA";"DEL10/1";"UOP01/BA"
263275;2020-01-16;"quinta-feira";"21:30:00";"MG";381;168;"GOVERNADOR VALADARES";"Desobediência às normas de trânsito pelo condutor";"Colisão transversal";"Com Vítimas Feridas";"Plena Noite";"Decrescente";"Céu Claro";"Simples";"Reta";"Não";2;0;0;1;1;0;1;2;-18,96572;-42,08181;"SR-MG";"DEL4/6";"UOP01/MG"
263276;2020-01-16;"quinta-feira";"22:20:00";"SP";116;193,6;"SANTA ISABEL";"Avarias e/ou desgaste excessivo no pneu";"Colisão traseira";"Sem Vítimas";"Plena Noite";"Decrescente";"Chuva";"Dupla";"Reta";"Não";2;0;0;0;2;0;0;2;-23,37692;-46,24973;"SR-SP";"DEL6/2";"UOP01/SP"
263277;2020-01-17;"sexta-feira";"07:20:00";"PB";230;13;"CABEDELO";"Falta de Atenção à Condução";"Queda de ocupante de veículo";"Com Vítimas Feridas";"Pleno dia";"Decrescente";"Chuva";"Dupla";"Curva";"Sim";1;0;1;0;0;0;1;1;-7,0772;-34,8494;"SR-PB";"DEL14/1";"UOP01/PB"
263278;2020-01-17;"sexta-feira";"07:10:00";"SP";116;290;"ITAPECERICA DA SERRA";"Falta de Atenção à Condução";"Engavetamento";"Com Vítimas Feridas";"Pleno dia";"Decrescente";"Garoa/Chuvisco";"Dupla";"Reta";"Não";7;0;1;0;6;0;1;3;-23,73033;-46,89426;"SR-SP";"DEL6/4";"UOP01/SP"
263279;2020-01-17;"sexta-feira";"06:20:00";"MG";251;375,4;"GRAO MOGOL";"Desobediência às normas de trânsito pelo condutor";"Colisão frontal";"Com Vítimas Fatais";"Amanhecer";"Decrescente";"Nublado";"Simples";"Curva";"Sim";3;1;0;0;1;1;0;2;-16,29923;-42,72843;"SR-MG";"DEL4/12";"UOP01/MG"
263280;2020-01-17;"sexta-feira";"07:00:00";"TO";153;154,7;"ARAGUAINA";"Falta de Atenção à Condução";"Colisão com objeto estático";"Sem Vítimas";"Pleno dia";"Crescente";"Céu Claro";"Simples";"Reta";"Não";1;0;0;0;1;0;0;1;-7,27974;-48,27189;"SR-TO";"UOP04/TO";""
263281;2020-01-17;"sexta-feira";"07:20:00";"ES";101;329;"GUARAPARI";"Velocidade Incompatível";"Tombamento";"Com Vítimas Feridas";"Pleno dia";"Crescente";"Céu Claro";"Simples";"Curva";"Não";1;0;1;0;0;0;1;1;-20,58543;-40,49702;"SR-ES";"DEL12/3";"UOP01/ES"
263282;2020-01-17;"sexta-feira";"07:00:00";"RS";386;154,9;"ALMIRANTE TAMANDARE DO SUL";"Desobediência às normas de trânsito pelo condutor";"Colisão frontal";"Com Vítimas Feridas";"Pleno dia";"Crescente";"Céu Claro";"Dupla";"Não Informado";"Não";8;0;7;0;0;1;7;2;-28,11114;-52,86054;"SR-RS";"DEL08";"UOP01/RS"
263283;2020-01-17;"sexta-feira";"06:40:00";"PR";116;115,5;"CURITIBA";"Desobediência às normas de trânsito pelo condutor";"Colisão traseira";"Com Vítimas Feridas";"Pleno dia";"Crescente";"Nublado";"Múltipla";"Reta";"Sim";3;0;1;0;2;0;1;3;-25,55953;-49,2656;"SR-PR";"DEL7/1";"UOP03/PR"
263284;2020-01-17;"sexta-feira";"06:50:00";"RS";470;169,3;"VILA FLORES";"Falta de Atenção à Condução";"Colisão transversal";"Com Vítimas Fatais";"Pleno dia";"Decrescente";"Céu Claro";"Simples";"Reta";"Sim";2;1;0;0;1;0;0;2;-28,87127;-51,55073;"SR-RS";"DEL9/6";"UOP02/RS"
263286;2020-01-17;"sexta-feira";"07:20:00";"RS";158;566,2;"SANTANA DO LIVRAMENTO";"Desobediência às normas de trânsito pelo condutor";"Saída de leito carroçável";"Com Vítimas Feridas";"Pleno dia";"Decrescente";"Céu Claro";"Simples";"Reta";"Sim";2;0;2;0;0;0;2;1;-30,87624;-55,51081;"SR-RS";"DEL9/11";"UOP01/RS"
263287;2020-01-17;"sexta-feira";"07:45:00";"PR";476;130;"CURITIBA";"Defeito Mecânico no Veículo";"Queda de ocupante de veículo";"Com Vítimas Feridas";"Pleno dia";"Decrescente";"Nublado";"Dupla";"Curva";"Sim";1;0;0;1;0;0;1;1;-25,44956;-49,23551;"SR-PR";"DEL7/1";"UOP06/PR"
263288;2020-01-17;"sexta-feira";"07:30:00";"SP";116;228;"SAO PAULO";"Velocidade Incompatível";"Colisão lateral";"Com Vítimas Feridas";"Pleno dia";"Crescente";"Céu Claro";"Múltipla";"Reta";"Sim";2;0;1;0;1;0;1;2;-23,50343;-46,56639;"SR-SP";"DEL6/1";"UOP01/SP"
263289;2020-01-17;"sexta-feira";"07:50:00";"RS";471;156;"SANTA CRUZ DO SUL";"Desobediência às normas de trânsito pelo condutor";"Colisão traseira";"Com Vítimas Feridas";"Pleno dia";"Crescente";"Céu Claro";"Simples";"Não Informado";"Não";2;0;0;1;1;0;1;2;-29,82352;-52,40217;"SR-RS";"DEL9/2";"UOP03/RS"
263290;2020-01-17;"sexta-feira";"08:00:00";"PR";277;345;"GUARAPUAVA";"Falta de Atenção à Condução";"Colisão traseira";"Com Vítimas Feridas";"Pleno dia";"Crescente";"Céu Claro";"Simples";"Reta";"Sim";2;0;1;0;1;0;1;2;-25,33928;-51,4288;"SR-PR";"DEL7/3";"UOP02/PR"
263291;2020-01-17;"sexta-feira";"05:00:00";"RN";405;10;"MOSSORO";"Desobediência às normas de trânsito pelo condutor";"Saída de leito carroçável";"Sem Vítimas";"Amanhecer";"Crescente";"Céu Claro";"Simples";"Reta";"Não";1;0;0;0;0;1;0;1;-5,198484;-37,44229;"SR-RN";"DEL15/4";"UOP02/RN"
263292;2020-01-17;"sexta-feira";"08:10:00";"RS";290;95;"PORTO ALEGRE";"Falta de Atenção à Condução";"Colisão traseira";"Com Vítimas Feridas";"Pleno dia";"Crescente";"Céu Claro";"Múltipla";"Reta";"Sim";2;0;1;0;1;0;1;2;-29,98283;-51,20157;"SR-RS";"DEL9/1";"UOP01/RS"
263294;2020-01-17;"sexta-feira";"08:15:00";"PR";158;539;"PATO BRANCO";"Não guardar distância de segurança";"Queda de ocupante de veículo";"Com Vítimas Feridas";"Pleno dia";"Crescente";"Céu Claro";"Simples";"Reta";"Não";1;0;1;0;0;0;1;1;-26,26663;-52,71008;"SR-PR";"DEL7/2";"UOP01/PR"
263295;2020-01-17;"sexta-feira";"08:00:00";"MG";381;484,8;"BETIM";"Não guardar distância de segurança";"Colisão traseira";"Com Vítimas Feridas";"Pleno dia";"Decrescente";"Chuva";"Dupla";"Reta";"Sim";4;0;3;0;0;1;3;3;-19,95532;-44,11722;"SR-MG";"DEL4/1";"UOP03/MG"
263296;2020-01-17;"sexta-feira";"07:55:00";"SC";101;243;"PALHOCA";"Falta de Atenção à Condução";"Colisão lateral";"Com Vítimas Feridas";"Pleno dia";"Crescente";"Céu Claro";"Dupla";"Reta";"Não";2;0;1;0;1;0;1;2;-27,8842;-48,6475;"SR-SC";"DEL8/1";"UOP02/SC"
263297;2020-01-17;"sexta-feira";"08:45:00";"SP";153;61;"SAO JOSE DO RIO PRETO";"Não guardar distância de segurança";"Colisão traseira";"Com Vítimas Feridas";"Pleno dia";"Crescente";"Sol";"Dupla";"Não Informado";"Sim";4;0;0;1;3;0;1;2;-20,80503;-49,35575;"SR-SP";"DEL6/9";"UOP01/SP"
263298;2020-01-17;"sexta-feira";"06:30:00";"MG";381;886;"CAMBUI";"Condutor Dormindo";"Saída de leito carroçável";"Sem Vítimas";"Pleno dia";"Decrescente";"Nublado";"Múltipla";"Reta";"Não";1;0;0;0;1;0;0;1;-22,55262;-46,0394;"SR-MG";"DEL09";"UOP01/MG"
263301;2020-01-17;"sexta-feira";"07:20:00";"CE";116;57,2;"PACAJUS";"Falta de Atenção à Condução";"Saída de leito carroçável";"Sem Vítimas";"Pleno dia";"Crescente";"Nublado";"Simples";"Reta";"Não";1;0;0;0;1;0;0;1;-4,220907;-38,47583;"SR-CE";"DEL16/3";"UOP02/CE"
263302;2020-01-17;"sexta-feira";"01:00:00";"RJ";116;170;"SAO JOAO DE MERITI";"Velocidade Incompatível";"Queda de ocupante de veículo";"Com Vítimas Feridas";"Plena Noite";"Crescente";"Céu Claro";"Dupla";"Reta";"Não";1;0;1;0;0;0;1;1;-22,81113;-43,33367;"SR-RJ";"DEL5/1";"UOP02/RJ"
263303;2020-01-17;"sexta-feira";"07:00:00";"RS";470;227;"GARIBALDI";"Falta de Atenção à Condução";"Saída de leito carroçável";"Sem Vítimas";"Pleno dia";"Decrescente";"Céu Claro";"Simples";"Reta";"Não";1;0;0;0;1;0;0;1;-29,21658;-51,51723;"SR-RS";"DEL9/6";"UOP01/RS"
263304;2020-01-17;"sexta-feira";"08:50:00";"SP";116;157;"JACAREI";"Defeito Mecânico no Veículo";"Tombamento";"Com Vítimas Feridas";"Pleno dia";"Decrescente";"Garoa/Chuvisco";"Dupla";"Reta";"Sim";2;0;2;0;0;0;2;1;-23,25558;-45,94378;"SR-SP";"DEL6/2";"UOP01/SP"
263305;2020-01-17;"sexta-feira";"09:00:00";"RN";101;80,2;"NATAL";"Defeito na Via";"Queda de ocupante de veículo";"Com Vítimas Feridas";"Pleno dia";"Decrescente";"Céu Claro";"Dupla";"Reta";"Sim";1;0;1;0;0;0;1;1;-5,758522;-35,28806;"SR-RN";"DEL15/2";"UOP01/RN"
263306;2020-01-17;"sexta-feira";"09:20:00";"PE";232;7,2;"RECIFE";"Falta de Atenção à Condução";"Colisão traseira";"Com Vítimas Feridas";"Pleno dia";"Decrescente";"Céu Claro";"Dupla";"Reta";"Sim";2;0;1;0;1;0;1;2;-8,094921;-34,93824;"SR-PE";"DEL11/1";"UOP01/PE"
263307;2020-01-17;"sexta-feira";"08:45:00";"GO";153;586;"PROFESSOR JAMIL";"Falta de Atenção à Condução";"Saída de leito carroçável";"Com Vítimas Feridas";"Pleno dia";"Crescente";"Chuva";"Dupla";"Curva";"Não";2;0;2;0;0;0;2;1;-17,4342;-49,23;"SR-GO";"DEL1/3";"UOP01/GO"
263308;2020-01-17;"sexta-feira";"09:30:00";"PR";376;155,7;"MANDAGUACU";"Defeito Mecânico no Veículo";"Tombamento";"Com Vítimas Feridas";"Pleno dia";"Decrescente";"Céu Claro";"Dupla";"Reta";"Sim";2;0;2;0;0;0;2;1;-23,33823;-52,09944;"SR-PR";"DEL7/7";"UOP04/PR"
263309;2020-01-17;"sexta-feira";"09:50:00";"ES";101;368;"ICONHA";"Agressão Externa";"Capotamento";"Com Vítimas Feridas";"Pleno dia";"Crescente";"Garoa/Chuvisco";"Simples";"Curva";"Não";1;0;1;0;0;0;1;1;-20,75375;-40,75895;"SR-ES";"DEL12/3";"UOP01/ES"
263311;2020-01-17;"sexta-feira";"09:45:00";"SC";101;421,5;"ARARANGUA";"Falta de Atenção à Condução";"Colisão transversal";"Com Vítimas Feridas";"Pleno dia";"Crescente";"Céu Claro";"Simples";"Reta";"Sim";2;0;1;1;0;0;2;2;-29,00049;-49,55767;"SR-SC";"DEL8/2";"UOP02/SC"
263312;2020-01-17;"sexta-feira";"09:30:00";"MG";381;569,9;"ITAGUARA";"Não guardar distância de segurança";"Colisão traseira";"Com Vítimas Feridas";"Pleno dia";"Decrescente";"Nublado";"Dupla";"Reta";"Não";7;0;3;0;4;0;3;3;-20,43178;-44,55194;"SR-MG";"DEL4/4";"UOP03/MG"
263314;2020-01-17;"sexta-feira";"07:20:00";"PB";104;173,7;"BARRA DE SANTANA";"Falta de Atenção à Condução";"Colisão transversal";"Com Vítimas Feridas";"Pleno dia";"Decrescente";"Céu Claro";"Simples";"Desvio Temporário";"Não";2;0;1;0;1;0;1;2;-7,603243;-36,04843;"SR-PB";"DEL14/2";"UOP03/PB"
263315;2020-01-17;"sexta-feira";"09:30:00";"PI";316;316;"PICOS";"Falta de Atenção à Condução";"Colisão com objeto estático";"Sem Vítimas";"Pleno dia";"Crescente";"Céu Claro";"Simples";"Reta";"Sim";1;0;0;0;1;0;0;1;-7,081337;-41,42348;"SR-PI";"DEL17/4";"UOP01/PI"
263317;2020-01-17;"sexta-feira";"09:40:00";"MG";262;381,5;"JUATUBA";"Falta de Atenção à Condução";"Saída de leito carroçável";"Com Vítimas Feridas";"Pleno dia";"Decrescente";"Garoa/Chuvisco";"Dupla";"Curva";"Não";1;0;1;0;0;0;1;1;-19,94062;-44,38697;"SR-MG";"DEL4/1";"UOP03/MG"
263318;2020-01-17;"sexta-feira";"00:30:00";"BA";324;571;"SAO SEBASTIAO DO PASSE";"Condutor Dormindo";"Saída de leito carroçável";"Com Vítimas Feridas";"Plena Noite";"Decrescente";"Céu Claro";"Dupla";"Não Informado";"Não";1;0;1;0;0;0;1;1;-12,55143;-38,57417;"SR-BA";"DEL10/1";"UOP01/BA"
263319;2020-01-17;"sexta-feira";"07:40:00";"SC";282;535,1;"CHAPECO";"Desobediência às normas de trânsito pelo condutor";"Colisão lateral";"Com Vítimas Fatais";"Pleno dia";"Decrescente";"Céu Claro";"Dupla";"Interseção de vias";"Sim";2;1;0;0;1;0;0;2;-26,99825;-52,64377;"SR-SC";"DEL7";"UOP01/SC"
263321;2020-01-13;"segunda-feira";"15:20:00";"MS";158;149,6;"APARECIDA DO TABOADO";"Defeito Mecânico no Veículo";"Colisão frontal";"Com Vítimas Feridas";"Pleno dia";"Crescente";"Nublado";"Simples";"Reta";"Não";4;0;3;0;1;0;3;2;-20,09818;-51,15705;"SR-MS";"DEL3/8";"UOP01/MS"
263322;2020-01-17;"sexta-feira";"11:05:00";"BA";324;571,9;"SAO SEBASTIAO DO PASSE";"Falta de Atenção à Condução";"Saída de leito carroçável";"Com Vítimas Feridas";"Pleno dia";"Decrescente";"Sol";"Dupla";"Reta";"Não";5;0;4;0;1;0;4;1;-12,55143;-38,57417;"SR-BA";"DEL10/1";"UOP01/BA"
263324;2020-01-17;"sexta-feira";"11:00:00";"MG";381;753;"TRES CORACOES";"Falta de Atenção à Condução";"Saída de leito carroçável";"Com Vítimas Feridas";"Pleno dia";"Decrescente";"Chuva";"Dupla";"Curva";"Não";1;0;1;0;0;0;1;1;-21,67857;-45,34114;"SR-MG";"DEL09";"UOP02/MG"
263325;2020-01-17;"sexta-feira";"09:45:00";"PR";116;110,8;"CURITIBA";"Velocidade Incompatível";"Colisão traseira";"Com Vítimas Feridas";"Pleno dia";"Crescente";"Nublado";"Dupla";"Não Informado";"Sim";6;0;4;1;1;0;5;4;-25,5606;-49,26379;"SR-PR";"DEL7/1";"UOP04/PR"
263331;2020-01-17;"sexta-feira";"05:30:00";"MG";262;467,1;"BOM DESPACHO";"Ultrapassagem Indevida";"Saída de leito carroçável";"Com Vítimas Feridas";"Amanhecer";"Decrescente";"Chuva";"Simples";"Reta";"Não";1;0;1;0;0;0;1;1;-19,80324;-45,13352;"SR-MG";"DEL4/8";"UOP03/MG"
263332;2020-01-17;"sexta-feira";"11:00:00";"MG";381;488,9;"BETIM";"Velocidade Incompatível";"Colisão traseira";"Com Vítimas Feridas";"Pleno dia";"Crescente";"Sol";"Dupla";"Não Informado";"Sim";5;0;1;1;3;0;2;3;-19,95987;-44,1549;"SR-MG";"DEL4/1";"UOP03/MG"
263333;2020-01-17;"sexta-feira";"11:30:00";"RS";285;146;"MUITOS CAPOES";"Falta de Atenção à Condução";"Colisão frontal";"Com Vítimas Feridas";"Pleno dia";"Crescente";"Céu Claro";"Simples";"Curva";"Sim";4;0;1;0;3;0;1;2;-28,35799;-51,10668;"SR-RS";"DEL9/5";"UOP03/RS"
263334;2020-01-17;"sexta-feira";"11:40:00";"SE";101;68,7;"MARUIM";"Falta de Atenção à Condução";"Colisão transversal";"Com Vítimas Feridas";"Pleno dia";"Decrescente";"Céu Claro";"Simples";"Não Informado";"Não";5;0;2;0;3;0;2;3;-10,7264;-37,07636;"SR-SE";"DEL20/1";"UOP01/SE"
263335;2020-01-17;"sexta-feira";"11:20:00";"SC";101;206;"SAO JOSE";"Falta de Atenção à Condução";"Colisão traseira";"Com Vítimas Feridas";"Pleno dia";"Crescente";"Céu Claro";"Múltipla";"Reta";"Sim";3;0;1;0;2;0;1;3;-27,59194;-48,61825;"SR-SC";"DEL8/1";"UOP01/SC"
263337;2020-01-17;"sexta-feira";"11:30:00";"PR";116;14,5;"CAMPINA GRANDE DO SUL";"Velocidade Incompatível";"Capotamento";"Com Vítimas Feridas";"Pleno dia";"Decrescente";"Chuva";"Dupla";"Curva";"Não";5;0;1;0;4;0;1;1;-25,09836;-48,67392;"SR-PR";"DEL7/1";"UOP02/PR"
263338;2020-01-17;"sexta-feira";"11:00:00";"GO";60;120,1;"TEREZOPOLIS DE GOIAS";"Falta de Atenção à Condução";"Saída de leito carroçável";"Com Vítimas Feridas";"Pleno dia";"Crescente";"Sol";"Dupla";"Reta";"Não";1;0;1;0;0;0;1;1;-16,4979;-49,1065;"SR-GO";"DEL1/1";"UOP01/GO"
263339;2020-01-17;"sexta-feira";"12:00:00";"MG";365;371,8;"PATOS DE MINAS";"Pista Escorregadia";"Tombamento";"Sem Vítimas";"Pleno dia";"Decrescente";"Chuva";"Simples";"Curva";"Não";1;0;0;0;1;0;0;1;-18,51644;-46,13976;"SR-MG";"DEL4/10";"UOP01/MG"
263340;2020-01-17;"sexta-feira";"11:30:00";"RN";304;222,9;"CAICARA DO RIO DO VENTO";"Defeito Mecânico no Veículo";"Colisão frontal";"Com Vítimas Feridas";"Pleno dia";"Crescente";"Chuva";"Simples";"Reta";"Não";6;0;1;4;1;0;5;3;-5,758817;-35,97283;"SR-RN";"DEL15/1";"UOP03/RN"
263342;2020-01-17;"sexta-feira";"11:45:00";"MG";40;666,8;"CARANDAI";"Desobediência às normas de trânsito pelo condutor";"Colisão transversal";"Com Vítimas Feridas";"Pleno dia";"Decrescente";"Nublado";"Simples";"Rotatória";"Sim";2;0;1;0;1;0;1;2;-20,94797;-43,79727;"SR-MG";"DEL5";"UOP02/MG"
263343;2020-01-17;"sexta-feira";"11:18:00";"RJ";101;412;"ITAGUAI";"Avarias e/ou desgaste excessivo no pneu";"Capotamento";"Com Vítimas Feridas";"Pleno dia";"Decrescente";"Chuva";"Dupla";"Reta";"Não";2;0;1;0;1;0;1;1;-22,8972;-43,85639;"SR-RJ";"DEL5/3";"UOP01/RJ"
263344;2020-01-17;"sexta-feira";"08:00:00";"MS";267;27,5;"BATAGUASSU";"Velocidade Incompatível";"Tombamento";"Sem Vítimas";"Pleno dia";"Decrescente";"Céu Claro";"Simples";"Não Informado";"Não";1;0;0;0;1;0;0;1;-21,72212;-52,40397;"SR-MS";"DEL2";"UOP04/MS"
263345;2020-01-17;"sexta-feira";"12:20:00";"PE";424;25,2;"PEDRA";"Desobediência às normas de trânsito pelo condutor";"Colisão frontal";"Com Vítimas Fatais";"Pleno dia";"Crescente";"Céu Claro";"Simples";"Reta";"Não";4;1;0;3;0;0;3;2;-8,547675;-36,90487;"SR-PE";"DEL11/3";"UOP02/PE"
263346;2020-01-17;"sexta-feira";"10:10:00";"RS";290;524,3;"CACEQUI";"Falta de Atenção à Condução";"Capotamento";"Com Vítimas Feridas";"Pleno dia";"Crescente";"Céu Claro";"Simples";"Não Informado";"Não";4;0;4;0;0;0;4;1;-30,06461;-55,29261;"SR-RS";"DEL9/11";"UOP02/RS"
263348;2020-01-17;"sexta-feira";"12:30:00";"MG";381;932,8;"EXTREMA";"Velocidade Incompatível";"Tombamento";"Com Vítimas Feridas";"Pleno dia";"Crescente";"Nublado";"Dupla";"Curva";"Não";1;0;1;0;0;0;1;1;-22,81754;-46,29457;"SR-MG";"DEL09";"UOP03/MG"