"id";"data_inversa";"dia_semana";"horario";"uf";"br";"km";"municipio";"causa_acidente";"tipo_acidente";"classificacao_acidente";"fase_dia";"sentido_via";"condicao_metereologica";"tipo_pista";"tracado_via";"uso_solo";"pessoas";"mortos";"feridos_leves";"feridos_graves";"ilesos";"ignorados";"feridos";"veiculos";"latitude";"longitude";"regional";"delegacia";"uop"
263452;2020-01-17;"sexta-feira";"19:20:00";"SC";280;54,8;"GUARAMIRIM";"Falta de Atenção à Condução";"Colisão transversal";"Com Vítimas Feridas";"Plena Noite";"Decrescente";"Nublado";"Simples";"Reta";"Sim";2;0;1;0;1;0;1;2;-26,4754;-48,98375;"SR-SC";"DEL8/3";"UOP03/SC"
263453;2020-01-17;"sexta-feira";"14:59:00";"BA";367;48,5;"PORTO SEGURO";"Ingestão de Álcool";"Colisão transversal";"Com Vítimas Feridas";"Pleno dia";"Crescente";"Céu Claro";"Simples";"Reta";"Não";2;0;1;0;1;0;1;2;-16,37275;-39,28119;"SR-BA";"DEL10/9";"UOP01/BA"
263454;2020-01-17;"sexta-feira";"19:00:00";"SC";101;334,8;"TUBARAO";"Mal Súbito";"Saída de leito carroçável";"Com Vítimas Feridas";"Plena Noite";"Crescente";"Céu Claro";"Dupla";"Reta";"Sim";3;0;3;0;0;0;3;1;-28,4673;-49,00604;"SR-SC";"DEL8/2";"UOP01/SC"
263455;2020-01-17;"sexta-feira";"20:00:00";"PE";101;42;"IGARASSU";"Falta de Atenção à Condução";"Colisão traseira";"Com Vítimas Feridas";"Plena Noite";"Crescente";"Vento";"Múltipla";"Reta";"Não";2;0;1;0;1;0;1;2;-7,838874;-34,91197;"SR-PE";"DEL11/1";"UOP02/PE"
263456;2020-01-17;"sexta-feira";"20:00:00";"MG";381;482,9;"BETIM";"Velocidade Incompatível";"Colisão com objeto estático";"Sem Vítimas";"Plena Noite";"Crescente";"Nublado";"Dupla";"Curva";"Sim";2;0;0;0;2;0;0;1;-19,95553;-44,09721;"SR-MG";"DEL4/1";"UOP03/MG"
263457;2020-01-17;"sexta-feira";"16:00:00";"PI";343;432,8;"LAGOINHA DO PIAUI";"Falta de Atenção à Condução";"Colisão transversal";"Com Vítimas Fatais";"Pleno dia";"Crescente";"Nublado";"Simples";"Não Informado";"Não";2;1;0;0;1;0;0;2;-5,784118;-42,61905;"SR-PI";"DEL17/1";"UOP02/PI"
263458;2020-01-17;"sexta-feira";"21:28:00";"RS";116;528,9;"PELOTAS";"Desobediência às normas de trânsito pelo condutor";"Colisão transversal";"Com Vítimas Feridas";"Plena Noite";"Crescente";"Céu Claro";"Simples";"Rotatória";"Sim";2;0;1;0;1;0;1;2;-31,75446;-52,42804;"SR-RS";"DEL9/7";"UOP01/RS"
263459;2020-01-17;"sexta-feira";"19:30:00";"PR";373;277,2;"PRUDENTOPOLIS";"Falta de Atenção à Condução";"Tombamento";"Com Vítimas Feridas";"Plena Noite";"Decrescente";"Garoa/Chuvisco";"Simples";"Curva";"Não";1;0;1;0;0;0;1;1;-25,26093;-51,08553;"SR-PR";"DEL7/3";"UOP01/PR"
263460;2020-01-17;"sexta-feira";"19:00:00";"MS";262;534,2;"MIRANDA";"Ultrapassagem Indevida";"Colisão frontal";"Com Vítimas Fatais";"Plena Noite";"Crescente";"Chuva";"Simples";"Reta";"Não";6;1;4;0;0;1;4;2;-20,33843;-56,17673;"SR-MS";"DEL3/3";"UOP01/MS"
263461;2020-01-17;"sexta-feira";"21:40:00";"MG";40;767,9;"JUIZ DE FORA";"Falta de Atenção à Condução";"Colisão lateral";"Com Vítimas Feridas";"Plena Noite";"Crescente";"Nublado";"Simples";"Curva";"Não";2;0;1;0;1;0;1;2;-21,57787;-43,47496;"SR-MG";"DEL5";"UOP01/MG"
263462;2020-01-17;"sexta-feira";"21:10:00";"MG";381;480,8;"CONTAGEM";"Velocidade Incompatível";"Colisão traseira";"Com Vítimas Feridas";"Plena Noite";"Crescente";"Nublado";"Dupla";"Reta";"Sim";6;0;1;0;5;0;1;2;-19,9575;-44,079;"SR-MG";"DEL4/1";"UOP03/MG"
263463;2020-01-17;"sexta-feira";"21:20:00";"ES";101;277,9;"SERRA";"Falta de Atenção à Condução";"Colisão transversal";"Com Vítimas Feridas";"Plena Noite";"Decrescente";"Céu Claro";"Dupla";"Retorno Regulamentado";"Não";5;0;3;1;1;0;4;2;-20,21308;-40,32126;"SR-ES";"DEL12/2";"UOP01/ES"
263464;2020-01-17;"sexta-feira";"21:15:00";"PR";369;184,3;"ARAPONGAS";"Falta de Atenção do Pedestre";"Colisão transversal";"Com Vítimas Feridas";"Plena Noite";"Crescente";"Céu Claro";"Dupla";"Interseção de vias";"Sim";2;0;2;0;0;0;2;2;-23,40142;-51,42755;"SR-PR";"DEL7/7";"UOP03/PR"
263465;2020-01-17;"sexta-feira";"22:30:00";"RS";392;680;"SAO PEDRO DO BUTIA";"Ingestão de Álcool";"Colisão transversal";"Com Vítimas Feridas";"Plena Noite";"Crescente";"Céu Claro";"Simples";"Reta";"Não";4;0;2;2;0;0;4;2;-28,12755;-54,90999;"SR-RS";"DEL9/10";"UOP01/RS"
263466;2020-01-17;"sexta-feira";"21:45:00";"GO";40;97;"CRISTALINA";"Ingestão de Álcool";"Saída de leito carroçável";"Sem Vítimas";"Plena Noite";"Decrescente";"Céu Claro";"Simples";"Não Informado";"Sim";1;0;0;0;1;0;0;1;-16,76463;-47,59576;"SR-DF";"UOP02/DF";""
263467;2020-01-17;"sexta-feira";"21:00:00";"RN";110;65;"MOSSORO";"Defeito Mecânico no Veículo";"Incêndio";"Sem Vítimas";"Plena Noite";"Crescente";"Céu Claro";"Simples";"Reta";"Não";2;0;0;0;2;0;0;1;-5,353202;-37,32896;"SR-RN";"DEL15/4";"UOP01/RN"
263468;2020-01-17;"sexta-feira";"20:35:00";"RJ";40;111;"DUQUE DE CAXIAS";"Agressão Externa";"Tombamento";"Com Vítimas Feridas";"Plena Noite";"Decrescente";"Garoa/Chuvisco";"Múltipla";"Reta";"Sim";2;0;1;0;1;0;1;1;-22,69651;-43,28871;"SR-RJ";"DEL5/1";"UOP01/RJ"
263469;2020-01-17;"sexta-feira";"20:15:00";"RJ";40;105;"DUQUE DE CAXIAS";"Falta de Atenção do Pedestre";"Atropelamento de Pedestre";"Com Vítimas Feridas";"Plena Noite";"Crescente";"Chuva";"Dupla";"Reta";"Sim";2;0;1;0;1;0;1;1;-22,63785;-43,28429;"SR-RJ";"DEL5/1";"UOP01/RJ"
263470;2020-01-17;"sexta-feira";"22:15:00";"TO";153;618,3;"ALIANCA DO TOCANTINS";"Defeito Mecânico no Veículo";"Incêndio";"Sem Vítimas";"Plena Noite";"Crescente";"Céu Claro";"Simples";"Reta";"Não";1;0;0;0;1;0;0;1;-11,25612;-48,93572;"SR-TO";"UOP01/TO";""
263471;2020-01-17;"sexta-feira";"21:45:00";"MT";163;752;"SORRISO";"Falta de Atenção à Condução";"Colisão traseira";"Com Vítimas Feridas";"Plena Noite";"Crescente";"Ignorado";"Dupla";"Viaduto";"Sim";1;0;1;0;0;0;1;1;-12,65455;-55,78936;"SR-MT";"DEL2/6";"UOP01/MT"
263472;2020-01-17;"sexta-feira";"20:30:00";"SP";116;557;"BARRA DO TURVO";"Defeito Mecânico no Veículo";"Incêndio";"Sem Vítimas";"Plena Noite";"Crescente";"Garoa/Chuvisco";"Dupla";"Não Informado";"Não";1;0;0;0;1;0;0;1;-24,99089;-48,50735;"SR-SP";"DEL6/5";"UOP03/SP"
263473;2020-01-17;"sexta-feira";"22:20:00";"BA";324;3;"FEIRA DE SANTANA";"Ingestão de Álcool";"Colisão traseira";"Sem Vítimas";"Plena Noite";"Crescente";"Céu Claro";"Dupla";"Reta";"Sim";2;0;0;0;2;0;0;2;-12,26711;-38,96699;"SR-BA";"DEL10/2";"UOP01/BA"
263475;2020-01-17;"sexta-feira";"20:20:00";"PR";376;666;"GUARATUBA";"Defeito Mecânico no Veículo";"Tombamento";"Com Vítimas Feridas";"Plena Noite";"Crescente";"Chuva";"Dupla";"Curva";"Não";1;0;1;0;0;0;1;1;-25,86037;-48,95087;"SR-PR";"DEL7/1";"UOP08/PR"
263476;2020-01-17;"sexta-feira";"23:00:00";"MG";381;482;"BETIM";"Desobediência às normas de trânsito pelo condutor";"Colisão com objeto estático";"Sem Vítimas";"Plena Noite";"Crescente";"Céu Claro";"Dupla";"Reta";"Sim";1;0;0;0;1;0;0;1;-19,95553;-44,09721;"SR-MG";"DEL4/1";"UOP03/MG"
263478;2020-01-17;"sexta-feira";"23:00:00";"MG";50;187,7;"UBERABA";"Velocidade Incompatível";"Capotamento";"Com Vítimas Feridas";"Plena Noite";"Decrescente";"Chuva";"Dupla";"Reta";"Não";2;0;2;0;0;0;2;1;-19,8329;-47,88517;"SR-MG";"DEL13";"UOP01/MG"
263479;2020-01-17;"sexta-feira";"22:10:00";"BA";116;606;"IRAJUBA";"Falta de Atenção à Condução";"Saída de leito carroçável";"Com Vítimas Feridas";"Plena Noite";"Decrescente";"Céu Claro";"Simples";"Reta";"Não";2;0;1;0;1;0;1;2;-13,28309;-40,01876;"SR-BA";"DEL10/3";"UOP01/BA"
263480;2020-01-18;"sábado";"00:10:00";"BA";324;289,3;"JACOBINA";"Falta de Atenção à Condução";"Colisão lateral";"Com Vítimas Fatais";"Plena Noite";"Crescente";"Céu Claro";"Simples";"Reta";"Sim";2;1;0;0;1;0;0;2;-11,15905;-40,55852;"SR-BA";"DEL10/4";"UOP02/BA"
263481;2020-01-18;"sábado";"00:20:00";"RJ";116;167,2;"SAO JOAO DE MERITI";"Falta de Atenção do Pedestre";"Atropelamento de Pedestre";"Com Vítimas Feridas";"Plena Noite";"Crescente";"Céu Claro";"Dupla";"Reta";"Sim";3;0;1;0;2;0;1;2;-22,81804;-43,30787;"SR-RJ";"DEL5/1";"UOP02/RJ"
263482;2020-01-17;"sexta-feira";"23:40:00";"PB";230;88,1;"GURINHEM";"Ingestão de Álcool";"Tombamento";"Com Vítimas Feridas";"Plena Noite";"Decrescente";"Céu Claro";"Dupla";"Reta";"Sim";1;0;1;0;0;0;1;1;-7,1722;-35,38896;"SR-PB";"DEL14/1";"UOP02/PB"
263483;2020-01-18;"sábado";"01:35:00";"MG";40;505;"RIBEIRAO DAS NEVES";"Falta de Atenção à Condução";"Atropelamento de Pedestre";"Com Vítimas Feridas";"Plena Noite";"Crescente";"Céu Claro";"Dupla";"Reta";"Não";2;0;0;1;1;0;1;1;-19,73838;-44,14936;"SR-MG";"DEL4/2";"UOP01/MG"
263485;2020-01-18;"sábado";"01:35:00";"AP";210;2;"MACAPA";"Ingestão de Álcool";"Colisão transversal";"Com Vítimas Feridas";"Plena Noite";"Crescente";"Nublado";"Dupla";"Reta";"Sim";2;0;2;0;0;0;2;2;0,08282017;-51,07776;"SR-AP";"UOP01/AP";""
263486;2020-01-18;"sábado";"01:15:00";"PR";116;71,2;"QUATRO BARRAS";"Velocidade Incompatível";"Saída de leito carroçável";"Com Vítimas Feridas";"Pleno dia";"Crescente";"Céu Claro";"Dupla";"Reta";"Sim";1;0;1;0;0;0;1;1;-25,34542;-49,04489;"SR-PR";"DEL7/1";"UOP01/PR"
263487;2020-01-18;"sábado";"02:00:00";"PR";277;79;"CURITIBA";"Falta de Atenção à Condução";"Colisão traseira";"Com Vítimas Feridas";"Plena Noite";"Crescente";"Nublado";"Dupla";"Curva";"Sim";2;0;0;1;1;0;1;2;-25,47594;-49,20744;"SR-PR";"DEL7/1";"UOP01/PR"
263488;2020-01-18;"sábado";"02:05:00";"PR";476;280;"SAO MATEUS DO SUL";"Condutor Dormindo";"Colisão frontal";"Sem Vítimas";"Plena Noite";"Crescente";"Céu Claro";"Simples";"Reta";"Sim";4;0;0;0;4;0;0;2;-25,87352;-50,41557;"SR-PR";"DEL7/2";"UOP03/PR"
263489;2020-01-18;"sábado";"01:50:00";"RJ";101;309;"SAO GONCALO";"Condutor Dormindo";"Colisão traseira";"Com Vítimas Feridas";"Plena Noite";"Decrescente";"Nublado";"Dupla";"Reta";"Não";2;0;1;0;1;0;1;2;-22,79499;-43,03446;"SR-RJ";"DEL5/2";"UOP01/RJ"
263490;2020-01-18;"sábado";"02:40:00";"GO";50;148;"IPAMERI";"Falta de Atenção à Condução";"Capotamento";"Com Vítimas Feridas";"Plena Noite";"Crescente";"Nevoeiro/Neblina";"Dupla";"Reta";"Não";3;0;1;0;2;0;1;1;-17,1572;-47,7225;"SR-GO";"DEL1/6";"UOP01/GO"
263491;2020-01-17;"sexta-feira";"18:00:00";"GO";158;195;"CAIAPONIA";"Defeito Mecânico no Veículo";"Danos eventuais";"Sem Vítimas";"Anoitecer";"Decrescente";"Céu Claro";"Simples";"Não Informado";"Não";1;0;0;0;0;1;0;1;-17,27299;-51,89495;"SR-GO";"DEL1/5";"UOP01/GO"
263492;2020-01-18;"sábado";"04:00:00";"MG";381;451;"SABARA";"Falta de Atenção à Condução";"Saída de leito carroçável";"Com Vítimas Fatais";"Plena Noite";"Crescente";"Céu Claro";"Simples";"Reta";"Sim";2;1;1;0;0;0;1;1;-19,8342;-43,85194;"SR-MG";"DEL4/1";"UOP01/MG"
263493;2020-01-18;"sábado";"03:30:00";"RS";116;252,8;"SAPUCAIA DO SUL";"Ingestão de Álcool";"Colisão com objeto estático";"Sem Vítimas";"Plena Noite";"Decrescente";"Céu Claro";"Múltipla";"Reta";"Sim";1;0;0;0;1;0;0;1;-29,80913;-51,16753;"SR-RS";"DEL9/1";"UOP02/RS"
263494;2020-01-18;"sábado";"00:00:00";"SP";116;512,5;"CAJATI";"Falta de Atenção à Condução";"Tombamento";"Com Vítimas Feridas";"Plena Noite";"Decrescente";"Garoa/Chuvisco";"Dupla";"Curva";"Não";1;0;1;0;0;0;1;1;-24,84304;-48,22028;"SR-SP";"DEL6/5";"UOP03/SP"
263495;2020-01-18;"sábado";"04:00:00";"PR";369;522,1;"CASCAVEL";"Desobediência às normas de trânsito pelo condutor";"Colisão frontal";"Com Vítimas Fatais";"Plena Noite";"Crescente";"Céu Claro";"Simples";"Reta";"Sim";3;1;0;0;2;0;0;2;-24,9408;-53,3978;"SR-PR";"DEL7/4";"UOP01/PR"
263496;2020-01-18;"sábado";"04:40:00";"PR";376;240,8;"APUCARANA";"Falta de Atenção à Condução";"Saída de leito carroçável";"Com Vítimas Feridas";"Amanhecer";"Crescente";"Céu Claro";"Simples";"Curva";"Não";2;0;2;0;0;0;2;1;-23,58054;-51,43597;"SR-PR";"DEL7/7";"UOP03/PR"
263497;2020-01-18;"sábado";"03:20:00";"SC";101;302;"LAGUNA";"Falta de Atenção à Condução";"Tombamento";"Com Vítimas Feridas";"Plena Noite";"Crescente";"Céu Claro";"Múltipla";"Reta";"Sim";2;0;0;2;0;0;2;1;-28,35388;-48,74262;"SR-SC";"DEL8/2";"UOP03/SC"
263498;2020-01-18;"sábado";"05:00:00";"CE";116;322,9;"JAGUARIBE";"Condutor Dormindo";"Colisão com objeto estático";"Com Vítimas Feridas";"Plena Noite";"Decrescente";"Céu Claro";"Simples";"Desvio Temporário";"Não";2;0;1;1;0;0;2;1;-6,006983;-38,63605;"SR-CE";"DEL16/5";"UOP02/CE"
263499;2020-01-18;"sábado";"03:35:00";"MG";50;191;"UBERABA";"Pista Escorregadia";"Colisão com objeto estático";"Com Vítimas Feridas";"Plena Noite";"Crescente";"Chuva";"Dupla";"Reta";"Não";1;0;1;0;0;0;1;1;-19,86409;-47,86418;"SR-MG";"DEL13";"UOP01/MG"
263500;2020-01-18;"sábado";"05:00:00";"PR";376;137,2;"NOVA ESPERANCA";"Falta de Atenção à Condução";"Saída de leito carroçável";"Com Vítimas Feridas";"Amanhecer";"Decrescente";"Céu Claro";"Dupla";"Reta";"Não";2;0;2;0;0;0;2;1;-23,21631;-52,18536;"SR-PR";"DEL7/7";"UOP05/PR"
263501;2020-01-18;"sábado";"05:18:00";"ES";101;294,8;"CARIACICA";"Condutor Dormindo";"Colisão traseira";"Com Vítimas Feridas";"Amanhecer";"Crescente";"Céu Claro";"Dupla";"Reta";"Sim";3;0;1;0;2;0;1;2;-20,32979;-40,39883;"SR-ES";"DEL12/1";"UOP01/ES"
263502;2020-01-18;"sábado";"05:10:00";"SP";116;271;"TABOAO DA SERRA";"Pista Escorregadia";"Colisão traseira";"Com Vítimas Feridas";"Amanhecer";"Crescente";"Garoa/Chuvisco";"Dupla";"Reta";"Sim";3;0;0;1;2;0;1;3;-23,61809;-46,80556;"SR-SP";"DEL6/4";"UOP01/SP"
263503;2020-01-18;"sábado";"02:00:00";"MG";40;335,9;"FELIXLANDIA";"Condutor Dormindo";"Colisão lateral";"Com Vítimas Feridas";"Plena Noite";"Crescente";"Nublado";"Simples";"Reta";"Não";3;0;2;0;1;0;2;2;-18,61584;-45,00775;"SR-MG";"DEL4/14";"UOP02/MG"
263504;2020-01-18;"sábado";"04:50:00";"PR";476;126;"CURITIBA";"Falta de Atenção à Condução";"Saída de leito carroçável";"Com Vítimas Feridas";"Amanhecer";"Crescente";"Nublado";"Dupla";"Curva";"Sim";2;0;2;0;0;0;2;1;-25,41676;-49,22345;"SR-PR";"DEL7/1";"UOP06/PR"
263505;2020-01-18;"sábado";"05:00:00";"PR";277;725;"FOZ DO IGUACU";"Falta de Atenção à Condução";"Colisão com objeto estático";"Sem Vítimas";"Plena Noite";"Decrescente";"Céu Claro";"Dupla";"Não Informado";"Sim";1;0;0;0;1;0;0;1;-25,50824;-54,5462;"SR-PR";"DEL7/5";"UOP03/PR"
263506;2020-01-18;"sábado";"05:45:00";"MG";381;895,1;"CAMBUI";"Falta de Atenção à Condução";"Capotamento";"Com Vítimas Feridas";"Pleno dia";"Crescente";"Nublado";"Dupla";"Curva";"Não";3;0;3;0;0;0;3;1;-22,62325;-46,07504;"SR-MG";"DEL09";"UOP03/MG"
263508;2020-01-18;"sábado";"05:55:00";"PR";277;3;"PARANAGUA";"Falta de Atenção à Condução";"Saída de leito carroçável";"Com Vítimas Feridas";"Pleno dia";"Crescente";"Céu Claro";"Dupla";"Reta";"Sim";1;0;0;1;0;0;1;1;-25,5682;-48,61529;"SR-PR";"DEL7/1";"UOP07/PR"
263510;2020-01-18;"sábado";"05:20:00";"PR";376;179,3;"MARINGA";"Ingestão de Álcool";"Colisão com objeto estático";"Com Vítimas Feridas";"Amanhecer";"Decrescente";"Céu Claro";"Múltipla";"Reta";"Sim";1;0;1;0;0;0;1;1;-23,4205;-51,90925;"SR-PR";"DEL7/7";"UOP04/PR"
263511;2020-01-18;"sábado";"03:15:00";"MG";381;486,5;"BETIM";"Falta de Atenção à Condução";"Colisão com objeto estático";"Sem Vítimas";"Plena Noite";"Decrescente";"Céu Claro";"Simples";"Não Informado";"Não";1;0;0;0;1;0;0;1;-19,95644;-44,13612;"SR-MG";"DEL4/1";"UOP03/MG"
263512;2020-01-18;"sábado";"05:50:00";"MA";316;558;"CAXIAS";"Animais na Pista";"Atropelamento de Animal";"Com Vítimas Feridas";"Pleno dia";"Decrescente";"Céu Claro";"Simples";"Reta";"Não";2;0;0;2;0;0;2;1;-4,885954;-43,30135;"SR-MA";"DEL18/3";"UOP02/MA"
263513;2020-01-18;"sábado";"05:45:00";"MG";381;856;"POUSO ALEGRE";"Condutor Dormindo";"Saída de leito carroçável";"Com Vítimas Feridas";"Amanhecer";"Decrescente";"Céu Claro";"Dupla";"Reta";"Não";1;0;1;0;0;0;1;1;-22,32871;-45,91398;"SR-MG";"DEL09";"UOP01/MG"
263514;2020-01-18;"sábado";"05:00:00";"PR";369;51;"BANDEIRANTES";"Falta de Atenção à Condução";"Saída de leito carroçável";"Com Vítimas Feridas";"Plena Noite";"Decrescente";"Céu Claro";"Simples";"Curva";"Não";2;0;2;0;0;0;2;1;-23,10379;-50,35766;"SR-PR";"DEL7/7";"UOP06/PR"
263515;2020-01-18;"sábado";"03:30:00";"PR";467;77,2;"TOLEDO";"Velocidade Incompatível";"Colisão traseira";"Com Vítimas Feridas";"Plena Noite";"Crescente";"Céu Claro";"Dupla";"Interseção de vias";"Não";2;0;0;1;0;1;1;2;-24,7628;-53,69304;"SR-PR";"DEL7/4";"UOP01/PR"
263516;2020-01-18;"sábado";"06:50:00";"SP";381;75,8;"SAO PAULO";"Velocidade Incompatível";"Capotamento";"Com Vítimas Feridas";"Pleno dia";"Decrescente";"Garoa/Chuvisco";"Dupla";"Curva";"Não";2;0;1;0;1;0;1;1;-23,37208;-46,557;"SR-SP";"DEL6/3";"UOP02/SP"
263518;2020-01-18;"sábado";"06:40:00";"MG";262;367;"JUATUBA";"Falta de Atenção à Condução";"Tombamento";"Com Vítimas Feridas";"Pleno dia";"Decrescente";"Nublado";"Dupla";"Reta";"Não";1;0;1;0;0;0;1;1;-19,97391;-44,27096;"SR-MG";"DEL4/1";"UOP03/MG"
263519;2020-01-18;"sábado";"05:40:00";"SC";470;158,4;"TROMBUDO CENTRAL";"Condutor Dormindo";"Colisão traseira";"Com Vítimas Feridas";"Pleno dia";"Crescente";"Céu Claro";"Simples";"Reta";"Não";3;0;1;0;2;0;1;2;-27,28702;-49,77839;"SR-SC";"DEL8/4";"UOP02/SC"
263520;2020-01-18;"sábado";"07:34:00";"RS";101;14,3;"DOM PEDRO DE ALCANTARA";"Condutor Dormindo";"Saída de leito carroçável";"Com Vítimas Feridas";"Pleno dia";"Crescente";"Céu Claro";"Dupla";"Reta";"Não";3;0;3;0;0;0;3;1;-29,39863;-49,85083;"SR-RS";"DEL9/3";"UOP02/RS"
263521;2020-01-18;"sábado";"07:10:00";"PR";116;18;"CAMPINA GRANDE DO SUL";"Velocidade Incompatível";"Colisão com objeto estático";"Com Vítimas Feridas";"Pleno dia";"Crescente";"Garoa/Chuvisco";"Dupla";"Curva";"Não";3;0;1;0;2;0;1;1;-25,109;-48,78762;"SR-PR";"DEL7/1";"UOP02/PR"
263522;2020-01-18;"sábado";"05:20:00";"RO";364;19,9;"VILHENA";"Desobediência às normas de trânsito pelo condutor";"Colisão traseira";"Com Vítimas Feridas";"Pleno dia";"Crescente";"Céu Claro";"Simples";"Reta";"Não";2;0;1;0;1;0;1;2;-12,7274;-60,18371;"SR-RO";"DEL21/4";"UOP01/RO"
263523;2020-01-18;"sábado";"07:30:00";"PR";116;120;"CURITIBA";"Defeito Mecânico no Veículo";"Queda de ocupante de veículo";"Com Vítimas Feridas";"Pleno dia";"Crescente";"Garoa/Chuvisco";"Dupla";"Reta";"Sim";2;0;2;0;0;0;2;1;-25,55122;-49,30504;"SR-PR";"DEL7/1";"UOP03/PR"
263524;2020-01-18;"sábado";"06:50:00";"MA";135;18;"SAO LUIS";"Pista Escorregadia";"Saída de leito carroçável";"Com Vítimas Feridas";"Amanhecer";"Crescente";"Nublado";"Dupla";"Rotatória";"Não";1;0;1;0;0;0;1;1;-2,717199;-44,32099;"SR-MA";"DEL18/1";"UOP01/MA"
263525;2020-01-18;"sábado";"07:30:00";"SP";153;57;"SAO JOSE DO RIO PRETO";"Desobediência às normas de trânsito pelo condutor";"Colisão lateral";"Com Vítimas Feridas";"Pleno dia";"Crescente";"Sol";"Simples";"Não Informado";"Não";3;0;1;0;0;2;1;2;-20,76991;-49,34982;"SR-SP";"DEL6/9";"UOP01/SP"
263526;2020-01-18;"sábado";"04:30:00";"PR";476;124;"CURITIBA";"Falta de Atenção à Condução";"Colisão com objeto estático";"Sem Vítimas";"Amanhecer";"Decrescente";"Nublado";"Dupla";"Reta";"Sim";1;0;0;0;0;1;0;1;-25,39984;-49,21585;"SR-PR";"DEL7/1";"UOP06/PR"
263527;2020-01-18;"sábado";"06:40:00";"PA";316;22;"BENEVIDES";"Falta de Atenção à Condução";"Colisão traseira";"Com Vítimas Feridas";"Pleno dia";"Crescente";"Céu Claro";"Dupla";"Reta";"Sim";3;0;2;0;1;0;2;2;-1,353446;-48,25703;"SR-PA";"DEL19/1";"UOP01/PA"
263528;2020-01-18;"sábado";"07:20:00";"DF";70;2;"BRASILIA";"Velocidade Incompatível";"Capotamento";"Sem Vítimas";"Amanhecer";"Crescente";"Céu Claro";"Dupla";"Reta";"Sim";1;0;0;0;0;1;0;1;-15,79805;-48,07323;"SR-DF";"UOP06/DF";""
263530;2020-01-18;"sábado";"08:15:00";"PE";428;150,9;"PETROLINA";"Ingestão de Álcool";"Colisão lateral";"Com Vítimas Feridas";"Pleno dia";"Decrescente";"Céu Claro";"Simples";"Reta";"Não";3;0;1;0;2;0;1;2;-9,069969;-40,31133;"SR-PE";"DEL11/6";"UOP01/PE"
263531;2020-01-18;"sábado";"01:35:00";"MG";116;192,8;"CARAI";"Falta de Atenção à Condução";"Colisão com objeto estático";"Com Vítimas Feridas";"Plena Noite";"Decrescente";"Ignorado";"Simples";"Ponte";"Sim";4;0;4;0;0;0;4;1;-17,17972;-41,49345;"SR-MG";"DEL4/11";"UOP01/MG"
263532;2020-01-18;"sábado";"07:57:00";"PB";230;23,9;"JOAO PESSOA";"Avarias e/ou desgaste excessivo no pneu";"Queda de ocupante de veículo";"Com Vítimas Feridas";"Pleno dia";"Decrescente";"Nublado";"Dupla";"Reta";"Sim";1;0;1;0;0;0;1;1;-7,1562;-34,8574;"SR-PB";"DEL14/1";"UOP01/PB"
263533;2020-01-18;"sábado";"08:10:00";"SC";101;208,1;"SAO JOSE";"Velocidade Incompatível";"Colisão traseira";"Com Vítimas Feridas";"Pleno dia";"Decrescente";"Céu Claro";"Múltipla";"Reta";"Sim";2;0;1;0;1;0;1;2;-27,60328;-48,63202;"SR-SC";"DEL8/1";"UOP01/SC"
263534;2020-01-18;"sábado";"08:40:00";"TO";153;447;"BARROLANDIA";"Desobediência às normas de trânsito pelo condutor";"Tombamento";"Com Vítimas Feridas";"Pleno dia";"Crescente";"Sol";"Simples";"Reta";"Não";2;0;2;0;0;0;2;1;-9,79958;-48,71716;"SR-TO";"UOP02/TO";""
263535;2020-01-18;"sábado";"08:40:00";"SC";101;236;"PALHOCA";"Falta de Atenção à Condução";"Colisão com objeto estático";"Com Vítimas Feridas";"Pleno dia";"Crescente";"Céu Claro";"Dupla";"Curva";"Não";2;0;2;0;0;0;2;1;-27,82629;-48,63035;"SR-SC";"DEL8/1";"UOP02/SC"
263536;2020-01-18;"sábado";"07:15:00";"PR";116;123;"CURITIBA";"Falta de Atenção à Condução";"Saída de leito carroçável";"Sem Vítimas";"Pleno dia";"Crescente";"Garoa/Chuvisco";"Dupla";"Reta";"Sim";1;0;0;0;0;1;0;1;-25,61568;-49,31788;"SR-PR";"DEL7/1";"UOP03/PR"
263537;2020-01-18;"sábado";"08:30:00";"SC";101;148;"ITAPEMA";"Desobediência às normas de trânsito pelo condutor";"Colisão transversal";"Com Vítimas Feridas";"Pleno dia";"Crescente";"Nublado";"Simples";"Interseção de vias";"Sim";2;0;1;0;1;0;1;2;-27,10124;-48,61808;"SR-SC";"DEL8/4";"UOP03/SC"
263539;2020-01-18;"sábado";"07:00:00";"BA";324;595;"CANDEIAS";"Falta de Atenção à Condução";"Saída de leito carroçável";"Com Vítimas Feridas";"Pleno dia";"Decrescente";"Nublado";"Dupla";"Reta";"Não";4;0;1;0;3;0;1;1;-12,71235;-38,45525;"SR-BA";"DEL10/1";"UOP01/BA"
263540;2020-01-18;"sábado";"07:32:00";"MT";364;399;"CUIABA";"Velocidade Incompatível";"Tombamento";"Com Vítimas Feridas";"Pleno dia";"Decrescente";"Céu Claro";"Dupla";"Curva";"Sim";2;0;1;0;1;0;1;1;-15,67919;-55,92995;"SR-MT";"DEL2/1";"UOP01/MT"
263541;2020-01-18;"sábado";"03:15:00";"PI";135;312;"CRISTINO CASTRO";"Ingestão de Álcool";"Saída de leito carroçável";"Com Vítimas Fatais";"Plena Noite";"Decrescente";"Céu Claro";"Simples";"Curva";"Não";2;1;1;0;0;0;1;1;-8,781285;-44,19548;"SR-PI";"DEL17/3";"UOP02/PI"
263542;2020-01-07;"terça-feira";"06:45:00";"SP";381;89;"SAO PAULO";"Falta de Atenção à Condução";"Tombamento";"Com Vítimas Feridas";"Pleno dia";"Crescente";"Ignorado";"Múltipla";"Reta";"Não";1;0;1;0;0;0;1;1;-23,49505;-46,55953;"SR-SP";"DEL6/3";"UOP02/SP"