"id";"data_inversa";"dia_semana";"horario";"uf";"br";"km";"municipio";"causa_acidente";"tipo_acidente";"classificacao_acidente";"fase_dia";"sentido_via";"condicao_metereologica";"tipo_pista";"tracado_via";"uso_solo";"pessoas";"mortos";"feridos_leves";"feridos_graves";"ilesos";"ignorados";"feridos";"veiculos";"latitude";"longitude";"regional";"delegacia";"uop"
263543;2020-01-18;"sábado";"09:00:00";"PE";408;72,5;"PAUDALHO";"Falta de Atenção à Condução";"Colisão lateral";"Com Vítimas Feridas";"Pleno dia";"Decrescente";"Sol";"Dupla";"Reta";"Sim";4;0;2;0;2;0;2;2;-7,882985;-35,18197;"SR-PE";"DEL11/1";"UOP01/PE"
263544;2020-01-18;"sábado";"07:15:00";"SC";282;18;"PALHOCA";"Ingestão de Álcool";"Saída de leito carroçável";"Com Vítimas Feridas";"Pleno dia";"Crescente";"Céu Claro";"Simples";"Reta";"Sim";2;0;2;0;0;0;2;1;-27,6728;-48,69429;"SR-SC";"DEL8/1";"UOP02/SC"
263546;2020-01-18;"sábado";"06:45:00";"RO";364;711,6;"PORTO VELHO";"Ingestão de Substâncias Psicoativas";"Colisão lateral";"Com Vítimas Feridas";"Pleno dia";"Crescente";"Céu Claro";"Dupla";"Reta";"Sim";2;0;2;0;0;0;2;2;-8,781539;-63,86531;"SR-RO";"DEL21/1";"UOP01/RO"
263547;2020-01-18;"sábado";"09:40:00";"SP";153;70;"SAO JOSE DO RIO PRETO";"Defeito Mecânico no Veículo";"Tombamento";"Com Vítimas Feridas";"Pleno dia";"Crescente";"Céu Claro";"Dupla";"Reta";"Sim";2;0;2;0;0;0;2;1;-20,85198;-49,4007;"SR-SP";"DEL6/9";"UOP01/SP"
263548;2020-01-18;"sábado";"09:15:00";"MG";381;356;"JOAO MONLEVADE";"Desobediência às normas de trânsito pelo condutor";"Saída de leito carroçável";"Sem Vítimas";"Pleno dia";"Decrescente";"Nublado";"Simples";"Reta";"Sim";6;0;0;0;5;1;0;3;-19,84644;-43,16611;"SR-MG";"DEL4/3";"UOP01/MG"
263549;2020-01-18;"sábado";"09:10:00";"GO";60;116,8;"TEREZOPOLIS DE GOIAS";"Velocidade Incompatível";"Saída de leito carroçável";"Com Vítimas Feridas";"Pleno dia";"Crescente";"Sol";"Dupla";"Não Informado";"Não";2;0;1;0;1;0;1;1;-16,4732;-49,0789;"SR-GO";"DEL1/1";"UOP01/GO"
263550;2020-01-18;"sábado";"10:20:00";"DF";20;16;"BRASILIA";"Objeto estático sobre o leito carroçável";"Colisão com objeto estático";"Com Vítimas Feridas";"Pleno dia";"Decrescente";"Céu Claro";"Dupla";"Desvio Temporário";"Não";2;0;0;1;1;0;1;2;-15,62567;-47,72516;"SR-DF";"UOP01/DEL02/DF";""
263551;2020-01-18;"sábado";"10:10:00";"PI";343;316,7;"ALTOS";"Não guardar distância de segurança";"Colisão traseira";"Com Vítimas Feridas";"Pleno dia";"Decrescente";"Nublado";"Simples";"Reta";"Não";2;0;1;0;1;0;1;2;-5,046231;-42,53584;"SR-PI";"DEL17/1";"UOP01/PI"
263552;2020-01-15;"quarta-feira";"08:40:00";"RJ";116;165;"RIO DE JANEIRO";"Falta de Atenção à Condução";"Colisão transversal";"Com Vítimas Feridas";"Pleno dia";"Crescente";"Céu Claro";"Múltipla";"Reta";"Não";2;0;1;0;0;1;1;2;-22,81549;-43,29087;"SR-RJ";"DEL5/1";"UOP02/RJ"
263553;2020-01-18;"sábado";"10:30:00";"SC";101;119;"ITAJAI";"Falta de Atenção à Condução";"Colisão traseira";"Com Vítimas Feridas";"Pleno dia";"Decrescente";"Céu Claro";"Dupla";"Reta";"Sim";4;0;1;1;1;1;2;3;-26,90432;-48,71555;"SR-SC";"DEL8/4";"UOP04/SC"
263554;2020-01-18;"sábado";"09:45:00";"MG";116;409,6;"GOVERNADOR VALADARES";"Velocidade Incompatível";"Tombamento";"Com Vítimas Feridas";"Pleno dia";"Decrescente";"Nublado";"Simples";"Não Informado";"Não";1;0;1;0;0;0;1;1;-18,84937;-41,97891;"SR-MG";"DEL4/6";"UOP01/MG"
263555;2020-01-18;"sábado";"09:45:00";"MS";163;615;"SAO GABRIEL DO OESTE";"Falta de Atenção à Condução";"Colisão lateral";"Com Vítimas Feridas";"Pleno dia";"Crescente";"Céu Claro";"Simples";"Reta";"Sim";2;0;1;0;1;0;1;2;-19,39851;-54,5658;"SR-MS";"DEL3/6";"UOP02/MS"
263556;2020-01-18;"sábado";"08:30:00";"GO";80;20,4;"PADRE BERNARDO";"Falta de Atenção à Condução";"Colisão transversal";"Com Vítimas Feridas";"Pleno dia";"Decrescente";"Céu Claro";"Dupla";"Reta";"Não";5;0;3;1;1;0;4;2;-15,37608;-48,03617;"SR-DF";"UOP06/DF";""
263557;2020-01-18;"sábado";"11:15:00";"SC";101;204;"SAO JOSE";"Não guardar distância de segurança";"Colisão lateral";"Com Vítimas Feridas";"Pleno dia";"Decrescente";"Nublado";"Dupla";"Reta";"Não";2;0;0;1;1;0;1;2;-27,57413;-48,61363;"SR-SC";"DEL8/1";"UOP01/SC"
263558;2020-01-18;"sábado";"06:40:00";"MG";116;139,4;"PONTO DOS VOLANTES";"Desobediência às normas de trânsito pelo condutor";"Colisão transversal";"Com Vítimas Feridas";"Pleno dia";"Crescente";"Céu Claro";"Simples";"Reta";"Não";4;0;0;1;3;0;1;2;-16,76218;-41,49233;"SR-MG";"DEL4/11";"UOP02/MG"
263560;2020-01-18;"sábado";"10:55:00";"SC";101;336;"TUBARAO";"Não guardar distância de segurança";"Engavetamento";"Com Vítimas Feridas";"Pleno dia";"Crescente";"Céu Claro";"Dupla";"Ponte";"Não";8;0;3;0;4;1;3;5;-28,47311;-49,02437;"SR-SC";"DEL8/2";"UOP01/SC"
263561;2020-01-18;"sábado";"11:25:00";"SC";101;335,8;"TUBARAO";"Defeito Mecânico no Veículo";"Incêndio";"Sem Vítimas";"Pleno dia";"Crescente";"Céu Claro";"Dupla";"Reta";"Não";1;0;0;0;1;0;0;1;-28,48114;-49,03467;"SR-SC";"DEL8/2";"UOP01/SC"
263562;2020-01-18;"sábado";"11:20:00";"PB";230;154,5;"CAMPINA GRANDE";"Desobediência às normas de trânsito pelo condutor";"Colisão lateral";"Com Vítimas Feridas";"Pleno dia";"Decrescente";"Céu Claro";"Simples";"Reta";"Sim";2;0;0;1;1;0;1;2;-7,2777;-35,8985;"SR-PB";"DEL14/2";"UOP01/PB"
263563;2020-01-18;"sábado";"11:45:00";"PR";369;149;"LONDRINA";"Desobediência às normas de trânsito pelo condutor";"Colisão transversal";"Com Vítimas Feridas";"Pleno dia";"Crescente";"Sol";"Dupla";"Interseção de vias";"Sim";5;0;1;0;3;1;1;2;-23,29237;-51,1538;"SR-PR";"DEL7/7";"UOP01/PR"
263564;2020-01-18;"sábado";"11:50:00";"PE";407;125,5;"PETROLINA";"Falta de Atenção à Condução";"Colisão traseira";"Com Vítimas Feridas";"Pleno dia";"Decrescente";"Céu Claro";"Dupla";"Reta";"Sim";2;0;0;1;1;0;1;2;-9,384106;-40,52876;"SR-PE";"DEL11/6";"UOP01/PE"
263565;2020-01-18;"sábado";"12:00:00";"PE";232;410,7;"SERRA TALHADA";"Falta de Atenção à Condução";"Colisão transversal";"Com Vítimas Feridas";"Pleno dia";"Crescente";"Sol";"Simples";"Reta";"Sim";2;0;0;1;1;0;1;2;-7,982618;-38,3004;"SR-PE";"DEL11/4";"UOP01/PE"
263566;2020-01-18;"sábado";"12:10:00";"PE";408;96,5;"SAO LOURENCO DA MATA";"Falta de Atenção à Condução";"Colisão traseira";"Com Vítimas Feridas";"Pleno dia";"Crescente";"Céu Claro";"Dupla";"Não Informado";"Não";2;0;1;0;0;1;1;2;-8,02062;-35,04104;"SR-PE";"DEL11/1";"UOP01/PE"
263567;2020-01-18;"sábado";"11:10:00";"SC";101;157;"PORTO BELO";"Não guardar distância de segurança";"Colisão traseira";"Com Vítimas Feridas";"Pleno dia";"Decrescente";"Céu Claro";"Dupla";"Reta";"Não";2;0;1;0;1;0;1;2;-27,18163;-48,61212;"SR-SC";"DEL8/4";"UOP03/SC"
263568;2020-01-18;"sábado";"12:30:00";"SP";116;446;"REGISTRO";"Pista Escorregadia";"Queda de ocupante de veículo";"Com Vítimas Feridas";"Pleno dia";"Decrescente";"Céu Claro";"Simples";"Não Informado";"Sim";1;0;1;0;0;0;1;1;-24,50467;-47,84773;"SR-SP";"DEL6/5";"UOP01/SP"
263569;2020-01-18;"sábado";"12:20:00";"SE";101;172,6;"SANTA LUZIA DO ITANHY";"Velocidade Incompatível";"Capotamento";"Com Vítimas Feridas";"Pleno dia";"Crescente";"Céu Claro";"Simples";"Desvio Temporário";"Não";1;0;1;0;0;0;1;1;-11,33297;-37,58716;"SR-SE";"DEL20/2";"UOP01/SE"
263570;2020-01-18;"sábado";"11:00:00";"GO";153;132;"MARA ROSA";"Desobediência às normas de trânsito pelo condutor";"Colisão lateral";"Com Vítimas Feridas";"Pleno dia";"Crescente";"Céu Claro";"Simples";"Desvio Temporário";"Não";3;0;1;0;2;0;1;2;-13,92662;-49,07094;"SR-GO";"DEL1/7";"UOP01/GO"
263571;2020-01-18;"sábado";"12:30:00";"MG";381;367;"SAO GONCALO DO RIO ABAIXO";"Velocidade Incompatível";"Tombamento";"Com Vítimas Feridas";"Pleno dia";"Crescente";"Nublado";"Simples";"Não Informado";"Sim";2;0;1;0;1;0;1;2;-19,84959;-43,27455;"SR-MG";"DEL4/3";"UOP01/MG"
263573;2020-01-18;"sábado";"12:20:00";"PR";277;593,9;"CASCAVEL";"Não guardar distância de segurança";"Colisão traseira";"Com Vítimas Feridas";"Pleno dia";"Crescente";"Sol";"Simples";"Reta";"Não";2;0;1;0;1;0;1;2;-24,98082;-53,48255;"SR-PR";"DEL7/4";"UOP01/PR"
263574;2020-01-18;"sábado";"12:50:00";"SC";101;213,8;"PALHOCA";"Falta de Atenção à Condução";"Colisão lateral";"Com Vítimas Feridas";"Pleno dia";"Decrescente";"Nublado";"Dupla";"Interseção de vias";"Sim";2;0;1;0;1;0;1;2;-27,63697;-48,66514;"SR-SC";"DEL8/1";"UOP02/SC"
263575;2020-01-18;"sábado";"13:20:00";"SC";101;124,2;"ITAJAI";"Falta de Atenção à Condução";"Colisão lateral";"Com Vítimas Feridas";"Pleno dia";"Crescente";"Nublado";"Dupla";"Reta";"Sim";2;0;1;0;1;0;1;2;-26,94335;-48,69199;"SR-SC";"DEL8/4";"UOP04/SC"
263576;2020-01-18;"sábado";"12:30:00";"PI";343;10;"PARNAIBA";"Falta de Atenção à Condução";"Colisão transversal";"Com Vítimas Feridas";"Pleno dia";"Crescente";"Sol";"Simples";"Reta";"Sim";5;0;3;2;0;0;5;2;-2,90187;-41,74131;"SR-PI";"DEL17/5";"UOP01/PI"
263577;2020-01-18;"sábado";"13:15:00";"PE";232;107,1;"BEZERROS";"Defeito Mecânico no Veículo";"Colisão com objeto estático";"Com Vítimas Feridas";"Pleno dia";"Decrescente";"Sol";"Dupla";"Reta";"Não";4;0;3;0;1;0;3;1;-8,26839;-35,79747;"SR-PE";"DEL11/2";"UOP02/PE"
263579;2020-01-18;"sábado";"13:15:00";"DF";40;5;"BRASILIA";"Falta de Atenção à Condução";"Colisão traseira";"Com Vítimas Feridas";"Pleno dia";"Decrescente";"Céu Claro";"Dupla";"Reta";"Não";6;0;0;1;5;0;1;2;-16,0209;-47,98054;"SR-DF";"UOP01/DF";""
263581;2020-01-18;"sábado";"13:10:00";"RS";290;45,3;"GLORINHA";"Falta de Atenção à Condução";"Colisão lateral";"Com Vítimas Feridas";"Pleno dia";"Decrescente";"Céu Claro";"Dupla";"Reta";"Não";7;0;3;0;4;0;3;2;-29,8902;-50,70999;"SR-RS";"DEL9/3";"UOP01/RS"
263584;2020-01-18;"sábado";"14:00:00";"RJ";116;143;"DUQUE DE CAXIAS";"Falta de Atenção à Condução";"Capotamento";"Com Vítimas Feridas";"Pleno dia";"Crescente";"Nublado";"Dupla";"Reta";"Sim";2;0;1;0;1;0;1;2;-22,65237;-43,23918;"SR-RJ";"DEL5/1";"UOP01/RJ"
263585;2020-01-18;"sábado";"12:15:00";"SC";282;210,2;"LAGES";"Falta de Atenção à Condução";"Colisão frontal";"Com Vítimas Fatais";"Pleno dia";"Decrescente";"Sol";"Simples";"Reta";"Não";6;1;4;0;1;0;4;2;-27,77858;-50,23181;"SR-SC";"DEL8/5";"UOP01/SC"
263586;2020-01-18;"sábado";"14:30:00";"SP";116;215;"GUARULHOS";"Velocidade Incompatível";"Colisão com objeto estático";"Com Vítimas Feridas";"Pleno dia";"Decrescente";"Nublado";"Múltipla";"Reta";"Sim";1;0;1;0;0;0;1;1;-23,44696;-46,45394;"SR-SP";"DEL6/1";"UOP01/SP"
263587;2020-01-18;"sábado";"14:30:00";"RS";290;49,8;"GLORINHA";"Defeito Mecânico no Veículo";"Tombamento";"Com Vítimas Feridas";"Pleno dia";"Decrescente";"Céu Claro";"Dupla";"Reta";"Não";2;0;2;0;0;0;2;1;-29,90262;-50,74844;"SR-RS";"DEL9/3";"UOP01/RS"
263588;2020-01-18;"sábado";"14:40:00";"PR";153;335;"IRATI";"Ingestão de Álcool";"Colisão traseira";"Com Vítimas Feridas";"Pleno dia";"Crescente";"Céu Claro";"Simples";"Reta";"Sim";2;0;1;0;1;0;1;2;-25,48894;-50,64509;"SR-PR";"DEL7/3";"UOP04/PR"
263589;2020-01-18;"sábado";"12:00:00";"MG";262;46,3;"MANHUACU";"Falta de Atenção à Condução";"Colisão traseira";"Com Vítimas Fatais";"Pleno dia";"Crescente";"Nublado";"Simples";"Reta";"Não";8;1;1;0;1;5;1;2;-20,26333;-42,10567;"SR-MG";"DEL4/6";"UOP04/MG"
263591;2020-01-18;"sábado";"14:00:00";"MG";365;13;"MONTES CLAROS";"Falta de Atenção à Condução";"Colisão lateral";"Com Vítimas Feridas";"Pleno dia";"Crescente";"Céu Claro";"Simples";"Não Informado";"Não";3;0;1;0;2;0;1;2;-16,85399;-43,97116;"SR-MG";"DEL4/12";"UOP01/MG"
263592;2020-01-18;"sábado";"13:00:00";"RJ";101;298;"SAO GONCALO";"Defeito na Via";"Tombamento";"Com Vítimas Feridas";"Pleno dia";"Decrescente";"Nublado";"Dupla";"Reta";"Não";2;0;2;0;0;0;2;1;-22,7714;-42,92896;"SR-RJ";"DEL5/2";"UOP01/RJ"
263593;2020-01-18;"sábado";"15:00:00";"BA";116;425;"FEIRA DE SANTANA";"Desobediência às normas de trânsito pelo condutor";"Colisão lateral";"Com Vítimas Feridas";"Pleno dia";"Crescente";"Sol";"Simples";"Reta";"Sim";3;0;1;0;2;0;1;2;-12,23737;-38,98;"SR-BA";"DEL10/2";"UOP01/BA"
263594;2020-01-18;"sábado";"15:20:00";"MA";10;260,3;"IMPERATRIZ";"Não guardar distância de segurança";"Colisão traseira";"Com Vítimas Feridas";"Pleno dia";"Decrescente";"Chuva";"Simples";"Reta";"Não";2;0;0;1;1;0;1;2;-5,463405;-47,47233;"SR-MA";"DEL18/4";"UOP01/MA"
263595;2020-01-18;"sábado";"15:00:00";"PR";116;120;"CURITIBA";"Ingestão de Álcool";"Capotamento";"Sem Vítimas";"Pleno dia";"Crescente";"Nublado";"Dupla";"Reta";"Não";1;0;0;0;1;0;0;1;-25,55122;-49,30504;"SR-PR";"DEL7/1";"UOP03/PR"
263596;2020-01-18;"sábado";"09:15:00";"RO";364;451,1;"THEOBROMA";"Falta de Atenção à Condução";"Tombamento";"Sem Vítimas";"Pleno dia";"Crescente";"Céu Claro";"Simples";"Reta";"Não";2;0;0;0;2;0;0;2;-10,29426;-62,66107;"SR-RO";"DEL21/3";"UOP02/RO"
263597;2020-01-18;"sábado";"15:05:00";"PR";116;52,5;"CAMPINA GRANDE DO SUL";"Falta de Atenção à Condução";"Saída de leito carroçável";"Com Vítimas Feridas";"Pleno dia";"Crescente";"Nublado";"Dupla";"Reta";"Não";1;0;1;0;0;0;1;1;-25,24906;-48,9084;"SR-PR";"DEL7/1";"UOP02/PR"
263598;2020-01-18;"sábado";"15:35:00";"CE";20;422,1;"MARACANAU";"Desobediência às normas de trânsito pelo condutor";"Colisão lateral";"Sem Vítimas";"Pleno dia";"Crescente";"Garoa/Chuvisco";"Dupla";"Reta";"Não";2;0;0;0;2;0;0;2;-3,852163;-38,56162;"SR-CE";"DEL16/1";"UOP02/CE"
263600;2020-01-18;"sábado";"14:30:00";"RJ";116;176;"NOVA IGUACU";"Falta de Atenção à Condução";"Engavetamento";"Com Vítimas Feridas";"Pleno dia";"Crescente";"Nublado";"Múltipla";"Reta";"Não";5;0;1;0;4;0;1;5;-22,78395;-43,38195;"SR-RJ";"DEL5/1";"UOP02/RJ"
263601;2020-01-18;"sábado";"15:00:00";"SC";101;134;"BALNEARIO CAMBORIU";"Não guardar distância de segurança";"Engavetamento";"Com Vítimas Feridas";"Pleno dia";"Crescente";"Nublado";"Dupla";"Reta";"Sim";4;0;1;0;3;0;1;3;-27,00218;-48,63643;"SR-SC";"DEL8/4";"UOP03/SC"
263602;2020-01-18;"sábado";"15:20:00";"MG";381;917,5;"CAMANDUCAIA";"Falta de Atenção à Condução";"Colisão traseira";"Com Vítimas Feridas";"Pleno dia";"Crescente";"Céu Claro";"Dupla";"Reta";"Não";2;0;1;0;1;0;1;2;-22,767;-46,17875;"SR-MG";"DEL09";"UOP03/MG"
263603;2020-01-18;"sábado";"15:00:00";"MG";262;755,5;"SACRAMENTO";"Desobediência às normas de trânsito pelo condutor";"Colisão transversal";"Com Vítimas Feridas";"Pleno dia";"Crescente";"Nublado";"Simples";"Interseção de vias";"Não";6;0;5;1;0;0;6;2;-19,65377;-47,55485;"SR-MG";"DEL13";"UOP01/MG"
263604;2020-01-18;"sábado";"14:50:00";"RS";470;174,7;"VERANOPOLIS";"Ingestão de Álcool";"Capotamento";"Sem Vítimas";"Pleno dia";"Crescente";"Céu Claro";"Simples";"Reta";"Sim";1;0;0;0;1;0;0;1;-28,90965;-51,54527;"SR-RS";"DEL9/6";"UOP02/RS"
263605;2020-01-18;"sábado";"15:40:00";"MG";40;529;"CONTAGEM";"Falta de Atenção à Condução";"Colisão transversal";"Com Vítimas Feridas";"Pleno dia";"Decrescente";"Céu Claro";"Dupla";"Curva";"Sim";4;0;2;0;2;0;2;2;-19,91636;-44,03967;"SR-MG";"DEL4/1";"UOP02/MG"
263606;2020-01-18;"sábado";"15:50:00";"ES";101;221;"IBIRACU";"Falta de Atenção à Condução";"Colisão traseira";"Com Vítimas Feridas";"Pleno dia";"Decrescente";"Nublado";"Simples";"Reta";"Não";3;0;0;1;2;0;1;3;-19,86696;-40,40056;"SR-ES";"DEL12/2";"UOP01/ES"
263607;2020-01-18;"sábado";"16:10:00";"PR";277;1,3;"PARANAGUA";"Falta de Atenção à Condução";"Colisão transversal";"Com Vítimas Feridas";"Pleno dia";"Crescente";"Nublado";"Dupla";"Rotatória";"Sim";2;0;1;0;1;0;1;2;-25,55359;-48,55339;"SR-PR";"DEL7/1";"UOP07/PR"
263608;2020-01-18;"sábado";"16:15:00";"PE";232;410,7;"SERRA TALHADA";"Restrição de Visibilidade";"Colisão transversal";"Com Vítimas Feridas";"Pleno dia";"Crescente";"Nublado";"Simples";"Curva";"Sim";2;0;2;0;0;0;2;2;-7,982738;-38,30124;"SR-PE";"DEL11/4";"UOP01/PE"
263609;2020-01-18;"sábado";"16:10:00";"SC";101;1,3;"GARUVA";"Desobediência às normas de trânsito pelo condutor";"Colisão lateral";"Com Vítimas Feridas";"Pleno dia";"Crescente";"Nublado";"Dupla";"Reta";"Sim";2;0;1;0;1;0;1;2;-25,98896;-48,88356;"SR-SC";"DEL8/3";"UOP01/SC"
263610;2020-01-18;"sábado";"16:30:00";"SE";101;152;"ESTANCIA";"Desobediência às normas de trânsito pelo condutor";"Colisão transversal";"Com Vítimas Feridas";"Pleno dia";"Crescente";"Céu Claro";"Simples";"Reta";"Sim";7;0;2;2;2;1;4;2;-11,27002;-37,44402;"SR-SE";"DEL20/2";"UOP01/SE"
263611;2020-01-18;"sábado";"14:10:00";"RJ";493;0,7;"SAO GONCALO";"Falta de Atenção à Condução";"Colisão traseira";"Com Vítimas Feridas";"Pleno dia";"Crescente";"Nublado";"Simples";"Reta";"Sim";3;0;1;1;1;0;2;2;-22,77062;-42,92223;"SR-RJ";"DEL5/2";"UOP01/RJ"
263612;2020-01-17;"sexta-feira";"14:30:00";"CE";222;10,5;"CAUCAIA";"Velocidade Incompatível";"Saída de leito carroçável";"Sem Vítimas";"Pleno dia";"Crescente";"Céu Claro";"Simples";"Reta";"Não";1;0;0;0;0;1;0;1;-3,734445;-38,73904;"SR-CE";"DEL16/1";"UOP01/CE"
263613;2020-01-18;"sábado";"17:00:00";"GO";153;498,2;"GOIANIA";"Ingestão de Álcool";"Colisão traseira";"Com Vítimas Fatais";"Pleno dia";"Decrescente";"Chuva";"Dupla";"Não Informado";"Sim";8;1;2;2;1;2;4;2;-16,6939;-49,2321;"SR-GO";"DEL1/1";"UOP01/GO"
263614;2020-01-18;"sábado";"09:10:00";"MG";116;704,6;"MURIAE";"Falta de Atenção à Condução";"Colisão lateral";"Com Vítimas Feridas";"Pleno dia";"Decrescente";"Nublado";"Simples";"Interseção de vias";"Sim";2;0;2;0;0;0;2;2;-21,13417;-42,38723;"SR-MG";"DEL4/7";"UOP02/MG"
263615;2020-01-18;"sábado";"17:25:00";"PE";407;129;"PETROLINA";"Falta de Atenção à Condução";"Colisão lateral";"Com Vítimas Feridas";"Pleno dia";"Crescente";"Céu Claro";"Dupla";"Curva";"Sim";3;0;2;0;1;0;2;2;-9,399583;-40,50459;"SR-PE";"DEL11/6";"UOP01/PE"
263616;2020-01-18;"sábado";"17:10:00";"RJ";116;172;"MESQUITA";"Defeito Mecânico no Veículo";"Incêndio";"Sem Vítimas";"Pleno dia";"Decrescente";"Sol";"Múltipla";"Reta";"Sim";1;0;0;0;1;0;0;1;-22,7727;-43,40572;"SR-RJ";"DEL5/1";"UOP02/RJ"
263617;2020-01-18;"sábado";"17:00:00";"GO";153;167;"CAMPINORTE";"Defeito Mecânico no Veículo";"Saída de leito carroçável";"Com Vítimas Feridas";"Pleno dia";"Decrescente";"Céu Claro";"Simples";"Desvio Temporário";"Não";2;0;2;0;0;0;2;1;-14,23147;-49,13415;"SR-GO";"DEL1/7";"UOP01/GO"
263618;2020-01-18;"sábado";"17:15:00";"PB";101;89,8;"JOAO PESSOA";"Falta de Atenção à Condução";"Colisão transversal";"Com Vítimas Feridas";"Pleno dia";"Decrescente";"Nublado";"Dupla";"Retorno Regulamentado";"Sim";2;0;1;0;1;0;1;2;-7,178255;-34,89966;"SR-PB";"DEL14/1";"UOP01/PB"
263621;2020-01-18;"sábado";"15:50:00";"RO";364;711;"PORTO VELHO";"Falta de Atenção à Condução";"Colisão transversal";"Com Vítimas Feridas";"Pleno dia";"Crescente";"Sol";"Dupla";"Reta";"Sim";2;0;1;0;1;0;1;2;-8,781539;-63,86531;"SR-RO";"DEL21/1";"UOP01/RO"
263622;2020-01-18;"sábado";"17:55:00";"PE";232;186,2;"BELO JARDIM";"Desobediência às normas de trânsito pelo condutor";"Colisão transversal";"Com Vítimas Feridas";"Plena Noite";"Decrescente";"Céu Claro";"Simples";"Reta";"Não";4;0;1;0;2;1;1;2;-8,352896;-36,48256;"SR-PE";"DEL11/2";"UOP02/PE"
263623;2020-01-18;"sábado";"17:50:00";"PR";116;134;"FAZENDA RIO GRANDE";"Falta de Atenção à Condução";"Colisão transversal";"Com Vítimas Feridas";"Pleno dia";"Crescente";"Nublado";"Dupla";"Não Informado";"Sim";3;0;0;2;1;0;2;2;-25,71176;-49,31942;"SR-PR";"DEL7/1";"UOP03/PR"
263625;2020-01-18;"sábado";"07:00:00";"RO";364;654;"CANDEIAS DO JAMARI";"Não guardar distância de segurança";"Colisão lateral";"Com Vítimas Feridas";"Pleno dia";"Decrescente";"Céu Claro";"Simples";"Reta";"Não";2;0;1;0;1;0;1;2;-8,882985;-63,44074;"SR-RO";"DEL21/1";"UOP01/RO"
263626;2020-01-18;"sábado";"18:00:00";"PE";232;133;"CARUARU";"Ingestão de Álcool";"Saída de leito carroçável";"Com Vítimas Feridas";"Anoitecer";"Crescente";"Céu Claro";"Dupla";"Reta";"Sim";1;0;1;0;0;0;1;1;-8,30608;-36,01576;"SR-PE";"DEL11/2";"UOP02/PE"
263627;2020-01-18;"sábado";"14:18:00";"RO";364;19,8;"VILHENA";"Mal Súbito";"Atropelamento de Pedestre";"Com Vítimas Fatais";"Pleno dia";"Decrescente";"Céu Claro";"Simples";"Reta";"Não";3;1;0;0;1;1;0;1;-12,7274;-60,18371;"SR-RO";"DEL21/4";"UOP01/RO"
263628;2020-01-18;"sábado";"17:00:00";"MS";262;302;"CAMPO GRANDE";"Defeito Mecânico no Veículo";"Incêndio";"Sem Vítimas";"Pleno dia";"Decrescente";"Céu Claro";"Simples";"Reta";"Não";2;0;0;0;2;0;0;1;-20,49529;-54,31266;"SR-MS";"DEL3/1";"UOP01/MS"
263629;2020-01-18;"sábado";"17:20:00";"PR";373;467,8;"CORONEL VIVIDA";"Falta de Atenção à Condução";"Colisão frontal";"Com Vítimas Fatais";"Pleno dia";"Decrescente";"Céu Claro";"Simples";"Reta";"Não";3;1;2;0;0;0;2;2;-25,97079;-52,44325;"SR-PR";"DEL7/2";"UOP01/PR"
263632;2020-01-18;"sábado";"18:45:00";"RS";116;269;"CANOAS";"Desobediência às normas de trânsito pelo condutor";"Colisão transversal";"Com Vítimas Feridas";"Pleno dia";"Decrescente";"Sol";"Múltipla";"Interseção de vias";"Sim";2;0;2;0;0;0;2;2;-29,95943;-51,17609;"SR-RS";"DEL9/1";"UOP01/RS"
263633;2020-01-18;"sábado";"18:00:00";"SC";153;68,7;"IRANI";"Desobediência às normas de trânsito pelo condutor";"Colisão frontal";"Com Vítimas Feridas";"Pleno dia";"Decrescente";"Céu Claro";"Simples";"Não Informado";"Não";4;0;2;0;2;0;2;3;-27,03352;-51,87931;"SR-SC";"DEL7";"UOP05/SC"
263634;2020-01-18;"sábado";"17:10:00";"SC";158;123,7;"CAIBI";"Ingestão de Álcool";"Colisão lateral";"Com Vítimas Feridas";"Pleno dia";"Crescente";"Céu Claro";"Simples";"Curva";"Não";2;0;1;0;1;0;1;2;-26,95782;-53,20419;"SR-SC";"DEL7";"UOP02/SC"
263635;2020-01-18;"sábado";"18:50:00";"GO";60;252;"INDIARA";"Ingestão de Álcool";"Colisão traseira";"Com Vítimas Feridas";"Plena Noite";"Decrescente";"Chuva";"Dupla";"Reta";"Sim";2;0;1;1;0;0;2;2;-17,1299;-49,9774;"SR-GO";"DEL1/1";"UOP02/GO"
263636;2020-01-18;"sábado";"16:40:00";"MG";381;541,4;"ITATIAIUCU";"Defeito Mecânico no Veículo";"Tombamento";"Sem Vítimas";"Pleno dia";"Decrescente";"Nublado";"Dupla";"Não Informado";"Não";1;0;0;0;1;0;0;1;-20,26493;-44,42257;"SR-MG";"DEL4/4";"UOP03/MG"
263637;2020-01-18;"sábado";"17:30:00";"ES";482;71;"JERONIMO MONTEIRO";"Falta de Atenção à Condução";"Colisão lateral";"Com Vítimas Feridas";"Amanhecer";"Crescente";"Céu Claro";"Simples";"Reta";"Não";1;0;0;1;0;0;1;1;-20,79081;-41,38811;"SR-ES";"DEL12/3";"UOP02/ES"
263638;2020-01-18;"sábado";"18:00:00";"ES";259;65,9;"COLATINA";"Desobediência às normas de trânsito pelo condutor";"Colisão frontal";"Com Vítimas Feridas";"Anoitecer";"Decrescente";"Céu Claro";"Simples";"Reta";"Não";2;0;2;0;0;0;2;2;-19,51944;-40,71586;"SR-ES";"DEL12/2";"UOP01/ES"