"id";"data_inversa";"dia_semana";"horario";"uf";"br";"km";"municipio";"causa_acidente";"tipo_acidente";"classificacao_acidente";"fase_dia";"sentido_via";"condicao_metereologica";"tipo_pista";"tracado_via";"uso_solo";"pessoas";"mortos";"feridos_leves";"feridos_graves";"ilesos";"ignorados";"feridos";"veiculos";"latitude";"longitude";"regional";"delegacia";"uop"
263639;2020-01-18;"sábado";"17:45:00";"RJ";40;101;"DUQUE DE CAXIAS";"Pista Escorregadia";"Saída de leito carroçável";"Sem Vítimas";"Anoitecer";"Crescente";"Garoa/Chuvisco";"Múltipla";"Curva";"Sim";1;0;0;0;0;1;0;1;-22,60866;-43,28651;"SR-RJ";"DEL5/1";"UOP01/RJ"
263640;2020-01-11;"sábado";"06:10:00";"MS";262;632,4;"MIRANDA";"Defeito na Via";"Saída de leito carroçável";"Com Vítimas Feridas";"Pleno dia";"Decrescente";"Céu Claro";"Simples";"Reta";"Não";5;0;5;0;0;0;5;1;-19,85031;-56,88841;"SR-MS";"DEL3/3";"UOP02/MS"
263641;2020-01-18;"sábado";"18:15:00";"RS";290;617;"ALEGRETE";"Velocidade Incompatível";"Colisão traseira";"Sem Vítimas";"Pleno dia";"Decrescente";"Céu Claro";"Simples";"Reta";"Não";4;0;0;0;3;1;0;2;-29,94984;-56,1081;"SR-RS";"DEL9/13";"UOP02/RS"
263642;2020-01-18;"sábado";"18:00:00";"PA";10;7;"DOM ELISEU";"Desobediência às normas de trânsito pelo condutor";"Saída de leito carroçável";"Com Vítimas Fatais";"Plena Noite";"Crescente";"Nublado";"Simples";"Reta";"Não";2;1;1;0;0;0;1;1;-4,384393;-47,53529;"SR-PA";"DEL19/2";"UOP03/PA"
263643;2020-01-18;"sábado";"19:30:00";"MG";40;738,2;"SANTOS DUMONT";"Falta de Atenção do Pedestre";"Atropelamento de Pedestre";"Com Vítimas Fatais";"Plena Noite";"Crescente";"Nublado";"Simples";"Reta";"Sim";6;1;0;0;5;0;0;1;-21,3888;-43,56911;"SR-MG";"DEL5";"UOP01/MG"
263644;2020-01-18;"sábado";"19:40:00";"BA";324;518;"FEIRA DE SANTANA";"Restrição de Visibilidade";"Atropelamento de Pedestre";"Com Vítimas Feridas";"Plena Noite";"Decrescente";"Céu Claro";"Simples";"Reta";"Sim";2;0;1;0;0;1;1;1;-12,26863;-38,93404;"SR-BA";"DEL10/2";"UOP01/BA"
263645;2020-01-18;"sábado";"19:20:00";"DF";70;15;"BRASILIA";"Condutor Dormindo";"Saída de leito carroçável";"Com Vítimas Feridas";"Anoitecer";"Decrescente";"Nublado";"Dupla";"Reta";"Sim";1;0;1;0;0;0;1;1;-15,79889;-48,18504;"SR-DF";"UOP06/DF";""
263646;2020-01-18;"sábado";"17:30:00";"PI";135;391;"REDENCAO DO GURGUEIA";"Falta de Atenção à Condução";"Saída de leito carroçável";"Com Vítimas Feridas";"Anoitecer";"Decrescente";"Céu Claro";"Simples";"Reta";"Não";4;0;2;0;2;0;2;1;-9,346646;-44,54387;"SR-PI";"DEL17/3";"UOP02/PI"
263647;2020-01-18;"sábado";"17:05:00";"PR";116;10,9;"COLOMBO";"Falta de Atenção à Condução";"Queda de ocupante de veículo";"Com Vítimas Feridas";"Pleno dia";"Decrescente";"Nublado";"Dupla";"Reta";"Não";2;0;2;0;0;0;2;1;-25,3719;-49,134;"SR-PR";"DEL7/1";"UOP01/PR"
263648;2020-01-18;"sábado";"18:10:00";"SC";101;448,6;"SANTA ROSA DO SUL";"Falta de Atenção à Condução";"Colisão transversal";"Com Vítimas Feridas";"Anoitecer";"Decrescente";"Nublado";"Simples";"Viaduto";"Sim";3;0;1;0;2;0;1;2;-29,15899;-49,73541;"SR-SC";"DEL8/2";"UOP02/SC"
263649;2020-01-18;"sábado";"20:20:00";"SC";282;18;"PALHOCA";"Falta de Atenção à Condução";"Colisão com objeto estático";"Sem Vítimas";"Plena Noite";"Crescente";"Céu Claro";"Simples";"Reta";"Sim";1;0;0;0;1;0;0;1;-27,6728;-48,69429;"SR-SC";"DEL8/1";"UOP02/SC"
263650;2020-01-18;"sábado";"19:14:00";"PR";153;460;"PORTO VITORIA";"Falta de Atenção à Condução";"Colisão traseira";"Com Vítimas Feridas";"Plena Noite";"Crescente";"Céu Claro";"Simples";"Curva";"Não";3;0;1;0;2;0;1;2;-26,23358;-51,14657;"SR-PR";"DEL7/2";"UOP02/PR"
263652;2020-01-18;"sábado";"17:00:00";"RS";290;266,4;"CACHOEIRA DO SUL";"Falta de Atenção à Condução";"Engavetamento";"Com Vítimas Feridas";"Pleno dia";"Decrescente";"Sol";"Simples";"Reta";"Não";5;0;1;0;3;1;1;4;-30,2684;-52,88591;"SR-RS";"DEL9/2";"UOP03/RS"
263653;2020-01-18;"sábado";"17:10:00";"MS";158;114;"APARECIDA DO TABOADO";"Falta de Atenção à Condução";"Colisão com objeto estático";"Com Vítimas Feridas";"Anoitecer";"Crescente";"Céu Claro";"Simples";"Ponte";"Não";4;0;3;1;0;0;4;1;-19,81893;-51,11532;"SR-MS";"DEL3/8";"UOP01/MS"
263654;2020-01-18;"sábado";"20:10:00";"ES";101;97;"JAGUARE";"Falta de Atenção à Condução";"Atropelamento de Animal";"Com Vítimas Feridas";"Plena Noite";"Crescente";"Céu Claro";"Simples";"Reta";"Não";1;0;1;0;0;0;1;1;-18,95546;-39,98367;"SR-ES";"DEL12/4";"UOP02/ES"
263655;2020-01-18;"sábado";"20:45:00";"PR";277;347,3;"GUARAPUAVA";"Falta de Atenção à Condução";"Colisão traseira";"Com Vítimas Feridas";"Plena Noite";"Decrescente";"Céu Claro";"Simples";"Reta";"Sim";4;0;1;2;0;1;3;2;-25,33928;-51,4288;"SR-PR";"DEL7/3";"UOP02/PR"
263656;2020-01-18;"sábado";"20:32:00";"PA";163;993;"SANTAREM";"Falta de Atenção à Condução";"Tombamento";"Com Vítimas Feridas";"Plena Noite";"Decrescente";"Céu Claro";"Simples";"Reta";"Não";2;0;2;0;0;0;2;1;-2,529841;-54,72259;"SR-PA";"DEL19/5";"UOP01/PA"
263657;2020-01-18;"sábado";"18:30:00";"PR";116;201,9;"RIO NEGRO";"Defeito Mecânico no Veículo";"Saída de leito carroçável";"Com Vítimas Feridas";"Pleno dia";"Decrescente";"Céu Claro";"Simples";"Reta";"Sim";1;0;1;0;0;0;1;1;-26,03964;-49,69596;"SR-SC";"DEL8/6";"UOP01/SC"
263658;2020-01-15;"quarta-feira";"06:00:00";"SC";470;97;"APIUNA";"Ingestão de Álcool";"Colisão com objeto estático";"Sem Vítimas";"Pleno dia";"Crescente";"Céu Claro";"Simples";"Reta";"Não";1;0;0;0;0;1;0;1;-27,02662;-49,37812;"SR-SC";"DEL8/4";"UOP01/SC"
263659;2020-01-18;"sábado";"18:45:00";"PR";277;37;"MORRETES";"Falta de Atenção à Condução";"Colisão com objeto estático";"Com Vítimas Feridas";"Plena Noite";"Decrescente";"Nublado";"Dupla";"Desvio Temporário";"Não";1;0;1;0;0;0;1;1;-25,56012;-48,8144;"SR-PR";"DEL7/1";"UOP07/PR"
263660;2020-01-18;"sábado";"14:20:00";"SC";116;209,8;"PONTE ALTA";"Ingestão de Álcool";"Colisão traseira";"Com Vítimas Feridas";"Pleno dia";"Crescente";"Sol";"Simples";"Reta";"Não";5;0;3;0;2;0;3;3;-27,49607;-50,37005;"SR-SC";"DEL8/5";"UOP03/SC"
263661;2020-01-18;"sábado";"20:30:00";"MG";381;483,7;"BETIM";"Velocidade Incompatível";"Colisão traseira";"Com Vítimas Feridas";"Plena Noite";"Crescente";"Céu Claro";"Dupla";"Reta";"Não";4;0;0;1;2;1;1;4;-19,95956;-44,08424;"SR-MG";"DEL4/1";"UOP03/MG"
263662;2020-01-18;"sábado";"20:50:00";"SE";235;45;"ITABAIANA";"Ingestão de Álcool";"Colisão lateral";"Com Vítimas Feridas";"Plena Noite";"Decrescente";"Céu Claro";"Simples";"Reta";"Não";2;0;1;0;1;0;1;2;-10,74692;-37,3999;"SR-SE";"DEL20/1";"UOP02/SE"
263663;2020-01-18;"sábado";"20:50:00";"AL";316;101;"DOIS RIACHOS";"Animais na Pista";"Capotamento";"Com Vítimas Feridas";"Plena Noite";"Crescente";"Céu Claro";"Simples";"Reta";"Não";1;0;1;0;0;0;1;1;-9,388728;-37,10697;"SR-AL";"DEL13/3";"UOP02/AL"
263664;2020-01-18;"sábado";"15:00:00";"GO";364;244;"JATAI";"Agressão Externa";"Saída de leito carroçável";"Com Vítimas Feridas";"Pleno dia";"Crescente";"Sol";"Simples";"Reta";"Não";1;0;1;0;0;0;1;1;-17,76219;-52,1133;"SR-GO";"DEL1/5";"UOP01/GO"
263666;2020-01-18;"sábado";"19:50:00";"AM";174;966;"PRESIDENTE FIGUEIREDO";"Falta de Atenção à Condução";"Saída de leito carroçável";"Com Vítimas Feridas";"Plena Noite";"Crescente";"Nublado";"Simples";"Curva";"Não";1;0;1;0;0;0;1;1;-2,160361;-60,00458;"SR-AM";"UOP02/AM";""
263667;2020-01-18;"sábado";"21:00:00";"RS";392;61,8;"PELOTAS";"Defeito na Via";"Queda de ocupante de veículo";"Com Vítimas Feridas";"Plena Noite";"Decrescente";"Céu Claro";"Dupla";"Reta";"Não";1;0;1;0;0;0;1;1;-31,78636;-52,35281;"SR-RS";"DEL9/7";"UOP01/RS"
263668;2020-01-18;"sábado";"19:35:00";"MS";163;251,7;"DOURADOS";"Falta de Atenção à Condução";"Colisão traseira";"Com Vítimas Feridas";"Plena Noite";"Crescente";"Céu Claro";"Simples";"Reta";"Sim";3;0;1;0;2;0;1;2;-22,29722;-54,82106;"SR-MS";"DEL3/4";"UOP01/MS"
263669;2020-01-18;"sábado";"10:30:00";"MT";163;551;"DIAMANTINO";"Falta de Atenção à Condução";"Queda de ocupante de veículo";"Com Vítimas Feridas";"Pleno dia";"Crescente";"Céu Claro";"Simples";"Reta";"Não";2;0;2;0;0;0;2;1;-14,30009;-56,14296;"SR-MT";"DEL2/4";"UOP01/MT"
263670;2020-01-18;"sábado";"21:30:00";"GO";40;115,2;"CRISTALINA";"Condutor Dormindo";"Capotamento";"Com Vítimas Feridas";"Plena Noite";"Decrescente";"Nublado";"Dupla";"Curva";"Não";1;0;1;0;0;0;1;1;-16,84917;-47,46723;"SR-DF";"UOP02/DF";""
263672;2020-01-18;"sábado";"21:45:00";"RN";101;102;"NATAL";"Ingestão de Álcool";"Colisão lateral";"Sem Vítimas";"Plena Noite";"Crescente";"Céu Claro";"Simples";"Reta";"Sim";2;0;0;0;2;0;0;2;-5,89034;-35,24895;"SR-RN";"DEL15/1";"UOP01/RN"
263673;2020-01-18;"sábado";"21:45:00";"SC";101;201,9;"SAO JOSE";"Falta de Atenção à Condução";"Colisão lateral";"Com Vítimas Feridas";"Plena Noite";"Decrescente";"Nublado";"Múltipla";"Reta";"Não";2;0;1;0;1;0;1;2;-27,54837;-48,61978;"SR-SC";"DEL8/1";"UOP01/SC"
263675;2020-01-18;"sábado";"21:50:00";"PR";369;161;"CAMBE";"Falta de Atenção à Condução";"Colisão traseira";"Com Vítimas Feridas";"Plena Noite";"Decrescente";"Céu Claro";"Dupla";"Reta";"Não";2;0;1;0;1;0;1;1;-23,29116;-51,26493;"SR-PR";"DEL7/7";"UOP01/PR"
263676;2020-01-18;"sábado";"21:15:00";"RO";364;708,3;"PORTO VELHO";"Falta de Atenção à Condução";"Colisão com objeto estático";"Sem Vítimas";"Plena Noite";"Decrescente";"Céu Claro";"Dupla";"Reta";"Não";1;0;0;0;1;0;0;1;-8,795541;-63,84072;"SR-RO";"DEL21/1";"UOP01/RO"
263677;2020-01-18;"sábado";"22:45:00";"TO";153;2;"XAMBIOA";"Falta de Atenção à Condução";"Capotamento";"Com Vítimas Feridas";"Plena Noite";"Decrescente";"Nublado";"Simples";"Não Informado";"Sim";2;0;2;0;0;0;2;1;-6,424306;-48,53619;"SR-TO";"UOP04/TO";""
263678;2020-01-18;"sábado";"21:40:00";"RJ";40;123;"DUQUE DE CAXIAS";"Avarias e/ou desgaste excessivo no pneu";"Tombamento";"Com Vítimas Feridas";"Plena Noite";"Crescente";"Chuva";"Múltipla";"Curva";"Sim";1;0;1;0;0;0;1;1;-22,79908;-43,29016;"SR-RJ";"DEL5/1";"UOP01/RJ"
263679;2020-01-18;"sábado";"22:00:00";"RS";290;153,2;"NOVA PRATA";"Ingestão de Álcool";"Colisão transversal";"Com Vítimas Feridas";"Plena Noite";"Decrescente";"Céu Claro";"Simples";"Reta";"Não";6;0;0;2;4;0;2;2;-28,7596;-51,6268;"SR-RS";"DEL9/2";"UOP01/RS"
263680;2020-01-18;"sábado";"21:35:00";"RO";364;14,5;"VILHENA";"Desobediência às normas de trânsito pelo condutor";"Colisão transversal";"Com Vítimas Feridas";"Plena Noite";"Crescente";"Céu Claro";"Dupla";"Reta";"Sim";2;0;1;0;1;0;1;2;-12,73898;-60,13911;"SR-RO";"DEL21/4";"UOP01/RO"
263681;2020-01-18;"sábado";"22:10:00";"PR";376;544;"PALMEIRA";"Falta de Atenção à Condução";"Queda de ocupante de veículo";"Com Vítimas Feridas";"Plena Noite";"Crescente";"Nublado";"Dupla";"Reta";"Não";1;0;1;0;0;0;1;1;-25,44;-49,74992;"SR-PR";"DEL7/1";"UOP05/PR"
263682;2020-01-18;"sábado";"22:20:00";"RJ";393;254;"BARRA DO PIRAI";"Velocidade Incompatível";"Tombamento";"Sem Vítimas";"Plena Noite";"Decrescente";"Céu Claro";"Simples";"Curva";"Sim";1;0;0;0;1;0;0;1;-22,45117;-43,82721;"SR-RJ";"DEL5/5";"UOP02/RJ"
263683;2020-01-18;"sábado";"22:15:00";"RJ";393;233;"VASSOURAS";"Falta de Atenção à Condução";"Colisão frontal";"Com Vítimas Feridas";"Plena Noite";"Decrescente";"Nublado";"Simples";"Não Informado";"Sim";2;0;2;0;0;0;2;2;-22,36949;-43,61882;"SR-RJ";"DEL5/5";"UOP01/RJ"
263684;2020-01-18;"sábado";"23:00:00";"DF";70;9,3;"BRASILIA";"Falta de Atenção do Pedestre";"Atropelamento de Pedestre";"Com Vítimas Feridas";"Plena Noite";"Crescente";"Céu Claro";"Dupla";"Reta";"Sim";2;0;0;1;1;0;1;1;-15,78462;-48,13202;"SR-DF";"UOP06/DF";""
263685;2020-01-18;"sábado";"23:30:00";"BA";101;104;"ALAGOINHAS";"Falta de Atenção à Condução";"Colisão transversal";"Com Vítimas Fatais";"Plena Noite";"Crescente";"Céu Claro";"Simples";"Reta";"Sim";2;1;0;0;1;0;0;2;-12,15964;-38,41162;"SR-BA";"DEL10/1";"UOP04/BA"
263686;2020-01-18;"sábado";"23:40:00";"SE";101;184;"UMBAUBA";"Animais na Pista";"Atropelamento de Animal";"Com Vítimas Feridas";"Plena Noite";"Crescente";"Céu Claro";"Simples";"Desvio Temporário";"Não";4;0;0;3;0;1;3;2;-11,38693;-37,66866;"SR-SE";"DEL20/2";"UOP03/SE"
263687;2020-01-18;"sábado";"15:50:00";"GO";40;17,5;"LUZIANIA";"Velocidade Incompatível";"Saída de leito carroçável";"Com Vítimas Feridas";"Pleno dia";"Decrescente";"Céu Claro";"Dupla";"Curva";"Não";2;0;2;0;0;0;2;1;-16,18487;-47,92864;"SR-DF";"UOP01/DF";""
263688;2020-01-18;"sábado";"21:30:00";"SC";470;138;"RIO DO SUL";"Velocidade Incompatível";"Colisão com objeto estático";"Sem Vítimas";"Plena Noite";"Crescente";"Céu Claro";"Simples";"Reta";"Sim";1;0;0;0;0;1;0;1;-27,20721;-49,64848;"SR-SC";"DEL8/4";"UOP02/SC"
263689;2020-01-18;"sábado";"21:00:00";"SC";470;138,8;"RIO DO SUL";"Velocidade Incompatível";"Tombamento";"Sem Vítimas";"Plena Noite";"Decrescente";"Céu Claro";"Simples";"Reta";"Sim";1;0;0;0;0;1;0;1;-27,20721;-49,64848;"SR-SC";"DEL8/4";"UOP02/SC"
263690;2020-01-19;"domingo";"00:25:00";"PE";101;61,2;"RECIFE";"Ingestão de Álcool";"Atropelamento de Pedestre";"Com Vítimas Fatais";"Plena Noite";"Crescente";"Nublado";"Dupla";"Reta";"Sim";2;1;0;0;1;0;0;1;-7,990971;-34,93598;"SR-PE";"DEL11/1";"UOP02/PE"
263691;2020-01-19;"domingo";"00:05:00";"CE";222;8,8;"CAUCAIA";"Falta de Atenção à Condução";"Colisão transversal";"Com Vítimas Feridas";"Plena Noite";"Crescente";"Céu Claro";"Simples";"Reta";"Sim";2;0;1;0;1;0;1;2;-3,736507;-38,65337;"SR-CE";"DEL16/1";"UOP01/CE"
263692;2020-01-18;"sábado";"11:20:00";"BA";116;13,5;"VITORIA DA CONQUISTA";"Desobediência às normas de trânsito pelo condutor";"Colisão traseira";"Sem Vítimas";"Plena Noite";"Crescente";"Céu Claro";"Simples";"Curva";"Sim";2;0;0;0;1;1;0;2;-14,89021;-40,8697;"SR-PE";"DEL11/5";"UOP03/PE"
263693;2020-01-19;"domingo";"00:05:00";"GO";50;295;"CATALAO";"Condutor Dormindo";"Saída de leito carroçável";"Sem Vítimas";"Plena Noite";"Decrescente";"Nublado";"Dupla";"Não Informado";"Não";1;0;0;0;0;1;0;1;-18,2894;-48,0093;"SR-GO";"DEL1/6";"UOP01/GO"
263694;2020-01-19;"domingo";"00:40:00";"MG";381;939,8;"EXTREMA";"Desobediência às normas de trânsito pelo condutor";"Colisão frontal";"Com Vítimas Fatais";"Plena Noite";"Crescente";"Céu Claro";"Dupla";"Reta";"Não";3;1;1;1;0;0;2;2;-22,84701;-46,33321;"SR-MG";"DEL09";"UOP03/MG"
263695;2020-01-19;"domingo";"00:20:00";"GO";153;275;"NOVA GLORIA";"Falta de Atenção à Condução";"Colisão traseira";"Com Vítimas Feridas";"Plena Noite";"Crescente";"Céu Claro";"Simples";"Interseção de vias";"Não";3;0;2;0;1;0;2;2;-15,10676;-49,48275;"SR-GO";"DEL1/7";"UOP01/GO"
263696;2020-01-19;"domingo";"00:20:00";"GO";153;217;"URUACU";"Ingestão de Álcool";"Colisão frontal";"Com Vítimas Feridas";"Plena Noite";"Crescente";"Céu Claro";"Simples";"Não Informado";"Não";3;0;0;1;2;0;1;2;-14,66504;-49,19572;"SR-GO";"DEL1/7";"UOP01/GO"
263697;2020-01-18;"sábado";"23:25:00";"SP";116;476;"JACUPIRANGA";"Falta de Atenção à Condução";"Saída de leito carroçável";"Sem Vítimas";"Plena Noite";"Crescente";"Céu Claro";"Dupla";"Reta";"Não";1;0;0;0;1;0;0;1;-24,69283;-47,99567;"SR-SP";"DEL6/5";"UOP01/SP"
263698;2020-01-19;"domingo";"01:10:00";"SE";101;183,3;"UMBAUBA";"Animais na Pista";"Colisão com objeto estático";"Com Vítimas Feridas";"Plena Noite";"Crescente";"Céu Claro";"Simples";"Desvio Temporário";"Não";1;0;0;1;0;0;1;1;-11,38418;-37,6668;"SR-SE";"DEL20/2";"UOP03/SE"
263699;2020-01-19;"domingo";"00:45:00";"RJ";40;102;"DUQUE DE CAXIAS";"Restrição de Visibilidade";"Colisão lateral";"Com Vítimas Feridas";"Plena Noite";"Crescente";"Céu Claro";"Simples";"Desvio Temporário";"Não";3;0;3;0;0;0;3;2;-22,61089;-43,28656;"SR-RJ";"DEL5/1";"UOP01/RJ"
263700;2020-01-18;"sábado";"23:30:00";"SC";280;224,9;"TRES BARRAS";"Ingestão de Álcool";"Saída de leito carroçável";"Com Vítimas Feridas";"Plena Noite";"Crescente";"Céu Claro";"Simples";"Reta";"Não";1;0;0;1;0;0;1;1;-26,17657;-50,30719;"SR-SC";"DEL8/6";"UOP04/SC"
263701;2020-01-19;"domingo";"01:10:00";"DF";20;21;"BRASILIA";"Ingestão de Álcool";"Colisão transversal";"Com Vítimas Feridas";"Plena Noite";"Crescente";"Céu Claro";"Dupla";"Reta";"Sim";2;0;1;0;1;0;1;2;-15,60338;-47,68469;"SR-DF";"UOP01/DEL02/DF";""
263702;2020-01-19;"domingo";"00:40:00";"MG";40;444,6;"PARAOPEBA";"Condutor Dormindo";"Colisão com objeto estático";"Com Vítimas Feridas";"Plena Noite";"Decrescente";"Nublado";"Dupla";"Curva";"Não";2;0;2;0;0;0;2;1;-19,28815;-44,392;"SR-MG";"DEL4/2";"UOP01/MG"
263703;2020-01-19;"domingo";"00:40:00";"SC";470;133,2;"RIO DO SUL";"Falta de Atenção à Condução";"Colisão transversal";"Com Vítimas Fatais";"Plena Noite";"Crescente";"Céu Claro";"Simples";"Reta";"Sim";2;1;0;0;1;0;0;2;-27,17419;-49,5885;"SR-SC";"DEL8/4";"UOP02/SC"
263704;2020-01-19;"domingo";"00:10:00";"TO";153;146;"ARAGUAINA";"Falta de Atenção à Condução";"Tombamento";"Com Vítimas Feridas";"Plena Noite";"Crescente";"Céu Claro";"Dupla";"Reta";"Sim";1;0;1;0;0;0;1;1;-7,213378;-48,24431;"SR-TO";"UOP04/TO";""
263705;2020-01-19;"domingo";"01:10:00";"SP";101;39,8;"UBATUBA";"Falta de Atenção à Condução";"Colisão com objeto estático";"Com Vítimas Feridas";"Plena Noite";"Decrescente";"Nublado";"Simples";"Reta";"Não";4;0;3;0;1;0;3;1;-23,41345;-45,03342;"SR-SP";"DEL6";"UOP03/SP"
263706;2020-01-19;"domingo";"00:10:00";"PE";232;251,5;"ARCOVERDE";"Ingestão de Álcool";"Colisão lateral";"Sem Vítimas";"Plena Noite";"Decrescente";"Vento";"Simples";"Reta";"Sim";2;0;0;0;2;0;0;2;-8,429241;-37,06013;"SR-PE";"DEL11/3";"UOP02/PE"
263707;2020-01-19;"domingo";"01:44:00";"SP";116;201;"ARUJA";"Falta de Atenção à Condução";"Colisão traseira";"Com Vítimas Feridas";"Plena Noite";"Crescente";"Nublado";"Dupla";"Desvio Temporário";"Sim";5;0;2;0;3;0;2;2;-23,40363;-46,3305;"SR-SP";"DEL6/1";"UOP01/SP"
263708;2020-01-19;"domingo";"01:15:00";"PR";476;141;"CURITIBA";"Ingestão de Álcool";"Capotamento";"Sem Vítimas";"Plena Noite";"Crescente";"Céu Claro";"Dupla";"Reta";"Sim";1;0;0;0;1;0;0;1;-25,52861;-49,2988;"SR-PR";"DEL7/1";"UOP03/PR"
263709;2020-01-18;"sábado";"23:10:00";"RS";285;124,1;"VACARIA";"Falta de Atenção à Condução";"Colisão lateral";"Com Vítimas Feridas";"Plena Noite";"Crescente";"Céu Claro";"Simples";"Reta";"Sim";2;0;1;0;0;1;1;2;-28,49149;-50,95584;"SR-RS";"DEL9/5";"UOP03/RS"
263710;2020-01-19;"domingo";"00:10:00";"MT";70;728;"CACERES";"Objeto estático sobre o leito carroçável";"Queda de ocupante de veículo";"Com Vítimas Feridas";"Plena Noite";"Decrescente";"Céu Claro";"Simples";"Reta";"Não";1;0;1;0;0;0;1;1;-16,16906;-57,60941;"SR-MT";"DEL2/3";"UOP01/MT"
263711;2020-01-19;"domingo";"01:20:00";"GO";153;700;"ITUMBIARA";"Falta de Atenção do Pedestre";"Atropelamento de Pedestre";"Com Vítimas Feridas";"Plena Noite";"Crescente";"Céu Claro";"Dupla";"Reta";"Sim";2;0;0;1;1;0;1;1;-18,3945;-49,2051;"SR-GO";"DEL1/3";"UOP02/GO"
263712;2020-01-19;"domingo";"00:23:00";"MG";116;518,2;"UBAPORANGA";"Ingestão de Álcool";"Colisão frontal";"Com Vítimas Feridas";"Plena Noite";"Decrescente";"Nublado";"Simples";"Reta";"Não";7;0;4;2;1;0;6;3;-19,71038;-42,12371;"SR-MG";"DEL4/6";"UOP02/MG"
263714;2020-01-18;"sábado";"17:10:00";"MT";163;727;"SORRISO";"Falta de Atenção à Condução";"Colisão lateral";"Com Vítimas Feridas";"Anoitecer";"Crescente";"Céu Claro";"Simples";"Reta";"Não";3;0;2;0;1;0;2;2;-12,86232;-55,8332;"SR-MT";"DEL2/6";"UOP01/MT"
263715;2020-01-18;"sábado";"18:30:00";"MT";163;738;"SORRISO";"Ultrapassagem Indevida";"Colisão frontal";"Com Vítimas Fatais";"Anoitecer";"Crescente";"Céu Claro";"Simples";"Reta";"Não";8;1;2;1;4;0;3;4;-12,66324;-55,79152;"SR-MT";"DEL2/6";"UOP01/MT"
263716;2020-01-18;"sábado";"22:30:00";"SC";280;20,6;"BALNEARIO BARRA DO SUL";"Falta de Atenção à Condução";"Colisão transversal";"Com Vítimas Feridas";"Plena Noite";"Crescente";"Chuva";"Simples";"Interseção de vias";"Não";4;0;3;0;1;0;3;2;-26,3699;-48,68224;"SR-SC";"DEL8/3";"UOP03/SC"
263718;2020-01-19;"domingo";"00:40:00";"SP";116;269,5;"TABOAO DA SERRA";"Desobediência às normas de trânsito pelo condutor";"Colisão transversal";"Sem Vítimas";"Plena Noite";"Decrescente";"Nublado";"Dupla";"Não Informado";"Sim";4;0;0;0;4;0;0;2;-23,60887;-46,75754;"SR-SP";"DEL6/4";"UOP01/SP"
263719;2020-01-19;"domingo";"03:30:00";"RJ";40;52,7;"PETROPOLIS";"Velocidade Incompatível";"Capotamento";"Com Vítimas Feridas";"Plena Noite";"Decrescente";"Ignorado";"Dupla";"Curva";"Não";4;0;3;0;1;0;3;1;-22,33571;-43,1332;"SR-RJ";"DEL5/6";"UOP01/RJ"
263721;2020-01-19;"domingo";"02:50:00";"RJ";101;509;"ANGRA DOS REIS";"Velocidade Incompatível";"Saída de leito carroçável";"Sem Vítimas";"Plena Noite";"Crescente";"Nublado";"Simples";"Curva";"Sim";1;0;0;0;1;0;0;1;-22,94451;-44,43111;"SR-RJ";"DEL5/3";"UOP03/RJ"
263723;2020-01-19;"domingo";"04:15:00";"SC";101;8,9;"GARUVA";"Falta de Atenção à Condução";"Colisão traseira";"Com Vítimas Feridas";"Plena Noite";"Crescente";"Nublado";"Dupla";"Reta";"Sim";3;0;2;0;0;1;2;2;-26,04494;-48,8597;"SR-SC";"DEL8/3";"UOP01/SC"
263724;2020-01-19;"domingo";"03:00:00";"PE";423;111,5;"PARANATAMA";"Ingestão de Álcool";"Colisão transversal";"Com Vítimas Feridas";"Plena Noite";"Crescente";"Céu Claro";"Simples";"Não Informado";"Não";2;0;1;0;1;0;1;2;-8,893035;-36,61653;"SR-PE";"DEL11/3";"UOP01/PE"
263725;2020-01-19;"domingo";"04:40:00";"RS";290;58;"GLORINHA";"Condutor Dormindo";"Saída de leito carroçável";"Com Vítimas Feridas";"Amanhecer";"Crescente";"Céu Claro";"Dupla";"Reta";"Não";2;0;1;0;1;0;1;1;-29,92079;-50,83826;"SR-RS";"DEL9/3";"UOP01/RS"
263726;2020-01-19;"domingo";"03:50:00";"GO";60;62,8;"ABADIANIA";"Falta de Atenção à Condução";"Saída de leito carroçável";"Com Vítimas Feridas";"Plena Noite";"Crescente";"Céu Claro";"Dupla";"Curva";"Não";1;0;1;0;0;0;1;1;-16,20083;-48,73638;"SR-GO";"DEL1/2";"UOP01/GO"
263727;2020-01-19;"domingo";"04:00:00";"BA";101;115;"ALAGOINHAS";"Animais na Pista";"Atropelamento de Animal";"Com Vítimas Feridas";"Plena Noite";"Crescente";"Céu Claro";"Simples";"Reta";"Não";2;0;1;0;1;0;1;1;-12,15322;-38,52079;"SR-BA";"DEL10/1";"UOP04/BA"
263728;2020-01-19;"domingo";"05:10:00";"GO";153;435,2;"ANAPOLIS";"Velocidade Incompatível";"Saída de leito carroçável";"Com Vítimas Feridas";"Amanhecer";"Crescente";"Céu Claro";"Dupla";"Reta";"Sim";1;0;0;1;0;0;1;1;-16,28052;-48,96005;"SR-GO";"DEL1/2";"UOP01/GO"
263729;2020-01-19;"domingo";"05:00:00";"RS";116;141,1;"CAXIAS DO SUL";"Ingestão de Álcool";"Colisão com objeto estático";"Com Vítimas Feridas";"Amanhecer";"Crescente";"Céu Claro";"Simples";"Curva";"Não";1;0;1;0;0;0;1;1;-29,11161;-51,1104;"SR-RS";"DEL9/5";"UOP01/RS"