"id";"data_inversa";"dia_semana";"horario";"uf";"br";"km";"municipio";"causa_acidente";"tipo_acidente";"classificacao_acidente";"fase_dia";"sentido_via";"condicao_metereologica";"tipo_pista";"tracado_via";"uso_solo";"pessoas";"mortos";"feridos_leves";"feridos_graves";"ilesos";"ignorados";"feridos";"veiculos";"latitude";"longitude";"regional";"delegacia";"uop"
263730;2020-01-19;"domingo";"05:20:00";"RS";116;265;"CANOAS";"Desobediência às normas de trânsito pelo condutor";"Colisão transversal";"Sem Vítimas";"Plena Noite";"Decrescente";"Céu Claro";"Simples";"Não Informado";"Sim";2;0;0;0;2;0;0;2;-29,92342;-51,17781;"SR-RS";"DEL9/1";"UOP01/RS"
263731;2020-01-19;"domingo";"05:00:00";"RJ";493;102;"SEROPEDICA";"Falta de Atenção à Condução";"Colisão transversal";"Com Vítimas Feridas";"Pleno dia";"Crescente";"Céu Claro";"Dupla";"Reta";"Não";7;0;5;0;2;0;5;2;-22,75407;-43,72953;"SR-RJ";"DEL5/3";"UOP01/RJ"
263732;2020-01-19;"domingo";"05:00:00";"SP";116;317;"JUQUITIBA";"Condutor Dormindo";"Capotamento";"Com Vítimas Feridas";"Pleno dia";"Crescente";"Nublado";"Dupla";"Curva";"Não";3;0;3;0;0;0;3;1;-23,918;-46,98973;"SR-SP";"DEL6/4";"UOP01/SP"
263733;2020-01-19;"domingo";"04:00:00";"RO";364;710;"PORTO VELHO";"Ingestão de Álcool";"Colisão transversal";"Com Vítimas Feridas";"Plena Noite";"Decrescente";"Nublado";"Simples";"Reta";"Sim";2;0;1;0;1;0;1;2;-8,784389;-63,8608;"SR-RO";"DEL21/1";"UOP01/RO"
263734;2020-01-19;"domingo";"05:39:00";"PB";230;28;"JOAO PESSOA";"Falta de Atenção à Condução";"Colisão com objeto estático";"Sem Vítimas";"Pleno dia";"Crescente";"Céu Claro";"Dupla";"Reta";"Não";1;0;0;0;0;1;0;1;-7,1677;-34,8855;"SR-PB";"DEL14/1";"UOP01/PB"
263735;2020-01-19;"domingo";"05:40:00";"MG";381;510;"IGARAPE";"Falta de Atenção à Condução";"Queda de ocupante de veículo";"Com Vítimas Feridas";"Amanhecer";"Decrescente";"Nublado";"Simples";"Reta";"Sim";1;0;1;0;0;0;1;1;-20,07738;-44,30434;"SR-MG";"DEL4/1";"UOP03/MG"
263736;2020-01-19;"domingo";"05:20:00";"BA";324;620;"SALVADOR";"Animais na Pista";"Atropelamento de Animal";"Com Vítimas Feridas";"Pleno dia";"Decrescente";"Céu Claro";"Múltipla";"Reta";"Sim";2;0;0;1;0;1;1;1;-12,90482;-38,45557;"SR-BA";"DEL10/1";"UOP01/BA"
263737;2020-01-19;"domingo";"05:00:00";"MS";163;181,5;"JUTI";"Falta de Atenção à Condução";"Saída de leito carroçável";"Com Vítimas Feridas";"Amanhecer";"Crescente";"Céu Claro";"Simples";"Reta";"Não";2;0;2;0;0;0;2;1;-22,828;-54,68703;"SR-MS";"DEL3/09";"UOP01/MS"
263738;2020-01-18;"sábado";"23:50:00";"BA";242;415;"SEABRA";"Falta de Atenção à Condução";"Colisão frontal";"Com Vítimas Fatais";"Plena Noite";"Decrescente";"Céu Claro";"Simples";"Desvio Temporário";"Não";4;3;1;0;0;0;1;2;-12,42862;-41,77926;"SR-BA";"DEL10/6";"UOP01/BA"
263739;2020-01-19;"domingo";"06:15:00";"MG";40;728,2;"OLIVEIRA FORTES";"Pista Escorregadia";"Saída de leito carroçável";"Com Vítimas Feridas";"Amanhecer";"Crescente";"Garoa/Chuvisco";"Dupla";"Desvio Temporário";"Não";3;0;1;0;2;0;1;1;-21,31842;-43,5869;"SR-MG";"DEL5";"UOP01/MG"
263740;2020-01-19;"domingo";"06:00:00";"BA";242;772;"BARREIRAS";"Animais na Pista";"Capotamento";"Com Vítimas Feridas";"Pleno dia";"Decrescente";"Céu Claro";"Simples";"Reta";"Não";2;0;1;0;1;0;1;1;-12,15955;-44,63806;"SR-BA";"DEL10/10";"UOP01/BA"
263741;2020-01-19;"domingo";"05:00:00";"CE";116;444,7;"BARRO";"Falta de Atenção à Condução";"Saída de leito carroçável";"Com Vítimas Feridas";"Amanhecer";"Decrescente";"Nublado";"Simples";"Não Informado";"Não";1;0;1;0;0;0;1;1;-7,085524;-38,78389;"SR-CE";"DEL16/5";"UOP03/CE"
263744;2020-01-17;"sexta-feira";"00:40:00";"MG";251;509;"FRANCISCO SA";"Velocidade Incompatível";"Capotamento";"Com Vítimas Feridas";"Plena Noite";"Decrescente";"Céu Claro";"Simples";"Não Informado";"Não";2;0;2;0;0;0;2;1;-16,64069;-43,69967;"SR-MG";"DEL4/12";"UOP01/MG"
263745;2020-01-19;"domingo";"06:00:00";"MG";153;75,8;"MONTE ALEGRE DE MINAS";"Falta de Atenção à Condução";"Tombamento";"Com Vítimas Feridas";"Amanhecer";"Crescente";"Nublado";"Simples";"Curva";"Não";3;0;2;0;0;1;2;1;-19,0296;-49,01045;"SR-MG";"DEL4/15";"UOP03/MG"
263746;2020-01-19;"domingo";"07:00:00";"RS";290;108;"ELDORADO DO SUL";"Falta de Atenção à Condução";"Saída de leito carroçável";"Com Vítimas Feridas";"Pleno dia";"Decrescente";"Céu Claro";"Dupla";"Reta";"Não";1;0;1;0;0;0;1;1;-30,00655;-51,31293;"SR-RS";"DEL9/2";"UOP01/RS"
263747;2020-01-19;"domingo";"05:10:00";"RS";386;346;"LAJEADO";"Ingestão de Álcool";"Saída de leito carroçável";"Sem Vítimas";"Plena Noite";"Crescente";"Céu Claro";"Dupla";"Viaduto";"Não";1;0;0;0;0;1;0;1;-29,4466;-51,97547;"SR-RS";"DEL9/4";"UOP01/RS"
263748;2020-01-19;"domingo";"06:00:00";"RJ";356;164;"SAO JOAO DA BARRA";"Falta de Atenção à Condução";"Colisão transversal";"Com Vítimas Feridas";"Pleno dia";"Decrescente";"Céu Claro";"Dupla";"Reta";"Não";2;0;1;0;1;0;1;2;-21,71454;-41,13114;"SR-RJ";"DEL5/8";"UOP02/RJ"
263750;2020-01-19;"domingo";"05:30:00";"MS";60;63,1;"PARAISO DAS AGUAS";"Desobediência às normas de trânsito pelo condutor";"Colisão transversal";"Com Vítimas Feridas";"Pleno dia";"Decrescente";"Céu Claro";"Simples";"Reta";"Não";7;0;6;0;1;0;6;2;-19,03828;-53,00801;"SR-MS";"DEL3/6";"UOP02/MS"
263751;2020-01-19;"domingo";"07:30:00";"MG";40;824,9;"SIMAO PEREIRA";"Velocidade Incompatível";"Colisão com objeto estático";"Com Vítimas Feridas";"Pleno dia";"Crescente";"Garoa/Chuvisco";"Dupla";"Curva";"Não";1;0;1;0;0;0;1;1;-21,9669;-43,29127;"SR-MG";"DEL5";"UOP01/MG"
263752;2020-01-19;"domingo";"08:00:00";"RS";290;86;"PORTO ALEGRE";"Falta de Atenção à Condução";"Saída de leito carroçável";"Sem Vítimas";"Pleno dia";"Crescente";"Céu Claro";"Múltipla";"Curva";"Não";1;0;0;0;1;0;0;1;-29,96841;-51,11714;"SR-RS";"DEL9/1";"UOP01/RS"
263753;2020-01-19;"domingo";"06:00:00";"PR";476;168,9;"CONTENDA";"Ingestão de Álcool";"Saída de leito carroçável";"Com Vítimas Feridas";"Pleno dia";"Crescente";"Nublado";"Múltipla";"Curva";"Não";1;0;1;0;0;0;1;1;-25,66106;-49,48967;"SR-PR";"DEL7/1";"UOP04/PR"
263754;2020-01-19;"domingo";"07:15:00";"MT";70;288;"PRIMAVERA DO LESTE";"Desobediência às normas de trânsito pelo condutor";"Colisão frontal";"Sem Vítimas";"Pleno dia";"Crescente";"Céu Claro";"Dupla";"Interseção de vias";"Não";2;0;0;0;2;0;0;2;-15,5784;-54,39434;"SR-MT";"DEL2/5";"UOP01/MT"
263755;2020-01-19;"domingo";"08:53:00";"RN";304;19;"MOSSORO";"Ultrapassagem Indevida";"Tombamento";"Com Vítimas Feridas";"Pleno dia";"Crescente";"Céu Claro";"Simples";"Reta";"Não";2;0;1;0;0;1;1;2;-5,010527;-37,36553;"SR-RN";"DEL15/4";"UOP02/RN"
263756;2020-01-19;"domingo";"08:00:00";"PI";407;428;"GEMINIANO";"Fenômenos da Natureza";"Saída de leito carroçável";"Com Vítimas Feridas";"Pleno dia";"Crescente";"Garoa/Chuvisco";"Simples";"Curva";"Não";1;0;0;1;0;0;1;1;-7,116751;-41,40736;"SR-PI";"DEL17/4";"UOP01/PI"
263757;2020-01-19;"domingo";"08:50:00";"MG";40;465,9;"SETE LAGOAS";"Defeito na Via";"Queda de ocupante de veículo";"Com Vítimas Feridas";"Pleno dia";"Decrescente";"Céu Claro";"Dupla";"Reta";"Não";1;0;1;0;0;0;1;1;-19,44331;-44,32486;"SR-MG";"DEL4/2";"UOP01/MG"
263758;2020-01-19;"domingo";"07:20:00";"PI";316;4,3;"TERESINA";"Desobediência às normas de trânsito pelo condutor";"Colisão transversal";"Com Vítimas Feridas";"Pleno dia";"Decrescente";"Sol";"Dupla";"Viaduto";"Sim";2;0;1;0;1;0;1;2;-5,136559;-42,789;"SR-PI";"DEL17/1";"UOP02/PI"
263759;2020-01-19;"domingo";"07:50:00";"SC";101;90,4;"BARRA VELHA";"Falta de Atenção à Condução";"Colisão traseira";"Sem Vítimas";"Pleno dia";"Crescente";"Nublado";"Dupla";"Reta";"Sim";2;0;0;0;1;1;0;2;-26,67278;-48,69056;"SR-SC";"DEL8/3";"UOP02/SC"
263760;2020-01-19;"domingo";"06:18:00";"RJ";101;486;"ANGRA DOS REIS";"Desobediência às normas de trânsito pelo condutor";"Colisão transversal";"Com Vítimas Feridas";"Pleno dia";"Crescente";"Céu Claro";"Múltipla";"Interseção de vias";"Sim";2;0;0;1;1;0;1;2;-22,97709;-44,29635;"SR-RJ";"DEL5/3";"UOP02/RJ"
263761;2020-01-19;"domingo";"09:00:00";"MG";50;5;"ARAGUARI";"Velocidade Incompatível";"Queda de ocupante de veículo";"Com Vítimas Feridas";"Pleno dia";"Crescente";"Céu Claro";"Dupla";"Reta";"Não";1;0;1;0;0;0;1;1;-18,4621;-48,04941;"SR-MG";"DEL4/15";"UOP02/MG"
263763;2020-01-19;"domingo";"09:10:00";"TO";153;224;"COLINAS DO TOCANTINS";"Defeito Mecânico no Veículo";"Danos eventuais";"Sem Vítimas";"Pleno dia";"Decrescente";"Nublado";"Simples";"Reta";"Não";2;0;0;0;2;0;0;2;-7,853805;-48,45844;"SR-TO";"UOP04/TO";""
263764;2020-01-19;"domingo";"07:40:00";"RS";101;64;"MAQUINE";"Condutor Dormindo";"Colisão com objeto estático";"Com Vítimas Feridas";"Pleno dia";"Crescente";"Sol";"Dupla";"Reta";"Não";2;0;1;0;1;0;1;1;-29,69621;-50,16781;"SR-RS";"DEL9/3";"UOP02/RS"
263765;2020-01-19;"domingo";"08:20:00";"AP";210;2,2;"MACAPA";"Ingestão de Álcool";"Saída de leito carroçável";"Com Vítimas Feridas";"Pleno dia";"Decrescente";"Garoa/Chuvisco";"Múltipla";"Reta";"Sim";2;0;1;0;1;0;1;1;0,08282017;-51,07776;"SR-AP";"UOP01/AP";""
263766;2020-01-19;"domingo";"08:00:00";"ES";262;2,2;"CARIACICA";"Ingestão de Álcool";"Colisão lateral";"Sem Vítimas";"Pleno dia";"Crescente";"Sol";"Dupla";"Interseção de vias";"Sim";3;0;0;0;3;0;0;2;-20,33276;-40,36078;"SR-ES";"DEL12/1";"UOP01/ES"
263767;2020-01-19;"domingo";"09:55:00";"ES";262;1;"CARIACICA";"Defeito Mecânico no Veículo";"Tombamento";"Com Vítimas Feridas";"Pleno dia";"Decrescente";"Céu Claro";"Dupla";"Reta";"Sim";1;0;1;0;0;0;1;1;-20,32955;-40,35493;"SR-ES";"DEL12/1";"UOP01/ES"
263768;2020-01-19;"domingo";"09:15:00";"PI";316;134,2;"PASSAGEM FRANCA DO PIAUI";"Fenômenos da Natureza";"Capotamento";"Com Vítimas Feridas";"Pleno dia";"Decrescente";"Chuva";"Simples";"Curva";"Não";2;0;1;1;0;0;2;1;-6,046267;-42,27925;"SR-PI";"DEL17/4";"UOP02/PI"
263769;2020-01-19;"domingo";"09:40:00";"MT";158;713;"BARRA DO GARCAS";"Condutor Dormindo";"Capotamento";"Com Vítimas Feridas";"Pleno dia";"Crescente";"Céu Claro";"Simples";"Reta";"Não";1;0;1;0;0;0;1;1;-15,16463;-52,18709;"SR-MT";"DEL2/8";"UOP01/MT"
263770;2020-01-19;"domingo";"09:45:00";"ES";101;392;"RIO NOVO DO SUL";"Carga excessiva e/ou mal acondicionada";"Tombamento";"Com Vítimas Feridas";"Pleno dia";"Crescente";"Céu Claro";"Simples";"Curva";"Não";1;0;1;0;0;0;1;1;-20,86734;-40,90427;"SR-ES";"DEL12/3";"UOP02/ES"
263771;2020-01-19;"domingo";"10:48:00";"RS";470;175;"VERANOPOLIS";"Falta de Atenção à Condução";"Colisão traseira";"Com Vítimas Feridas";"Pleno dia";"Crescente";"Céu Claro";"Simples";"Reta";"Não";2;0;2;0;0;0;2;2;-28,91649;-51,53939;"SR-RS";"DEL9/6";"UOP02/RS"
263772;2020-01-08;"quarta-feira";"01:30:00";"PR";476;177,9;"CONTENDA";"Fenômenos da Natureza";"Colisão com objeto estático";"Com Vítimas Feridas";"Plena Noite";"Crescente";"Nublado";"Simples";"Reta";"Não";1;0;1;0;0;0;1;1;-25,70848;-49,5992;"SR-PR";"DEL7/1";"UOP04/PR"
263773;2020-01-19;"domingo";"10:05:00";"MG";381;704,5;"LAVRAS";"Velocidade Incompatível";"Saída de leito carroçável";"Com Vítimas Feridas";"Pleno dia";"Crescente";"Chuva";"Dupla";"Curva";"Não";3;0;3;0;0;0;3;1;-21,3113;-45,16389;"SR-MG";"DEL4/4";"UOP02/MG"
263774;2020-01-19;"domingo";"10:45:00";"MG";381;349;"JOAO MONLEVADE";"Velocidade Incompatível";"Colisão frontal";"Com Vítimas Feridas";"Pleno dia";"Decrescente";"Chuva";"Simples";"Curva";"Não";6;0;2;2;2;0;4;2;-19,85891;-43,10714;"SR-MG";"DEL4/3";"UOP01/MG"
263775;2020-01-19;"domingo";"10:20:00";"MG";381;410;"NOVA UNIAO";"Sinalização da via insuficiente ou inadequada";"Tombamento";"Com Vítimas Feridas";"Pleno dia";"Decrescente";"Céu Claro";"Simples";"Curva";"Não";2;0;0;2;0;0;2;1;-19,74714;-43,54747;"SR-MG";"DEL4/1";"UOP01/MG"
263776;2020-01-19;"domingo";"10:45:00";"MS";163;547,9;"BANDEIRANTES";"Falta de Atenção à Condução";"Saída de leito carroçável";"Com Vítimas Feridas";"Pleno dia";"Crescente";"Céu Claro";"Simples";"Desvio Temporário";"Sim";1;0;1;0;0;0;1;1;-19,92782;-54,3659;"SR-MS";"DEL3/1";"UOP02/MS"
263777;2020-01-19;"domingo";"10:30:00";"MS";267;490,6;"JARDIM";"Avarias e/ou desgaste excessivo no pneu";"Tombamento";"Com Vítimas Feridas";"Pleno dia";"Crescente";"Céu Claro";"Simples";"Reta";"Não";1;0;1;0;0;0;1;1;-21,48566;-56,21959;"SR-MS";"DEL3/5";"UOP01/MS"
263778;2020-01-19;"domingo";"10:30:00";"MS";163;349;"RIO BRILHANTE";"Desobediência às normas de trânsito pelo condutor";"Tombamento";"Com Vítimas Feridas";"Pleno dia";"Decrescente";"Céu Claro";"Simples";"Reta";"Não";2;0;1;1;0;0;2;1;-21,60002;-54,43689;"SR-MS";"DEL2";"UOP02/MS"
263779;2020-01-19;"domingo";"11:40:00";"SC";101;465;"PASSO DE TORRES";"Não guardar distância de segurança";"Colisão traseira";"Com Vítimas Feridas";"Pleno dia";"Crescente";"Céu Claro";"Dupla";"Reta";"Sim";3;0;2;0;0;1;2;2;-29,29817;-49,76898;"SR-RS";"DEL9/3";"UOP02/RS"
263781;2020-01-19;"domingo";"11:50:00";"SE";101;17,1;"CEDRO DE SAO JOAO";"Sinalização da via insuficiente ou inadequada";"Saída de leito carroçável";"Com Vítimas Feridas";"Pleno dia";"Decrescente";"Nublado";"Dupla";"Curva";"Não";4;0;3;0;1;0;3;1;-10,33832;-36,89396;"SR-SE";"DEL20/2";"UOP02/SE"
263782;2020-01-19;"domingo";"10:15:00";"SC";282;436,4;"IRANI";"Desobediência às normas de trânsito pelo condutor";"Colisão transversal";"Com Vítimas Feridas";"Pleno dia";"Decrescente";"Céu Claro";"Simples";"Interseção de vias";"Não";4;0;2;0;2;0;2;2;-26,97084;-51,8511;"SR-SC";"DEL7";"UOP05/SC"
263783;2020-01-19;"domingo";"12:10:00";"SP";116;150;"SAO JOSE DOS CAMPOS";"Defeito Mecânico no Veículo";"Colisão com objeto estático";"Com Vítimas Feridas";"Pleno dia";"Decrescente";"Nublado";"Dupla";"Reta";"Sim";1;0;1;0;0;0;1;1;-23,21336;-45,89306;"SR-SP";"DEL6/2";"UOP01/SP"
263784;2020-01-19;"domingo";"11:50:00";"PE";424;97,3;"GARANHUNS";"Defeito Mecânico no Veículo";"Incêndio";"Sem Vítimas";"Pleno dia";"Decrescente";"Céu Claro";"Simples";"Reta";"Não";1;0;0;0;1;0;0;1;-8,93478;-36,50438;"SR-PE";"DEL11/3";"UOP01/PE"
263785;2020-01-19;"domingo";"04:15:00";"MS";262;273,7;"RIBAS DO RIO PARDO";"Animais na Pista";"Atropelamento de Animal";"Com Vítimas Feridas";"Amanhecer";"Crescente";"Ignorado";"Simples";"Reta";"Não";2;0;1;0;0;1;1;1;-20,46271;-54,04366;"SR-MS";"DEL3/1";"UOP01/MS"
263787;2020-01-19;"domingo";"12:57:00";"MG";381;543,9;"ITATIAIUCU";"Velocidade Incompatível";"Saída de leito carroçável";"Com Vítimas Feridas";"Pleno dia";"Crescente";"Chuva";"Dupla";"Curva";"Sim";3;0;1;0;2;0;1;2;-20,27337;-44,42585;"SR-MG";"DEL4/4";"UOP03/MG"
263788;2020-01-19;"domingo";"10:00:00";"MG";262;385;"MATEUS LEME";"Velocidade Incompatível";"Saída de leito carroçável";"Com Vítimas Feridas";"Pleno dia";"Decrescente";"Céu Claro";"Dupla";"Curva";"Não";1;0;1;0;0;0;1;1;-19,93325;-44,42077;"SR-MG";"DEL4/1";"UOP03/MG"
263789;2020-01-19;"domingo";"13:30:00";"PB";104;186;"ALCANTIL";"Defeito Mecânico no Veículo";"Tombamento";"Com Vítimas Feridas";"Pleno dia";"Crescente";"Céu Claro";"Simples";"Não Informado";"Não";2;0;1;0;1;0;1;1;-7,688633;-36,06166;"SR-PB";"DEL14/2";"UOP03/PB"
263791;2020-01-19;"domingo";"13:15:00";"SP";153;39,7;"ONDA VERDE";"Falta de Atenção à Condução";"Colisão transversal";"Com Vítimas Fatais";"Pleno dia";"Crescente";"Céu Claro";"Simples";"Reta";"Não";5;1;3;0;1;0;3;2;-20,61197;-49,32943;"SR-SP";"DEL6/9";"UOP01/SP"
263793;2020-01-19;"domingo";"13:30:00";"MG";40;213;"JOAO PINHEIRO";"Animais na Pista";"Atropelamento de Animal";"Com Vítimas Feridas";"Pleno dia";"Crescente";"Céu Claro";"Simples";"Não Informado";"Não";1;0;0;1;0;0;1;1;-17,96471;-45,71192;"SR-MG";"DEL4/14";"UOP02/MG"
263794;2020-01-19;"domingo";"10:25:00";"MG";153;183,7;"FRUTAL";"Falta de Atenção à Condução";"Saída de leito carroçável";"Com Vítimas Feridas";"Pleno dia";"Crescente";"Céu Claro";"Simples";"Reta";"Não";3;0;1;0;1;1;1;2;-19,88094;-48,97505;"SR-MG";"DEL13";"UOP02/MG"
263795;2020-01-19;"domingo";"13:15:00";"PA";222;107,2;"RONDON DO PARA";"Desobediência às normas de trânsito pelo condutor";"Colisão lateral";"Com Vítimas Feridas";"Pleno dia";"Crescente";"Sol";"Dupla";"Não Informado";"Sim";6;0;0;2;4;0;2;2;-4,779562;-48,08822;"SR-PA";"DEL19/2";"UOP03/PA"
263796;2020-01-19;"domingo";"12:40:00";"BA";407;217;"QUIXABEIRA";"Falta de Atenção à Condução";"Capotamento";"Com Vítimas Feridas";"Pleno dia";"Decrescente";"Céu Claro";"Simples";"Reta";"Não";4;0;4;0;0;0;4;1;-11,2459;-40,02516;"SR-BA";"DEL10/4";"UOP02/BA"
263797;2020-01-19;"domingo";"12:00:00";"PR";116;210,7;"RIO NEGRO";"Pista Escorregadia";"Colisão com objeto estático";"Sem Vítimas";"Pleno dia";"Decrescente";"Sol";"Simples";"Interseção de vias";"Sim";2;0;0;0;2;0;0;1;-26,07479;-49,76117;"SR-SC";"DEL8/6";"UOP01/SC"
263798;2020-01-19;"domingo";"13:30:00";"PI";316;1;"TERESINA";"Falta de Atenção à Condução";"Colisão traseira";"Com Vítimas Feridas";"Pleno dia";"Decrescente";"Nublado";"Dupla";"Rotatória";"Sim";2;0;1;0;1;0;1;2;-5,128619;-42,80707;"SR-PI";"DEL17/1";"UOP02/PI"
263799;2020-01-19;"domingo";"11:38:00";"PR";277;643;"CEU AZUL";"Velocidade Incompatível";"Colisão frontal";"Com Vítimas Feridas";"Pleno dia";"Crescente";"Céu Claro";"Simples";"Reta";"Não";4;0;3;1;0;0;4;2;-25,17676;-53,87753;"SR-PR";"DEL7/5";"UOP02/PR"
263800;2020-01-19;"domingo";"10:52:00";"GO";153;350,1;"JARAGUA";"Não guardar distância de segurança";"Colisão lateral";"Com Vítimas Feridas";"Pleno dia";"Crescente";"Céu Claro";"Simples";"Não Informado";"Não";4;0;3;0;1;0;3;2;-15,66686;-49,35167;"SR-GO";"DEL1/2";"UOP02/GO"
263801;2020-01-19;"domingo";"13:05:00";"MT";364;281,1;"JACIARA";"Defeito Mecânico no Veículo";"Queda de ocupante de veículo";"Com Vítimas Feridas";"Pleno dia";"Crescente";"Nublado";"Dupla";"Não Informado";"Não";2;0;1;0;1;0;1;1;-15,92806;-55,02263;"SR-MT";"DEL2/1";"UOP02/MT"
263802;2020-01-19;"domingo";"12:30:00";"BA";101;316,5;"PRESIDENTE TANCREDO NEVES";"Desobediência às normas de trânsito pelo condutor";"Colisão frontal";"Com Vítimas Feridas";"Pleno dia";"Crescente";"Sol";"Simples";"Reta";"Não";7;0;4;2;1;0;6;2;-13,38728;-39,39148;"SR-BA";"DEL10/5";"UOP03/BA"
263803;2020-01-15;"quarta-feira";"01:50:00";"SC";470;138,5;"RIO DO SUL";"Ingestão de Álcool";"Saída de leito carroçável";"Sem Vítimas";"Plena Noite";"Crescente";"Nublado";"Simples";"Reta";"Não";1;0;0;0;1;0;0;1;-27,21204;-49,65158;"SR-SC";"DEL8/4";"UOP02/SC"
263804;2020-01-19;"domingo";"12:30:00";"SC";282;562,6;"NOVA ERECHIM";"Condutor Dormindo";"Saída de leito carroçável";"Com Vítimas Feridas";"Pleno dia";"Crescente";"Sol";"Simples";"Não Informado";"Não";3;0;1;0;2;0;1;1;-26,91111;-52,86548;"SR-SC";"DEL7";"UOP02/SC"
263806;2020-01-19;"domingo";"14:50:00";"SC";101;219,2;"PALHOCA";"Falta de Atenção à Condução";"Queda de ocupante de veículo";"Com Vítimas Feridas";"Pleno dia";"Decrescente";"Céu Claro";"Múltipla";"Reta";"Não";3;0;1;0;2;0;1;2;-27,68392;-48,6671;"SR-SC";"DEL8/1";"UOP02/SC"
263807;2020-01-19;"domingo";"14:00:00";"RJ";116;186,3;"NOVA IGUACU";"Falta de Atenção à Condução";"Saída de leito carroçável";"Com Vítimas Feridas";"Pleno dia";"Crescente";"Nublado";"Múltipla";"Reta";"Sim";5;0;2;0;3;0;2;1;-22,73962;-43,46276;"SR-RJ";"DEL5/1";"UOP02/RJ"
263808;2020-01-19;"domingo";"15:15:00";"MG";40;566;"NOVA LIMA";"Falta de Atenção à Condução";"Colisão com objeto estático";"Com Vítimas Feridas";"Pleno dia";"Crescente";"Garoa/Chuvisco";"Simples";"Reta";"Não";2;0;0;1;1;0;1;2;-20,17885;-43,96636;"SR-MG";"DEL4/1";"UOP02/MG"
263809;2020-01-19;"domingo";"15:30:00";"RS";116;200,2;"PICADA CAFE";"Pista Escorregadia";"Tombamento";"Com Vítimas Feridas";"Pleno dia";"Decrescente";"Céu Claro";"Simples";"Curva";"Não";2;0;2;0;0;0;2;1;-29,48891;-51,13829;"SR-RS";"DEL9/5";"UOP02/RS"
263811;2020-01-19;"domingo";"15:00:00";"PR";376;445,4;"TIBAGI";"Ingestão de Álcool";"Tombamento";"Com Vítimas Feridas";"Pleno dia";"Decrescente";"Sol";"Dupla";"Não Informado";"Não";2;0;1;0;1;0;1;1;-24,8481;-50,4736;"SR-PR";"DEL7/3";"UOP05/PR"
263812;2020-01-19;"domingo";"15:15:00";"GO";60;95,2;"ANAPOLIS";"Falta de Atenção à Condução";"Saída de leito carroçável";"Sem Vítimas";"Pleno dia";"Decrescente";"Céu Claro";"Dupla";"Reta";"Sim";1;0;0;0;1;0;0;1;-16,3672;-48,93811;"SR-GO";"DEL1/2";"UOP01/GO"
263813;2020-01-19;"domingo";"14:50:00";"RO";364;340,9;"JI-PARANA";"Falta de Atenção à Condução";"Colisão com objeto estático";"Com Vítimas Feridas";"Pleno dia";"Crescente";"Céu Claro";"Dupla";"Não Informado";"Sim";1;0;1;0;0;0;1;1;-10,8988;-61,93046;"SR-RO";"DEL21/2";"UOP01/RO"
263814;2020-01-19;"domingo";"15:30:00";"RN";226;237,9;"JUCURUTU";"Desobediência às normas de trânsito pelo condutor";"Colisão frontal";"Com Vítimas Fatais";"Pleno dia";"Crescente";"Céu Claro";"Simples";"Reta";"Não";9;3;0;6;0;0;6;2;-6,07704;-36,95768;"SR-RN";"DEL15/3";"UOP01/RN"
263815;2020-01-19;"domingo";"15:55:00";"PI";316;297,2;"PICOS";"Ultrapassagem Indevida";"Colisão lateral";"Com Vítimas Feridas";"Pleno dia";"Crescente";"Nublado";"Simples";"Curva";"Não";3;0;0;2;1;0;2;2;-7,028557;-41,55709;"SR-PI";"DEL17/4";"UOP01/PI"
263816;2020-01-19;"domingo";"13:00:00";"MG";381;799,2;"SAO GONCALO DO SAPUCAI";"Ingestão de Álcool";"Queda de ocupante de veículo";"Com Vítimas Feridas";"Pleno dia";"Crescente";"Nublado";"Dupla";"Curva";"Não";1;0;1;0;0;0;1;1;-21,97237;-45,63124;"SR-MG";"DEL09";"UOP02/MG"
263817;2020-01-19;"domingo";"14:15:00";"SC";101;145;"ITAPEMA";"Falta de Atenção à Condução";"Colisão traseira";"Com Vítimas Feridas";"Pleno dia";"Decrescente";"Céu Claro";"Dupla";"Não Informado";"Sim";2;0;1;0;1;0;1;2;-27,08139;-48,60131;"SR-SC";"DEL8/4";"UOP03/SC"
263818;2020-01-19;"domingo";"09:45:00";"RO";364;268,5;"CACOAL";"Falta de Atenção à Condução";"Colisão traseira";"Sem Vítimas";"Pleno dia";"Decrescente";"Sol";"Simples";"Reta";"Não";3;0;0;0;3;0;0;2;-11,37734;-61,6959;"SR-RO";"DEL21/2";"UOP02/RO"
263819;2020-01-19;"domingo";"14:44:00";"ES";101;292;"CARIACICA";"Desobediência às normas de trânsito pelo condutor";"Queda de ocupante de veículo";"Com Vítimas Feridas";"Pleno dia";"Decrescente";"Céu Claro";"Dupla";"Reta";"Sim";1;0;1;0;0;0;1;1;-20,30651;-40,39489;"SR-ES";"DEL12/1";"UOP01/ES"
263820;2020-01-19;"domingo";"16:10:00";"PR";376;310;"ORTIGUEIRA";"Carga excessiva e/ou mal acondicionada";"Tombamento";"Com Vítimas Feridas";"Pleno dia";"Decrescente";"Céu Claro";"Simples";"Curva";"Não";1;0;1;0;0;0;1;1;-23,96089;-51,11404;"SR-PR";"DEL7/7";"UOP02/PR"
263822;2020-01-19;"domingo";"16:05:00";"PE";423;64;"LAJEDO";"Falta de Atenção à Condução";"Queda de ocupante de veículo";"Com Vítimas Feridas";"Pleno dia";"Crescente";"Céu Claro";"Simples";"Reta";"Sim";1;0;0;1;0;0;1;1;-8,66428;-36,35637;"SR-PE";"DEL11/3";"UOP01/PE"