"id";"data_inversa";"dia_semana";"horario";"uf";"br";"km";"municipio";"causa_acidente";"tipo_acidente";"classificacao_acidente";"fase_dia";"sentido_via";"condicao_metereologica";"tipo_pista";"tracado_via";"uso_solo";"pessoas";"mortos";"feridos_leves";"feridos_graves";"ilesos";"ignorados";"feridos";"veiculos";"latitude";"longitude";"regional";"delegacia";"uop"
264023;2020-01-17;"sexta-feira";"17:20:00";"PA";230;631,3;"ALTAMIRA";"Falta de Atenção à Condução";"Colisão traseira";"Com Vítimas Feridas";"Pleno dia";"Decrescente";"Céu Claro";"Simples";"Reta";"Não";2;0;1;0;1;0;1;2;-3,173693;-52,17226;"SR-PA";"DEL19/4";"UOP01/PA"
264024;2020-01-20;"segunda-feira";"11:25:00";"PR";277;78;"SAO JOSE DOS PINHAIS";"Falta de Atenção à Condução";"Atropelamento de Pedestre";"Com Vítimas Feridas";"Pleno dia";"Crescente";"Céu Claro";"Dupla";"Reta";"Sim";2;0;0;1;1;0;1;1;-25,51328;-49,12433;"SR-PR";"DEL7/1";"UOP01/PR"
264025;2020-01-20;"segunda-feira";"10:15:00";"BA";324;527;"FEIRA DE SANTANA";"Falta de Atenção à Condução";"Colisão traseira";"Com Vítimas Feridas";"Pleno dia";"Decrescente";"Céu Claro";"Dupla";"Reta";"Sim";2;0;1;0;1;0;1;2;-12,31184;-38,88332;"SR-BA";"DEL10/1";"UOP01/BA"
264026;2020-01-20;"segunda-feira";"11:50:00";"SP";101;47,2;"UBATUBA";"Desobediência às normas de trânsito pelo condutor";"Colisão transversal";"Com Vítimas Feridas";"Pleno dia";"Crescente";"Nublado";"Simples";"Reta";"Não";2;0;1;0;1;0;1;2;-23,43427;-45,08729;"SR-SP";"DEL6";"UOP03/SP"
264027;2020-01-20;"segunda-feira";"09:00:00";"MG";365;259,3;"JOAO PINHEIRO";"Condutor Dormindo";"Saída de leito carroçável";"Com Vítimas Feridas";"Pleno dia";"Crescente";"Céu Claro";"Simples";"Reta";"Não";4;0;2;0;2;0;2;1;-17,8643;-45,51318;"SR-MG";"DEL4/14";"UOP02/MG"
264028;2020-01-20;"segunda-feira";"11:05:00";"MG";381;480;"CONTAGEM";"Falta de Atenção à Condução";"Colisão lateral";"Com Vítimas Feridas";"Pleno dia";"Decrescente";"Nublado";"Dupla";"Reta";"Não";4;0;2;0;2;0;2;3;-19,9575;-44,079;"SR-MG";"DEL4/1";"UOP03/MG"
264029;2020-01-20;"segunda-feira";"12:26:00";"PB";101;83;"BAYEUX";"Falta de Atenção à Condução";"Colisão traseira";"Com Vítimas Feridas";"Pleno dia";"Crescente";"Céu Claro";"Dupla";"Reta";"Sim";3;0;2;0;0;1;2;2;-7,13377;-34,92964;"SR-PB";"DEL14/1";"UOP01/PB"
264030;2020-01-20;"segunda-feira";"12:20:00";"RS";386;334,9;"MARQUES DE SOUZA";"Ultrapassagem Indevida";"Colisão lateral";"Com Vítimas Feridas";"Pleno dia";"Decrescente";"Céu Claro";"Simples";"Curva";"Sim";5;0;3;0;2;0;3;2;-29,38521;-52,05336;"SR-RS";"DEL9/4";"UOP01/RS"
264031;2020-01-20;"segunda-feira";"11:45:00";"MG";40;758,6;"EWBANK DA CAMARA";"Falta de Atenção à Condução";"Colisão traseira";"Com Vítimas Feridas";"Pleno dia";"Decrescente";"Garoa/Chuvisco";"Simples";"Reta";"Não";4;0;1;0;3;0;1;2;-21,5115;-43,52599;"SR-MG";"DEL5";"UOP01/MG"
264032;2020-01-20;"segunda-feira";"12:25:00";"PR";476;132,9;"CURITIBA";"Falta de Atenção à Condução";"Colisão traseira";"Com Vítimas Feridas";"Pleno dia";"Decrescente";"Céu Claro";"Dupla";"Reta";"Sim";2;0;0;1;1;0;1;2;-25,46072;-49,25049;"SR-PR";"DEL7/1";"UOP03/PR"
264033;2020-01-20;"segunda-feira";"09:40:00";"RN";101;176,1;"CANGUARETAMA";"Falta de Atenção à Condução";"Saída de leito carroçável";"Com Vítimas Feridas";"Pleno dia";"Decrescente";"Nublado";"Dupla";"Curva";"Não";2;0;1;0;1;0;1;1;-6,501665;-35,112;"SR-RN";"DEL15/1";"UOP01/RN"
264034;2020-01-20;"segunda-feira";"13:26:00";"PE";232;180;"BELO JARDIM";"Ingestão de Álcool";"Colisão frontal";"Com Vítimas Feridas";"Pleno dia";"Decrescente";"Céu Claro";"Simples";"Reta";"Sim";2;0;0;1;1;0;1;2;-8,344497;-36,42888;"SR-PE";"DEL11/2";"UOP02/PE"
264035;2020-01-20;"segunda-feira";"13:00:00";"BA";101;121;"ALAGOINHAS";"Ingestão de Álcool";"Saída de leito carroçável";"Com Vítimas Feridas";"Pleno dia";"Crescente";"Céu Claro";"Simples";"Desvio Temporário";"Não";3;0;1;0;2;0;1;1;-12,16799;-38,57041;"SR-BA";"DEL10/1";"UOP04/BA"
264036;2020-01-20;"segunda-feira";"13:30:00";"RS";293;3,5;"PELOTAS";"Não guardar distância de segurança";"Colisão traseira";"Com Vítimas Feridas";"Pleno dia";"Decrescente";"Céu Claro";"Simples";"Reta";"Sim";2;0;1;0;1;0;1;2;-31,74064;-52,36444;"SR-RS";"DEL9/7";"UOP01/RS"
264037;2020-01-18;"sábado";"13:25:00";"RO";364;19,8;"VILHENA";"Desobediência às normas de trânsito pelo condutor";"Colisão frontal";"Com Vítimas Feridas";"Pleno dia";"Decrescente";"Sol";"Simples";"Reta";"Não";2;0;0;1;1;0;1;2;-12,7274;-60,18371;"SR-RO";"DEL21/4";"UOP01/RO"
264038;2020-01-20;"segunda-feira";"10:30:00";"SC";280;87,7;"CORUPA";"Mal Súbito";"Saída de leito carroçável";"Com Vítimas Feridas";"Pleno dia";"Decrescente";"Céu Claro";"Simples";"Curva";"Não";1;0;0;1;0;0;1;1;-26,40874;-49,27965;"SR-SC";"DEL8/6";"UOP03/SC"
264039;2020-01-20;"segunda-feira";"14:00:00";"PE";428;191,8;"PETROLINA";"Falta de Atenção à Condução";"Colisão transversal";"Com Vítimas Feridas";"Pleno dia";"Decrescente";"Sol";"Dupla";"Retorno Regulamentado";"Sim";3;0;1;0;2;0;1;2;-9,377664;-40,5027;"SR-PE";"DEL11/6";"UOP01/PE"
264041;2020-01-20;"segunda-feira";"12:00:00";"PR";277;729;"FOZ DO IGUACU";"Defeito Mecânico no Veículo";"Saída de leito carroçável";"Com Vítimas Feridas";"Pleno dia";"Crescente";"Céu Claro";"Dupla";"Interseção de vias";"Não";1;0;0;1;0;0;1;1;-25,45142;-54,58456;"SR-PR";"DEL7/5";"UOP03/PR"
264042;2020-01-20;"segunda-feira";"14:00:00";"MG";40;515,2;"RIBEIRAO DAS NEVES";"Falta de Atenção do Pedestre";"Atropelamento de Pedestre";"Com Vítimas Fatais";"Pleno dia";"Crescente";"Chuva";"Dupla";"Reta";"Não";3;1;0;0;1;1;0;1;-19,80901;-44,09493;"SR-MG";"DEL4/1";"UOP02/MG"
264043;2020-01-20;"segunda-feira";"13:50:00";"SP";116;292;"ITAPECERICA DA SERRA";"Falta de Atenção à Condução";"Saída de leito carroçável";"Com Vítimas Feridas";"Pleno dia";"Crescente";"Nublado";"Dupla";"Reta";"Não";1;0;1;0;0;0;1;1;-23,74582;-46,90003;"SR-SP";"DEL6/4";"UOP01/SP"
264044;2020-01-20;"segunda-feira";"14:25:00";"SC";101;153;"PORTO BELO";"Não guardar distância de segurança";"Colisão traseira";"Com Vítimas Feridas";"Pleno dia";"Decrescente";"Céu Claro";"Dupla";"Reta";"Sim";3;0;0;1;2;0;1;2;-27,14472;-48,61064;"SR-SC";"DEL8/4";"UOP03/SC"
264045;2020-01-20;"segunda-feira";"13:20:00";"RS";386;423;"MONTENEGRO";"Falta de Atenção à Condução";"Colisão transversal";"Com Vítimas Feridas";"Pleno dia";"Crescente";"Céu Claro";"Simples";"Reta";"Não";2;0;1;0;1;0;1;2;-29,81687;-51,39272;"SR-RS";"DEL9/4";"UOP02/RS"
264046;2020-01-20;"segunda-feira";"13:45:00";"BA";116;764,1;"POCOES";"Falta de Atenção à Condução";"Colisão lateral";"Com Vítimas Feridas";"Pleno dia";"Crescente";"Céu Claro";"Simples";"Reta";"Não";2;0;2;0;0;0;2;2;-14,56817;-40,4203;"SR-BA";"DEL10/8";"UOP02/BA"
264049;2020-01-20;"segunda-feira";"14:30:00";"PA";230;121;"MARABA";"Falta de Atenção à Condução";"Colisão transversal";"Com Vítimas Feridas";"Pleno dia";"Crescente";"Céu Claro";"Dupla";"Reta";"Sim";2;0;0;1;1;0;1;2;-5,352974;-49,12144;"SR-PA";"DEL19/3";"UOP01/PA"
264050;2020-01-20;"segunda-feira";"12:20:00";"RJ";101;480;"ANGRA DOS REIS";"Mal Súbito";"Colisão transversal";"Sem Vítimas";"Pleno dia";"Decrescente";"Nublado";"Simples";"Reta";"Não";2;0;0;0;2;0;0;2;-23,01331;-44,28362;"SR-RJ";"DEL5/3";"UOP02/RJ"
264051;2020-01-20;"segunda-feira";"09:15:00";"BA";324;615;"SALVADOR";"Não guardar distância de segurança";"Colisão traseira";"Sem Vítimas";"Pleno dia";"Crescente";"Céu Claro";"Dupla";"Reta";"Sim";2;0;0;0;2;0;0;2;-12,87206;-38,42746;"SR-BA";"DEL10/1";"UOP01/BA"
264052;2020-01-20;"segunda-feira";"13:30:00";"ES";262;157,6;"IBATIBA";"Defeito Mecânico no Veículo";"Colisão traseira";"Sem Vítimas";"Pleno dia";"Crescente";"Nublado";"Simples";"Reta";"Sim";3;0;0;0;3;0;0;2;-20,23103;-41,48811;"SR-ES";"DEL12/1";"UOP02/ES"
264053;2020-01-20;"segunda-feira";"14:15:00";"BA";324;569;"SAO SEBASTIAO DO PASSE";"Falta de Atenção à Condução";"Capotamento";"Com Vítimas Feridas";"Pleno dia";"Crescente";"Céu Claro";"Dupla";"Reta";"Não";5;0;5;0;0;0;5;1;-12,54066;-38,58869;"SR-BA";"DEL10/1";"UOP01/BA"
264054;2020-01-20;"segunda-feira";"10:35:00";"MG";262;803,5;"UBERABA";"Velocidade Incompatível";"Colisão com objeto estático";"Com Vítimas Feridas";"Pleno dia";"Crescente";"Sol";"Dupla";"Reta";"Sim";3;0;1;0;2;0;1;3;-19,7751;-47,97202;"SR-MG";"DEL13";"UOP01/MG"
264055;2020-01-20;"segunda-feira";"14:35:00";"RS";285;482,3;"ENTRE-IJUIS";"Falta de Atenção do Pedestre";"Atropelamento de Pedestre";"Com Vítimas Feridas";"Pleno dia";"Crescente";"Céu Claro";"Simples";"Não Informado";"Não";5;0;1;0;4;0;1;2;-28,37345;-54,12256;"SR-RS";"DEL9/10";"UOP01/RS"
264056;2020-01-20;"segunda-feira";"15:00:00";"TO";153;496;"PARAISO DO TOCANTINS";"Falta de Atenção à Condução";"Colisão transversal";"Com Vítimas Feridas";"Pleno dia";"Crescente";"Céu Claro";"Simples";"Reta";"Sim";3;0;2;0;1;0;2;2;-10,16528;-48,88095;"SR-TO";"UOP02/TO";""
264057;2020-01-20;"segunda-feira";"08:10:00";"MA";316;568;"CAXIAS";"Falta de Atenção do Pedestre";"Atropelamento de Pedestre";"Com Vítimas Feridas";"Pleno dia";"Decrescente";"Céu Claro";"Simples";"Reta";"Não";2;0;0;1;1;0;1;1;-4,914432;-43,21693;"SR-MA";"DEL18/3";"UOP02/MA"
264058;2020-01-20;"segunda-feira";"15:00:00";"SC";470;21,5;"ILHOTA";"Falta de Atenção à Condução";"Colisão transversal";"Com Vítimas Feridas";"Pleno dia";"Decrescente";"Sol";"Simples";"Interseção de vias";"Não";3;0;2;0;1;0;2;2;-26,8767;-48,82736;"SR-SC";"DEL8/4";"UOP04/SC"
264059;2020-01-20;"segunda-feira";"12:25:00";"MG";116;413,4;"GOVERNADOR VALADARES";"Desobediência às normas de trânsito pelo condutor";"Colisão transversal";"Com Vítimas Feridas";"Pleno dia";"Crescente";"Nublado";"Simples";"Reta";"Sim";2;0;1;0;1;0;1;2;-18,87391;-41,96637;"SR-MG";"DEL4/6";"UOP01/MG"
264060;2020-01-20;"segunda-feira";"14:23:00";"RO";364;196,1;"PIMENTA BUENO";"Desobediência às normas de trânsito pelo condutor";"Colisão lateral";"Com Vítimas Feridas";"Pleno dia";"Crescente";"Sol";"Dupla";"Interseção de vias";"Sim";2;0;2;0;0;0;2;2;-11,68559;-61,18398;"SR-RO";"DEL21/2";"UOP02/RO"
264062;2020-01-20;"segunda-feira";"15:15:00";"RS";158;224;"CRUZ ALTA";"Ingestão de Álcool";"Colisão lateral";"Sem Vítimas";"Pleno dia";"Crescente";"Nublado";"Simples";"Reta";"Não";2;0;0;0;2;0;0;2;-28,89545;-53,62287;"SR-RS";"DEL9/10";"UOP02/RS"
264063;2020-01-20;"segunda-feira";"16:15:00";"SC";101;218;"PALHOCA";"Desobediência às normas de trânsito pelo condutor";"Colisão traseira";"Com Vítimas Feridas";"Pleno dia";"Decrescente";"Céu Claro";"Dupla";"Reta";"Sim";2;0;0;1;1;0;1;2;-27,67586;-48,67053;"SR-SC";"DEL8/1";"UOP02/SC"
264065;2020-01-20;"segunda-feira";"14:25:00";"AL";316;85,7;"SANTANA DO IPANEMA";"Desobediência às normas de trânsito pelo condutor";"Colisão transversal";"Com Vítimas Feridas";"Pleno dia";"Crescente";"Céu Claro";"Simples";"Não Informado";"Sim";2;0;0;1;1;0;1;2;-9,369828;-37,24348;"SR-AL";"DEL13/3";"UOP02/AL"
264066;2020-01-20;"segunda-feira";"16:00:00";"MG";365;49,5;"CLARO DOS POCOES";"Pista Escorregadia";"Capotamento";"Com Vítimas Feridas";"Pleno dia";"Crescente";"Chuva";"Simples";"Curva";"Não";3;0;2;1;0;0;3;1;-16,93287;-44,23666;"SR-MG";"DEL4/12";"UOP01/MG"
264067;2020-01-20;"segunda-feira";"16:00:00";"RN";304;231,7;"CAICARA DO RIO DO VENTO";"Velocidade Incompatível";"Tombamento";"Com Vítimas Feridas";"Pleno dia";"Crescente";"Sol";"Simples";"Curva";"Não";1;0;1;0;0;0;1;1;-5,752518;-35,89628;"SR-RN";"DEL15/1";"UOP02/RN"
264068;2020-01-20;"segunda-feira";"16:20:00";"RS";116;142,7;"CAXIAS DO SUL";"Desobediência às normas de trânsito pelo condutor";"Colisão lateral";"Com Vítimas Feridas";"Pleno dia";"Decrescente";"Nublado";"Dupla";"Não Informado";"Sim";2;0;1;0;1;0;1;2;-29,11727;-51,11521;"SR-RS";"DEL9/5";"UOP01/RS"
264069;2020-01-20;"segunda-feira";"16:15:00";"SC";470;33,9;"GASPAR";"Falta de Atenção à Condução";"Colisão traseira";"Com Vítimas Feridas";"Pleno dia";"Crescente";"Céu Claro";"Simples";"Reta";"Sim";3;0;1;0;2;0;1;2;-26,90622;-48,94058;"SR-SC";"DEL8/4";"UOP01/SC"
264071;2020-01-20;"segunda-feira";"17:00:00";"PR";373;223,4;"IMBITUVA";"Velocidade Incompatível";"Colisão traseira";"Com Vítimas Feridas";"Pleno dia";"Crescente";"Céu Claro";"Simples";"Desvio Temporário";"Não";2;0;1;0;1;0;1;2;-25,17836;-50,60094;"SR-PR";"DEL7/3";"UOP01/PR"
264072;2020-01-20;"segunda-feira";"17:00:00";"MA";316;587;"CAXIAS";"Velocidade Incompatível";"Saída de leito carroçável";"Sem Vítimas";"Anoitecer";"Crescente";"Céu Claro";"Simples";"Reta";"Não";1;0;0;0;1;0;0;1;-4,988132;-43,06432;"SR-MA";"DEL18/3";"UOP02/MA"
264073;2020-01-20;"segunda-feira";"15:40:00";"MG";40;548;"NOVA LIMA";"Falta de Atenção à Condução";"Colisão traseira";"Com Vítimas Feridas";"Pleno dia";"Crescente";"Céu Claro";"Dupla";"Não Informado";"Não";2;0;1;0;1;0;1;2;-20,03136;-43,96968;"SR-MG";"DEL4/1";"UOP02/MG"
264074;2020-01-20;"segunda-feira";"16:55:00";"CE";20;206;"BOA VIAGEM";"Falta de Atenção à Condução";"Colisão transversal";"Com Vítimas Feridas";"Pleno dia";"Decrescente";"Céu Claro";"Simples";"Reta";"Sim";2;0;1;1;0;0;2;2;-5,109802;-39,71911;"SR-CE";"DEL16/2";"UOP02/CE"
264075;2020-01-20;"segunda-feira";"17:15:00";"RJ";101;74;"CAMPOS DOS GOYTACAZES";"Falta de Atenção à Condução";"Engavetamento";"Com Vítimas Feridas";"Pleno dia";"Crescente";"Chuva";"Simples";"Reta";"Não";4;0;1;0;3;0;1;2;-21,80723;-41,39734;"SR-RJ";"DEL5/8";"UOP02/RJ"
264076;2020-01-20;"segunda-feira";"17:30:00";"SC";280;22,1;"ARAQUARI";"Falta de Atenção à Condução";"Colisão transversal";"Com Vítimas Feridas";"Pleno dia";"Decrescente";"Céu Claro";"Simples";"Reta";"Sim";2;0;1;0;1;0;1;2;-26,37117;-48,70691;"SR-SC";"DEL8/3";"UOP03/SC"
264077;2020-01-20;"segunda-feira";"14:30:00";"MG";40;615,7;"CONGONHAS";"Ingestão de Álcool";"Colisão traseira";"Sem Vítimas";"Pleno dia";"Crescente";"Chuva";"Simples";"Não Informado";"Não";2;0;0;0;2;0;0;2;-20,53766;-43,82078;"SR-MG";"DEL5";"UOP02/MG"
264079;2020-01-20;"segunda-feira";"15:00:00";"MS";158;60;"PARANAIBA";"Pista Escorregadia";"Colisão lateral";"Sem Vítimas";"Pleno dia";"Crescente";"Chuva";"Simples";"Curva";"Não";4;0;0;0;3;1;0;2;-19,43329;-51,36797;"SR-MS";"DEL3/8";"UOP01/MS"
264080;2020-01-20;"segunda-feira";"15:30:00";"MS";267;78,5;"BATAGUASSU";"Defeito Mecânico no Veículo";"Incêndio";"Sem Vítimas";"Pleno dia";"Crescente";"Sol";"Simples";"Reta";"Não";5;0;0;0;5;0;0;1;-21,87457;-52,84366;"SR-MS";"DEL2";"UOP04/MS"
264081;2020-01-20;"segunda-feira";"17:34:00";"SC";470;133,6;"RIO DO SUL";"Falta de Atenção à Condução";"Colisão transversal";"Com Vítimas Feridas";"Pleno dia";"Decrescente";"Céu Claro";"Simples";"Reta";"Não";2;0;1;0;1;0;1;2;-27,17419;-49,5885;"SR-SC";"DEL8/4";"UOP02/SC"
264082;2020-01-20;"segunda-feira";"17:10:00";"PR";277;691,9;"SAO MIGUEL DO IGUACU";"Falta de Atenção à Condução";"Tombamento";"Com Vítimas Feridas";"Pleno dia";"Decrescente";"Céu Claro";"Dupla";"Reta";"Não";1;0;1;0;0;0;1;1;-25,36301;-54,25351;"SR-PR";"DEL7/5";"UOP01/PR"
264083;2020-01-20;"segunda-feira";"17:50:00";"BA";116;7;"VITORIA DA CONQUISTA";"Não guardar distância de segurança";"Colisão traseira";"Com Vítimas Feridas";"Anoitecer";"Crescente";"Céu Claro";"Simples";"Reta";"Sim";4;0;2;0;2;0;2;2;-14,83748;-40,88771;"SR-BA";"DEL10/8";"UOP01/BA"
264084;2020-01-20;"segunda-feira";"12:20:00";"PI";343;515,9;"AMARANTE";"Desobediência às normas de trânsito pelo condutor";"Colisão traseira";"Sem Vítimas";"Pleno dia";"Crescente";"Céu Claro";"Simples";"Desvio Temporário";"Não";3;0;0;0;3;0;0;3;-6,31934;-42,80335;"SR-PI";"DEL17/3";"UOP01/PI"
264085;2020-01-20;"segunda-feira";"10:45:00";"MG";381;708;"NEPOMUCENO";"Pista Escorregadia";"Tombamento";"Sem Vítimas";"Pleno dia";"Crescente";"Chuva";"Dupla";"Curva";"Não";1;0;0;0;1;0;0;1;-21,37052;-45,18865;"SR-MG";"DEL4/4";"UOP02/MG"
264086;2020-01-20;"segunda-feira";"18:00:00";"RS";116;236;"NOVO HAMBURGO";"Falta de Atenção à Condução";"Colisão traseira";"Com Vítimas Feridas";"Pleno dia";"Crescente";"Sol";"Múltipla";"Viaduto";"Sim";3;0;1;1;1;0;2;2;-29,67046;-51,14331;"SR-RS";"DEL9/1";"UOP02/RS"
264087;2020-01-20;"segunda-feira";"17:25:00";"PE";104;62,6;"CARUARU";"Desobediência às normas de trânsito pelo condutor";"Colisão traseira";"Sem Vítimas";"Pleno dia";"Decrescente";"Céu Claro";"Dupla";"Reta";"Sim";4;0;0;0;4;0;0;4;-8,25629;-35,97534;"SR-PE";"DEL11/2";"UOP01/PE"
264088;2020-01-20;"segunda-feira";"15:30:00";"BA";101;23;"PORTO SEGURO";"Defeito na Via";"Colisão com objeto em movimento";"Com Vítimas Feridas";"Pleno dia";"Decrescente";"Céu Claro";"Simples";"Reta";"Não";2;0;0;1;1;0;1;1;-16,42851;-39,09777;"SR-SE";"DEL20/2";"UOP03/SE"
264089;2020-01-20;"segunda-feira";"17:45:00";"PI";343;341,7;"TERESINA";"Não guardar distância de segurança";"Colisão traseira";"Com Vítimas Feridas";"Pleno dia";"Decrescente";"Céu Claro";"Simples";"Reta";"Sim";2;0;1;0;1;0;1;2;-5,083079;-42,74986;"SR-PI";"DEL17/1";"UOP01/PI"
264090;2020-01-20;"segunda-feira";"18:30:00";"PR";369;186,5;"ARAPONGAS";"Desobediência às normas de trânsito pelo condutor";"Colisão lateral";"Com Vítimas Feridas";"Anoitecer";"Crescente";"Céu Claro";"Simples";"Não Informado";"Sim";3;0;2;0;1;0;2;2;-23,42584;-51,42342;"SR-PR";"DEL7/7";"UOP03/PR"
264091;2020-01-20;"segunda-feira";"13:05:00";"MA";10;314;"ACAILANDIA";"Defeito Mecânico no Veículo";"Saída de leito carroçável";"Com Vítimas Feridas";"Pleno dia";"Decrescente";"Céu Claro";"Simples";"Curva";"Não";3;0;1;0;2;0;1;1;-4,997943;-47,53173;"SR-MA";"DEL18/4";"UOP03/MA"
264092;2020-01-20;"segunda-feira";"14:35:00";"SC";282;18,8;"PALHOCA";"Falta de Atenção à Condução";"Colisão frontal";"Com Vítimas Feridas";"Pleno dia";"Crescente";"Nublado";"Simples";"Não Informado";"Sim";5;0;3;2;0;0;5;2;-27,6728;-48,69429;"SR-SC";"DEL8/1";"UOP02/SC"
264094;2020-01-20;"segunda-feira";"17:39:00";"SP";116;283;"EMBU DAS ARTES";"Falta de Atenção à Condução";"Colisão lateral";"Com Vítimas Feridas";"Pleno dia";"Crescente";"Céu Claro";"Dupla";"Reta";"Não";3;0;2;0;1;0;2;2;-23,69297;-46,86353;"SR-SP";"DEL6/4";"UOP01/SP"
264095;2020-01-20;"segunda-feira";"18:40:00";"PR";277;14;"PARANAGUA";"Avarias e/ou desgaste excessivo no pneu";"Queda de ocupante de veículo";"Com Vítimas Feridas";"Anoitecer";"Crescente";"Nublado";"Dupla";"Reta";"Não";2;0;2;0;0;0;2;1;-25,56629;-48,6248;"SR-PR";"DEL7/1";"UOP07/PR"
264096;2020-01-20;"segunda-feira";"18:40:00";"RS";101;79;"OSORIO";"Avarias e/ou desgaste excessivo no pneu";"Tombamento";"Com Vítimas Feridas";"Pleno dia";"Decrescente";"Céu Claro";"Dupla";"Reta";"Sim";2;0;1;0;1;0;1;1;-29,81837;-50,24553;"SR-RS";"DEL9/3";"UOP01/RS"
264097;2020-01-20;"segunda-feira";"18:10:00";"RS";386;417,1;"MONTENEGRO";"Velocidade Incompatível";"Tombamento";"Com Vítimas Feridas";"Pleno dia";"Crescente";"Nublado";"Simples";"Curva";"Não";1;0;1;0;0;0;1;1;-29,81896;-51,45293;"SR-RS";"DEL9/4";"UOP02/RS"
264098;2020-01-20;"segunda-feira";"19:30:00";"ES";101;300,1;"VIANA";"Falta de Atenção à Condução";"Tombamento";"Com Vítimas Feridas";"Plena Noite";"Crescente";"Nublado";"Dupla";"Reta";"Sim";1;0;1;0;0;0;1;1;-20,35863;-40,43217;"SR-ES";"DEL12/1";"UOP01/ES"
264099;2020-01-20;"segunda-feira";"18:15:00";"SC";480;130,9;"CHAPECO";"Não guardar distância de segurança";"Engavetamento";"Com Vítimas Feridas";"Pleno dia";"Crescente";"Céu Claro";"Dupla";"Não Informado";"Sim";5;0;1;1;3;0;2;5;-27,05534;-52,63652;"SR-SC";"DEL7";"UOP01/SC"
264100;2020-01-20;"segunda-feira";"13:20:00";"MG";262;684;"CAMPOS ALTOS";"Pista Escorregadia";"Saída de leito carroçável";"Com Vítimas Feridas";"Pleno dia";"Decrescente";"Chuva";"Simples";"Curva";"Não";4;0;2;0;2;0;2;1;-19,66258;-46,09947;"SR-MG";"DEL4/8";"UOP01/MG"
264101;2020-01-20;"segunda-feira";"19:10:00";"MG";50;81;"UBERLANDIA";"Animais na Pista";"Saída de leito carroçável";"Com Vítimas Feridas";"Plena Noite";"Crescente";"Nublado";"Simples";"Reta";"Não";1;0;1;0;0;0;1;1;-18,97172;-48,21865;"SR-MG";"DEL4/15";"UOP01/MG"
264102;2020-01-20;"segunda-feira";"16:25:00";"PE";232;378;"FLORES";"Falta de Atenção à Condução";"Saída de leito carroçável";"Com Vítimas Feridas";"Pleno dia";"Crescente";"Céu Claro";"Simples";"Curva";"Não";3;0;3;0;0;0;3;1;-8,039046;-38,03274;"SR-PE";"DEL11/4";"UOP01/PE"
264103;2020-01-20;"segunda-feira";"19:20:00";"PB";101;86,5;"JOAO PESSOA";"Falta de Atenção à Condução";"Colisão lateral";"Com Vítimas Feridas";"Plena Noite";"Crescente";"Céu Claro";"Dupla";"Reta";"Sim";2;0;0;2;0;0;2;2;-7,15119;-34,91012;"SR-PB";"DEL14/1";"UOP01/PB"
264104;2020-01-20;"segunda-feira";"20:10:00";"GO";153;500,1;"GOIANIA";"Falta de Atenção à Condução";"Colisão lateral";"Sem Vítimas";"Plena Noite";"Crescente";"Céu Claro";"Múltipla";"Reta";"Não";3;0;0;0;2;1;0;3;-16,7118;-49,2324;"SR-GO";"DEL1/1";"UOP01/GO"
264105;2020-01-20;"segunda-feira";"19:00:00";"BA";116;427,1;"FEIRA DE SANTANA";"Não guardar distância de segurança";"Colisão traseira";"Com Vítimas Feridas";"Plena Noite";"Crescente";"Céu Claro";"Simples";"Reta";"Não";3;0;2;0;0;1;2;2;-12,25242;-38,98887;"SR-BA";"DEL10/2";"UOP01/BA"
264106;2020-01-20;"segunda-feira";"20:10:00";"PR";373;425;"CANDOI";"Falta de Atenção à Condução";"Colisão transversal";"Com Vítimas Fatais";"Plena Noite";"Crescente";"Nublado";"Simples";"Não Informado";"Não";3;1;0;1;1;0;1;2;-25,71888;-52,20244;"SR-PR";"DEL7/3";"UOP02/PR"
264107;2020-01-20;"segunda-feira";"20:10:00";"SC";101;192;"BIGUACU";"Falta de Atenção à Condução";"Colisão lateral";"Sem Vítimas";"Plena Noite";"Decrescente";"Céu Claro";"Dupla";"Reta";"Sim";2;0;0;0;2;0;0;2;-27,48444;-48,64765;"SR-SC";"DEL8/1";"UOP01/SC"
264108;2020-01-20;"segunda-feira";"18:25:00";"AC";364;14,4;"ACRELANDIA";"Restrição de Visibilidade";"Colisão traseira";"Com Vítimas Feridas";"Plena Noite";"Crescente";"Nublado";"Simples";"Reta";"Não";2;0;1;0;1;0;1;2;-9,872346;-66,91994;"SR-AC";"UOP01/AC";""
264109;2020-01-20;"segunda-feira";"18:55:00";"MG";116;5,7;"DIVISA ALEGRE";"Falta de Atenção do Pedestre";"Atropelamento de Pedestre";"Com Vítimas Feridas";"Plena Noite";"Decrescente";"Nublado";"Simples";"Reta";"Não";2;0;0;1;1;0;1;1;-15,74227;-41,33613;"SR-BA";"DEL10/8";"UOP03/BA"
264110;2020-01-20;"segunda-feira";"19:00:00";"MG";40;532,7;"BELO HORIZONTE";"Falta de Atenção do Pedestre";"Atropelamento de Pedestre";"Com Vítimas Feridas";"Plena Noite";"Crescente";"Chuva";"Dupla";"Não Informado";"Sim";4;0;1;0;3;0;1;1;-19,92373;-44,01701;"SR-MG";"DEL4/1";"UOP02/MG"