"id";"data_inversa";"dia_semana";"horario";"uf";"br";"km";"municipio";"causa_acidente";"tipo_acidente";"classificacao_acidente";"fase_dia";"sentido_via";"condicao_metereologica";"tipo_pista";"tracado_via";"uso_solo";"pessoas";"mortos";"feridos_leves";"feridos_graves";"ilesos";"ignorados";"feridos";"veiculos";"latitude";"longitude";"regional";"delegacia";"uop"
264111;2020-01-20;"segunda-feira";"19:45:00";"RJ";101;404;"ITAGUAI";"Falta de Atenção do Pedestre";"Atropelamento de Pedestre";"Com Vítimas Fatais";"Plena Noite";"Decrescente";"Céu Claro";"Dupla";"Reta";"Sim";2;1;0;0;1;0;0;1;-22,86343;-43,79642;"SR-RJ";"DEL5/3";"UOP01/RJ"
264113;2020-01-20;"segunda-feira";"20:30:00";"DF";70;3,3;"BRASILIA";"Desobediência às normas de trânsito pelo condutor";"Colisão traseira";"Com Vítimas Feridas";"Pleno dia";"Crescente";"Céu Claro";"Dupla";"Curva";"Sim";4;0;1;0;3;0;1;2;-15,80193;-48,08369;"SR-DF";"UOP06/DF";""
264114;2020-01-20;"segunda-feira";"12:31:00";"MT";163;522;"DIAMANTINO";"Defeito na Via";"Saída de leito carroçável";"Com Vítimas Feridas";"Pleno dia";"Crescente";"Nublado";"Simples";"Reta";"Não";1;0;1;0;0;0;1;1;-14,50403;-56,19741;"SR-MT";"DEL2/4";"UOP01/MT"
264115;2020-01-20;"segunda-feira";"21:00:00";"SP";116;503;"CAJATI";"Defeito na Via";"Queda de ocupante de veículo";"Com Vítimas Feridas";"Plena Noite";"Crescente";"Garoa/Chuvisco";"Dupla";"Curva";"Não";2;0;2;0;0;0;2;1;-24,77542;-48,20948;"SR-SP";"DEL6/5";"UOP03/SP"
264116;2020-01-20;"segunda-feira";"20:45:00";"SP";116;14,7;"QUELUZ";"Animais na Pista";"Atropelamento de Animal";"Com Vítimas Feridas";"Plena Noite";"Crescente";"Céu Claro";"Dupla";"Reta";"Não";1;0;1;0;0;0;1;1;-22,55636;-44,81985;"SR-SP";"DEL6/8";"UOP01/SP"
264117;2020-01-20;"segunda-feira";"21:00:00";"RJ";101;314;"SAO GONCALO";"Falta de Atenção à Condução";"Engavetamento";"Sem Vítimas";"Plena Noite";"Crescente";"Nublado";"Dupla";"Reta";"Sim";3;0;0;0;3;0;0;3;-22,81758;-43,07895;"SR-RJ";"DEL5/2";"UOP01/RJ"
264118;2020-01-20;"segunda-feira";"22:05:00";"PR";277;146,5;"PORTO AMAZONAS";"Falta de Atenção à Condução";"Colisão transversal";"Com Vítimas Feridas";"Plena Noite";"Decrescente";"Nublado";"Simples";"Reta";"Não";5;0;3;2;0;0;5;2;-25,47032;-49,7906;"SR-PR";"DEL7/1";"UOP05/PR"
264119;2020-01-20;"segunda-feira";"11:50:00";"MS";163;400,9;"NOVA ALVORADA DO SUL";"Avarias e/ou desgaste excessivo no pneu";"Tombamento";"Com Vítimas Feridas";"Pleno dia";"Decrescente";"Céu Claro";"Simples";"Reta";"Não";1;0;1;0;0;0;1;1;-21,16832;-54,47599;"SR-MS";"DEL2";"UOP01/MS"
264120;2020-01-20;"segunda-feira";"21:40:00";"BA";324;524;"FEIRA DE SANTANA";"Falta de Atenção à Condução";"Saída de leito carroçável";"Com Vítimas Feridas";"Plena Noite";"Decrescente";"Céu Claro";"Dupla";"Reta";"Sim";2;0;2;0;0;0;2;1;-12,29551;-38,90487;"SR-BA";"DEL10/1";"UOP01/BA"
264121;2020-01-20;"segunda-feira";"22:50:00";"SC";282;115;"ALFREDO WAGNER";"Velocidade Incompatível";"Saída de leito carroçável";"Com Vítimas Feridas";"Plena Noite";"Decrescente";"Nublado";"Simples";"Curva";"Não";1;0;0;1;0;0;1;1;-27,75542;-49,39444;"SR-SC";"DEL8/1";"UOP03/SC"
264122;2020-01-20;"segunda-feira";"21:50:00";"SC";101;407,7;"ARARANGUA";"Objeto estático sobre o leito carroçável";"Colisão com objeto estático";"Com Vítimas Feridas";"Plena Noite";"Decrescente";"Céu Claro";"Dupla";"Curva";"Sim";2;0;1;0;0;1;1;2;-28,92163;-49,49272;"SR-SC";"DEL8/2";"UOP02/SC"
264123;2020-01-20;"segunda-feira";"17:15:00";"RJ";101;419;"MANGARATIBA";"Desobediência às normas de trânsito pelo condutor";"Colisão frontal";"Com Vítimas Feridas";"Pleno dia";"Crescente";"Nublado";"Simples";"Não Informado";"Não";4;0;0;1;3;0;1;4;-22,91809;-43,91359;"SR-RJ";"DEL5/3";"UOP01/RJ"
264125;2020-01-20;"segunda-feira";"23:00:00";"PI";343;3,2;"TERESINA";"Desobediência às normas de trânsito pelo condutor";"Colisão transversal";"Com Vítimas Feridas";"Plena Noite";"Decrescente";"Céu Claro";"Múltipla";"Interseção de vias";"Sim";3;0;0;1;1;1;1;2;-5,081096;-42,77811;"SR-PI";"DEL17/1";"UOP01/PI"
264126;2020-01-20;"segunda-feira";"21:45:00";"PR";376;594,3;"CURITIBA";"Falta de Atenção à Condução";"Colisão transversal";"Com Vítimas Fatais";"Plena Noite";"Decrescente";"Nublado";"Dupla";"Reta";"Sim";2;1;1;0;0;0;1;2;-25,4848;-49,3473;"SR-PR";"DEL7/1";"UOP04/PR"
264127;2020-01-20;"segunda-feira";"22:50:00";"MS";163;797,7;"PEDRO GOMES";"Defeito Mecânico no Veículo";"Incêndio";"Sem Vítimas";"Plena Noite";"Crescente";"Céu Claro";"Simples";"Desvio Temporário";"Não";1;0;0;0;1;0;0;1;-17,94367;-54,68277;"SR-MS";"DEL3/6";"UOP01/MS"
264130;2020-01-20;"segunda-feira";"23:58:00";"RS";116;299,6;"GUAIBA";"Não guardar distância de segurança";"Colisão traseira";"Com Vítimas Feridas";"Plena Noite";"Crescente";"Céu Claro";"Dupla";"Reta";"Sim";2;0;1;0;1;0;1;2;-30,11517;-51,34563;"SR-RS";"DEL9/2";"UOP01/RS"
264131;2020-01-20;"segunda-feira";"16:16:00";"MG";381;582,9;"CARMOPOLIS DE MINAS";"Pista Escorregadia";"Saída de leito carroçável";"Sem Vítimas";"Pleno dia";"Crescente";"Chuva";"Dupla";"Reta";"Não";1;0;0;0;1;0;0;1;-20,51931;-44,62406;"SR-MG";"DEL4/4";"UOP01/MG"
264132;2020-01-19;"domingo";"15:50:00";"SP";116;499;"CAJATI";"Pista Escorregadia";"Colisão com objeto estático";"Com Vítimas Feridas";"Pleno dia";"Crescente";"Nublado";"Dupla";"Não Informado";"Não";4;0;3;0;0;1;3;1;-24,78229;-48,17695;"SR-SP";"DEL6/5";"UOP03/SP"
264133;2020-01-20;"segunda-feira";"22:00:00";"PA";10;257;"AURORA DO PARA";"Desobediência às normas de trânsito pelo condutor";"Colisão frontal";"Sem Vítimas";"Plena Noite";"Crescente";"Chuva";"Simples";"Reta";"Não";2;0;0;0;2;0;0;2;-2,18647;-47,56144;"SR-PA";"DEL19/2";"UOP02/PA"
264134;2020-01-20;"segunda-feira";"22:30:00";"RJ";101;169,1;"MACAE";"Desobediência às normas de trânsito pelo condutor";"Colisão frontal";"Com Vítimas Feridas";"Plena Noite";"Decrescente";"Nublado";"Simples";"Reta";"Não";5;0;0;5;0;0;5;2;-22,35126;-41,92212;"SR-RJ";"DEL5/2";"UOP03/RJ"
264135;2020-01-20;"segunda-feira";"23:30:00";"RS";386;282;"SAO JOSE DO HERVAL";"Falta de Atenção à Condução";"Colisão transversal";"Com Vítimas Feridas";"Plena Noite";"Crescente";"Céu Claro";"Simples";"Reta";"Não";2;0;1;0;1;0;1;2;-29,03581;-52,29868;"SR-RS";"DEL9/4";"UOP03/RS"
264136;2020-01-20;"segunda-feira";"23:57:00";"RS";116;299,6;"GUAIBA";"Falta de Atenção à Condução";"Saída de leito carroçável";"Com Vítimas Feridas";"Plena Noite";"Crescente";"Céu Claro";"Dupla";"Reta";"Sim";1;0;1;0;0;0;1;1;-30,11517;-51,34563;"SR-RS";"DEL9/2";"UOP01/RS"
264137;2020-01-21;"terça-feira";"01:30:00";"PE";101;70;"RECIFE";"Sinalização da via insuficiente ou inadequada";"Colisão com objeto estático";"Com Vítimas Feridas";"Plena Noite";"Crescente";"Céu Claro";"Dupla";"Interseção de vias";"Sim";2;0;1;1;0;0;2;1;-8,067761;-34,94265;"SR-PE";"DEL11/1";"UOP01/PE"
264139;2020-01-20;"segunda-feira";"23:40:00";"SC";101;335,8;"TUBARAO";"Falta de Atenção do Pedestre";"Atropelamento de Pedestre";"Com Vítimas Feridas";"Plena Noite";"Decrescente";"Céu Claro";"Múltipla";"Curva";"Sim";3;0;0;1;1;1;1;1;-28,47907;-49,0334;"SR-SC";"DEL8/2";"UOP01/SC"
264140;2020-01-21;"terça-feira";"01:00:00";"MG";116;429,9;"ALPERCATA";"Velocidade Incompatível";"Colisão traseira";"Com Vítimas Feridas";"Plena Noite";"Crescente";"Nublado";"Simples";"Interseção de vias";"Não";2;0;1;0;0;1;1;2;-18,99119;-41,98355;"SR-MG";"DEL4/6";"UOP01/MG"
264141;2020-01-20;"segunda-feira";"17:50:00";"RO";364;663;"CANDEIAS DO JAMARI";"Pista Escorregadia";"Colisão lateral";"Com Vítimas Feridas";"Anoitecer";"Decrescente";"Céu Claro";"Simples";"Reta";"Não";3;0;1;0;2;0;1;2;-8,807334;-63,46192;"SR-RO";"DEL21/1";"UOP01/RO"
264142;2020-01-20;"segunda-feira";"22:45:00";"GO";158;274,9;"JATAI";"Ingestão de Álcool";"Colisão com objeto estático";"Sem Vítimas";"Plena Noite";"Decrescente";"Chuva";"Dupla";"Rotatória";"Sim";1;0;0;0;1;0;0;1;-17,89704;-51,73663;"SR-GO";"DEL1/5";"UOP01/GO"
264143;2020-01-21;"terça-feira";"00:45:00";"ES";101;147,1;"LINHARES";"Desobediência às normas de trânsito pelo condutor";"Colisão transversal";"Sem Vítimas";"Plena Noite";"Crescente";"Chuva";"Múltipla";"Não Informado";"Sim";2;0;0;0;2;0;0;2;-19,37887;-40,06658;"SR-ES";"DEL12/4";"UOP01/ES"
264144;2020-01-20;"segunda-feira";"23:00:00";"MG";365;69;"JEQUITAI";"Velocidade Incompatível";"Tombamento";"Sem Vítimas";"Plena Noite";"Decrescente";"Chuva";"Simples";"Desvio Temporário";"Não";1;0;0;0;1;0;0;1;-17,07223;-44,33953;"SR-MG";"DEL4/12";"UOP01/MG"
264145;2020-01-21;"terça-feira";"03:15:00";"MG";381;455;"BELO HORIZONTE";"Condutor Dormindo";"Colisão com objeto estático";"Com Vítimas Feridas";"Plena Noite";"Crescente";"Chuva";"Simples";"Reta";"Sim";2;0;0;1;1;0;1;2;-19,83954;-43,87751;"SR-MG";"DEL4/1";"UOP01/MG"
264147;2020-01-21;"terça-feira";"04:10:00";"RS";290;607,1;"ALEGRETE";"Defeito Mecânico no Veículo";"Tombamento";"Com Vítimas Feridas";"Plena Noite";"Crescente";"Nublado";"Simples";"Ponte";"Não";2;0;2;0;0;0;2;1;-29,91566;-56,0495;"SR-RS";"DEL9/13";"UOP02/RS"
264148;2020-01-20;"segunda-feira";"15:08:00";"BA";116;168;"CANUDOS";"Falta de Atenção à Condução";"Saída de leito carroçável";"Com Vítimas Fatais";"Pleno dia";"Crescente";"Céu Claro";"Simples";"Reta";"Não";44;4;38;1;1;0;39;1;-10,09214;-39,13523;"SR-BA";"DEL10/7";"UOP02/BA"
264149;2020-01-21;"terça-feira";"04:45:00";"PR";277;45,5;"MORRETES";"Falta de Atenção à Condução";"Colisão traseira";"Com Vítimas Feridas";"Amanhecer";"Decrescente";"Nublado";"Dupla";"Reta";"Não";3;0;1;0;2;0;1;2;-25,58236;-48,86961;"SR-PR";"DEL7/1";"UOP06/PR"
264150;2020-01-21;"terça-feira";"05:10:00";"MT";163;750;"SORRISO";"Falta de Atenção à Condução";"Colisão com objeto estático";"Com Vítimas Fatais";"Amanhecer";"Decrescente";"Céu Claro";"Dupla";"Reta";"Sim";3;1;0;0;2;0;0;2;-12,67194;-55,79367;"SR-MT";"DEL2/6";"UOP01/MT"
264151;2020-01-21;"terça-feira";"05:55:00";"SP";116;215,3;"GUARULHOS";"Defeito Mecânico no Veículo";"Incêndio";"Sem Vítimas";"Pleno dia";"Decrescente";"Nublado";"Múltipla";"Reta";"Sim";3;0;0;0;3;0;0;1;-23,44696;-46,45394;"SR-SP";"DEL6/1";"UOP01/SP"
264152;2020-01-20;"segunda-feira";"21:30:00";"MG";50;179,4;"UBERABA";"Falta de Atenção à Condução";"Colisão traseira";"Com Vítimas Feridas";"Plena Noite";"Crescente";"Nublado";"Dupla";"Reta";"Sim";2;0;0;1;1;0;1;2;-19,77827;-47,93141;"SR-MG";"DEL13";"UOP01/MG"
264153;2020-01-21;"terça-feira";"04:40:00";"MG";153;15;"CENTRALINA";"Condutor Dormindo";"Tombamento";"Sem Vítimas";"Plena Noite";"Decrescente";"Nevoeiro/Neblina";"Dupla";"Reta";"Não";1;0;0;0;1;0;0;1;-18,5513;-49,19396;"SR-MG";"DEL4/15";"UOP03/MG"
264154;2020-01-21;"terça-feira";"05:00:00";"MG";153;15;"CENTRALINA";"Objeto estático sobre o leito carroçável";"Colisão traseira";"Com Vítimas Feridas";"Amanhecer";"Decrescente";"Nublado";"Dupla";"Reta";"Não";2;0;1;0;1;0;1;2;-18,5513;-49,19396;"SR-MG";"DEL4/15";"UOP03/MG"
264155;2020-01-20;"segunda-feira";"22:30:00";"MG";381;480,3;"CONTAGEM";"Falta de Atenção à Condução";"Tombamento";"Com Vítimas Feridas";"Plena Noite";"Decrescente";"Nublado";"Dupla";"Reta";"Sim";1;0;1;0;0;0;1;1;-19,95932;-44,08826;"SR-MG";"DEL4/1";"UOP03/MG"
264157;2020-01-21;"terça-feira";"06:50:00";"SC";470;56,1;"BLUMENAU";"Desobediência às normas de trânsito pelo condutor";"Colisão lateral";"Com Vítimas Feridas";"Pleno dia";"Decrescente";"Nublado";"Simples";"Reta";"Sim";2;0;1;0;1;0;1;2;-26,87674;-49,12774;"SR-SC";"DEL8/4";"UOP01/SC"
264158;2020-01-21;"terça-feira";"06:10:00";"PR";277;724;"FOZ DO IGUACU";"Falta de Atenção à Condução";"Capotamento";"Com Vítimas Feridas";"Pleno dia";"Crescente";"Céu Claro";"Dupla";"Reta";"Sim";1;0;1;0;0;0;1;1;-25,50258;-54,53868;"SR-PR";"DEL7/5";"UOP01/PR"
264159;2020-01-21;"terça-feira";"06:30:00";"ES";101;290;"CARIACICA";"Falta de Atenção à Condução";"Colisão frontal";"Com Vítimas Feridas";"Pleno dia";"Decrescente";"Céu Claro";"Dupla";"Reta";"Sim";2;0;0;1;1;0;1;2;-20,28928;-40,39182;"SR-ES";"DEL12/1";"UOP01/ES"
264160;2020-01-21;"terça-feira";"05:30:00";"MG";251;449,2;"GRAO MOGOL";"Velocidade Incompatível";"Engavetamento";"Com Vítimas Feridas";"Plena Noite";"Crescente";"Chuva";"Simples";"Curva";"Não";3;0;2;0;1;0;2;2;-16,42053;-43,28967;"SR-MG";"DEL4/12";"UOP01/MG"
264161;2020-01-21;"terça-feira";"04:00:00";"RJ";101;183,8;"RIO DAS OSTRAS";"Condutor Dormindo";"Colisão frontal";"Com Vítimas Fatais";"Plena Noite";"Decrescente";"Nublado";"Simples";"Reta";"Não";6;2;0;4;0;0;4;2;-22,42674;-42,01668;"SR-RJ";"DEL5/2";"UOP03/RJ"
264162;2020-01-21;"terça-feira";"06:20:00";"SP";153;57,6;"SAO JOSE DO RIO PRETO";"Falta de Atenção à Condução";"Colisão traseira";"Com Vítimas Feridas";"Pleno dia";"Crescente";"Céu Claro";"Simples";"Não Informado";"Sim";2;0;1;0;1;0;1;2;-20,76991;-49,34982;"SR-SP";"DEL6/9";"UOP01/SP"
264163;2020-01-21;"terça-feira";"07:30:00";"BA";324;527;"FEIRA DE SANTANA";"Falta de Atenção à Condução";"Colisão traseira";"Com Vítimas Feridas";"Pleno dia";"Decrescente";"Céu Claro";"Dupla";"Reta";"Sim";3;0;1;0;2;0;1;2;-12,31184;-38,88332;"SR-BA";"DEL10/1";"UOP01/BA"
264164;2020-01-21;"terça-feira";"07:10:00";"GO";20;178,2;"ALVORADA DO NORTE";"Falta de Atenção à Condução";"Colisão traseira";"Com Vítimas Feridas";"Pleno dia";"Crescente";"Nublado";"Simples";"Não Informado";"Sim";4;0;2;0;2;0;2;2;-14,4916;-46,50411;"SR-DF";"UOP02/DEL02/DF";""
264165;2020-01-21;"terça-feira";"07:40:00";"SP";116;211;"GUARULHOS";"Falta de Atenção à Condução";"Colisão traseira";"Com Vítimas Feridas";"Pleno dia";"Crescente";"Nublado";"Dupla";"Desvio Temporário";"Não";5;0;1;0;4;0;1;2;-23,43243;-46,41944;"SR-SP";"DEL6/1";"UOP01/SP"
264166;2020-01-21;"terça-feira";"07:30:00";"RN";405;163;"RAFAEL FERNANDES";"Falta de Atenção à Condução";"Colisão transversal";"Com Vítimas Feridas";"Pleno dia";"Crescente";"Nublado";"Simples";"Interseção de vias";"Não";4;0;4;0;0;0;4;2;-6,222056;-38,23667;"SR-RN";"DEL15/4";"UOP02/RN"
264167;2020-01-21;"terça-feira";"06:55:00";"SC";101;43,7;"JOINVILLE";"Falta de Atenção à Condução";"Colisão traseira";"Com Vítimas Feridas";"Amanhecer";"Decrescente";"Sol";"Dupla";"Reta";"Não";2;0;1;0;1;0;1;2;-26,30357;-48,88226;"SR-SC";"DEL8/3";"UOP01/SC"
264169;2020-01-21;"terça-feira";"07:20:00";"PE";232;132,5;"CARUARU";"Falta de Atenção à Condução";"Colisão traseira";"Com Vítimas Feridas";"Pleno dia";"Decrescente";"Céu Claro";"Dupla";"Reta";"Sim";2;0;1;0;1;0;1;2;-8,303624;-36,0071;"SR-PE";"DEL11/2";"UOP02/PE"
264170;2020-01-21;"terça-feira";"06:00:00";"MT";364;373;"SANTO ANTONIO DO LEVERGER";"Condutor Dormindo";"Saída de leito carroçável";"Sem Vítimas";"Amanhecer";"Crescente";"Céu Claro";"Dupla";"Reta";"Não";1;0;0;0;0;1;0;1;-15,70895;-55,70203;"SR-MT";"DEL2/1";"UOP01/MT"
264171;2020-01-21;"terça-feira";"07:50:00";"MG";365;624;"UBERLANDIA";"Desobediência às normas de trânsito pelo condutor";"Colisão traseira";"Com Vítimas Feridas";"Amanhecer";"Decrescente";"Céu Claro";"Múltipla";"Reta";"Não";2;0;1;0;1;0;1;2;-18,90755;-48,31607;"SR-MG";"DEL4/15";"UOP01/MG"
264172;2020-01-21;"terça-feira";"07:00:00";"DF";251;15,1;"BRASILIA";"Pista Escorregadia";"Colisão com objeto estático";"Com Vítimas Feridas";"Amanhecer";"Decrescente";"Garoa/Chuvisco";"Simples";"Curva";"Não";5;0;0;1;4;0;1;1;-15,93904;-47,60636;"SR-DF";"UOP01/DF";""
264173;2020-01-21;"terça-feira";"08:05:00";"SP";116;158,8;"JACAREI";"Falta de Atenção à Condução";"Colisão traseira";"Com Vítimas Feridas";"Pleno dia";"Decrescente";"Céu Claro";"Dupla";"Reta";"Não";2;0;1;0;1;0;1;2;-23,26072;-45,95179;"SR-SP";"DEL6/2";"UOP01/SP"
264174;2020-01-21;"terça-feira";"07:30:00";"MA";135;13;"SAO LUIS";"Falta de Atenção à Condução";"Colisão lateral";"Com Vítimas Feridas";"Pleno dia";"Crescente";"Nublado";"Dupla";"Reta";"Sim";2;0;1;0;1;0;1;2;-2,680535;-44,29512;"SR-MA";"DEL18/1";"UOP01/MA"
264175;2020-01-21;"terça-feira";"08:00:00";"RS";386;351,9;"ESTRELA";"Pista Escorregadia";"Tombamento";"Com Vítimas Feridas";"Pleno dia";"Decrescente";"Chuva";"Dupla";"Reta";"Não";1;0;1;0;0;0;1;1;-29,48312;-51,95447;"SR-RS";"DEL9/4";"UOP02/RS"
264176;2020-01-21;"terça-feira";"07:40:00";"BA";324;617;"SALVADOR";"Falta de Atenção à Condução";"Colisão traseira";"Sem Vítimas";"Pleno dia";"Crescente";"Céu Claro";"Múltipla";"Reta";"Não";3;0;0;0;3;0;0;3;-12,88603;-38,43806;"SR-BA";"DEL10/1";"UOP01/BA"
264178;2020-01-21;"terça-feira";"07:30:00";"RJ";40;120,9;"DUQUE DE CAXIAS";"Falta de Atenção à Condução";"Colisão traseira";"Com Vítimas Feridas";"Pleno dia";"Crescente";"Nublado";"Dupla";"Reta";"Sim";2;0;1;0;1;0;1;2;-22,77281;-43,28627;"SR-RJ";"DEL5/1";"UOP01/RJ"
264180;2020-01-21;"terça-feira";"08:45:00";"SE";101;93;"NOSSA SENHORA DO SOCORRO";"Desobediência às normas de trânsito pelo condutor";"Colisão lateral";"Com Vítimas Feridas";"Pleno dia";"Crescente";"Céu Claro";"Dupla";"Reta";"Sim";3;0;2;0;1;0;2;2;-10,90212;-37,14495;"SR-SE";"DEL20/1";"UOP01/SE"
264181;2020-01-21;"terça-feira";"08:00:00";"BA";324;617;"SALVADOR";"Desobediência às normas de trânsito pelo condutor";"Queda de ocupante de veículo";"Com Vítimas Feridas";"Pleno dia";"Crescente";"Céu Claro";"Dupla";"Reta";"Sim";1;0;1;0;0;0;1;1;-12,88603;-38,43806;"SR-BA";"DEL10/1";"UOP01/BA"
264182;2020-01-19;"domingo";"18:20:00";"PA";230;110;"MARABA";"Defeito Mecânico no Veículo";"Saída de leito carroçável";"Com Vítimas Feridas";"Anoitecer";"Crescente";"Chuva";"Simples";"Reta";"Não";3;0;2;0;1;0;2;1;-5,373427;-49,03127;"SR-PA";"DEL19/3";"UOP01/PA"
264184;2020-01-21;"terça-feira";"08:30:00";"RJ";101;566;"PARATY";"Defeito Mecânico no Veículo";"Colisão com objeto estático";"Sem Vítimas";"Pleno dia";"Crescente";"Céu Claro";"Simples";"Curva";"Não";1;0;0;0;1;0;0;1;-23,1546;-44,70498;"SR-RJ";"DEL5/3";"UOP04/RJ"
264186;2020-01-21;"terça-feira";"09:20:00";"SC";470;7,2;"NAVEGANTES";"Falta de Atenção à Condução";"Colisão lateral";"Sem Vítimas";"Pleno dia";"Crescente";"Céu Claro";"Simples";"Não Informado";"Sim";2;0;0;0;2;0;0;2;-26,84347;-48,71544;"SR-SC";"DEL8/4";"UOP04/SC"
264187;2020-01-21;"terça-feira";"07:30:00";"MT";163;838,7;"SINOP";"Desobediência às normas de trânsito pelo condutor";"Colisão transversal";"Com Vítimas Feridas";"Pleno dia";"Decrescente";"Céu Claro";"Dupla";"Reta";"Sim";2;0;1;0;1;0;1;2;-11,82873;-55,48679;"SR-MT";"DEL2/6";"UOP02/MT"
264188;2020-01-21;"terça-feira";"08:30:00";"SP";116;272,5;"TABOAO DA SERRA";"Falta de Atenção à Condução";"Colisão traseira";"Com Vítimas Feridas";"Pleno dia";"Decrescente";"Sol";"Dupla";"Reta";"Sim";2;0;0;1;1;0;1;2;-23,61602;-46,78798;"SR-SP";"DEL6/4";"UOP01/SP"
264189;2020-01-21;"terça-feira";"09:00:00";"AL";424;105,4;"MARECHAL DEODORO";"Falta de Atenção à Condução";"Saída de leito carroçável";"Com Vítimas Feridas";"Pleno dia";"Decrescente";"Céu Claro";"Simples";"Curva";"Não";1;0;1;0;0;0;1;1;-9,685817;-35,82573;"SR-AL";"DEL13/2";"UOP01/AL"
264191;2020-01-21;"terça-feira";"09:15:00";"TO";153;334,4;"GUARAI";"Falta de Atenção à Condução";"Colisão transversal";"Com Vítimas Feridas";"Pleno dia";"Crescente";"Sol";"Dupla";"Interseção de vias";"Sim";2;0;1;0;1;0;1;2;-8,835718;-48,51212;"SR-TO";"UOP03/TO";""
264192;2020-01-21;"terça-feira";"08:40:00";"SC";101;32,6;"JOINVILLE";"Avarias e/ou desgaste excessivo no pneu";"Tombamento";"Com Vítimas Feridas";"Pleno dia";"Decrescente";"Nublado";"Dupla";"Reta";"Não";1;0;1;0;0;0;1;1;-26,22699;-48,91657;"SR-SC";"DEL8/3";"UOP01/SC"
264193;2020-01-21;"terça-feira";"09:11:00";"PI";343;55;"BURITI DOS LOPES";"Não guardar distância de segurança";"Colisão lateral";"Com Vítimas Feridas";"Pleno dia";"Decrescente";"Nublado";"Simples";"Reta";"Não";3;0;1;0;2;0;1;2;-3,215801;-41,82482;"SR-PI";"DEL17/5";"UOP01/PI"
264194;2020-01-21;"terça-feira";"08:00:00";"CE";116;0,5;"FORTALEZA";"Falta de Atenção à Condução";"Colisão com objeto estático";"Com Vítimas Feridas";"Pleno dia";"Decrescente";"Céu Claro";"Dupla";"Reta";"Sim";4;0;1;0;3;0;1;4;-3,754584;-38,52341;"SR-CE";"DEL16/1";"UOP02/CE"
264195;2020-01-19;"domingo";"19:15:00";"PE";423;145,9;"IATI";"Ultrapassagem Indevida";"Colisão frontal";"Com Vítimas Feridas";"Plena Noite";"Crescente";"Céu Claro";"Simples";"Reta";"Não";2;0;0;1;1;0;1;2;-9,009144;-36,86785;"SR-PE";"DEL11/3";"UOP01/PE"
264197;2020-01-21;"terça-feira";"09:25:00";"GO";60;97,4;"ANAPOLIS";"Falta de Atenção à Condução";"Colisão lateral";"Com Vítimas Feridas";"Pleno dia";"Crescente";"Céu Claro";"Múltipla";"Reta";"Sim";2;0;1;0;0;1;1;2;-16,3774;-48,9483;"SR-GO";"DEL1/2";"UOP01/GO"
264198;2020-01-21;"terça-feira";"10:10:00";"RJ";101;52;"CAMPOS DOS GOYTACAZES";"Falta de Atenção à Condução";"Queda de ocupante de veículo";"Com Vítimas Feridas";"Pleno dia";"Decrescente";"Céu Claro";"Simples";"Reta";"Não";1;0;0;1;0;0;1;1;-21,65161;-41,31129;"SR-RJ";"DEL5/8";"UOP01/RJ"
264199;2020-01-21;"terça-feira";"10:10:00";"RJ";101;65;"CAMPOS DOS GOYTACAZES";"Desobediência às normas de trânsito pelo condutor";"Colisão frontal";"Com Vítimas Feridas";"Pleno dia";"Decrescente";"Céu Claro";"Simples";"Reta";"Sim";2;0;1;0;1;0;1;2;-21,75372;-41,34429;"SR-RJ";"DEL5/8";"UOP02/RJ"
264200;2020-01-21;"terça-feira";"09:45:00";"MG";381;501;"BETIM";"Não guardar distância de segurança";"Colisão traseira";"Sem Vítimas";"Pleno dia";"Decrescente";"Nublado";"Dupla";"Reta";"Sim";5;0;0;0;5;0;0;2;-20,03146;-44,23779;"SR-MG";"DEL4/1";"UOP03/MG"
264201;2020-01-21;"terça-feira";"06:40:00";"RJ";116;222;"PIRAI";"Falta de Atenção à Condução";"Colisão traseira";"Sem Vítimas";"Pleno dia";"Decrescente";"Céu Claro";"Simples";"Curva";"Não";2;0;0;0;2;0;0;2;-22,6897;-43,79175;"SR-RJ";"DEL5/7";"UOP01/RJ"
264202;2020-01-21;"terça-feira";"10:00:00";"RS";285;241;"CIRIACO";"Defeito Mecânico no Veículo";"Incêndio";"Sem Vítimas";"Pleno dia";"Crescente";"Nublado";"Simples";"Não Informado";"Não";1;0;0;0;1;0;0;1;-28,2597;-51,88595;"SR-RS";"DEL08";"UOP03/RS"
264203;2020-01-21;"terça-feira";"07:55:00";"RN";405;1;"MOSSORO";"Desobediência às normas de trânsito pelo condutor";"Queda de ocupante de veículo";"Com Vítimas Feridas";"Pleno dia";"Crescente";"Céu Claro";"Dupla";"Interseção de vias";"Sim";1;0;1;0;0;0;1;1;-5,192229;-37,36676;"SR-RN";"DEL15/4";"UOP02/RN"
264204;2020-01-21;"terça-feira";"10:20:00";"ES";101;125;"SOORETAMA";"Falta de Atenção à Condução";"Colisão traseira";"Com Vítimas Feridas";"Pleno dia";"Crescente";"Céu Claro";"Simples";"Reta";"Sim";5;0;2;0;3;0;2;3;-19,18496;-40,0943;"SR-ES";"DEL12/4";"UOP01/ES"
264205;2020-01-21;"terça-feira";"08:30:00";"SC";153;58;"IRANI";"Falta de Atenção à Condução";"Colisão transversal";"Com Vítimas Feridas";"Pleno dia";"Crescente";"Nublado";"Simples";"Rotatória";"Não";3;0;1;0;2;0;1;2;-26,97267;-51,85818;"SR-SC";"DEL7";"UOP06/SC"