"id";"data_inversa";"dia_semana";"horario";"uf";"br";"km";"municipio";"causa_acidente";"tipo_acidente";"classificacao_acidente";"fase_dia";"sentido_via";"condicao_metereologica";"tipo_pista";"tracado_via";"uso_solo";"pessoas";"mortos";"feridos_leves";"feridos_graves";"ilesos";"ignorados";"feridos";"veiculos";"latitude";"longitude";"regional";"delegacia";"uop"
264207;2020-01-21;"terça-feira";"11:00:00";"ES";101;195;"JOAO NEIVA";"Defeito Mecânico no Veículo";"Tombamento";"Com Vítimas Feridas";"Pleno dia";"Decrescente";"Nublado";"Simples";"Reta";"Não";1;0;1;0;0;0;1;1;-19,70199;-40,32193;"SR-ES";"DEL12/4";"UOP01/ES"
264208;2020-01-21;"terça-feira";"08:45:00";"RO";364;352,5;"JI-PARANA";"Falta de Atenção à Condução";"Colisão lateral";"Sem Vítimas";"Pleno dia";"Decrescente";"Céu Claro";"Simples";"Reta";"Não";5;0;0;0;5;0;0;2;-10,82722;-62,01394;"SR-RO";"DEL21/2";"UOP01/RO"
264209;2020-01-21;"terça-feira";"10:30:00";"MG";267;38;"ARGIRITA";"Falta de Atenção à Condução";"Colisão com objeto estático";"Com Vítimas Feridas";"Pleno dia";"Decrescente";"Céu Claro";"Simples";"Reta";"Não";5;0;4;0;1;0;4;1;-21,66671;-42,88427;"SR-MG";"DEL4/7";"UOP01/MG"
264210;2020-01-21;"terça-feira";"08:00:00";"BA";367;84;"EUNAPOLIS";"Falta de Atenção à Condução";"Tombamento";"Com Vítimas Feridas";"Pleno dia";"Crescente";"Sol";"Simples";"Não Informado";"Sim";1;0;1;0;0;0;1;1;-16,37465;-39,57943;"SR-BA";"DEL10/9";"UOP01/BA"
264211;2020-01-21;"terça-feira";"11:00:00";"PR";376;181,9;"MARINGA";"Falta de Atenção à Condução";"Colisão transversal";"Com Vítimas Feridas";"Pleno dia";"Decrescente";"Céu Claro";"Dupla";"Interseção de vias";"Sim";2;0;1;0;1;0;1;2;-23,43175;-51,8874;"SR-PR";"DEL7/7";"UOP04/PR"
264212;2020-01-21;"terça-feira";"08:30:00";"MG";381;671;"PERDOES";"Falta de Atenção à Condução";"Saída de leito carroçável";"Com Vítimas Feridas";"Pleno dia";"Crescente";"Céu Claro";"Dupla";"Curva";"Não";4;0;2;1;1;0;3;1;-21,08945;-45,06864;"SR-MG";"DEL4/4";"UOP02/MG"
264213;2020-01-21;"terça-feira";"12:15:00";"RS";392;660;"CERRO LARGO";"Desobediência às normas de trânsito pelo condutor";"Colisão traseira";"Com Vítimas Feridas";"Pleno dia";"Decrescente";"Nublado";"Simples";"Não Informado";"Não";2;0;0;1;1;0;1;2;-28,12102;-54,7173;"SR-RS";"DEL9/10";"UOP01/RS"
264214;2020-01-21;"terça-feira";"11:30:00";"PE";232;45,4;"VITORIA DE SANTO ANTAO";"Falta de Atenção à Condução";"Colisão traseira";"Com Vítimas Feridas";"Pleno dia";"Decrescente";"Céu Claro";"Dupla";"Reta";"Não";1;0;1;0;0;0;1;1;-8,130371;-35,28437;"SR-PE";"DEL11/1";"UOP04/PE"
264215;2020-01-09;"quinta-feira";"21:25:00";"MS";NA;NA;"SIDROLANDIA";"Falta de Atenção à Condução";"Atropelamento de Pedestre";"Com Vítimas Feridas";"Plena Noite";"Não Informado";"Céu Claro";"Simples";"Reta";"Não";4;0;0;1;3;0;1;2;-20,94816;-54,83828;"SR-MS";"DEL3/1";"UOP04/MS"
264216;2020-01-21;"terça-feira";"11:40:00";"DF";80;21,8;"BRASILIA";"Falta de Atenção à Condução";"Colisão transversal";"Com Vítimas Feridas";"Pleno dia";"Crescente";"Nublado";"Simples";"Reta";"Não";4;0;0;1;3;0;1;2;-15,6583;-48,20282;"SR-DF";"UOP06/DF";""
264217;2020-01-21;"terça-feira";"11:50:00";"MG";153;230,5;"FRONTEIRA";"Mal Súbito";"Queda de ocupante de veículo";"Com Vítimas Feridas";"Pleno dia";"Crescente";"Céu Claro";"Simples";"Reta";"Não";2;0;1;0;1;0;1;1;-20,23256;-49,15519;"SR-MG";"DEL13";"UOP02/MG"
264218;2020-01-21;"terça-feira";"09:20:00";"RJ";101;323;"NITEROI";"Não guardar distância de segurança";"Colisão traseira";"Com Vítimas Feridas";"Pleno dia";"Crescente";"Céu Claro";"Dupla";"Reta";"Não";2;0;1;0;1;0;1;2;-22,87685;-43,11729;"SR-RJ";"UOP01";"DEL02"
264219;2020-01-21;"terça-feira";"12:25:00";"RS";470;194,8;"BENTO GONCALVES";"Velocidade Incompatível";"Colisão frontal";"Com Vítimas Feridas";"Pleno dia";"Decrescente";"Chuva";"Simples";"Curva";"Não";2;0;1;0;1;0;1;2;-29,0503;-51,57387;"SR-RS";"DEL9/6";"UOP02/RS"
264220;2020-01-21;"terça-feira";"11:50:00";"BA";242;414;"SEABRA";"Desobediência às normas de trânsito pelo condutor";"Colisão transversal";"Com Vítimas Feridas";"Pleno dia";"Crescente";"Sol";"Simples";"Interseção de vias";"Sim";4;0;1;0;3;0;1;2;-12,42743;-41,7702;"SR-BA";"DEL10/6";"UOP01/BA"
264221;2020-01-17;"sexta-feira";"06:45:00";"RO";364;343;"JI-PARANA";"Falta de Atenção à Condução";"Colisão lateral";"Com Vítimas Feridas";"Pleno dia";"Crescente";"Céu Claro";"Dupla";"Interseção de vias";"Sim";2;0;1;0;1;0;1;2;-10,87879;-61,94499;"SR-RO";"DEL21/2";"UOP01/RO"
264223;2020-01-21;"terça-feira";"12:30:00";"BA";242;778;"BARREIRAS";"Pista Escorregadia";"Saída de leito carroçável";"Com Vítimas Feridas";"Pleno dia";"Crescente";"Chuva";"Simples";"Curva";"Não";3;0;3;0;0;0;3;1;-12,15464;-44,69271;"SR-BA";"DEL10/10";"UOP01/BA"
264224;2020-01-21;"terça-feira";"11:34:00";"ES";101;260,6;"SERRA";"Falta de Atenção à Condução";"Colisão frontal";"Com Vítimas Fatais";"Pleno dia";"Decrescente";"Nublado";"Simples";"Curva";"Não";10;1;1;1;7;0;2;5;-20,14654;-40,28207;"SR-ES";"DEL12/2";"UOP01/ES"
264225;2020-01-21;"terça-feira";"12:05:00";"PE";232;410,9;"SERRA TALHADA";"Ultrapassagem Indevida";"Colisão transversal";"Com Vítimas Feridas";"Pleno dia";"Crescente";"Nublado";"Simples";"Reta";"Sim";2;0;1;0;1;0;1;2;-7,982618;-38,3004;"SR-PE";"DEL11/4";"UOP01/PE"
264226;2020-01-21;"terça-feira";"10:50:00";"RS";287;348,5;"JAGUARI";"Ultrapassagem Indevida";"Colisão frontal";"Com Vítimas Feridas";"Pleno dia";"Decrescente";"Nublado";"Simples";"Reta";"Não";2;0;2;0;0;0;2;2;-29,52712;-54,68633;"SR-RS";"DEL9/12";"UOP02/RS"
264227;2020-01-21;"terça-feira";"12:15:00";"GO";60;113;"GOIANAPOLIS";"Pista Escorregadia";"Saída de leito carroçável";"Com Vítimas Feridas";"Pleno dia";"Decrescente";"Chuva";"Dupla";"Reta";"Não";2;0;2;0;0;0;2;1;-16,4572;-49,0567;"SR-GO";"DEL1/1";"UOP01/GO"
264228;2020-01-21;"terça-feira";"13:40:00";"RS";158;329,1;"SANTA MARIA";"Mal Súbito";"Colisão traseira";"Com Vítimas Feridas";"Pleno dia";"Decrescente";"Céu Claro";"Simples";"Reta";"Não";3;0;1;0;2;0;1;3;-29,70656;-53,8285;"SR-RS";"DEL9/9";"UOP01/RS"
264230;2020-01-21;"terça-feira";"11:30:00";"GO";60;96,5;"ANAPOLIS";"Falta de Atenção à Condução";"Colisão traseira";"Com Vítimas Feridas";"Pleno dia";"Decrescente";"Nublado";"Dupla";"Reta";"Sim";2;0;1;0;1;0;1;2;-16,371;-48,9422;"SR-GO";"DEL1/2";"UOP01/GO"
264231;2020-01-21;"terça-feira";"13:10:00";"CE";402;271;"ITAPIPOCA";"Pista Escorregadia";"Tombamento";"Com Vítimas Feridas";"Pleno dia";"Decrescente";"Chuva";"Simples";"Reta";"Não";4;0;1;0;3;0;1;4;-3,488159;-39,52023;"SR-CE";"DEL16/1";"UOP03/CE"
264232;2020-01-21;"terça-feira";"14:25:00";"RS";116;153;"CAXIAS DO SUL";"Defeito Mecânico no Veículo";"Colisão traseira";"Sem Vítimas";"Pleno dia";"Crescente";"Nublado";"Dupla";"Reta";"Sim";2;0;0;0;2;0;0;2;-29,1858;-51,17713;"SR-RS";"DEL9/5";"UOP01/RS"
264233;2020-01-21;"terça-feira";"08:35:00";"SC";280;232;"CANOINHAS";"Não guardar distância de segurança";"Colisão traseira";"Com Vítimas Feridas";"Pleno dia";"Decrescente";"Céu Claro";"Simples";"Reta";"Não";3;0;1;0;2;0;1;3;-26,19015;-50,38187;"SR-SC";"DEL8/6";"UOP04/SC"
264235;2020-01-21;"terça-feira";"12:55:00";"RJ";101;469;"ANGRA DOS REIS";"Desobediência às normas de trânsito pelo condutor";"Queda de ocupante de veículo";"Com Vítimas Feridas";"Pleno dia";"Decrescente";"Céu Claro";"Simples";"Curva";"Sim";2;0;1;0;0;1;1;1;-23,0116;-44,23091;"SR-RJ";"DEL5/3";"UOP02/RJ"
264236;2020-01-21;"terça-feira";"14:00:00";"MG";381;345;"BELA VISTA DE MINAS";"Velocidade Incompatível";"Saída de leito carroçável";"Com Vítimas Feridas";"Pleno dia";"Crescente";"Chuva";"Simples";"Curva";"Não";1;0;1;0;0;0;1;1;-19,84209;-43,09981;"SR-MG";"DEL4/3";"UOP01/MG"
264237;2020-01-21;"terça-feira";"12:15:00";"RJ";493;61;"NOVA IGUACU";"Desobediência às normas de trânsito pelo condutor";"Colisão traseira";"Com Vítimas Feridas";"Pleno dia";"Decrescente";"Nublado";"Dupla";"Reta";"Não";2;0;0;1;1;0;1;2;-22,6871;-43,445;"SR-RJ";"DEL5/1";"UOP03/RJ"
264238;2020-01-21;"terça-feira";"15:00:00";"PR";376;173;"MARINGA";"Velocidade Incompatível";"Colisão traseira";"Com Vítimas Feridas";"Pleno dia";"Decrescente";"Céu Claro";"Dupla";"Reta";"Sim";4;0;1;0;3;0;1;3;-23,41781;-51,96057;"SR-PR";"DEL7/7";"UOP04/PR"
264239;2020-01-21;"terça-feira";"15:20:00";"PE";101;61;"RECIFE";"Falta de Atenção à Condução";"Colisão transversal";"Com Vítimas Feridas";"Pleno dia";"Decrescente";"Céu Claro";"Dupla";"Não Informado";"Sim";2;0;1;0;1;0;1;2;-7,990971;-34,93598;"SR-PE";"DEL11/1";"UOP02/PE"
264240;2020-01-21;"terça-feira";"15:05:00";"MG";381;336;"NOVA ERA";"Pista Escorregadia";"Saída de leito carroçável";"Com Vítimas Feridas";"Pleno dia";"Crescente";"Chuva";"Simples";"Não Informado";"Não";5;0;4;0;1;0;4;1;-19,8212;-43,07408;"SR-MG";"DEL4/3";"UOP01/MG"
264241;2020-01-01;"quarta-feira";"23:40:00";"GO";50;213,4;"CAMPO ALEGRE DE GOIAS";"Condutor Dormindo";"Saída de leito carroçável";"Com Vítimas Feridas";"Plena Noite";"Decrescente";"Nublado";"Dupla";"Curva";"Não";3;0;2;0;1;0;2;1;-17,664;-47,735;"SR-GO";"DEL1/6";"UOP01/GO"
264242;2020-01-21;"terça-feira";"14:00:00";"RO";319;59;"PORTO VELHO";"Falta de Atenção à Condução";"Colisão traseira";"Com Vítimas Feridas";"Pleno dia";"Crescente";"Céu Claro";"Dupla";"Reta";"Sim";1;0;1;0;0;0;1;1;-8,766685;-63,88405;"SR-RO";"DEL21/1";"UOP01/RO"
264244;2020-01-21;"terça-feira";"15:20:00";"MG";381;729;"CARMO DA CACHOEIRA";"Pista Escorregadia";"Saída de leito carroçável";"Com Vítimas Feridas";"Pleno dia";"Crescente";"Céu Claro";"Dupla";"Curva";"Não";6;0;1;0;5;0;1;3;-21,53065;-45,23082;"SR-MG";"DEL4/4";"UOP02/MG"
264245;2020-01-21;"terça-feira";"15:00:00";"PE";232;9,2;"JABOATAO DOS GUARARAPES";"Defeito Mecânico no Veículo";"Engavetamento";"Sem Vítimas";"Pleno dia";"Decrescente";"Sol";"Dupla";"Reta";"Sim";6;0;0;0;6;0;0;6;-8,077644;-34,97864;"SR-PE";"DEL11/1";"UOP01/PE"
264246;2020-01-21;"terça-feira";"15:00:00";"GO";80;21,9;"PADRE BERNARDO";"Velocidade Incompatível";"Tombamento";"Com Vítimas Feridas";"Pleno dia";"Decrescente";"Chuva";"Dupla";"Reta";"Sim";1;0;1;0;0;0;1;1;-15,36978;-48,21958;"SR-DF";"UOP06/DF";""
264248;2020-01-21;"terça-feira";"16:15:00";"PB";101;88,8;"JOAO PESSOA";"Condutor Dormindo";"Tombamento";"Com Vítimas Feridas";"Pleno dia";"Crescente";"Nublado";"Dupla";"Interseção de vias";"Sim";2;0;2;0;0;0;2;1;-7,169281;-34,89721;"SR-PB";"DEL14/1";"UOP01/PB"
264249;2020-01-21;"terça-feira";"16:25:00";"MG";381;498,7;"BETIM";"Não guardar distância de segurança";"Colisão traseira";"Com Vítimas Feridas";"Pleno dia";"Decrescente";"Nublado";"Dupla";"Reta";"Sim";3;0;2;0;1;0;2;2;-20,01173;-44,21976;"SR-MG";"DEL4/1";"UOP03/MG"
264250;2020-01-21;"terça-feira";"10:20:00";"RO";174;16;"VILHENA";"Agressão Externa";"Tombamento";"Com Vítimas Feridas";"Pleno dia";"Decrescente";"Céu Claro";"Simples";"Reta";"Sim";1;0;1;0;0;0;1;1;-12,71452;-60,12621;"SR-RO";"DEL21/4";"UOP01/RO"
264252;2020-01-21;"terça-feira";"16:30:00";"ES";101;256,8;"SERRA";"Falta de Atenção à Condução";"Colisão com objeto estático";"Com Vítimas Feridas";"Pleno dia";"Decrescente";"Nublado";"Dupla";"Reta";"Sim";3;0;0;1;0;2;1;1;-20,11912;-40,31101;"SR-ES";"DEL12/2";"UOP01/ES"
264253;2020-01-21;"terça-feira";"17:00:00";"PE";101;56,6;"PAULISTA";"Desobediência às normas de trânsito pelo condutor";"Colisão lateral";"Com Vítimas Feridas";"Anoitecer";"Crescente";"Céu Claro";"Dupla";"Não Informado";"Não";5;0;1;0;3;1;1;5;-7,955451;-34,91141;"SR-PE";"DEL11/1";"UOP02/PE"
264254;2020-01-21;"terça-feira";"16:30:00";"ES";101;261;"SERRA";"Falta de Atenção à Condução";"Engavetamento";"Sem Vítimas";"Pleno dia";"Decrescente";"Nublado";"Simples";"Reta";"Não";4;0;0;0;4;0;0;4;-20,14854;-40,27971;"SR-ES";"DEL12/2";"UOP01/ES"
264255;2020-01-21;"terça-feira";"15:25:00";"SP";116;498,8;"CAJATI";"Condutor Dormindo";"Saída de leito carroçável";"Com Vítimas Feridas";"Pleno dia";"Crescente";"Nublado";"Dupla";"Reta";"Não";2;0;2;0;0;0;2;1;-24,77566;-48,17083;"SR-SP";"DEL6/5";"UOP03/SP"
264256;2020-01-21;"terça-feira";"17:00:00";"CE";116;64,2;"CHOROZINHO";"Desobediência às normas de trânsito pelo condutor";"Colisão transversal";"Com Vítimas Feridas";"Pleno dia";"Crescente";"Céu Claro";"Simples";"Não Informado";"Sim";4;0;2;1;1;0;3;2;-4,281252;-38,49424;"SR-CE";"DEL16/3";"UOP02/CE"
264257;2020-01-21;"terça-feira";"16:15:00";"PE";232;129,9;"CARUARU";"Falta de Atenção à Condução";"Capotamento";"Sem Vítimas";"Pleno dia";"Crescente";"Chuva";"Dupla";"Não Informado";"Sim";1;0;0;0;1;0;0;1;-8,301935;-35,98092;"SR-PE";"DEL11/2";"UOP02/PE"
264258;2020-01-21;"terça-feira";"17:20:00";"PE";407;123,6;"PETROLINA";"Falta de Atenção à Condução";"Colisão transversal";"Com Vítimas Feridas";"Pleno dia";"Crescente";"Sol";"Simples";"Interseção de vias";"Sim";3;0;2;0;1;0;2;2;-9,361492;-40,54594;"SR-PE";"DEL11/6";"UOP01/PE"
264259;2020-01-21;"terça-feira";"17:20:00";"ES";101;297;"VIANA";"Pista Escorregadia";"Queda de ocupante de veículo";"Com Vítimas Feridas";"Pleno dia";"Decrescente";"Chuva";"Dupla";"Reta";"Sim";1;0;0;1;0;0;1;1;-20,3453;-40,41027;"SR-ES";"DEL12/1";"UOP01/ES"
264260;2020-01-21;"terça-feira";"15:50:00";"GO";60;225,1;"CEZARINA";"Pista Escorregadia";"Saída de leito carroçável";"Com Vítimas Feridas";"Pleno dia";"Crescente";"Chuva";"Dupla";"Reta";"Não";1;0;1;0;0;0;1;1;-17,0148;-49,7762;"SR-GO";"DEL1/1";"UOP02/GO"
264261;2020-01-21;"terça-feira";"18:00:00";"CE";222;1,3;"FORTALEZA";"Animais na Pista";"Atropelamento de Animal";"Sem Vítimas";"Plena Noite";"Crescente";"Céu Claro";"Múltipla";"Reta";"Sim";1;0;0;0;1;0;0;1;-3,737804;-38,57806;"SR-CE";"DEL16/1";"UOP01/CE"
264262;2020-01-21;"terça-feira";"08:50:00";"MA";135;5,9;"SAO LUIS";"Desobediência às normas de trânsito pelo condutor";"Colisão traseira";"Com Vítimas Fatais";"Pleno dia";"Decrescente";"Chuva";"Dupla";"Reta";"Sim";2;1;0;0;1;0;0;2;-2,621454;-44,25797;"SR-MA";"DEL18/1";"UOP01/MA"
264263;2020-01-21;"terça-feira";"14:40:00";"PA";10;348;"SANTA MARIA DO PARA";"Ultrapassagem Indevida";"Saída de leito carroçável";"Sem Vítimas";"Pleno dia";"Decrescente";"Céu Claro";"Simples";"Reta";"Não";1;0;0;0;1;0;0;1;-1,399155;-47,55908;"SR-PA";"DEL19/1";"UOP02/PA"
264264;2020-01-21;"terça-feira";"17:30:00";"CE";116;39,6;"HORIZONTE";"Falta de Atenção à Condução";"Colisão traseira";"Com Vítimas Feridas";"Anoitecer";"Decrescente";"Céu Claro";"Dupla";"Reta";"Sim";3;0;1;0;2;0;1;3;-4,087228;-38,50066;"SR-CE";"DEL16/1";"UOP02/CE"
264266;2020-01-21;"terça-feira";"18:00:00";"PE";428;158,9;"PETROLINA";"Defeito Mecânico no Veículo";"Colisão com objeto em movimento";"Com Vítimas Feridas";"Plena Noite";"Crescente";"Céu Claro";"Simples";"Reta";"Não";4;0;3;0;1;0;3;2;-9,131776;-40,34788;"SR-PE";"DEL11/6";"UOP01/PE"
264267;2020-01-21;"terça-feira";"15:45:00";"AC";364;124,9;"RIO BRANCO";"Falta de Atenção à Condução";"Colisão traseira";"Com Vítimas Feridas";"Pleno dia";"Decrescente";"Céu Claro";"Dupla";"Rotatória";"Não";3;0;1;0;2;0;1;2;-10,01152;-67,7914;"SR-AC";"UOP01/AC";""
264268;2020-01-21;"terça-feira";"18:20:00";"PE";101;42,7;"IGARASSU";"Falta de Atenção à Condução";"Colisão transversal";"Com Vítimas Feridas";"Plena Noite";"Decrescente";"Céu Claro";"Múltipla";"Não Informado";"Sim";2;0;1;0;1;0;1;2;-7,838874;-34,91197;"SR-PE";"DEL11/1";"UOP02/PE"
264269;2020-01-21;"terça-feira";"18:20:00";"PR";376;190;"MARIALVA";"Animais na Pista";"Colisão traseira";"Com Vítimas Feridas";"Pleno dia";"Decrescente";"Céu Claro";"Múltipla";"Reta";"Não";2;0;1;0;1;0;1;2;-23,4756;-51,81168;"SR-PR";"DEL7/7";"UOP04/PR"
264270;2020-01-01;"quarta-feira";"08:00:00";"PE";101;138,7;"ESCADA";"Falta de Atenção à Condução";"Tombamento";"Com Vítimas Feridas";"Pleno dia";"Decrescente";"Céu Claro";"Simples";"Reta";"Não";1;0;0;1;0;0;1;1;-8,420655;-35,31809;"SR-PE";"DEL11/1";"UOP03/PE"
264271;2020-01-21;"terça-feira";"18:15:00";"ES";101;269,3;"SERRA";"Restrição de Visibilidade";"Colisão transversal";"Com Vítimas Feridas";"Plena Noite";"Decrescente";"Chuva";"Múltipla";"Reta";"Sim";2;0;2;0;0;0;2;2;-20,2174;-40,26991;"SR-ES";"DEL12/2";"UOP01/ES"
264272;2020-01-21;"terça-feira";"17:20:00";"PB";104;108,8;"SAO SEBASTIAO DE LAGOA DE  ROCA";"Pista Escorregadia";"Saída de leito carroçável";"Com Vítimas Feridas";"Pleno dia";"Decrescente";"Nublado";"Simples";"Não Informado";"Não";1;0;0;1;0;0;1;1;-7,111617;-35,86768;"SR-PB";"DEL14/2";"UOP04/PB"
264273;2020-01-21;"terça-feira";"18:17:00";"PR";277;594,9;"CASCAVEL";"Falta de Atenção à Condução";"Colisão transversal";"Com Vítimas Feridas";"Pleno dia";"Decrescente";"Nublado";"Simples";"Reta";"Sim";2;0;0;2;0;0;2;2;-24,98101;-53,50096;"SR-PR";"DEL7/4";"UOP01/PR"
264274;2020-01-21;"terça-feira";"10:30:00";"MA";135;43,6;"BACABEIRA";"Falta de Atenção à Condução";"Colisão traseira";"Sem Vítimas";"Pleno dia";"Crescente";"Chuva";"Dupla";"Reta";"Sim";2;0;0;0;2;0;0;2;-2,912641;-44,35402;"SR-MA";"DEL18/1";"UOP01/MA"
264275;2020-01-21;"terça-feira";"17:05:00";"RS";116;342,7;"BARRA DO RIBEIRO";"Pista Escorregadia";"Saída de leito carroçável";"Com Vítimas Feridas";"Pleno dia";"Decrescente";"Chuva";"Simples";"Reta";"Não";2;0;2;0;0;0;2;1;-30,47229;-51,49341;"SR-RS";"DEL9/2";"UOP02/RS"
264276;2020-01-21;"terça-feira";"16:48:00";"MG";116;539,3;"SANTA RITA DE MINAS";"Falta de Atenção à Condução";"Colisão traseira";"Sem Vítimas";"Pleno dia";"Crescente";"Nublado";"Simples";"Reta";"Não";3;0;0;0;3;0;0;3;-19,87523;-42,13188;"SR-MG";"DEL4/6";"UOP02/MG"
264277;2020-01-21;"terça-feira";"18:40:00";"RS";386;413;"MONTENEGRO";"Falta de Atenção à Condução";"Colisão transversal";"Com Vítimas Feridas";"Anoitecer";"Crescente";"Chuva";"Dupla";"Não Informado";"Sim";5;0;5;0;0;0;5;2;-29,81408;-51,49313;"SR-RS";"DEL9/4";"UOP02/RS"
264278;2020-01-21;"terça-feira";"17:25:00";"SC";470;45;"GASPAR";"Desobediência às normas de trânsito pelo condutor";"Colisão transversal";"Com Vítimas Feridas";"Pleno dia";"Crescente";"Nublado";"Simples";"Reta";"Sim";2;0;0;1;1;0;1;2;-26,86593;-49,03241;"SR-SC";"DEL8/4";"UOP01/SC"
264279;2020-01-21;"terça-feira";"18:15:00";"BA";116;421;"FEIRA DE SANTANA";"Falta de Atenção à Condução";"Colisão transversal";"Com Vítimas Feridas";"Plena Noite";"Decrescente";"Nublado";"Dupla";"Rotatória";"Sim";2;0;1;0;1;0;1;2;-12,22996;-38,96382;"SR-BA";"DEL10/2";"UOP01/BA"
264280;2020-01-21;"terça-feira";"18:45:00";"MG";40;800;"MATIAS BARBOSA";"Falta de Atenção à Condução";"Saída de leito carroçável";"Com Vítimas Feridas";"Plena Noite";"Decrescente";"Nublado";"Dupla";"Reta";"Não";3;0;2;0;1;0;2;2;-21,83831;-43,37465;"SR-MG";"DEL5";"UOP01/MG"
264281;2020-01-21;"terça-feira";"18:45:00";"MG";50;57;"UBERLANDIA";"Desobediência às normas de trânsito pelo condutor";"Colisão com objeto estático";"Com Vítimas Feridas";"Anoitecer";"Crescente";"Nublado";"Dupla";"Reta";"Não";2;0;0;1;1;0;1;2;-18,78609;-48,2316;"SR-MG";"DEL4/15";"UOP02/MG"
264282;2020-01-21;"terça-feira";"18:50:00";"PR";376;175,5;"MARINGA";"Falta de Atenção à Condução";"Colisão lateral";"Com Vítimas Feridas";"Anoitecer";"Crescente";"Céu Claro";"Dupla";"Reta";"Sim";3;0;1;0;2;0;1;2;-23,41292;-51,94488;"SR-PR";"DEL7/7";"UOP04/PR"
264283;2020-01-21;"terça-feira";"18:30:00";"ES";101;264,5;"SERRA";"Não guardar distância de segurança";"Colisão traseira";"Com Vítimas Feridas";"Plena Noite";"Decrescente";"Chuva";"Múltipla";"Não Informado";"Sim";4;0;2;0;2;0;2;2;-20,17293;-40,26736;"SR-ES";"DEL12/2";"UOP01/ES"
264284;2020-01-13;"segunda-feira";"11:30:00";"RS";116;268;"CANOAS";"Falta de Atenção à Condução";"Colisão transversal";"Com Vítimas Feridas";"Pleno dia";"Decrescente";"Céu Claro";"Múltipla";"Reta";"Sim";2;0;1;0;1;0;1;2;-29,95043;-51,17653;"SR-RS";"DEL9/1";"UOP01/RS"
264285;2020-01-21;"terça-feira";"18:08:00";"SC";101;246,4;"PAULO LOPES";"Falta de Atenção à Condução";"Colisão lateral";"Com Vítimas Feridas";"Pleno dia";"Crescente";"Nublado";"Dupla";"Reta";"Não";2;0;1;0;1;0;1;2;-27,91037;-48,64998;"SR-SC";"DEL8/2";"UOP03/SC"
264287;2020-01-21;"terça-feira";"17:25:00";"PI";135;380;"BOM JESUS";"Desobediência às normas de trânsito pelo condutor";"Colisão traseira";"Com Vítimas Feridas";"Pleno dia";"Crescente";"Céu Claro";"Simples";"Reta";"Não";3;0;1;0;1;1;1;3;-9,276035;-44,48853;"SR-PI";"DEL17/3";"UOP02/PI"
264288;2020-01-21;"terça-feira";"17:30:00";"RO";319;63;"PORTO VELHO";"Falta de Atenção à Condução";"Colisão lateral";"Com Vítimas Feridas";"Pleno dia";"Crescente";"Chuva";"Múltipla";"Reta";"Não";3;0;1;0;2;0;1;2;-8,766685;-63,88405;"SR-RO";"DEL21/1";"UOP01/RO"
264289;2020-01-21;"terça-feira";"16:50:00";"SC";282;305;"VARGEM";"Velocidade Incompatível";"Saída de leito carroçável";"Com Vítimas Feridas";"Pleno dia";"Crescente";"Chuva";"Simples";"Desvio Temporário";"Não";5;0;3;0;2;0;3;1;-27,50068;-50,94905;"SR-SC";"DEL7";"UOP08/SC"
264290;2020-01-21;"terça-feira";"16:40:00";"RS";285;583;"SAO LUIZ GONZAGA";"Pista Escorregadia";"Saída de leito carroçável";"Com Vítimas Feridas";"Pleno dia";"Crescente";"Chuva";"Simples";"Reta";"Não";4;0;1;0;2;1;1;1;-28,4501;-55,11946;"SR-RS";"DEL9/12";"UOP01/RS"
264291;2020-01-21;"terça-feira";"19:30:00";"PE";101;42,9;"IGARASSU";"Falta de Atenção à Condução";"Colisão com objeto estático";"Com Vítimas Feridas";"Plena Noite";"Decrescente";"Céu Claro";"Múltipla";"Não Informado";"Sim";4;0;3;1;0;0;4;1;-7,838874;-34,91197;"SR-PE";"DEL11/1";"UOP02/PE"
264292;2020-01-21;"terça-feira";"19:00:00";"ES";101;51,2;"SAO MATEUS";"Deficiência ou não Acionamento do Sistema de Iluminação/Sinalização do Veículo";"Colisão traseira";"Com Vítimas Feridas";"Plena Noite";"Decrescente";"Chuva";"Simples";"Reta";"Não";3;0;1;1;1;0;2;2;-18,59458;-39,88971;"SR-ES";"DEL12/4";"UOP02/ES"
264293;2020-01-21;"terça-feira";"17:55:00";"SC";470;62,1;"INDAIAL";"Desobediência às normas de trânsito pelo condutor";"Colisão transversal";"Com Vítimas Feridas";"Pleno dia";"Crescente";"Nublado";"Simples";"Reta";"Sim";7;0;2;4;1;0;6;2;-26,87442;-49,18581;"SR-SC";"DEL8/4";"UOP01/SC"
264294;2020-01-21;"terça-feira";"19:00:00";"PE";428;58,9;"SANTA MARIA DA BOA VISTA";"Ingestão de Álcool";"Colisão frontal";"Com Vítimas Fatais";"Plena Noite";"Decrescente";"Céu Claro";"Simples";"Reta";"Não";2;1;0;0;1;0;0;2;-8,616799;-39,69019;"SR-PE";"DEL11/6";"UOP03/PE"
264295;2020-01-21;"terça-feira";"19:00:00";"GO";153;514,1;"APARECIDA DE GOIANIA";"Falta de Atenção à Condução";"Colisão transversal";"Sem Vítimas";"Plena Noite";"Decrescente";"Chuva";"Dupla";"Reta";"Sim";2;0;0;0;2;0;0;2;-16,8315;-49,2434;"SR-GO";"DEL1/1";"UOP03/GO"