"id";"data_inversa";"dia_semana";"horario";"uf";"br";"km";"municipio";"causa_acidente";"tipo_acidente";"classificacao_acidente";"fase_dia";"sentido_via";"condicao_metereologica";"tipo_pista";"tracado_via";"uso_solo";"pessoas";"mortos";"feridos_leves";"feridos_graves";"ilesos";"ignorados";"feridos";"veiculos";"latitude";"longitude";"regional";"delegacia";"uop"
264480;2020-01-22;"quarta-feira";"19:00:00";"SC";101;127;"ITAJAI";"Falta de Atenção à Condução";"Colisão lateral";"Com Vítimas Feridas";"Pleno dia";"Crescente";"Chuva";"Múltipla";"Reta";"Não";2;0;1;0;1;0;1;2;-26,96393;-48,68328;"SR-SC";"DEL8/4";"UOP04/SC"
264481;2020-01-01;"quarta-feira";"06:20:00";"MT";163;776;"SORRISO";"Ingestão de Álcool";"Capotamento";"Com Vítimas Feridas";"Amanhecer";"Crescente";"Nublado";"Simples";"Reta";"Não";5;0;3;0;2;0;3;1;-12,47426;-55,67434;"SR-MT";"DEL2/6";"UOP01/MT"
264483;2020-01-22;"quarta-feira";"17:52:00";"RR";174;504;"BOA VISTA";"Não guardar distância de segurança";"Colisão traseira";"Com Vítimas Feridas";"Pleno dia";"Crescente";"Céu Claro";"Simples";"Reta";"Sim";2;0;1;0;1;0;1;2;2,801374;-60,6948;"SR-RR";"UOP01/RR";""
264484;2020-01-22;"quarta-feira";"19:00:00";"BA";135;130;"RIACHAO DAS NEVES";"Velocidade Incompatível";"Colisão lateral";"Com Vítimas Feridas";"Plena Noite";"Decrescente";"Nublado";"Simples";"Reta";"Não";3;0;0;1;2;0;1;3;-11,79676;-44,88154;"SR-BA";"DEL10/10";"UOP01/BA"
264485;2020-01-22;"quarta-feira";"16:50:00";"SC";282;305;"VARGEM";"Pista Escorregadia";"Colisão com objeto estático";"Com Vítimas Feridas";"Pleno dia";"Crescente";"Chuva";"Simples";"Curva";"Não";2;0;2;0;0;0;2;1;-27,50068;-50,94905;"SR-SC";"DEL7";"UOP08/SC"
264486;2020-01-22;"quarta-feira";"18:00:00";"MT";364;402;"CUIABA";"Falta de Atenção à Condução";"Colisão com objeto estático";"Com Vítimas Feridas";"Anoitecer";"Crescente";"Nublado";"Dupla";"Reta";"Sim";1;0;1;0;0;0;1;1;-15,66855;-55,95477;"SR-MT";"DEL2/1";"UOP01/MT"
264488;2020-01-22;"quarta-feira";"19:30:00";"PR";277;489,4;"NOVA LARANJEIRAS";"Velocidade Incompatível";"Saída de leito carroçável";"Com Vítimas Feridas";"Plena Noite";"Crescente";"Chuva";"Simples";"Não Informado";"Não";3;0;2;0;1;0;2;1;-25,24155;-52,63061;"SR-PR";"DEL7/4";"UOP03/PR"
264489;2020-01-22;"quarta-feira";"19:50:00";"MG";40;750,1;"SANTOS DUMONT";"Velocidade Incompatível";"Saída de leito carroçável";"Com Vítimas Feridas";"Plena Noite";"Decrescente";"Céu Claro";"Simples";"Curva";"Não";1;0;1;0;0;0;1;1;-21,45724;-43,55822;"SR-MG";"DEL5";"UOP01/MG"
264490;2020-01-22;"quarta-feira";"19:20:00";"GO";153;552,2;"PIRACANJUBA";"Falta de Atenção à Condução";"Capotamento";"Com Vítimas Feridas";"Anoitecer";"Crescente";"Ignorado";"Dupla";"Reta";"Não";1;0;1;0;0;0;1;1;-17,1589;-49,2139;"SR-GO";"DEL1/1";"UOP03/GO"
264491;2020-01-22;"quarta-feira";"17:20:00";"MT";70;522;"VARZEA GRANDE";"Falta de Atenção à Condução";"Colisão frontal";"Sem Vítimas";"Pleno dia";"Decrescente";"Nublado";"Simples";"Reta";"Não";2;0;0;0;2;0;0;2;-15,66153;-56,18654;"SR-MT";"DEL2/4";"UOP02/MT"
264492;2020-01-22;"quarta-feira";"08:00:00";"SC";116;136,8;"SANTA CECILIA";"Desobediência às normas de trânsito pelo condutor";"Colisão transversal";"Com Vítimas Feridas";"Pleno dia";"Crescente";"Nublado";"Simples";"Reta";"Não";5;0;2;2;1;0;4;2;-26,9377;-50,43146;"SR-SC";"DEL8/6";"UOP02/SC"
264494;2020-01-22;"quarta-feira";"19:40:00";"SC";282;32,3;"SANTO AMARO DA IMPERATRIZ";"Desobediência às normas de trânsito pelo condutor";"Colisão transversal";"Com Vítimas Feridas";"Plena Noite";"Crescente";"Garoa/Chuvisco";"Simples";"Reta";"Não";3;0;1;1;1;0;2;2;-27,70116;-48,80018;"SR-SC";"DEL8/1";"UOP03/SC"
264495;2020-01-22;"quarta-feira";"15:55:00";"MT";163;663;"LUCAS DO RIO VERDE";"Falta de Atenção à Condução";"Engavetamento";"Com Vítimas Feridas";"Pleno dia";"Crescente";"Sol";"Simples";"Reta";"Não";3;0;1;0;2;0;1;3;-13,37562;-56,08096;"SR-MT";"DEL2/6";"UOP01/MT"
264496;2020-01-22;"quarta-feira";"20:15:00";"GO";20;11;"FORMOSA";"Falta de Atenção à Condução";"Colisão traseira";"Com Vítimas Feridas";"Plena Noite";"Crescente";"Chuva";"Simples";"Reta";"Não";8;0;2;1;5;0;3;5;-15,56201;-47,25778;"SR-DF";"UOP01/DEL02/DF";""
264497;2020-01-17;"sexta-feira";"19:15:00";"BA";116;517;"ITATIM";"Desobediência às normas de trânsito pelo condutor";"Atropelamento de Pedestre";"Com Vítimas Feridas";"Plena Noite";"Decrescente";"Céu Claro";"Simples";"Reta";"Não";2;0;1;1;0;0;2;1;-12,67277;-39,65473;"SR-BA";"DEL10/3";"UOP02/BA"
264498;2020-01-22;"quarta-feira";"16:30:00";"SP";381;35;"ATIBAIA";"Falta de Atenção à Condução";"Colisão traseira";"Com Vítimas Feridas";"Plena Noite";"Crescente";"Céu Claro";"Dupla";"Reta";"Não";2;0;2;0;0;0;2;1;-23,08859;-46,5718;"SR-SP";"DEL6/3";"UOP02/SP"
264499;2020-01-22;"quarta-feira";"15:40:00";"BA";116;679,3;"JEQUIE";"Não guardar distância de segurança";"Colisão traseira";"Com Vítimas Feridas";"Pleno dia";"Decrescente";"Chuva";"Simples";"Reta";"Não";4;0;1;0;3;0;1;4;-13,85753;-40,11362;"SR-BA";"DEL10/3";"UOP01/BA"
264500;2020-01-22;"quarta-feira";"18:20:00";"MT";163;745;"SORRISO";"Restrição de Visibilidade";"Colisão traseira";"Com Vítimas Feridas";"Plena Noite";"Crescente";"Chuva";"Simples";"Reta";"Não";2;0;2;0;0;0;2;2;-12,70808;-55,81904;"SR-MT";"DEL2/6";"UOP01/MT"
264502;2020-01-22;"quarta-feira";"19:25:00";"RS";158;335;"SANTA MARIA";"Falta de Atenção à Condução";"Colisão transversal";"Com Vítimas Feridas";"Anoitecer";"Crescente";"Nublado";"Simples";"Reta";"Sim";5;0;2;0;3;0;2;2;-29,70815;-53,86841;"SR-RS";"DEL9/9";"UOP01/RS"
264503;2020-01-18;"sábado";"09:20:00";"DF";20;19,8;"BRASILIA";"Falta de Atenção à Condução";"Colisão lateral";"Com Vítimas Feridas";"Pleno dia";"Crescente";"Céu Claro";"Dupla";"Desvio Temporário";"Sim";2;0;1;0;1;0;1;2;-15,60893;-47,69474;"SR-DF";"UOP01/DEL02/DF";""
264504;2020-01-22;"quarta-feira";"20:00:00";"MT";364;237;"RONDONOPOLIS";"Falta de Atenção à Condução";"Saída de leito carroçável";"Com Vítimas Feridas";"Plena Noite";"Crescente";"Nublado";"Dupla";"Reta";"Não";2;0;2;0;0;0;2;1;-16,20504;-54,78106;"SR-MT";"DEL2/2";"UOP01/MT"
264506;2020-01-22;"quarta-feira";"21:20:00";"SC";101;208,8;"SAO JOSE";"Falta de Atenção à Condução";"Colisão com objeto estático";"Com Vítimas Feridas";"Plena Noite";"Decrescente";"Garoa/Chuvisco";"Múltipla";"Desvio Temporário";"Sim";1;0;1;0;0;0;1;1;-27,60328;-48,63202;"SR-SC";"DEL8/1";"UOP01/SC"
264507;2020-01-22;"quarta-feira";"20:30:00";"PA";230;123;"MARABA";"Falta de Atenção à Condução";"Colisão traseira";"Com Vítimas Feridas";"Plena Noite";"Crescente";"Nublado";"Simples";"Reta";"Não";2;0;1;0;1;0;1;2;-5,376491;-49,14137;"SR-PA";"DEL19/3";"UOP01/PA"
264508;2020-01-22;"quarta-feira";"20:40:00";"MT";158;550;"AGUA BOA";"Animais na Pista";"Atropelamento de Animal";"Com Vítimas Feridas";"Plena Noite";"Decrescente";"Céu Claro";"Simples";"Curva";"Não";2;0;2;0;0;0;2;1;-13,91399;-52,08686;"SR-MT";"DEL2/8";"UOP02/MT"
264509;2020-01-22;"quarta-feira";"21:45:00";"SE";235;5,2;"NOSSA SENHORA DO SOCORRO";"Não guardar distância de segurança";"Colisão lateral";"Com Vítimas Feridas";"Plena Noite";"Crescente";"Nublado";"Dupla";"Reta";"Não";7;0;1;0;3;3;1;2;-10,90385;-37,12868;"SR-SE";"DEL20/1";"UOP01/SE"
264510;2020-01-22;"quarta-feira";"21:00:00";"RN";101;96,7;"NATAL";"Desobediência às normas de trânsito pelo condutor";"Colisão traseira";"Com Vítimas Feridas";"Plena Noite";"Decrescente";"Céu Claro";"Dupla";"Reta";"Sim";2;0;1;0;1;0;1;2;-5,85291;-35,21038;"SR-RN";"DEL15/1";"UOP01/RN"
264511;2020-01-22;"quarta-feira";"20:10:00";"BA";116;275;"TUCANO";"Desobediência às normas de trânsito pelo condutor";"Colisão frontal";"Com Vítimas Feridas";"Plena Noite";"Crescente";"Céu Claro";"Simples";"Reta";"Não";3;0;1;1;1;0;2;2;-10,97024;-38,79154;"SR-BA";"DEL10/7";"UOP02/BA"
264512;2020-01-22;"quarta-feira";"14:30:00";"RS";285;76;"BOM JESUS";"Condutor Dormindo";"Tombamento";"Sem Vítimas";"Pleno dia";"Crescente";"Céu Claro";"Simples";"Curva";"Não";1;0;0;0;1;0;0;1;-28,64162;-50,56379;"SR-RS";"DEL9/5";"UOP03/RS"
264514;2020-01-22;"quarta-feira";"22:00:00";"PR";277;134;"BALSA NOVA";"Desobediência às normas de trânsito pelo condutor";"Colisão traseira";"Com Vítimas Feridas";"Plena Noite";"Decrescente";"Nevoeiro/Neblina";"Dupla";"Não Informado";"Não";3;0;2;0;1;0;2;1;-25,47438;-49,70348;"SR-PR";"DEL7/1";"UOP05/PR"
264515;2020-01-22;"quarta-feira";"22:30:00";"ES";101;422,6;"ATILIO VIVACQUA";"Restrição de Visibilidade";"Saída de leito carroçável";"Com Vítimas Feridas";"Plena Noite";"Crescente";"Chuva";"Simples";"Curva";"Não";5;0;5;0;0;0;5;1;-20,96144;-41,10294;"SR-ES";"DEL12/3";"UOP02/ES"
264516;2020-01-22;"quarta-feira";"19:50:00";"MT";163;834;"SINOP";"Falta de Atenção do Pedestre";"Atropelamento de Pedestre";"Com Vítimas Fatais";"Plena Noite";"Decrescente";"Nublado";"Simples";"Reta";"Sim";2;1;0;0;1;0;0;1;-11,99586;-55,51709;"SR-MT";"DEL2/6";"UOP01/MT"
264517;2020-01-22;"quarta-feira";"22:30:00";"TO";153;505,2;"PARAISO DO TOCANTINS";"Avarias e/ou desgaste excessivo no pneu";"Tombamento";"Com Vítimas Feridas";"Plena Noite";"Decrescente";"Chuva";"Simples";"Não Informado";"Não";1;0;1;0;0;0;1;1;-10,24546;-48,8781;"SR-TO";"UOP02/TO";""
264518;2020-01-22;"quarta-feira";"21:20:00";"PR";277;135;"BALSA NOVA";"Velocidade Incompatível";"Colisão traseira";"Sem Vítimas";"Plena Noite";"Decrescente";"Nublado";"Dupla";"Reta";"Não";2;0;0;0;1;1;0;2;-25,47148;-49,69236;"SR-PR";"DEL7/1";"UOP05/PR"
264519;2020-01-22;"quarta-feira";"19:20:00";"RO";174;18,3;"VILHENA";"Restrição de Visibilidade";"Colisão traseira";"Com Vítimas Feridas";"Plena Noite";"Decrescente";"Chuva";"Simples";"Reta";"Não";4;0;3;0;1;0;3;3;-12,69917;-60,11738;"SR-RO";"DEL21/4";"UOP01/RO"
264520;2020-01-22;"quarta-feira";"22:10:00";"DF";60;7;"BRASILIA";"Pista Escorregadia";"Saída de leito carroçável";"Sem Vítimas";"Plena Noite";"Decrescente";"Chuva";"Dupla";"Reta";"Sim";1;0;0;0;1;0;0;1;-15,90124;-48,12233;"SR-DF";"UOP03/DF";""
264521;2020-01-22;"quarta-feira";"22:40:00";"RJ";393;285,8;"VOLTA REDONDA";"Falta de Atenção do Pedestre";"Atropelamento de Pedestre";"Com Vítimas Feridas";"Plena Noite";"Decrescente";"Nublado";"Simples";"Reta";"Sim";3;0;0;1;1;1;1;1;-22,48173;-44,06309;"SR-RJ";"DEL5/5";"UOP02/RJ"
264522;2020-01-22;"quarta-feira";"15:50:00";"MG";40;530;"CONTAGEM";"Falta de Atenção do Pedestre";"Atropelamento de Pedestre";"Com Vítimas Feridas";"Pleno dia";"Decrescente";"Nublado";"Dupla";"Não Informado";"Sim";2;0;1;0;1;0;1;1;-19,92065;-44,03357;"SR-MG";"DEL4/1";"UOP02/MG"
264523;2020-01-22;"quarta-feira";"20:00:00";"BA";101;431,7;"MARAU";"Falta de Atenção à Condução";"Saída de leito carroçável";"Com Vítimas Feridas";"Plena Noite";"Crescente";"Chuva";"Simples";"Reta";"Não";3;0;1;2;0;0;3;1;-14,30464;-39,32384;"SR-BA";"DEL10/5";"UOP01/BA"
264524;2020-01-22;"quarta-feira";"15:30:00";"BA";101;771,2;"ITABELA";"Falta de Atenção à Condução";"Colisão frontal";"Com Vítimas Fatais";"Pleno dia";"Decrescente";"Chuva";"Simples";"Não Informado";"Não";9;1;6;1;1;0;7;3;-16,90377;-39,52538;"SR-BA";"DEL10/9";"UOP01/BA"
264526;2020-01-22;"quarta-feira";"21:50:00";"SP";116;102;"PINDAMONHANGABA";"Pista Escorregadia";"Tombamento";"Sem Vítimas";"Pleno dia";"Crescente";"Nublado";"Dupla";"Desvio Temporário";"Não";1;0;0;0;1;0;0;1;-22,99498;-45,48951;"SR-SP";"DEL6";"UOP01/SP"
264527;2020-01-22;"quarta-feira";"22:45:00";"PR";476;145;"CURITIBA";"Velocidade Incompatível";"Saída de leito carroçável";"Com Vítimas Feridas";"Plena Noite";"Crescente";"Nublado";"Dupla";"Reta";"Sim";1;0;1;0;0;0;1;1;-25,54775;-49,32095;"SR-PR";"DEL7/1";"UOP04/PR"
264528;2020-01-22;"quarta-feira";"22:00:00";"AL";101;48,9;"FLEXEIRAS";"Condutor Dormindo";"Saída de leito carroçável";"Com Vítimas Feridas";"Plena Noite";"Decrescente";"Céu Claro";"Dupla";"Reta";"Não";1;0;1;0;0;0;1;1;-9,230581;-35,77286;"SR-AL";"DEL13/1";"UOP02/AL"
264529;2020-01-22;"quarta-feira";"22:20:00";"GO";60;379;"RIO VERDE";"Falta de Atenção à Condução";"Tombamento";"Sem Vítimas";"Plena Noite";"Decrescente";"Garoa/Chuvisco";"Dupla";"Curva";"Sim";1;0;0;0;1;0;0;1;-17,7564;-50,8793;"SR-GO";"DEL1/4";"UOP01/GO"
264530;2020-01-22;"quarta-feira";"21:30:00";"PR";116;7,1;"QUATRO BARRAS";"Falta de Atenção do Pedestre";"Atropelamento de Pedestre";"Com Vítimas Fatais";"Plena Noite";"Decrescente";"Nublado";"Múltipla";"Reta";"Sim";2;1;0;0;0;1;0;1;-25,3683;-49,1074;"SR-PR";"DEL7/1";"UOP01/PR"
264531;2020-01-22;"quarta-feira";"15:30:00";"ES";101;38;"CONCEICAO DA BARRA";"Falta de Atenção à Condução";"Queda de ocupante de veículo";"Com Vítimas Feridas";"Pleno dia";"Decrescente";"Céu Claro";"Simples";"Reta";"Não";1;0;1;0;0;0;1;1;-18,48261;-39,92379;"SR-ES";"DEL12/4";"UOP02/ES"
264532;2020-01-23;"quinta-feira";"00:00:00";"GO";153;515,2;"APARECIDA DE GOIANIA";"Velocidade Incompatível";"Engavetamento";"Com Vítimas Feridas";"Plena Noite";"Crescente";"Chuva";"Dupla";"Reta";"Sim";5;0;0;3;1;1;3;3;-16,8413;-49,2454;"SR-GO";"DEL1/1";"UOP03/GO"
264533;2020-01-23;"quinta-feira";"00:00:00";"ES";101;145,9;"LINHARES";"Falta de Atenção à Condução";"Tombamento";"Com Vítimas Feridas";"Plena Noite";"Crescente";"Nublado";"Simples";"Reta";"Sim";1;0;1;0;0;0;1;1;-19,3609;-40,06464;"SR-ES";"DEL12/4";"UOP01/ES"
264534;2020-01-23;"quinta-feira";"01:15:00";"PB";230;190,4;"POCINHOS";"Condutor Dormindo";"Saída de leito carroçável";"Sem Vítimas";"Plena Noite";"Crescente";"Nublado";"Simples";"Ponte";"Não";1;0;0;0;1;0;0;1;-7,1361;-36,153;"SR-PB";"DEL14/2";"UOP02/PB"
264535;2020-01-23;"quinta-feira";"02:45:00";"PR";376;172,5;"MARINGA";"Falta de Atenção à Condução";"Queda de ocupante de veículo";"Com Vítimas Feridas";"Plena Noite";"Decrescente";"Chuva";"Dupla";"Reta";"Sim";1;0;0;1;0;0;1;1;-23,41611;-51,9794;"SR-PR";"DEL7/7";"UOP04/PR"
264537;2020-01-23;"quinta-feira";"03:00:00";"SE";101;103;"SAO CRISTOVAO";"Falta de Atenção à Condução";"Colisão traseira";"Sem Vítimas";"Plena Noite";"Decrescente";"Céu Claro";"Simples";"Reta";"Não";2;0;0;0;2;0;0;2;-10,95276;-37,21921;"SR-SE";"DEL20/2";"UOP01/SE"
264538;2020-01-23;"quinta-feira";"02:30:00";"PI";343;3,9;"TERESINA";"Falta de Atenção à Condução";"Colisão com objeto estático";"Com Vítimas Feridas";"Plena Noite";"Crescente";"Ignorado";"Múltipla";"Reta";"Sim";1;0;1;0;0;0;1;1;-5,080129;-42,78864;"SR-PI";"DEL17/1";"UOP01/PI"
264539;2020-01-23;"quinta-feira";"02:30:00";"SP";116;560;"BARRA DO TURVO";"Velocidade Incompatível";"Tombamento";"Com Vítimas Feridas";"Plena Noite";"Crescente";"Garoa/Chuvisco";"Dupla";"Curva";"Não";2;0;2;0;0;0;2;1;-25,01571;-48,50929;"SR-SP";"DEL6/5";"UOP03/SP"
264540;2020-01-23;"quinta-feira";"02:20:00";"SP";116;146;"SAO JOSE DOS CAMPOS";"Falta de Atenção à Condução";"Capotamento";"Sem Vítimas";"Plena Noite";"Decrescente";"Céu Claro";"Dupla";"Reta";"Sim";3;0;0;0;3;0;0;3;-23,19123;-45,86328;"SR-SP";"DEL6/2";"UOP01/SP"
264541;2020-01-23;"quinta-feira";"03:15:00";"RJ";116;274;"BARRA MANSA";"Falta de Atenção à Condução";"Colisão traseira";"Sem Vítimas";"Plena Noite";"Decrescente";"Chuva";"Dupla";"Desvio Temporário";"Não";2;0;0;0;2;0;0;2;-22,54316;-44,19079;"SR-RJ";"DEL5/7";"UOP02/RJ"
264542;2020-01-23;"quinta-feira";"02:00:00";"SP";116;460,6;"PARIQUERA-ACU";"Falta de Atenção à Condução";"Colisão traseira";"Com Vítimas Feridas";"Plena Noite";"Decrescente";"Nublado";"Dupla";"Reta";"Não";2;0;1;0;1;0;1;2;-24,61056;-47,88286;"SR-SP";"DEL6/5";"UOP01/SP"
264543;2020-01-22;"quarta-feira";"23:30:00";"RN";406;107,1;"JOAO CAMARA";"Agressão Externa";"Colisão traseira";"Com Vítimas Feridas";"Plena Noite";"Decrescente";"Céu Claro";"Simples";"Reta";"Não";4;0;2;0;0;2;2;2;-5,56917;-35,71418;"SR-RN";"DEL15/2";"UOP01/RN"
264544;2020-01-23;"quinta-feira";"04:45:00";"SC";282;0,1;"FLORIANOPOLIS";"Velocidade Incompatível";"Saída de leito carroçável";"Sem Vítimas";"Amanhecer";"Decrescente";"Garoa/Chuvisco";"Dupla";"Reta";"Sim";1;0;0;0;0;1;0;1;-27,59845;-48,572;"SR-SC";"DEL8/1";"UOP01/SC"
264545;2020-01-23;"quinta-feira";"03:46:00";"RJ";101;327;"RIO DE JANEIRO";"Falta de Atenção à Condução";"Colisão traseira";"Com Vítimas Feridas";"Plena Noite";"Crescente";"Nublado";"Dupla";"Reta";"Sim";3;0;0;1;2;0;1;2;-22,87117;-43,15595;"SR-RJ";"UOP01";"DEL02"
264546;2020-01-23;"quinta-feira";"05:20:00";"SC";101;211,9;"PALHOCA";"Falta de Atenção à Condução";"Capotamento";"Com Vítimas Feridas";"Pleno dia";"Decrescente";"Chuva";"Dupla";"Interseção de vias";"Sim";1;0;1;0;0;0;1;1;-27,62329;-48,65246;"SR-SC";"DEL8/1";"UOP02/SC"
264547;2020-01-23;"quinta-feira";"05:40:00";"SP";116;228,9;"SAO PAULO";"Falta de Atenção à Condução";"Colisão com objeto estático";"Com Vítimas Feridas";"Amanhecer";"Decrescente";"Garoa/Chuvisco";"Múltipla";"Não Informado";"Sim";1;0;1;0;0;0;1;1;-23,50343;-46,56639;"SR-SP";"DEL6/1";"UOP01/SP"
264548;2020-01-23;"quinta-feira";"05:40:00";"PE";101;89,1;"CABO DE SANTO AGOSTINHO";"Agressão Externa";"Capotamento";"Com Vítimas Feridas";"Pleno dia";"Decrescente";"Nublado";"Dupla";"Reta";"Não";1;0;1;0;0;0;1;1;-8,207607;-34,98372;"SR-PE";"DEL11/1";"UOP03/PE"
264549;2020-01-23;"quinta-feira";"06:20:00";"SC";101;123;"ITAJAI";"Não guardar distância de segurança";"Colisão traseira";"Com Vítimas Feridas";"Amanhecer";"Crescente";"Nublado";"Dupla";"Viaduto";"Não";2;0;1;0;1;0;1;2;-26,93669;-48,69877;"SR-SC";"DEL8/4";"UOP04/SC"
264550;2020-01-23;"quinta-feira";"04:08:00";"RS";158;424;"SAO GABRIEL";"Animais na Pista";"Saída de leito carroçável";"Sem Vítimas";"Plena Noite";"Decrescente";"Céu Claro";"Simples";"Reta";"Não";1;0;0;0;1;0;0;1;-30,07894;-54,61764;"SR-RS";"DEL9/11";"UOP02/RS"
264551;2020-01-23;"quinta-feira";"04:50:00";"ES";262;168,9;"IBATIBA";"Ingestão de Álcool";"Colisão com objeto estático";"Sem Vítimas";"Plena Noite";"Crescente";"Céu Claro";"Simples";"Reta";"Não";2;0;0;0;2;0;0;2;-20,26473;-41,5757;"SR-ES";"DEL12/1";"UOP02/ES"
264552;2020-01-23;"quinta-feira";"06:00:00";"MG";251;505,9;"FRANCISCO SA";"Velocidade Incompatível";"Saída de leito carroçável";"Com Vítimas Feridas";"Pleno dia";"Crescente";"Chuva";"Simples";"Curva";"Não";4;0;1;0;3;0;1;1;-16,61895;-43,68878;"SR-MG";"DEL4/12";"UOP01/MG"
264553;2020-01-23;"quinta-feira";"06:30:00";"MG";381;343,7;"BELA VISTA DE MINAS";"Desobediência às normas de trânsito pelo condutor";"Saída de leito carroçável";"Com Vítimas Feridas";"Pleno dia";"Decrescente";"Garoa/Chuvisco";"Simples";"Não Informado";"Não";1;0;1;0;0;0;1;1;-19,85664;-43,10917;"SR-MG";"DEL4/3";"UOP01/MG"
264555;2020-01-23;"quinta-feira";"02:40:00";"ES";262;169;"IBATIBA";"Pista Escorregadia";"Saída de leito carroçável";"Com Vítimas Feridas";"Plena Noite";"Decrescente";"Chuva";"Simples";"Curva";"Não";1;0;1;0;0;0;1;1;-20,26442;-41,5758;"SR-ES";"DEL12/1";"UOP02/ES"
264556;2020-01-23;"quinta-feira";"06:55:00";"RS";470;218,9;"BENTO GONCALVES";"Falta de Atenção à Condução";"Colisão frontal";"Com Vítimas Feridas";"Pleno dia";"Crescente";"Céu Claro";"Dupla";"Curva";"Não";3;0;0;1;2;0;1;3;-29,17292;-51,52425;"SR-RS";"DEL9/6";"UOP01/RS"
264557;2020-01-23;"quinta-feira";"07:05:00";"ES";101;0,3;"SERRA";"Falta de Atenção à Condução";"Colisão traseira";"Com Vítimas Feridas";"Pleno dia";"Decrescente";"Nublado";"Múltipla";"Interseção de vias";"Sim";2;0;1;0;0;1;1;2;-20,23385;-40,27502;"SR-ES";"DEL12/2";"UOP01/ES"
264558;2020-01-23;"quinta-feira";"07:00:00";"TO";153;799,2;"TALISMA";"Condutor Dormindo";"Colisão frontal";"Com Vítimas Fatais";"Pleno dia";"Decrescente";"Nublado";"Simples";"Reta";"Não";4;3;0;0;1;0;0;2;-12,80893;-49,09652;"SR-TO";"UOP01/TO";""
264559;2020-01-23;"quinta-feira";"06:25:00";"RJ";393;285,8;"VOLTA REDONDA";"Desobediência às normas de trânsito pelo condutor";"Colisão lateral";"Com Vítimas Feridas";"Pleno dia";"Crescente";"Céu Claro";"Simples";"Reta";"Sim";3;0;2;0;1;0;2;2;-22,48173;-44,06309;"SR-RJ";"DEL5/5";"UOP02/RJ"
264560;2020-01-23;"quinta-feira";"07:30:00";"MG";251;505,8;"FRANCISCO SA";"Velocidade Incompatível";"Colisão frontal";"Sem Vítimas";"Pleno dia";"Decrescente";"Chuva";"Simples";"Não Informado";"Não";7;0;0;0;7;0;0;4;-16,61623;-43,68085;"SR-MG";"DEL4/12";"UOP01/MG"
264561;2020-01-23;"quinta-feira";"06:55:00";"SC";280;126,7;"RIO NEGRINHO";"Falta de Atenção à Condução";"Colisão transversal";"Com Vítimas Feridas";"Pleno dia";"Crescente";"Céu Claro";"Simples";"Reta";"Sim";2;0;1;0;1;0;1;2;-26,2378;-49,49427;"SR-SC";"DEL8/6";"UOP03/SC"
264562;2020-01-23;"quinta-feira";"07:30:00";"CE";116;2,7;"FORTALEZA";"Não guardar distância de segurança";"Colisão traseira";"Sem Vítimas";"Pleno dia";"Decrescente";"Céu Claro";"Múltipla";"Reta";"Sim";2;0;0;0;2;0;0;2;-3,770198;-38,51725;"SR-CE";"DEL16/1";"UOP02/CE"
264563;2020-01-23;"quinta-feira";"08:10:00";"SP";381;69;"MAIRIPORA";"Velocidade Incompatível";"Colisão com objeto estático";"Com Vítimas Feridas";"Pleno dia";"Decrescente";"Garoa/Chuvisco";"Dupla";"Curva";"Não";1;0;1;0;0;0;1;1;-23,34553;-46,56788;"SR-SP";"DEL6/3";"UOP02/SP"
264564;2020-01-23;"quinta-feira";"08:10:00";"PR";376;177,5;"MARINGA";"Falta de Atenção à Condução";"Colisão traseira";"Com Vítimas Feridas";"Pleno dia";"Crescente";"Chuva";"Dupla";"Reta";"Sim";4;0;1;0;3;0;1;4;-23,41493;-51,92529;"SR-PR";"DEL7/7";"UOP04/PR"
264565;2020-01-23;"quinta-feira";"07:30:00";"SC";101;45;"JOINVILLE";"Velocidade Incompatível";"Engavetamento";"Com Vítimas Feridas";"Pleno dia";"Decrescente";"Nublado";"Dupla";"Reta";"Sim";5;0;1;0;4;0;1;5;-26,32214;-48,86895;"SR-SC";"DEL8/3";"UOP01/SC"
264567;2020-01-23;"quinta-feira";"08:20:00";"MG";153;65,5;"MONTE ALEGRE DE MINAS";"Desobediência às normas de trânsito pelo condutor";"Colisão lateral";"Com Vítimas Feridas";"Pleno dia";"Decrescente";"Nublado";"Simples";"Curva";"Não";3;0;1;0;2;0;1;2;-18,93538;-49,02954;"SR-MG";"DEL4/15";"UOP03/MG"
264568;2020-01-23;"quinta-feira";"06:40:00";"RJ";354;18;"RESENDE";"Velocidade Incompatível";"Colisão com objeto estático";"Com Vítimas Feridas";"Amanhecer";"Decrescente";"Chuva";"Simples";"Não Informado";"Não";2;0;1;0;1;0;1;2;-22,4656;-44,71699;"SR-RJ";"DEL5/7";"UOP02/RJ"
264570;2020-01-23;"quinta-feira";"08:30:00";"ES";262;1,7;"CARIACICA";"Falta de Atenção à Condução";"Colisão traseira";"Com Vítimas Feridas";"Pleno dia";"Decrescente";"Nublado";"Múltipla";"Reta";"Sim";4;0;1;1;2;0;2;3;-20,32955;-40,35493;"SR-ES";"DEL12/1";"UOP01/ES"
264571;2020-01-23;"quinta-feira";"08:40:00";"MG";381;704,5;"LAVRAS";"Velocidade Incompatível";"Saída de leito carroçável";"Com Vítimas Feridas";"Pleno dia";"Crescente";"Chuva";"Dupla";"Curva";"Não";2;0;2;0;0;0;2;1;-21,34178;-45,17644;"SR-MG";"DEL4/4";"UOP02/MG"