"id";"data_inversa";"dia_semana";"horario";"uf";"br";"km";"municipio";"causa_acidente";"tipo_acidente";"classificacao_acidente";"fase_dia";"sentido_via";"condicao_metereologica";"tipo_pista";"tracado_via";"uso_solo";"pessoas";"mortos";"feridos_leves";"feridos_graves";"ilesos";"ignorados";"feridos";"veiculos";"latitude";"longitude";"regional";"delegacia";"uop"
264668;2020-01-23;"quinta-feira";"17:50:00";"MG";381;454;"BELO HORIZONTE";"Falta de Atenção à Condução";"Colisão traseira";"Com Vítimas Feridas";"Plena Noite";"Decrescente";"Chuva";"Simples";"Reta";"Sim";3;0;1;0;2;0;1;2;-19,84164;-43,86832;"SR-MG";"DEL4/1";"UOP01/MG"
264671;2020-01-23;"quinta-feira";"12:00:00";"MG";381;176;"GOVERNADOR VALADARES";"Velocidade Incompatível";"Saída de leito carroçável";"Com Vítimas Feridas";"Pleno dia";"Decrescente";"Chuva";"Simples";"Reta";"Não";1;0;0;1;0;0;1;1;-19,00965;-42,13649;"SR-MG";"DEL4/6";"UOP01/MG"
264673;2020-01-23;"quinta-feira";"11:30:00";"SC";101;257,3;"PAULO LOPES";"Pista Escorregadia";"Colisão com objeto estático";"Sem Vítimas";"Pleno dia";"Decrescente";"Chuva";"Dupla";"Não Informado";"Não";1;0;0;0;1;0;0;1;-27,99701;-48,68755;"SR-SC";"DEL8/2";"UOP03/SC"
264675;2020-01-23;"quinta-feira";"17:30:00";"MG";381;488;"BETIM";"Falta de Atenção à Condução";"Colisão lateral";"Com Vítimas Feridas";"Anoitecer";"Decrescente";"Chuva";"Dupla";"Reta";"Sim";2;0;0;1;1;0;1;2;-19,95987;-44,1549;"SR-MG";"DEL4/1";"UOP03/MG"
264676;2020-01-23;"quinta-feira";"19:00:00";"PR";476;196;"LAPA";"Falta de Atenção à Condução";"Colisão lateral";"Com Vítimas Feridas";"Anoitecer";"Crescente";"Sol";"Dupla";"Reta";"Sim";2;0;1;0;1;0;1;2;-25,76336;-49,73704;"SR-PR";"DEL7/1";"UOP04/PR"
264677;2020-01-23;"quinta-feira";"17:30:00";"MT";70;1;"BARRA DO GARCAS";"Falta de Atenção à Condução";"Colisão lateral";"Com Vítimas Feridas";"Pleno dia";"Crescente";"Sol";"Simples";"Reta";"Não";2;0;1;0;1;0;1;2;-15,89165;-52,26203;"SR-MT";"DEL2/8";"UOP01/MT"
264678;2020-01-23;"quinta-feira";"18:30:00";"MG";50;158,7;"UBERABA";"Defeito Mecânico no Veículo";"Incêndio";"Sem Vítimas";"Anoitecer";"Decrescente";"Chuva";"Dupla";"Não Informado";"Não";1;0;0;0;1;0;0;1;-19,63378;-48,0123;"SR-MG";"DEL13";"UOP01/MG"
264679;2020-01-23;"quinta-feira";"19:00:00";"GO";50;309;"CUMARI";"Pista Escorregadia";"Saída de leito carroçável";"Com Vítimas Feridas";"Plena Noite";"Decrescente";"Chuva";"Simples";"Curva";"Não";3;0;1;0;2;0;1;1;-18,3914;-48,07;"SR-GO";"DEL1/6";"UOP01/GO"
264680;2020-01-23;"quinta-feira";"16:30:00";"SP";116;498;"CAJATI";"Falta de Atenção à Condução";"Colisão com objeto em movimento";"Com Vítimas Feridas";"Pleno dia";"Crescente";"Garoa/Chuvisco";"Simples";"Reta";"Não";3;0;0;1;1;1;1;2;-24,77566;-48,17083;"SR-SP";"DEL6/5";"UOP03/SP"
264681;2020-01-23;"quinta-feira";"19:20:00";"SC";101;119;"ITAJAI";"Falta de Atenção à Condução";"Colisão lateral";"Com Vítimas Feridas";"Plena Noite";"Crescente";"Nublado";"Dupla";"Reta";"Não";2;0;1;0;1;0;1;2;-26,90432;-48,71555;"SR-SC";"DEL8/4";"UOP04/SC"
264682;2020-01-23;"quinta-feira";"19:20:00";"SP";116;149;"SAO JOSE DOS CAMPOS";"Ingestão de Álcool";"Colisão traseira";"Sem Vítimas";"Plena Noite";"Crescente";"Chuva";"Simples";"Desvio Temporário";"Sim";2;0;0;0;2;0;0;2;-23,207;-45,88627;"SR-SP";"DEL6/2";"UOP01/SP"
264683;2020-01-23;"quinta-feira";"19:30:00";"PR";376;3;"SAO JOSE DOS PINHAIS";"Falta de Atenção do Pedestre";"Atropelamento de Pedestre";"Com Vítimas Feridas";"Plena Noite";"Crescente";"Céu Claro";"Dupla";"Reta";"Sim";3;0;1;1;1;0;2;1;-25,5307;-49,1958;"SR-PR";"DEL7/1";"UOP01/PR"
264684;2020-01-23;"quinta-feira";"15:00:00";"PR";476;199,5;"LAPA";"Velocidade Incompatível";"Capotamento";"Com Vítimas Feridas";"Pleno dia";"Crescente";"Chuva";"Simples";"Curva";"Sim";2;0;2;0;0;0;2;1;-25,77376;-49,75057;"SR-PR";"DEL7/2";"UOP03/PR"
264685;2020-01-23;"quinta-feira";"15:55:00";"RJ";101;35;"CAMPOS DOS GOYTACAZES";"Pista Escorregadia";"Saída de leito carroçável";"Com Vítimas Feridas";"Pleno dia";"Decrescente";"Chuva";"Simples";"Curva";"Não";2;0;1;0;1;0;1;1;-21,50796;-41,3368;"SR-RJ";"DEL5/8";"UOP01/RJ"
264686;2020-01-23;"quinta-feira";"19:20:00";"SP";116;171,3;"JACAREI";"Pista Escorregadia";"Colisão com objeto estático";"Sem Vítimas";"Plena Noite";"Crescente";"Chuva";"Dupla";"Reta";"Não";1;0;0;0;1;0;0;1;-23,31217;-46,0633;"SR-SP";"DEL6/2";"UOP01/SP"
264687;2020-01-23;"quinta-feira";"18:55:00";"BA";135;187;"BARREIRAS";"Desobediência às normas de trânsito pelo condutor";"Colisão traseira";"Com Vítimas Feridas";"Plena Noite";"Crescente";"Garoa/Chuvisco";"Simples";"Reta";"Não";3;0;1;0;1;1;1;3;-12,21064;-45,01714;"SR-BA";"DEL10/10";"UOP01/BA"
264688;2020-01-23;"quinta-feira";"15:20:00";"RS";116;350,1;"TAPES";"Condutor Dormindo";"Saída de leito carroçável";"Com Vítimas Feridas";"Pleno dia";"Crescente";"Nublado";"Simples";"Curva";"Não";4;0;4;0;0;0;4;1;-30,54052;-51,50897;"SR-RS";"DEL9/2";"UOP02/RS"
264689;2020-01-22;"quarta-feira";"17:00:00";"PA";163;805;"RUROPOLIS";"Defeito na Via";"Tombamento";"Sem Vítimas";"Anoitecer";"Decrescente";"Ignorado";"Simples";"Desvio Temporário";"Não";1;0;0;0;0;1;0;1;-3,992311;-54,88755;"SR-PA";"DEL19/5";"UOP01/PA"
264690;2020-01-23;"quinta-feira";"15:10:00";"PR";277;330,8;"GUARAPUAVA";"Velocidade Incompatível";"Tombamento";"Com Vítimas Fatais";"Pleno dia";"Decrescente";"Céu Claro";"Simples";"Curva";"Não";1;1;0;0;0;0;0;1;-25,35252;-51,36577;"SR-PR";"DEL7/3";"UOP02/PR"
264691;2020-01-23;"quinta-feira";"20:00:00";"RJ";116;102;"GUAPIMIRIM";"Pista Escorregadia";"Tombamento";"Com Vítimas Feridas";"Plena Noite";"Crescente";"Chuva";"Simples";"Curva";"Sim";2;0;0;1;1;0;1;1;-22,49821;-42,99844;"SR-RJ";"DEL5/4";"UOP02/RJ"
264692;2020-01-23;"quinta-feira";"17:30:00";"RO";364;237,7;"CACOAL";"Objeto estático sobre o leito carroçável";"Tombamento";"Com Vítimas Feridas";"Anoitecer";"Crescente";"Nublado";"Simples";"Reta";"Sim";3;0;0;1;0;2;1;2;-11,44341;-61,44673;"SR-RO";"DEL21/2";"UOP02/RO"
264693;2020-01-23;"quinta-feira";"18:30:00";"PE";101;80,7;"JABOATAO DOS GUARARAPES";"Falta de Atenção à Condução";"Atropelamento de Pedestre";"Com Vítimas Feridas";"Plena Noite";"Crescente";"Nublado";"Dupla";"Reta";"Sim";1;0;0;1;0;0;1;1;-8,151126;-34,94289;"SR-PE";"DEL11/1";"UOP03/PE"
264694;2020-01-23;"quinta-feira";"20:05:00";"RS";116;248;"SAO LEOPOLDO";"Falta de Atenção à Condução";"Colisão traseira";"Com Vítimas Feridas";"Plena Noite";"Decrescente";"Chuva";"Dupla";"Viaduto";"Sim";3;0;1;0;2;0;1;3;-29,77606;-51,15509;"SR-RS";"DEL9/1";"UOP02/RS"
264695;2020-01-23;"quinta-feira";"07:30:00";"RJ";101;480,8;"ANGRA DOS REIS";"Defeito Mecânico no Veículo";"Incêndio";"Sem Vítimas";"Amanhecer";"Decrescente";"Nublado";"Simples";"Reta";"Não";1;0;0;0;1;0;0;1;-23,01331;-44,28362;"SR-RJ";"DEL5/3";"UOP02/RJ"
264696;2020-01-23;"quinta-feira";"20:00:00";"PR";116;17;"CURITIBA";"Restrição de Visibilidade";"Colisão com objeto em movimento";"Com Vítimas Feridas";"Plena Noite";"Crescente";"Garoa/Chuvisco";"Múltipla";"Reta";"Não";2;0;1;0;1;0;1;2;-25,389;-49,1867;"SR-PR";"DEL7/1";"UOP01/PR"
264697;2020-01-23;"quinta-feira";"20:17:00";"PR";277;715,9;"SANTA TEREZINHA DE ITAIPU";"Falta de Atenção à Condução";"Saída de leito carroçável";"Com Vítimas Fatais";"Plena Noite";"Crescente";"Nublado";"Dupla";"Reta";"Não";2;1;0;0;0;1;0;1;-25,46883;-54,45811;"SR-PR";"DEL7/5";"UOP01/PR"
264698;2020-01-23;"quinta-feira";"11:30:00";"BA";324;617,7;"SALVADOR";"Desobediência às normas de trânsito pelo condutor";"Colisão traseira";"Com Vítimas Feridas";"Pleno dia";"Crescente";"Sol";"Dupla";"Reta";"Não";3;0;2;0;1;0;2;2;-12,88603;-38,43806;"SR-BA";"DEL10/1";"UOP01/BA"
264699;2020-01-23;"quinta-feira";"16:45:00";"PR";153;115,2;"IBAITI";"Falta de Atenção à Condução";"Colisão lateral";"Com Vítimas Feridas";"Pleno dia";"Decrescente";"Chuva";"Simples";"Reta";"Não";5;0;2;1;2;0;3;3;-23,8959;-50,20213;"SR-PR";"DEL7/7";"UOP07/PR"
264700;2020-01-23;"quinta-feira";"19:35:00";"MG";50;188,7;"UBERABA";"Defeito na Via";"Colisão lateral";"Sem Vítimas";"Pleno dia";"Crescente";"Chuva";"Dupla";"Reta";"Não";2;0;0;0;1;1;0;2;-19,84071;-47,87993;"SR-MG";"DEL13";"UOP01/MG"
264701;2020-01-23;"quinta-feira";"19:40:00";"MT";70;522,6;"VARZEA GRANDE";"Falta de Atenção à Condução";"Colisão transversal";"Sem Vítimas";"Plena Noite";"Crescente";"Nublado";"Simples";"Reta";"Sim";2;0;0;0;2;0;0;2;-15,66139;-56,18752;"SR-MT";"DEL2/4";"UOP02/MT"
264702;2020-01-23;"quinta-feira";"20:25:00";"PE";101;41,9;"IGARASSU";"Ingestão de Álcool";"Colisão transversal";"Com Vítimas Feridas";"Plena Noite";"Crescente";"Céu Claro";"Múltipla";"Não Informado";"Não";3;0;2;0;0;1;2;2;-7,830383;-34,91427;"SR-PE";"DEL11/1";"UOP02/PE"
264703;2020-01-23;"quinta-feira";"19:25:00";"MG";116;279,8;"TEOFILO OTONI";"Falta de Atenção à Condução";"Colisão frontal";"Com Vítimas Feridas";"Plena Noite";"Crescente";"Chuva";"Simples";"Reta";"Não";2;0;1;0;1;0;1;2;-17,87634;-41,52081;"SR-MG";"DEL4/11";"UOP01/MG"
264705;2020-01-23;"quinta-feira";"21:54:00";"SC";101;138;"BALNEARIO CAMBORIU";"Falta de Atenção à Condução";"Colisão transversal";"Com Vítimas Fatais";"Plena Noite";"Decrescente";"Chuva";"Dupla";"Reta";"Sim";2;1;0;0;1;0;0;2;-27,02397;-48,60762;"SR-SC";"DEL8/4";"UOP03/SC"
264706;2020-01-23;"quinta-feira";"20:00:00";"PR";376;631,8;"SAO JOSE DOS PINHAIS";"Velocidade Incompatível";"Saída de leito carroçável";"Sem Vítimas";"Plena Noite";"Decrescente";"Garoa/Chuvisco";"Dupla";"Reta";"Sim";1;0;0;0;1;0;0;1;-25,70434;-49,14199;"SR-PR";"DEL7/1";"UOP08/PR"
264707;2020-01-23;"quinta-feira";"17:30:00";"MA";222;208;"ITAPECURU MIRIM";"Desobediência às normas de trânsito pelo condutor";"Colisão transversal";"Com Vítimas Feridas";"Pleno dia";"Crescente";"Chuva";"Dupla";"Reta";"Sim";2;0;0;1;1;0;1;2;-3,391571;-44,36271;"SR-MA";"DEL18/1";"UOP02/MA"
264708;2020-01-23;"quinta-feira";"20:45:00";"CE";116;447,5;"BARRO";"Pista Escorregadia";"Colisão lateral";"Com Vítimas Feridas";"Plena Noite";"Crescente";"Chuva";"Simples";"Reta";"Não";2;0;1;0;1;0;1;2;-7,088238;-38,78364;"SR-CE";"DEL16/5";"UOP03/CE"
264709;2020-01-23;"quinta-feira";"21:40:00";"PR";376;674;"GUARATUBA";"Agressão Externa";"Saída de leito carroçável";"Com Vítimas Feridas";"Plena Noite";"Decrescente";"Chuva";"Dupla";"Reta";"Não";2;0;1;0;1;0;1;1;-25,90851;-48,92071;"SR-PR";"DEL7/1";"UOP08/PR"
264710;2020-01-23;"quinta-feira";"21:45:00";"RS";290;95;"PORTO ALEGRE";"Ingestão de Álcool";"Colisão transversal";"Com Vítimas Feridas";"Plena Noite";"Crescente";"Ignorado";"Múltipla";"Reta";"Sim";2;0;2;0;0;0;2;1;-29,98283;-51,20157;"SR-RS";"DEL9/1";"UOP01/RS"
264711;2020-01-23;"quinta-feira";"18:15:00";"SC";101;384,3;"CRICIUMA";"Falta de Atenção à Condução";"Capotamento";"Com Vítimas Feridas";"Pleno dia";"Crescente";"Chuva";"Dupla";"Reta";"Não";2;0;2;0;0;0;2;1;-28,76851;-49,30255;"SR-SC";"DEL8/2";"UOP02/SC"
264712;2020-01-23;"quinta-feira";"20:20:00";"SC";101;417;"ARARANGUA";"Falta de Atenção à Condução";"Colisão transversal";"Com Vítimas Feridas";"Plena Noite";"Decrescente";"Chuva";"Simples";"Reta";"Sim";2;0;1;0;1;0;1;2;-28,97376;-49,53023;"SR-SC";"DEL8/2";"UOP02/SC"
264713;2020-01-23;"quinta-feira";"22:26:00";"PR";277;76;"SAO JOSE DOS PINHAIS";"Falta de Atenção à Condução";"Saída de leito carroçável";"Com Vítimas Feridas";"Plena Noite";"Crescente";"Garoa/Chuvisco";"Dupla";"Reta";"Não";1;0;1;0;0;0;1;1;-25,51328;-49,12433;"SR-PR";"DEL7/1";"UOP01/PR"
264714;2020-01-23;"quinta-feira";"22:20:00";"PE";101;70;"RECIFE";"Falta de Atenção à Condução";"Tombamento";"Com Vítimas Feridas";"Plena Noite";"Decrescente";"Céu Claro";"Dupla";"Reta";"Não";1;0;1;0;0;0;1;1;-8,067761;-34,94265;"SR-PE";"DEL11/1";"UOP01/PE"
264716;2020-01-23;"quinta-feira";"16:30:00";"MA";230;228;"SAO FELIX DE BALSAS";"Velocidade Incompatível";"Saída de leito carroçável";"Com Vítimas Feridas";"Pleno dia";"Decrescente";"Ignorado";"Simples";"Reta";"Não";1;0;0;1;0;0;1;1;-6,823784;-44,76337;"SR-MA";"DEL18/5";"UOP01/MA"
264717;2020-01-23;"quinta-feira";"23:00:00";"CE";222;0;"FORTALEZA";"Desobediência às normas de trânsito pelo condutor";"Colisão lateral";"Com Vítimas Feridas";"Plena Noite";"Crescente";"Céu Claro";"Múltipla";"Interseção de vias";"Sim";3;0;2;0;1;0;2;2;-3,736774;-38,56923;"SR-CE";"DEL16/1";"UOP01/CE"
264718;2020-01-23;"quinta-feira";"21:30:00";"BA";418;92;"NOVA VICOSA";"Animais na Pista";"Capotamento";"Com Vítimas Feridas";"Plena Noite";"Decrescente";"Chuva";"Simples";"Reta";"Não";2;0;1;0;1;0;1;1;-17,88303;-39,85283;"SR-BA";"DEL10/9";"UOP03/BA"
264719;2020-01-23;"quinta-feira";"21:50:00";"SC";163;72,5;"SAO MIGUEL DO OESTE";"Ingestão de Álcool";"Saída de leito carroçável";"Sem Vítimas";"Plena Noite";"Decrescente";"Céu Claro";"Simples";"Reta";"Não";1;0;0;0;0;1;0;1;-26,71909;-53,51578;"SR-SC";"DEL7";"UOP03/SC"
264720;2020-01-23;"quinta-feira";"23:10:00";"PI";316;32,7;"DEMERVAL LOBAO";"Ingestão de Álcool";"Colisão lateral";"Sem Vítimas";"Plena Noite";"Decrescente";"Chuva";"Simples";"Reta";"Sim";2;0;0;0;2;0;0;2;-5,34218;-42,68627;"SR-PI";"DEL17/1";"UOP02/PI"
264721;2020-01-23;"quinta-feira";"23:40:00";"SP";116;284,8;"ITAPECERICA DA SERRA";"Mal Súbito";"Saída de leito carroçável";"Com Vítimas Feridas";"Plena Noite";"Decrescente";"Garoa/Chuvisco";"Dupla";"Retorno Regulamentado";"Sim";1;0;1;0;0;0;1;1;-23,69998;-46,86777;"SR-SP";"DEL6/4";"UOP01/SP"
264722;2020-01-23;"quinta-feira";"22:40:00";"RJ";116;244,5;"PIRAI";"Não guardar distância de segurança";"Colisão traseira";"Com Vítimas Feridas";"Plena Noite";"Decrescente";"Garoa/Chuvisco";"Dupla";"Reta";"Não";2;0;0;1;1;0;1;2;-22,62454;-43,91765;"SR-RJ";"DEL5/7";"UOP01/RJ"
264723;2020-01-23;"quinta-feira";"23:30:00";"DF";20;16,1;"BRASILIA";"Velocidade Incompatível";"Saída de leito carroçável";"Com Vítimas Feridas";"Plena Noite";"Crescente";"Garoa/Chuvisco";"Dupla";"Desvio Temporário";"Sim";2;0;1;0;1;0;1;1;-15,62567;-47,72516;"SR-DF";"UOP01/DEL02/DF";""
264724;2020-01-23;"quinta-feira";"23:00:00";"PR";158;388,6;"LARANJEIRAS DO SUL";"Falta de Atenção à Condução";"Queda de ocupante de veículo";"Com Vítimas Feridas";"Plena Noite";"Decrescente";"Céu Claro";"Simples";"Reta";"Não";1;0;0;1;0;0;1;1;-25,26783;-52,28893;"SR-PR";"DEL7/4";"UOP03/PR"
264725;2020-01-23;"quinta-feira";"20:00:00";"RO";364;603;"ITAPUA DO OESTE";"Falta de Atenção à Condução";"Saída de leito carroçável";"Com Vítimas Feridas";"Plena Noite";"Decrescente";"Céu Claro";"Simples";"Reta";"Não";1;0;1;0;0;0;1;1;-9,198434;-63,18258;"SR-RO";"DEL21/3";"UOP03/RO"
264726;2020-01-23;"quinta-feira";"23:00:00";"MS";163;549,5;"BANDEIRANTES";"Ingestão de Álcool";"Saída de leito carroçável";"Sem Vítimas";"Plena Noite";"Crescente";"Chuva";"Simples";"Reta";"Sim";1;0;0;0;1;0;0;1;-19,90957;-54,37133;"SR-MS";"DEL3/1";"UOP02/MS"
264728;2020-01-23;"quinta-feira";"22:00:00";"MG";365;621,3;"UBERLANDIA";"Pista Escorregadia";"Colisão com objeto estático";"Sem Vítimas";"Plena Noite";"Crescente";"Chuva";"Múltipla";"Não Informado";"Sim";2;0;0;0;0;2;0;1;-18,9048;-48,29053;"SR-MG";"DEL4/15";"UOP01/MG"
264729;2020-01-23;"quinta-feira";"23:00:00";"MG";116;587;"MANHUACU";"Desobediência às normas de trânsito pelo condutor";"Colisão frontal";"Com Vítimas Feridas";"Plena Noite";"Decrescente";"Chuva";"Simples";"Reta";"Sim";3;0;0;2;0;1;2;2;-20,24174;-42,15868;"SR-MG";"DEL4/6";"UOP04/MG"
264730;2020-01-24;"sexta-feira";"00:50:00";"SC";101;310,9;"LAGUNA";"Pista Escorregadia";"Tombamento";"Com Vítimas Feridas";"Plena Noite";"Decrescente";"Chuva";"Simples";"Não Informado";"Não";1;0;1;0;0;0;1;1;-28,44002;-48,81306;"SR-SC";"DEL8/2";"UOP01/SC"
264731;2020-01-23;"quinta-feira";"20:00:00";"MG";40;302,6;"TRES MARIAS";"Condutor Dormindo";"Colisão traseira";"Com Vítimas Feridas";"Plena Noite";"Decrescente";"Chuva";"Simples";"Reta";"Não";3;0;1;1;1;0;2;2;-18,37669;-45,09864;"SR-MG";"DEL4/14";"UOP02/MG"
264732;2020-01-24;"sexta-feira";"01:30:00";"GO";60;135,9;"GOIANIA";"Agressão Externa";"Saída de leito carroçável";"Com Vítimas Feridas";"Plena Noite";"Crescente";"Garoa/Chuvisco";"Dupla";"Curva";"Sim";3;0;1;0;2;0;1;3;-16,589;-49,1945;"SR-GO";"DEL1/1";"UOP01/GO"
264733;2020-01-24;"sexta-feira";"02:08:00";"RS";158;324;"SANTA MARIA";"Falta de Atenção do Pedestre";"Atropelamento de Pedestre";"Com Vítimas Feridas";"Plena Noite";"Decrescente";"Céu Claro";"Dupla";"Curva";"Sim";2;0;0;1;1;0;1;1;-29,70118;-53,79181;"SR-RS";"DEL9/9";"UOP01/RS"
264734;2020-01-24;"sexta-feira";"02:20:00";"GO";80;178;"URUACU";"Condutor Dormindo";"Saída de leito carroçável";"Com Vítimas Feridas";"Plena Noite";"Crescente";"Chuva";"Simples";"Interseção de vias";"Não";5;0;3;2;0;0;5;1;-14,63584;-49,17603;"SR-GO";"DEL1/7";"UOP01/GO"
264735;2020-01-24;"sexta-feira";"03:15:00";"PR";369;164,1;"CAMBE";"Objeto estático sobre o leito carroçável";"Saída de leito carroçável";"Com Vítimas Feridas";"Plena Noite";"Crescente";"Céu Claro";"Dupla";"Reta";"Sim";1;0;1;0;0;0;1;1;-23,29512;-51,28821;"SR-PR";"DEL7/7";"UOP01/PR"
264736;2020-01-24;"sexta-feira";"04:00:00";"MG";381;501,9;"BETIM";"Velocidade Incompatível";"Colisão com objeto estático";"Sem Vítimas";"Plena Noite";"Decrescente";"Chuva";"Dupla";"Curva";"Sim";1;0;0;0;0;1;0;1;-20,03146;-44,23779;"SR-MG";"DEL4/1";"UOP03/MG"
264737;2020-01-24;"sexta-feira";"03:30:00";"MG";381;501,9;"BETIM";"Não guardar distância de segurança";"Colisão traseira";"Com Vítimas Feridas";"Plena Noite";"Decrescente";"Chuva";"Dupla";"Reta";"Sim";3;0;1;0;2;0;1;2;-20,03146;-44,23779;"SR-MG";"DEL4/1";"UOP03/MG"
264738;2020-01-24;"sexta-feira";"04:08:00";"SC";101;190,9;"BIGUACU";"Velocidade Incompatível";"Colisão com objeto estático";"Com Vítimas Feridas";"Plena Noite";"Decrescente";"Nublado";"Múltipla";"Curva";"Não";5;0;0;2;3;0;2;2;-27,46806;-48,64171;"SR-SC";"DEL8/1";"UOP01/SC"
264739;2020-01-24;"sexta-feira";"04:10:00";"PR";373;456,1;"CHOPINZINHO";"Defeito Mecânico no Veículo";"Saída de leito carroçável";"Com Vítimas Feridas";"Amanhecer";"Crescente";"Céu Claro";"Simples";"Reta";"Não";2;0;1;0;1;0;1;1;-25,91126;-52,38183;"SR-PR";"DEL7/2";"UOP01/PR"
264740;2020-01-24;"sexta-feira";"01:40:00";"MG";40;523;"CONTAGEM";"Avarias e/ou desgaste excessivo no pneu";"Saída de leito carroçável";"Sem Vítimas";"Amanhecer";"Crescente";"Chuva";"Dupla";"Reta";"Sim";1;0;0;0;1;0;0;1;-19,86875;-44,05962;"SR-MG";"DEL4/1";"UOP02/MG"
264741;2020-01-24;"sexta-feira";"01:30:00";"PI";222;9,5;"SAO JOAO DA FRONTEIRA";"Falta de Atenção à Condução";"Saída de leito carroçável";"Sem Vítimas";"Plena Noite";"Crescente";"Nublado";"Simples";"Reta";"Sim";1;0;0;0;1;0;0;1;-3,961692;-41,29622;"SR-PI";"DEL17/2";"UOP01/PI"
264742;2020-01-24;"sexta-feira";"04:10:00";"BA";116;890,5;"CANDIDO SALES";"Falta de Atenção à Condução";"Colisão frontal";"Com Vítimas Fatais";"Plena Noite";"Decrescente";"Chuva";"Simples";"Não Informado";"Não";7;4;3;0;0;0;3;2;-15,28579;-41,13353;"SR-BA";"DEL10/8";"UOP03/BA"
264743;2020-01-24;"sexta-feira";"05:00:00";"RJ";101;390;"RIO DE JANEIRO";"Falta de Atenção à Condução";"Tombamento";"Sem Vítimas";"Amanhecer";"Crescente";"Chuva";"Dupla";"Curva";"Sim";1;0;0;0;1;0;0;1;-22,89347;-43,67543;"SR-RJ";"PMRJ";""
264744;2020-01-23;"quinta-feira";"17:00:00";"MG";381;386;"SAO GONCALO DO RIO ABAIXO";"Falta de Atenção à Condução";"Colisão com objeto estático";"Sem Vítimas";"Pleno dia";"Decrescente";"Chuva";"Simples";"Curva";"Não";1;0;0;0;1;0;0;1;-19,79738;-43,4174;"SR-MG";"DEL4/1";"UOP01/MG"
264745;2020-01-24;"sexta-feira";"04:50:00";"SC";470;59,3;"BLUMENAU";"Ingestão de Álcool";"Saída de leito carroçável";"Sem Vítimas";"Amanhecer";"Crescente";"Nublado";"Simples";"Curva";"Não";1;0;0;0;1;0;0;1;-26,88231;-49,16026;"SR-SC";"DEL8/4";"UOP01/SC"
264746;2020-01-24;"sexta-feira";"05:30:00";"SP";381;32,2;"ATIBAIA";"Falta de Atenção à Condução";"Colisão traseira";"Com Vítimas Feridas";"Amanhecer";"Crescente";"Nublado";"Dupla";"Não Informado";"Não";3;0;2;0;0;1;2;2;-23,06461;-46,57048;"SR-SP";"DEL6/3";"UOP02/SP"
264747;2020-01-24;"sexta-feira";"06:00:00";"RS";116;517;"PELOTAS";"Falta de Atenção à Condução";"Saída de leito carroçável";"Sem Vítimas";"Amanhecer";"Decrescente";"Céu Claro";"Dupla";"Curva";"Sim";1;0;0;0;0;1;0;1;-31,67909;-52,34257;"SR-RS";"DEL9/7";"UOP01/RS"
264749;2020-01-24;"sexta-feira";"05:33:00";"BA";116;704,2;"MANOEL VITORINO";"Falta de Atenção à Condução";"Colisão frontal";"Com Vítimas Fatais";"Amanhecer";"Crescente";"Nublado";"Simples";"Reta";"Não";6;3;0;1;2;0;1;3;-14,06332;-40,20551;"SR-BA";"DEL10/3";"UOP01/BA"
264750;2020-01-24;"sexta-feira";"04:20:00";"RO";364;352;"JI-PARANA";"Não guardar distância de segurança";"Colisão traseira";"Com Vítimas Feridas";"Amanhecer";"Decrescente";"Chuva";"Simples";"Reta";"Sim";3;0;3;0;0;0;3;2;-10,83322;-62,01157;"SR-RO";"DEL21/2";"UOP01/RO"
264751;2020-01-23;"quinta-feira";"18:00:00";"PI";343;127,8;"PIRACURUCA";"Restrição de Visibilidade";"Saída de leito carroçável";"Com Vítimas Feridas";"Anoitecer";"Decrescente";"Chuva";"Simples";"Reta";"Não";2;0;1;1;0;0;2;1;-3,806971;-41,68621;"SR-PI";"DEL17/2";"UOP01/PI"
264753;2020-01-24;"sexta-feira";"03:50:00";"RS";392;36,8;"RIO GRANDE";"Condutor Dormindo";"Saída de leito carroçável";"Com Vítimas Feridas";"Plena Noite";"Crescente";"Céu Claro";"Dupla";"Reta";"Não";1;0;1;0;0;0;1;1;-31,99762;-52,28885;"SR-RS";"DEL9/7";"UOP02/RS"
264754;2020-01-24;"sexta-feira";"07:15:00";"RJ";40;30,9;"AREAL";"Velocidade Incompatível";"Colisão com objeto estático";"Com Vítimas Feridas";"Pleno dia";"Decrescente";"Garoa/Chuvisco";"Dupla";"Não Informado";"Não";4;0;2;0;2;0;2;1;-22,18634;-43,1666;"SR-RJ";"DEL5/6";"UOP01/RJ"
264755;2020-01-24;"sexta-feira";"03:30:00";"MG";116;229;"TEOFILO OTONI";"Velocidade Incompatível";"Colisão frontal";"Com Vítimas Feridas";"Plena Noite";"Decrescente";"Chuva";"Simples";"Não Informado";"Não";2;0;1;0;1;0;1;2;-17,47834;-41,49387;"SR-MG";"DEL4/11";"UOP01/MG"
264756;2020-01-24;"sexta-feira";"02:45:00";"RS";116;267,8;"CANOAS";"Velocidade Incompatível";"Colisão com objeto estático";"Sem Vítimas";"Plena Noite";"Crescente";"Céu Claro";"Dupla";"Reta";"Sim";2;0;0;0;0;2;0;1;-29,94142;-51,17697;"SR-RS";"DEL9/1";"UOP01/RS"
264757;2020-01-24;"sexta-feira";"07:00:00";"GO";40;7;"VALPARAISO DE GOIAS";"Não guardar distância de segurança";"Colisão traseira";"Com Vítimas Feridas";"Pleno dia";"Decrescente";"Céu Claro";"Dupla";"Reta";"Sim";2;0;1;0;1;0;1;2;-16,10848;-47,97252;"SR-DF";"UOP01/DF";""
264760;2020-01-24;"sexta-feira";"04:30:00";"ES";262;113;"VENDA NOVA DO IMIGRANTE";"Pista Escorregadia";"Saída de leito carroçável";"Sem Vítimas";"Amanhecer";"Decrescente";"Chuva";"Simples";"Curva";"Não";1;0;0;0;1;0;0;1;-20,33172;-41,20453;"SR-ES";"DEL12/1";"UOP02/ES"