"id";"data_inversa";"dia_semana";"horario";"uf";"br";"km";"municipio";"causa_acidente";"tipo_acidente";"classificacao_acidente";"fase_dia";"sentido_via";"condicao_metereologica";"tipo_pista";"tracado_via";"uso_solo";"pessoas";"mortos";"feridos_leves";"feridos_graves";"ilesos";"ignorados";"feridos";"veiculos";"latitude";"longitude";"regional";"delegacia";"uop"
265143;2020-01-26;"domingo";"00:05:00";"MT";163;1044;"MATUPA";"Falta de Atenção à Condução";"Queda de ocupante de veículo";"Com Vítimas Fatais";"Plena Noite";"Decrescente";"Chuva";"Simples";"Reta";"Não";3;1;0;0;2;0;0;2;-10,24969;-54,99308;"SR-MT";"DEL2/6";"UOP02/MT"
265144;2020-01-25;"sábado";"23:00:00";"MA";135;20,9;"SAO LUIS";"Objeto estático sobre o leito carroçável";"Colisão com objeto estático";"Com Vítimas Feridas";"Plena Noite";"Crescente";"Nublado";"Dupla";"Reta";"Sim";2;0;1;0;1;0;1;2;-2,56175;-44,31589;"SR-MA";"DEL18/1";"UOP01/MA"
265145;2020-01-25;"sábado";"23:48:00";"BA";135;143;"RIACHAO DAS NEVES";"Animais na Pista";"Atropelamento de Animal";"Com Vítimas Feridas";"Plena Noite";"Decrescente";"Chuva";"Simples";"Reta";"Não";3;0;1;0;2;0;1;1;-11,89105;-44,85957;"SR-BA";"DEL10/10";"UOP01/BA"
265146;2020-01-25;"sábado";"21:35:00";"PI";343;592,5;"FLORIANO";"Ingestão de Álcool";"Atropelamento de Pedestre";"Com Vítimas Feridas";"Plena Noite";"Crescente";"Céu Claro";"Simples";"Reta";"Sim";3;0;1;0;0;2;1;1;-6,777731;-43,03156;"SR-PI";"DEL17/3";"UOP01/PI"
265147;2020-01-25;"sábado";"00:31:00";"SP";116;409,1;"JUQUIA";"Animais na Pista";"Atropelamento de Animal";"Com Vítimas Feridas";"Plena Noite";"Decrescente";"Nublado";"Dupla";"Desvio Temporário";"Não";5;0;3;2;0;0;5;1;-24,3316;-47,58478;"SR-SP";"DEL6/5";"UOP01/SP"
265148;2020-01-26;"domingo";"01:10:00";"RS";386;35,8;"FREDERICO WESTPHALEN";"Ingestão de Álcool";"Colisão lateral";"Sem Vítimas";"Plena Noite";"Crescente";"Céu Claro";"Simples";"Reta";"Sim";2;0;0;0;2;0;0;2;-27,36511;-53,3949;"SR-RS";"DEL08";"UOP02/RS"
265149;2020-01-26;"domingo";"02:10:00";"PE";232;51,9;"POMBOS";"Desobediência às normas de trânsito pelo condutor";"Colisão frontal";"Com Vítimas Fatais";"Plena Noite";"Decrescente";"Céu Claro";"Dupla";"Não Informado";"Sim";5;1;2;0;1;1;2;2;-8,134659;-35,33971;"SR-PE";"DEL11/1";"UOP04/PE"
265150;2020-01-26;"domingo";"01:40:00";"RS";386;444;"CANOAS";"Pista Escorregadia";"Tombamento";"Com Vítimas Feridas";"Plena Noite";"Decrescente";"Céu Claro";"Dupla";"Não Informado";"Sim";2;0;1;0;1;0;1;2;-29,89268;-51,176;"SR-RS";"DEL9/1";"UOP01/RS"
265151;2020-01-26;"domingo";"00:30:00";"SP";116;409,1;"JUQUIA";"Animais na Pista";"Atropelamento de Animal";"Com Vítimas Feridas";"Plena Noite";"Decrescente";"Céu Claro";"Dupla";"Reta";"Não";1;0;1;0;0;0;1;1;-24,3316;-47,58478;"SR-SP";"DEL6/5";"UOP01/SP"
265152;2020-01-26;"domingo";"00:40:00";"MG";262;38,8;"MANHUACU";"Ingestão de Álcool";"Colisão lateral";"Com Vítimas Feridas";"Plena Noite";"Crescente";"Nublado";"Simples";"Reta";"Sim";2;0;0;1;1;0;1;2;-20,26306;-42,03685;"SR-MG";"DEL4/6";"UOP04/MG"
265153;2020-01-26;"domingo";"00:20:00";"CE";222;2;"CAUCAIA";"Ingestão de Álcool";"Colisão traseira";"Com Vítimas Feridas";"Plena Noite";"Crescente";"Céu Claro";"Dupla";"Reta";"Sim";2;0;0;1;1;0;1;2;-3,736507;-38,65337;"SR-CE";"DEL16/1";"UOP01/CE"
265154;2020-01-26;"domingo";"03:00:00";"SP";116;155;"SAO JOSE DOS CAMPOS";"Falta de Atenção à Condução";"Atropelamento de Pedestre";"Com Vítimas Feridas";"Plena Noite";"Crescente";"Nevoeiro/Neblina";"Dupla";"Não Informado";"Sim";2;0;1;0;0;1;1;1;-23,24524;-45,92773;"SR-SP";"DEL6/2";"UOP01/SP"
265155;2020-01-26;"domingo";"02:55:00";"ES";101;149,2;"LINHARES";"Ingestão de Álcool";"Colisão transversal";"Sem Vítimas";"Plena Noite";"Crescente";"Chuva";"Dupla";"Interseção de vias";"Sim";2;0;0;0;2;0;0;2;-19,4001;-40,06303;"SR-ES";"DEL12/4";"UOP01/ES"
265156;2020-01-26;"domingo";"00:00:00";"BA";418;109;"NOVA VICOSA";"Ingestão de Álcool";"Saída de leito carroçável";"Com Vítimas Feridas";"Plena Noite";"Decrescente";"Chuva";"Simples";"Reta";"Não";6;0;2;0;4;0;2;3;-17,89393;-40,04535;"SR-BA";"DEL10/9";"UOP03/BA"
265157;2020-01-26;"domingo";"04:20:00";"AL";316;247;"ATALAIA";"Ingestão de Álcool";"Colisão frontal";"Com Vítimas Feridas";"Plena Noite";"Decrescente";"Nublado";"Simples";"Reta";"Sim";2;0;1;0;0;1;1;2;-9,533141;-35,9903;"SR-AL";"DEL13/1";"UOP01/AL"
265158;2020-01-26;"domingo";"03:30:00";"MG";40;527;"CONTAGEM";"Velocidade Incompatível";"Saída de leito carroçável";"Sem Vítimas";"Plena Noite";"Decrescente";"Nublado";"Dupla";"Curva";"Sim";1;0;0;0;0;1;0;1;-19,9015;-44,04939;"SR-MG";"DEL4/1";"UOP02/MG"
265159;2020-01-26;"domingo";"01:49:00";"RJ";101;303;"SAO GONCALO";"Falta de Atenção à Condução";"Saída de leito carroçável";"Com Vítimas Feridas";"Plena Noite";"Decrescente";"Céu Claro";"Dupla";"Reta";"Não";1;0;1;0;0;0;1;1;-22,78282;-42,97667;"SR-RJ";"DEL5/2";"UOP01/RJ"
265161;2020-01-26;"domingo";"02:50:00";"CE";222;5;"CAUCAIA";"Desobediência às normas de trânsito pelo condutor";"Colisão lateral";"Sem Vítimas";"Plena Noite";"Crescente";"Chuva";"Múltipla";"Reta";"Não";2;0;0;0;2;0;0;2;-3,742969;-38,61331;"SR-CE";"DEL16/1";"UOP01/CE"
265162;2020-01-26;"domingo";"05:00:00";"RS";116;193,1;"PICADA CAFE";"Ingestão de Álcool";"Colisão frontal";"Com Vítimas Feridas";"Amanhecer";"Crescente";"Céu Claro";"Simples";"Curva";"Sim";4;0;3;0;1;0;3;2;-29,44461;-51,13861;"SR-RS";"DEL9/5";"UOP02/RS"
265163;2020-01-26;"domingo";"05:00:00";"SC";470;45,6;"GASPAR";"Defeito na Via";"Colisão com objeto estático";"Com Vítimas Feridas";"Amanhecer";"Crescente";"Céu Claro";"Simples";"Não Informado";"Sim";1;0;1;0;0;0;1;1;-26,86285;-49,0347;"SR-SC";"DEL8/4";"UOP01/SC"
265164;2020-01-26;"domingo";"02:50:00";"MS";163;549,1;"BANDEIRANTES";"Desobediência às normas de trânsito pelo condutor";"Colisão transversal";"Sem Vítimas";"Plena Noite";"Decrescente";"Nublado";"Simples";"Interseção de vias";"Sim";6;0;0;0;5;1;0;2;-19,90957;-54,37133;"SR-MS";"DEL3/1";"UOP02/MS"
265165;2020-01-26;"domingo";"05:05:00";"RS";116;235;"NOVO HAMBURGO";"Falta de Atenção à Condução";"Colisão com objeto estático";"Sem Vítimas";"Amanhecer";"Decrescente";"Céu Claro";"Dupla";"Curva";"Não";1;0;0;0;0;1;0;1;-29,66038;-51,14387;"SR-RS";"DEL9/1";"UOP02/RS"
265166;2020-01-26;"domingo";"02:50:00";"MT";70;343;"DOM AQUINO";"Velocidade Incompatível";"Saída de leito carroçável";"Sem Vítimas";"Plena Noite";"Decrescente";"Nublado";"Simples";"Curva";"Não";1;0;0;0;1;0;0;1;-15,53564;-54,82133;"SR-MT";"DEL2/5";"UOP01/MT"
265169;2020-01-26;"domingo";"06:00:00";"BA";116;617;"IRAJUBA";"Falta de Atenção à Condução";"Saída de leito carroçável";"Com Vítimas Feridas";"Pleno dia";"Crescente";"Céu Claro";"Simples";"Reta";"Não";2;0;2;0;0;0;2;1;-13,32186;-40,017;"SR-BA";"DEL10/3";"UOP01/BA"
265170;2020-01-26;"domingo";"06:55:00";"SP";153;301,5;"CAMPOS NOVOS PAULISTA";"Defeito na Via";"Queda de ocupante de veículo";"Com Vítimas Feridas";"Amanhecer";"Decrescente";"Sol";"Simples";"Reta";"Não";2;0;1;0;0;1;1;1;-22,59033;-49,88961;"SR-SP";"DEL6/07";"UOP03/SP"
265171;2020-01-25;"sábado";"23:30:00";"MG";116;115,1;"ITAOBIM";"Ingestão de Substâncias Psicoativas";"Atropelamento de Pedestre";"Com Vítimas Feridas";"Plena Noite";"Decrescente";"Nublado";"Simples";"Reta";"Sim";2;0;2;0;0;0;2;1;-16,55656;-41,50193;"SR-MG";"DEL4/11";"UOP02/MG"
265173;2020-01-26;"domingo";"06:20:00";"RJ";493;5,8;"ITABORAI";"Defeito na Via";"Capotamento";"Com Vítimas Feridas";"Pleno dia";"Decrescente";"Céu Claro";"Simples";"Não Informado";"Sim";2;0;1;0;0;1;1;1;-22,73999;-42,95375;"SR-RJ";"DEL5/2";"UOP01/RJ"
265174;2020-01-26;"domingo";"07:30:00";"DF";20;18,5;"BRASILIA";"Ingestão de Álcool";"Colisão lateral";"Sem Vítimas";"Pleno dia";"Crescente";"Garoa/Chuvisco";"Dupla";"Não Informado";"Não";2;0;0;0;2;0;0;2;-15,6169;-47,70893;"SR-DF";"UOP01/DEL02/DF";""
265175;2020-01-26;"domingo";"05:15:00";"MS";419;319;"NIOAQUE";"Condutor Dormindo";"Saída de leito carroçável";"Sem Vítimas";"Amanhecer";"Decrescente";"Céu Claro";"Simples";"Reta";"Não";1;0;0;0;1;0;0;1;-21,06805;-55,79391;"SR-MS";"DEL3/3";"UOP01/MS"
265176;2020-01-26;"domingo";"07:00:00";"BA";101;807;"ITAMARAJU";"Ingestão de Álcool";"Colisão frontal";"Com Vítimas Feridas";"Pleno dia";"Crescente";"Chuva";"Simples";"Reta";"Sim";2;0;2;0;0;0;2;2;-17,18821;-39,58798;"SR-BA";"DEL10/9";"UOP01/BA"
265177;2020-01-26;"domingo";"07:40:00";"MG";116;170,5;"PADRE PARAISO";"Defeito Mecânico no Veículo";"Tombamento";"Com Vítimas Feridas";"Pleno dia";"Decrescente";"Garoa/Chuvisco";"Simples";"Curva";"Não";1;0;1;0;0;0;1;1;-17,01767;-41,44357;"SR-MG";"DEL4/11";"UOP02/MG"
265178;2020-01-26;"domingo";"07:50:00";"CE";20;301;"CANINDE";"Falta de Atenção à Condução";"Colisão transversal";"Com Vítimas Feridas";"Pleno dia";"Decrescente";"Céu Claro";"Simples";"Reta";"Não";1;0;1;0;0;0;1;1;-4,406297;-39,3237;"SR-CE";"DEL16/2";"UOP01/CE"
265179;2020-01-26;"domingo";"03:50:00";"SP";116;161;"JACAREI";"Falta de Atenção à Condução";"Saída de leito carroçável";"Sem Vítimas";"Plena Noite";"Decrescente";"Céu Claro";"Simples";"Curva";"Sim";1;0;0;0;0;1;0;1;-23,27617;-45,97592;"SR-SP";"DEL6/2";"UOP01/SP"
265180;2020-01-10;"sexta-feira";"17:10:00";"RJ";101;309;"SAO GONCALO";"Falta de Atenção à Condução";"Colisão lateral";"Com Vítimas Feridas";"Pleno dia";"Decrescente";"Sol";"Dupla";"Reta";"Sim";2;0;0;1;1;0;1;2;-22,79499;-43,03446;"SR-RJ";"DEL5/2";"UOP01/RJ"
265181;2020-01-26;"domingo";"07:40:00";"PI";343;345,5;"TERESINA";"Desobediência às normas de trânsito pelo condutor";"Colisão transversal";"Com Vítimas Feridas";"Pleno dia";"Decrescente";"Sol";"Dupla";"Interseção de vias";"Sim";3;0;2;0;1;0;2;2;-5,102889;-42,76651;"SR-PI";"DEL17/1";"UOP01/PI"
265182;2020-01-14;"terça-feira";"19:30:00";"SC";101;204;"SAO JOSE";"Animais na Pista";"Atropelamento de Animal";"Com Vítimas Feridas";"Anoitecer";"Crescente";"Nublado";"Múltipla";"Reta";"Sim";1;0;1;0;0;0;1;1;-27,57413;-48,61363;"SR-SC";"DEL8/1";"UOP01/SC"
265183;2020-01-06;"segunda-feira";"13:03:00";"GO";158;40;"BOM JARDIM DE GOIAS";"Falta de Atenção à Condução";"Colisão lateral";"Com Vítimas Feridas";"Pleno dia";"Crescente";"Céu Claro";"Simples";"Interseção de vias";"Não";2;0;0;1;1;0;1;2;-16,20285;-52,15636;"SR-GO";"DEL1/4";"UOP01/GO"
265184;2020-01-26;"domingo";"08:45:00";"PR";277;137;"BALSA NOVA";"Falta de Atenção à Condução";"Colisão lateral";"Com Vítimas Feridas";"Pleno dia";"Decrescente";"Sol";"Dupla";"Reta";"Não";3;0;1;0;2;0;1;2;-25,46851;-49,72635;"SR-PR";"DEL7/1";"UOP05/PR"
265185;2020-01-26;"domingo";"07:50:00";"RO";364;710;"PORTO VELHO";"Desobediência às normas de trânsito pelo condutor";"Colisão traseira";"Com Vítimas Feridas";"Pleno dia";"Decrescente";"Sol";"Dupla";"Reta";"Sim";4;0;1;1;2;0;2;2;-8,781539;-63,86531;"SR-RO";"DEL21/1";"UOP01/RO"
265186;2020-01-26;"domingo";"09:20:00";"RJ";116;122;"MAGE";"Falta de Atenção à Condução";"Colisão lateral";"Com Vítimas Feridas";"Pleno dia";"Decrescente";"Céu Claro";"Dupla";"Curva";"Não";2;0;1;0;0;1;1;2;-22,65445;-43,08503;"SR-RJ";"DEL5/4";"UOP02/RJ"
265187;2020-01-26;"domingo";"05:45:00";"RS";470;161,7;"NOVA PRATA";"Falta de Atenção à Condução";"Saída de leito carroçável";"Com Vítimas Feridas";"Amanhecer";"Crescente";"Céu Claro";"Simples";"Curva";"Não";1;0;1;0;0;0;1;1;-28,81702;-51,59492;"SR-RS";"DEL9/6";"UOP02/RS"
265188;2020-01-26;"domingo";"08:50:00";"SP";488;1,5;"APARECIDA";"Falta de Atenção à Condução";"Atropelamento de Pedestre";"Com Vítimas Feridas";"Pleno dia";"Crescente";"Céu Claro";"Dupla";"Reta";"Sim";4;0;2;0;1;1;2;1;-22,85016;-45,23181;"SR-SP";"DEL6/8";"UOP02/SP"
265189;2020-01-26;"domingo";"04:00:00";"RN";406;140;"CEARA-MIRIM";"Condutor Dormindo";"Saída de leito carroçável";"Com Vítimas Feridas";"Plena Noite";"Crescente";"Garoa/Chuvisco";"Simples";"Curva";"Não";2;0;2;0;0;0;2;1;-5,651431;-35,52168;"SR-RN";"DEL15/2";"UOP01/RN"
265190;2020-01-26;"domingo";"09:40:00";"GO";40;47,8;"LUZIANIA";"Desobediência às normas de trânsito pelo condutor";"Colisão frontal";"Com Vítimas Fatais";"Pleno dia";"Decrescente";"Chuva";"Simples";"Reta";"Não";5;2;2;0;1;0;2;3;-16,41995;-47,82497;"SR-DF";"UOP02/DF";""
265191;2020-01-26;"domingo";"09:20:00";"PR";277;527,4;"GUARANIACU";"Velocidade Incompatível";"Saída de leito carroçável";"Sem Vítimas";"Pleno dia";"Crescente";"Céu Claro";"Simples";"Curva";"Não";1;0;0;0;1;0;0;1;-25,09165;-52,94926;"SR-PR";"DEL7/4";"UOP02/PR"
265192;2020-01-26;"domingo";"09:10:00";"RJ";116;92,9;"GUAPIMIRIM";"Objeto estático sobre o leito carroçável";"Colisão com objeto estático";"Com Vítimas Feridas";"Pleno dia";"Decrescente";"Céu Claro";"Simples";"Reta";"Não";1;0;1;0;0;0;1;1;-22,47655;-42,99757;"SR-RJ";"DEL5/4";"UOP02/RJ"
265193;2020-01-26;"domingo";"10:00:00";"PR";277;141;"BALSA NOVA";"Não guardar distância de segurança";"Colisão traseira";"Com Vítimas Feridas";"Pleno dia";"Crescente";"Céu Claro";"Simples";"Não Informado";"Não";3;0;2;0;1;0;2;2;-25,46594;-49,74717;"SR-PR";"DEL7/1";"UOP05/PR"
265194;2020-01-26;"domingo";"07:30:00";"BA";101;98;"ALAGOINHAS";"Não guardar distância de segurança";"Colisão traseira";"Com Vítimas Feridas";"Pleno dia";"Decrescente";"Céu Claro";"Simples";"Reta";"Não";13;0;10;1;2;0;11;2;-12,08301;-38,3501;"SR-BA";"DEL10/1";"UOP04/BA"
265195;2020-01-26;"domingo";"09:55:00";"RS";116;232,6;"NOVO HAMBURGO";"Defeito Mecânico no Veículo";"Incêndio";"Sem Vítimas";"Pleno dia";"Decrescente";"Sol";"Simples";"Reta";"Sim";1;0;0;0;1;0;0;1;-29,63781;-51,14178;"SR-RS";"DEL9/1";"UOP02/RS"
265196;2020-01-26;"domingo";"10:40:00";"MG";40;425;"PARAOPEBA";"Defeito Mecânico no Veículo";"Queda de ocupante de veículo";"Com Vítimas Feridas";"Pleno dia";"Decrescente";"Céu Claro";"Dupla";"Reta";"Não";1;0;1;0;0;0;1;1;-19,16224;-44,52255;"SR-MG";"DEL4/2";"UOP01/MG"
265197;2020-01-26;"domingo";"09:45:00";"RJ";101;330;"RIO DE JANEIRO";"Falta de Atenção à Condução";"Colisão lateral";"Com Vítimas Feridas";"Pleno dia";"Decrescente";"Céu Claro";"Dupla";"Reta";"Não";2;0;0;1;1;0;1;2;-22,8685;-43,18549;"SR-RJ";"UOP01";"DEL02"
265198;2020-01-26;"domingo";"09:20:00";"SP";116;167;"JACAREI";"Agressão Externa";"Queda de ocupante de veículo";"Com Vítimas Feridas";"Pleno dia";"Decrescente";"Sol";"Simples";"Viaduto";"Não";1;0;0;1;0;0;1;1;-23,30255;-46,0264;"SR-SP";"DEL6/2";"UOP01/SP"
265199;2020-01-26;"domingo";"10:40:00";"MT";70;0;"PONTAL DO ARAGUAIA";"Ingestão de Álcool";"Colisão traseira";"Sem Vítimas";"Pleno dia";"Decrescente";"Sol";"Simples";"Reta";"Sim";5;0;0;0;5;0;0;3;-15,89554;-52,25599;"SR-MT";"DEL2/8";"UOP01/MT"
265200;2020-01-26;"domingo";"10:45:00";"AL";104;39,5;"UNIAO DOS PALMARES";"Falta de Atenção à Condução";"Colisão transversal";"Com Vítimas Feridas";"Pleno dia";"Crescente";"Céu Claro";"Simples";"Reta";"Sim";3;0;1;1;1;0;2;2;-9,190294;-36,03691;"SR-AL";"DEL13/1";"UOP02/AL"
265201;2020-01-26;"domingo";"10:20:00";"GO";40;42,1;"LUZIANIA";"Ingestão de Álcool";"Saída de leito carroçável";"Sem Vítimas";"Pleno dia";"Decrescente";"Chuva";"Simples";"Curva";"Não";1;0;0;0;1;0;0;1;-16,37676;-47,83053;"SR-DF";"UOP02/DF";""
265202;2020-01-26;"domingo";"10:45:00";"SC";101;231;"PALHOCA";"Falta de Atenção à Condução";"Colisão traseira";"Sem Vítimas";"Pleno dia";"Crescente";"Sol";"Dupla";"Curva";"Não";2;0;0;0;2;0;0;2;-27,7867;-48,63564;"SR-SC";"DEL8/1";"UOP02/SC"
265203;2020-01-26;"domingo";"10:50:00";"PE";104;42,8;"CARUARU";"Desobediência às normas de trânsito pelo condutor";"Colisão frontal";"Com Vítimas Fatais";"Pleno dia";"Crescente";"Céu Claro";"Dupla";"Desvio Temporário";"Não";2;1;0;0;1;0;0;2;-8,1065;-36,0218;"SR-PE";"DEL11/2";"UOP01/PE"
265204;2020-01-26;"domingo";"11:10:00";"PA";316;50,1;"SANTA IZABEL DO PARA";"Avarias e/ou desgaste excessivo no pneu";"Tombamento";"Com Vítimas Feridas";"Pleno dia";"Decrescente";"Nublado";"Dupla";"Reta";"Não";2;0;2;0;0;0;2;1;-1,304277;-48,04272;"SR-PA";"DEL19/1";"UOP01/PA"
265206;2020-01-26;"domingo";"09:45:00";"MT";163;607;"NOVA MUTUM";"Desobediência às normas de trânsito pelo condutor";"Colisão transversal";"Com Vítimas Feridas";"Pleno dia";"Crescente";"Céu Claro";"Simples";"Reta";"Não";2;0;1;0;1;0;1;2;-13,84569;-56,08401;"SR-MT";"DEL2/4";"UOP01/MT"
265207;2020-01-26;"domingo";"11:40:00";"PE";101;90,1;"CABO DE SANTO AGOSTINHO";"Desobediência às normas de trânsito pelo condutor";"Colisão lateral";"Com Vítimas Feridas";"Pleno dia";"Crescente";"Céu Claro";"Dupla";"Reta";"Sim";2;0;0;1;0;1;1;2;-8,216128;-34,98773;"SR-PE";"DEL11/1";"UOP03/PE"
265208;2020-01-26;"domingo";"11:40:00";"SP";488;1,1;"APARECIDA";"Falta de Atenção à Condução";"Colisão transversal";"Com Vítimas Feridas";"Pleno dia";"Crescente";"Céu Claro";"Dupla";"Rotatória";"Sim";2;0;1;0;1;0;1;2;-22,84691;-45,23149;"SR-SP";"DEL6/8";"UOP02/SP"
265209;2020-01-26;"domingo";"12:05:00";"GO";20;18,1;"FORMOSA";"Velocidade Incompatível";"Saída de leito carroçável";"Com Vítimas Feridas";"Pleno dia";"Decrescente";"Chuva";"Simples";"Não Informado";"Não";3;0;1;0;2;0;1;1;-15,5576;-47,19923;"SR-DF";"UOP01/DEL02/DF";""
265210;2020-01-26;"domingo";"12:05:00";"MG";146;606;"POCOS DE CALDAS";"Defeito Mecânico no Veículo";"Saída de leito carroçável";"Com Vítimas Feridas";"Pleno dia";"Decrescente";"Céu Claro";"Simples";"Curva";"Não";2;0;2;0;0;0;2;1;-21,80573;-46,45775;"SR-MG";"DEL09";"UOP04/MG"
265211;2020-01-26;"domingo";"11:00:00";"MS";60;592,9;"JARDIM";"Falta de Atenção à Condução";"Colisão transversal";"Com Vítimas Feridas";"Pleno dia";"Decrescente";"Céu Claro";"Simples";"Reta";"Sim";3;0;2;0;1;0;2;2;-21,48556;-56,15058;"SR-MS";"DEL3/5";"UOP01/MS"
265212;2020-01-26;"domingo";"11:20:00";"RO";364;343,3;"JI-PARANA";"Desobediência às normas de trânsito pelo condutor";"Colisão transversal";"Com Vítimas Feridas";"Pleno dia";"Decrescente";"Nublado";"Múltipla";"Interseção de vias";"Sim";2;0;1;0;1;0;1;2;-10,87879;-61,94499;"SR-RO";"DEL21/2";"UOP01/RO"
265213;2020-01-26;"domingo";"06:00:00";"SC";163;90,2;"GUARACIABA";"Velocidade Incompatível";"Saída de leito carroçável";"Com Vítimas Feridas";"Amanhecer";"Crescente";"Céu Claro";"Simples";"Não Informado";"Não";1;0;1;0;0;0;1;1;-26,56627;-53,51004;"SR-SC";"DEL7";"UOP03/SC"
265214;2020-01-26;"domingo";"11:45:00";"RS";290;142,4;"ELDORADO DO SUL";"Falta de Atenção à Condução";"Colisão transversal";"Sem Vítimas";"Pleno dia";"Crescente";"Sol";"Simples";"Não Informado";"Não";2;0;0;0;1;1;0;2;-30,08968;-51,62831;"SR-RS";"DEL9/2";"UOP01/RS"
265215;2020-01-26;"domingo";"11:55:00";"RJ";101;419;"MANGARATIBA";"Não guardar distância de segurança";"Colisão traseira";"Com Vítimas Feridas";"Pleno dia";"Crescente";"Sol";"Simples";"Desvio Temporário";"Não";7;0;2;0;5;0;2;4;-22,91809;-43,91359;"SR-RJ";"DEL5/3";"UOP01/RJ"
265216;2020-01-26;"domingo";"12:20:00";"BA";101;895,5;"CARAVELAS";"Velocidade Incompatível";"Saída de leito carroçável";"Com Vítimas Feridas";"Pleno dia";"Decrescente";"Chuva";"Simples";"Curva";"Não";1;0;1;0;0;0;1;1;-17,75163;-39,76433;"SR-BA";"DEL10/9";"UOP03/BA"
265217;2020-01-26;"domingo";"12:15:00";"PR";376;601;"CURITIBA";"Falta de Atenção à Condução";"Colisão lateral";"Sem Vítimas";"Pleno dia";"Decrescente";"Céu Claro";"Dupla";"Reta";"Sim";3;0;0;0;2;1;0;2;-25,53705;-49,31404;"SR-PR";"DEL7/1";"UOP04/PR"
265218;2020-01-09;"quinta-feira";"22:30:00";"GO";60;26;"ALEXANIA";"Velocidade Incompatível";"Capotamento";"Sem Vítimas";"Plena Noite";"Decrescente";"Céu Claro";"Dupla";"Desvio Temporário";"Não";1;0;0;0;1;0;0;1;-16,0963;-48,5202;"SR-DF";"UOP03/DF";""
265221;2020-01-26;"domingo";"11:00:00";"SP";116;57,3;"GUARATINGUETA";"Falta de Atenção à Condução";"Colisão lateral";"Com Vítimas Feridas";"Pleno dia";"Decrescente";"Céu Claro";"Dupla";"Reta";"Sim";3;0;2;0;1;0;2;2;-22,77455;-45,13807;"SR-SP";"DEL6/8";"UOP02/SP"
265222;2020-01-26;"domingo";"09:15:00";"BA";116;563;"NOVA ITARANA";"Defeito Mecânico no Veículo";"Saída de leito carroçável";"Sem Vítimas";"Pleno dia";"Crescente";"Nublado";"Simples";"Reta";"Não";1;0;0;0;1;0;0;1;-12,98378;-39,94284;"SR-BA";"DEL10/3";"UOP02/BA"
265223;2020-01-26;"domingo";"09:55:00";"SC";282;220,5;"LAGES";"Desobediência às normas de trânsito pelo condutor";"Colisão transversal";"Com Vítimas Feridas";"Pleno dia";"Decrescente";"Céu Claro";"Simples";"Rotatória";"Não";7;0;2;0;5;0;2;2;-27,79521;-50,33898;"SR-SC";"DEL8/5";"UOP01/SC"
265224;2020-01-26;"domingo";"13:00:00";"PE";101;76;"RECIFE";"Falta de Atenção à Condução";"Colisão lateral";"Com Vítimas Feridas";"Pleno dia";"Crescente";"Sol";"Dupla";"Reta";"Sim";2;0;1;0;1;0;1;2;-8,118138;-34,94329;"SR-PE";"DEL11/1";"UOP01/PE"
265225;2020-01-26;"domingo";"13:25:00";"CE";116;24;"ITAITINGA";"Pista Escorregadia";"Capotamento";"Sem Vítimas";"Pleno dia";"Crescente";"Chuva";"Dupla";"Curva";"Não";1;0;0;0;1;0;0;1;-3,95798;-38,51311;"SR-CE";"DEL16/1";"UOP02/CE"
265226;2020-01-26;"domingo";"12:40:00";"MG";262;385;"MATEUS LEME";"Condutor Dormindo";"Saída de leito carroçável";"Com Vítimas Feridas";"Pleno dia";"Decrescente";"Nublado";"Dupla";"Reta";"Não";1;0;1;0;0;0;1;1;-19,93325;-44,42077;"SR-MG";"DEL4/1";"UOP03/MG"
265227;2020-01-26;"domingo";"13:40:00";"ES";101;293,8;"CARIACICA";"Falta de Atenção à Condução";"Colisão lateral";"Com Vítimas Feridas";"Pleno dia";"Crescente";"Nublado";"Múltipla";"Retorno Regulamentado";"Sim";3;0;1;1;1;0;2;2;-20,31526;-40,39567;"SR-ES";"DEL12/1";"UOP01/ES"
265228;2020-01-26;"domingo";"13:20:00";"ES";262;145,9;"IBATIBA";"Animais na Pista";"Atropelamento de Animal";"Com Vítimas Feridas";"Pleno dia";"Crescente";"Nublado";"Simples";"Reta";"Não";1;0;1;0;0;0;1;1;-20,22946;-41,41447;"SR-ES";"DEL12/1";"UOP02/ES"
265229;2020-01-26;"domingo";"13:35:00";"SP";116;215;"GUARULHOS";"Condutor Dormindo";"Capotamento";"Com Vítimas Feridas";"Pleno dia";"Decrescente";"Céu Claro";"Múltipla";"Reta";"Não";1;0;1;0;0;0;1;1;-23,44696;-46,45394;"SR-SP";"DEL6/1";"UOP01/SP"
265230;2020-01-26;"domingo";"13:00:00";"MG";381;732,7;"CARMO DA CACHOEIRA";"Falta de Atenção à Condução";"Saída de leito carroçável";"Com Vítimas Feridas";"Pleno dia";"Decrescente";"Céu Claro";"Dupla";"Reta";"Não";1;0;1;0;0;0;1;1;-21,55414;-45,24499;"SR-MG";"DEL4/4";"UOP02/MG"
265231;2020-01-26;"domingo";"11:30:00";"RR";401;80;"BONFIM";"Condutor Dormindo";"Saída de leito carroçável";"Com Vítimas Feridas";"Pleno dia";"Decrescente";"Céu Claro";"Simples";"Reta";"Não";1;0;1;0;0;0;1;1;3,213066;-60,15303;"SR-RR";"UOP01/RR";""