"id";"data_inversa";"dia_semana";"horario";"uf";"br";"km";"municipio";"causa_acidente";"tipo_acidente";"classificacao_acidente";"fase_dia";"sentido_via";"condicao_metereologica";"tipo_pista";"tracado_via";"uso_solo";"pessoas";"mortos";"feridos_leves";"feridos_graves";"ilesos";"ignorados";"feridos";"veiculos";"latitude";"longitude";"regional";"delegacia";"uop"
265233;2020-01-26;"domingo";"13:40:00";"ES";101;296;"CARIACICA";"Falta de Atenção à Condução";"Colisão lateral";"Com Vítimas Feridas";"Pleno dia";"Crescente";"Sol";"Simples";"Viaduto";"Sim";3;0;2;0;0;1;2;2;-20,34359;-40,40747;"SR-ES";"DEL12/1";"UOP01/ES"
265234;2020-01-26;"domingo";"12:00:00";"AC";364;115;"RIO BRANCO";"Velocidade Incompatível";"Saída de leito carroçável";"Sem Vítimas";"Pleno dia";"Decrescente";"Céu Claro";"Dupla";"Rotatória";"Sim";1;0;0;0;0;1;0;1;-10,01306;-67,71775;"SR-AC";"UOP01/AC";""
265235;2020-01-26;"domingo";"14:30:00";"AL";316;131,9;"MINADOR DO NEGRAO";"Defeito Mecânico no Veículo";"Saída de leito carroçável";"Com Vítimas Feridas";"Pleno dia";"Crescente";"Sol";"Simples";"Interseção de vias";"Não";5;0;5;0;0;0;5;1;-9,391095;-36,83959;"SR-AL";"DEL13/3";"UOP01/AL"
265236;2020-01-26;"domingo";"14:50:00";"GO";20;7,8;"FORMOSA";"Sinalização da via insuficiente ou inadequada";"Engavetamento";"Com Vítimas Feridas";"Pleno dia";"Decrescente";"Chuva";"Simples";"Não Informado";"Não";5;0;1;0;3;1;1;4;-15,5476;-47,29159;"SR-DF";"UOP01/DEL02/DF";""
265237;2020-01-26;"domingo";"15:15:00";"PR";476;128;"CURITIBA";"Desobediência às normas de trânsito pelo condutor";"Colisão lateral";"Sem Vítimas";"Pleno dia";"Decrescente";"Sol";"Múltipla";"Reta";"Sim";2;0;0;0;1;1;0;2;-25,43671;-49,23405;"SR-PR";"DEL7/1";"UOP06/PR"
265238;2020-01-26;"domingo";"15:00:00";"DF";20;46;"BRASILIA";"Velocidade Incompatível";"Saída de leito carroçável";"Com Vítimas Feridas";"Pleno dia";"Crescente";"Chuva";"Dupla";"Não Informado";"Não";1;0;1;0;0;0;1;1;-15,58058;-47,45849;"SR-DF";"UOP01/DEL02/DF";""
265239;2020-01-26;"domingo";"15:30:00";"SC";101;188;"BIGUACU";"Não guardar distância de segurança";"Colisão traseira";"Sem Vítimas";"Pleno dia";"Decrescente";"Céu Claro";"Dupla";"Reta";"Sim";2;0;0;0;1;1;0;2;-27,45123;-48,63371;"SR-SC";"DEL8/1";"UOP01/SC"
265240;2020-01-26;"domingo";"15:10:00";"GO";60;186,9;"GUAPO";"Defeito Mecânico no Veículo";"Colisão com objeto estático";"Sem Vítimas";"Pleno dia";"Crescente";"Nublado";"Dupla";"Reta";"Sim";1;0;0;0;1;0;0;1;-16,8011;-49,5177;"SR-GO";"DEL1/1";"UOP02/GO"
265241;2020-01-26;"domingo";"15:50:00";"GO";153;629;"MORRINHOS";"Velocidade Incompatível";"Tombamento";"Com Vítimas Feridas";"Pleno dia";"Decrescente";"Nublado";"Dupla";"Reta";"Não";4;0;1;0;2;1;1;2;-17,79316;-49,20059;"SR-GO";"DEL1/3";"UOP01/GO"
265242;2020-01-26;"domingo";"16:05:00";"BA";324;4,2;"FEIRA DE SANTANA";"Pista Escorregadia";"Tombamento";"Com Vítimas Feridas";"Pleno dia";"Decrescente";"Chuva";"Dupla";"Reta";"Sim";2;0;1;0;1;0;1;1;-12,285;-38,97028;"SR-BA";"DEL10/2";"UOP01/BA"
265243;2020-01-26;"domingo";"15:55:00";"CE";20;429;"FORTALEZA";"Agressão Externa";"Colisão com objeto estático";"Sem Vítimas";"Pleno dia";"Decrescente";"Nublado";"Dupla";"Reta";"Sim";7;0;0;0;7;0;0;2;-3,76999;-38,67006;"SR-CE";"DEL16/1";"UOP02/CE"
265244;2020-01-26;"domingo";"16:00:00";"ES";101;328,8;"GUARAPARI";"Defeito Mecânico no Veículo";"Colisão com objeto estático";"Com Vítimas Feridas";"Pleno dia";"Decrescente";"Nublado";"Simples";"Reta";"Não";5;0;3;0;2;0;3;1;-20,57963;-40,49015;"SR-ES";"DEL12/3";"UOP01/ES"
265246;2020-01-26;"domingo";"15:45:00";"SP";153;56,4;"SAO JOSE DO RIO PRETO";"Não guardar distância de segurança";"Colisão com objeto estático";"Com Vítimas Fatais";"Pleno dia";"Crescente";"Sol";"Simples";"Não Informado";"Não";3;1;0;0;0;2;0;2;-20,76156;-49,34622;"SR-SP";"DEL6/9";"UOP01/SP"
265247;2020-01-26;"domingo";"15:30:00";"SP";381;61;"MAIRIPORA";"Desobediência às normas de trânsito pelo condutor";"Colisão traseira";"Com Vítimas Feridas";"Pleno dia";"Crescente";"Céu Claro";"Dupla";"Curva";"Sim";2;0;1;0;1;0;1;2;-23,29012;-46,58007;"SR-SP";"DEL6/3";"UOP02/SP"
265248;2020-01-26;"domingo";"16:15:00";"SC";101;226,5;"PALHOCA";"Falta de Atenção à Condução";"Colisão traseira";"Com Vítimas Feridas";"Pleno dia";"Decrescente";"Céu Claro";"Dupla";"Reta";"Não";7;0;1;1;4;1;2;5;-27,742;-48,63807;"SR-SC";"DEL8/1";"UOP02/SC"
265249;2020-01-26;"domingo";"15:40:00";"PR";476;139;"CURITIBA";"Defeito Mecânico no Veículo";"Colisão com objeto estático";"Sem Vítimas";"Pleno dia";"Crescente";"Céu Claro";"Múltipla";"Reta";"Sim";1;0;0;0;1;0;0;1;-25,51494;-49,29087;"SR-PR";"DEL7/1";"UOP03/PR"
265250;2020-01-26;"domingo";"16:20:00";"SP";116;79,9;"ROSEIRA";"Defeito Mecânico no Veículo";"Colisão traseira";"Com Vítimas Feridas";"Pleno dia";"Decrescente";"Sol";"Dupla";"Reta";"Não";5;0;4;0;1;0;4;2;-22,90482;-45,31031;"SR-SP";"DEL6";"UOP01/SP"
265251;2020-01-26;"domingo";"16:30:00";"PR";277;633,1;"CEU AZUL";"Ingestão de Álcool";"Colisão frontal";"Com Vítimas Fatais";"Pleno dia";"Decrescente";"Céu Claro";"Simples";"Reta";"Não";6;1;2;3;0;0;5;2;-25,12592;-53,81943;"SR-PR";"DEL7/5";"UOP02/PR"
265252;2020-01-26;"domingo";"16:15:00";"GO";60;396,9;"RIO VERDE";"Condutor Dormindo";"Saída de leito carroçável";"Com Vítimas Feridas";"Pleno dia";"Decrescente";"Céu Claro";"Dupla";"Reta";"Não";5;0;5;0;0;0;5;1;-17,8244;-51,0172;"SR-GO";"DEL1/4";"UOP01/GO"
265253;2020-01-26;"domingo";"13:50:00";"SC";282;560,8;"NOVA ITABERABA";"Condutor Dormindo";"Saída de leito carroçável";"Com Vítimas Feridas";"Pleno dia";"Crescente";"Céu Claro";"Simples";"Não Informado";"Não";1;0;1;0;0;0;1;1;-26,92741;-52,85387;"SR-SC";"DEL7";"UOP02/SC"
265254;2020-01-26;"domingo";"17:00:00";"BA";116;863,5;"VITORIA DA CONQUISTA";"Falta de Atenção do Pedestre";"Atropelamento de Pedestre";"Com Vítimas Feridas";"Pleno dia";"Crescente";"Nublado";"Simples";"Reta";"Não";2;0;0;1;1;0;1;1;-15,0771;-41,0065;"SR-BA";"DEL10/8";"UOP03/BA"
265255;2020-01-26;"domingo";"17:20:00";"TO";153;146;"ARAGUAINA";"Ingestão de Álcool";"Saída de leito carroçável";"Com Vítimas Feridas";"Pleno dia";"Crescente";"Nublado";"Múltipla";"Não Informado";"Sim";3;0;1;0;2;0;1;1;-7,213378;-48,24431;"SR-TO";"UOP04/TO";""
265256;2020-01-26;"domingo";"17:10:00";"SP";381;44;"ATIBAIA";"Desobediência às normas de trânsito pelo condutor";"Saída de leito carroçável";"Com Vítimas Feridas";"Pleno dia";"Decrescente";"Céu Claro";"Múltipla";"Reta";"Não";1;0;0;1;0;0;1;1;-23,16459;-46,57419;"SR-SP";"DEL6/3";"UOP02/SP"
265257;2020-01-26;"domingo";"15:05:00";"MG";50;173;"UBERABA";"Ingestão de Álcool";"Colisão com objeto estático";"Sem Vítimas";"Pleno dia";"Decrescente";"Céu Claro";"Simples";"Curva";"Não";1;0;0;0;1;0;0;1;-19,76244;-47,97702;"SR-MG";"DEL13";"UOP01/MG"
265258;2020-01-26;"domingo";"16:46:00";"MS";163;386;"NOVA ALVORADA DO SUL";"Condutor Dormindo";"Saída de leito carroçável";"Com Vítimas Feridas";"Pleno dia";"Crescente";"Céu Claro";"Dupla";"Reta";"Não";5;0;5;0;0;0;5;1;-21,2893;-54,4378;"SR-MS";"DEL2";"UOP01/MS"
265259;2020-01-26;"domingo";"16:15:00";"PR";116;76;"CAMPINA GRANDE DO SUL";"Avarias e/ou desgaste excessivo no pneu";"Tombamento";"Com Vítimas Feridas";"Pleno dia";"Decrescente";"Céu Claro";"Dupla";"Reta";"Não";2;0;1;1;0;0;2;1;-25,37738;-49,04961;"SR-PR";"DEL7/1";"UOP01/PR"
265260;2020-01-26;"domingo";"16:00:00";"BA";235;16,7;"PEDRO ALEXANDRE";"Falta de Atenção à Condução";"Colisão frontal";"Com Vítimas Fatais";"Pleno dia";"Crescente";"Nublado";"Simples";"Reta";"Não";2;1;0;0;1;0;0;2;-10,22407;-37,8426;"SR-SE";"DEL20/1";"UOP02/SE"
265262;2020-01-26;"domingo";"17:15:00";"SP";381;25;"ATIBAIA";"Não guardar distância de segurança";"Colisão traseira";"Com Vítimas Feridas";"Pleno dia";"Crescente";"Céu Claro";"Dupla";"Reta";"Não";6;0;3;0;3;0;3;3;-23,02018;-46,52967;"SR-SP";"DEL6/3";"UOP02/SP"
265263;2020-01-26;"domingo";"17:50:00";"DF";20;42;"BRASILIA";"Velocidade Incompatível";"Capotamento";"Com Vítimas Fatais";"Pleno dia";"Crescente";"Chuva";"Dupla";"Não Informado";"Não";1;1;0;0;0;0;0;1;-15,57922;-47,49434;"SR-DF";"UOP01/DEL02/DF";""
265264;2020-01-26;"domingo";"17:45:00";"SC";470;126,6;"LONTRAS";"Agressão Externa";"Atropelamento de Animal";"Com Vítimas Feridas";"Pleno dia";"Crescente";"Céu Claro";"Simples";"Reta";"Não";2;0;2;0;0;0;2;1;-27,129;-49,53828;"SR-SC";"DEL8/4";"UOP02/SC"
265265;2020-01-26;"domingo";"16:40:00";"MA";10;320;"ACAILANDIA";"Falta de Atenção à Condução";"Colisão transversal";"Com Vítimas Feridas";"Pleno dia";"Decrescente";"Céu Claro";"Simples";"Interseção de vias";"Sim";2;0;0;1;1;0;1;2;-4,952405;-47,50338;"SR-MA";"DEL18/4";"UOP03/MA"
265266;2020-01-26;"domingo";"18:10:00";"RN";406;34,1;"GUAMARE";"Ingestão de Álcool";"Colisão traseira";"Com Vítimas Feridas";"Amanhecer";"Crescente";"Céu Claro";"Simples";"Reta";"Sim";3;0;2;1;0;0;3;2;-5,253768;-36,3604;"SR-RN";"DEL15/2";"UOP01/RN"
265267;2020-01-26;"domingo";"16:30:00";"MT";364;227,3;"RONDONOPOLIS";"Ingestão de álcool e/ou substâncias psicoativas pelo pedestre";"Tombamento";"Sem Vítimas";"Pleno dia";"Decrescente";"Céu Claro";"Dupla";"Reta";"Não";1;0;0;0;1;0;0;1;-16,29045;-54,76387;"SR-MT";"DEL2/2";"UOP01/MT"
265268;2020-01-26;"domingo";"17:30:00";"MT";70;149,7;"GENERAL CARNEIRO";"Avarias e/ou desgaste excessivo no pneu";"Saída de leito carroçável";"Com Vítimas Feridas";"Pleno dia";"Decrescente";"Nublado";"Simples";"Reta";"Sim";4;0;4;0;0;0;4;1;-15,57915;-53,36133;"SR-MT";"DEL2/8";"UOP01/MT"
265269;2020-01-26;"domingo";"16:30:00";"MT";364;226;"RONDONOPOLIS";"Defeito Mecânico no Veículo";"Incêndio";"Sem Vítimas";"Pleno dia";"Decrescente";"Céu Claro";"Dupla";"Reta";"Não";1;0;0;0;1;0;0;1;-16,29869;-54,76073;"SR-MT";"DEL2/2";"UOP01/MT"
265270;2020-01-26;"domingo";"18:00:00";"SP";116;145,7;"SAO JOSE DOS CAMPOS";"Falta de Atenção à Condução";"Colisão traseira";"Com Vítimas Feridas";"Pleno dia";"Decrescente";"Céu Claro";"Dupla";"Não Informado";"Não";2;0;1;0;1;0;1;2;-23,18698;-45,85481;"SR-SP";"DEL6/2";"UOP01/SP"
265271;2020-01-26;"domingo";"16:40:00";"GO";153;579,8;"PROFESSOR JAMIL";"Falta de Atenção à Condução";"Saída de leito carroçável";"Com Vítimas Feridas";"Pleno dia";"Decrescente";"Nublado";"Dupla";"Curva";"Não";2;0;2;0;0;0;2;1;-17,3767;-49,2382;"SR-GO";"DEL1/3";"UOP01/GO"
265272;2020-01-26;"domingo";"18:30:00";"GO";153;404;"PIRENOPOLIS";"Ultrapassagem Indevida";"Colisão frontal";"Com Vítimas Feridas";"Anoitecer";"Crescente";"Nublado";"Simples";"Reta";"Não";2;0;0;1;1;0;1;2;-16,05529;-49,06903;"SR-GO";"DEL1/2";"UOP01/GO"
265273;2020-01-26;"domingo";"17:45:00";"SC";280;56;"GUARAMIRIM";"Desobediência às normas de trânsito pelo condutor";"Colisão transversal";"Sem Vítimas";"Pleno dia";"Crescente";"Céu Claro";"Simples";"Reta";"Sim";2;0;0;0;2;0;0;2;-26,47948;-49,00299;"SR-SC";"DEL8/3";"UOP03/SC"
265274;2020-01-26;"domingo";"14:20:00";"SC";101;402,3;"MARACAJA";"Ingestão de Álcool";"Colisão com objeto estático";"Com Vítimas Feridas";"Pleno dia";"Decrescente";"Céu Claro";"Dupla";"Reta";"Não";2;0;1;0;1;0;1;1;-28,86331;-49,44595;"SR-SC";"DEL8/2";"UOP02/SC"
265275;2020-01-26;"domingo";"18:05:00";"PR";277;729;"FOZ DO IGUACU";"Ingestão de Álcool";"Atropelamento de Pedestre";"Com Vítimas Feridas";"Pleno dia";"Crescente";"Céu Claro";"Dupla";"Reta";"Sim";2;0;0;1;1;0;1;1;-25,45953;-54,5836;"SR-PR";"DEL7/5";"UOP03/PR"
265276;2020-01-26;"domingo";"09:30:00";"MT";174;105,8;"MIRASSOL DOESTE";"Velocidade Incompatível";"Saída de leito carroçável";"Com Vítimas Feridas";"Pleno dia";"Crescente";"Sol";"Simples";"Reta";"Não";2;0;1;0;1;0;1;1;-15,82846;-57,91413;"SR-MT";"DEL2/3";"UOP01/MT"
265277;2020-01-26;"domingo";"18:00:00";"PR";376;241;"APUCARANA";"Ingestão de Álcool";"Saída de leito carroçável";"Com Vítimas Feridas";"Pleno dia";"Crescente";"Céu Claro";"Simples";"Reta";"Não";1;0;1;0;0;0;1;1;-23,58168;-51,42682;"SR-PR";"DEL7/7";"UOP03/PR"
265278;2020-01-26;"domingo";"17:30:00";"PI";316;307;"PICOS";"Não guardar distância de segurança";"Colisão lateral";"Sem Vítimas";"Pleno dia";"Crescente";"Garoa/Chuvisco";"Simples";"Reta";"Não";2;0;0;0;2;0;0;2;-7,078273;-41,50175;"SR-PI";"DEL17/4";"UOP01/PI"
265279;2020-01-26;"domingo";"18:00:00";"SC";101;242,2;"PALHOCA";"Falta de Atenção à Condução";"Capotamento";"Com Vítimas Feridas";"Pleno dia";"Decrescente";"Céu Claro";"Múltipla";"Não Informado";"Não";2;0;0;1;1;0;1;1;-27,87546;-48,64678;"SR-SC";"DEL8/1";"UOP02/SC"
265280;2020-01-26;"domingo";"18:30:00";"ES";101;147;"LINHARES";"Desobediência às normas de trânsito pelo condutor";"Colisão transversal";"Com Vítimas Feridas";"Anoitecer";"Crescente";"Céu Claro";"Simples";"Rotatória";"Sim";3;0;1;0;2;0;1;2;-19,37887;-40,06658;"SR-ES";"DEL12/4";"UOP01/ES"
265282;2020-01-26;"domingo";"18:10:00";"RS";392;66,6;"PELOTAS";"Falta de Atenção à Condução";"Colisão traseira";"Sem Vítimas";"Pleno dia";"Crescente";"Sol";"Simples";"Não Informado";"Sim";2;0;0;0;2;0;0;2;-31,76275;-52,39165;"SR-RS";"DEL9/7";"UOP01/RS"
265285;2020-01-26;"domingo";"18:25:00";"AL";104;37;"UNIAO DOS PALMARES";"Animais na Pista";"Atropelamento de Animal";"Com Vítimas Feridas";"Plena Noite";"Crescente";"Céu Claro";"Simples";"Reta";"Não";3;0;2;0;1;0;2;1;-9,174913;-36,02935;"SR-AL";"DEL13/1";"UOP02/AL"
265286;2020-01-26;"domingo";"18:20:00";"SC";280;20,6;"ARAQUARI";"Desobediência às normas de trânsito pelo condutor";"Colisão transversal";"Sem Vítimas";"Pleno dia";"Decrescente";"Céu Claro";"Simples";"Interseção de vias";"Não";2;0;0;0;2;0;0;2;-26,37044;-48,68834;"SR-SC";"DEL8/3";"UOP03/SC"
265287;2020-01-26;"domingo";"19:00:00";"MG";381;499;"BETIM";"Falta de Atenção à Condução";"Capotamento";"Com Vítimas Feridas";"Plena Noite";"Crescente";"Nublado";"Múltipla";"Reta";"Sim";2;0;2;0;0;0;2;1;-19,99593;-44,20864;"SR-MG";"DEL4/1";"UOP03/MG"
265288;2020-01-26;"domingo";"19:20:00";"CE";116;6,7;"FORTALEZA";"Falta de Atenção do Pedestre";"Atropelamento de Pedestre";"Com Vítimas Feridas";"Plena Noite";"Crescente";"Nublado";"Dupla";"Reta";"Sim";2;0;2;0;0;0;2;1;-3,802624;-38,504;"SR-CE";"DEL16/1";"UOP02/CE"
265289;2020-01-26;"domingo";"18:30:00";"PR";376;174,2;"MARINGA";"Desobediência às normas de trânsito pelo condutor";"Colisão transversal";"Com Vítimas Feridas";"Anoitecer";"Crescente";"Céu Claro";"Dupla";"Interseção de vias";"Sim";4;0;3;0;1;0;3;2;-23,4143;-51,94984;"SR-PR";"DEL7/7";"UOP04/PR"
265290;2020-01-26;"domingo";"16:20:00";"SC";470;219,9;"SAO CRISTOVAO DO SUL";"Defeito Mecânico no Veículo";"Saída de leito carroçável";"Sem Vítimas";"Pleno dia";"Decrescente";"Céu Claro";"Simples";"Não Informado";"Não";1;0;0;0;1;0;0;1;-27,30297;-50,30311;"SR-SC";"DEL8/5";"UOP03/SC"
265291;2020-01-26;"domingo";"17:10:00";"GO";40;48;"LUZIANIA";"Ingestão de Substâncias Psicoativas";"Saída de leito carroçável";"Sem Vítimas";"Anoitecer";"Decrescente";"Chuva";"Simples";"Curva";"Não";1;0;0;0;1;0;0;1;-16,42778;-47,82118;"SR-DF";"UOP02/DF";""
265294;2020-01-26;"domingo";"19:10:00";"RN";304;34,6;"MOSSORO";"Animais na Pista";"Atropelamento de Animal";"Com Vítimas Feridas";"Plena Noite";"Crescente";"Céu Claro";"Dupla";"Não Informado";"Sim";1;0;1;0;0;0;1;1;-5,158797;-37,35016;"SR-RN";"DEL15/4";"UOP02/RN"
265296;2020-01-26;"domingo";"19:20:00";"GO";153;532,5;"HIDROLANDIA";"Pista Escorregadia";"Saída de leito carroçável";"Com Vítimas Feridas";"Anoitecer";"Decrescente";"Chuva";"Dupla";"Desvio Temporário";"Sim";2;0;1;0;1;0;1;1;-16,9852;-49,2297;"SR-GO";"DEL1/1";"UOP03/GO"
265297;2020-01-26;"domingo";"18:20:00";"GO";153;508;"APARECIDA DE GOIANIA";"Falta de Atenção à Condução";"Colisão lateral";"Sem Vítimas";"Anoitecer";"Crescente";"Nublado";"Dupla";"Não Informado";"Sim";3;0;0;0;3;0;0;2;-16,7804;-49,2371;"SR-GO";"DEL1/1";"UOP03/GO"
265298;2020-01-26;"domingo";"19:20:00";"AL";104;86,9;"RIO LARGO";"Animais na Pista";"Atropelamento de Animal";"Com Vítimas Feridas";"Plena Noite";"Crescente";"Céu Claro";"Dupla";"Reta";"Sim";2;0;2;0;0;0;2;1;-9,466917;-35,82504;"SR-AL";"DEL13/1";"UOP01/AL"
265299;2020-01-26;"domingo";"19:00:00";"SP";153;61,1;"SAO JOSE DO RIO PRETO";"Ingestão de Álcool";"Atropelamento de Pedestre";"Com Vítimas Feridas";"Anoitecer";"Crescente";"Céu Claro";"Dupla";"Desvio Temporário";"Sim";2;0;1;0;1;0;1;1;-20,80503;-49,35575;"SR-SP";"DEL6/9";"UOP01/SP"
265300;2020-01-26;"domingo";"19:20:00";"GO";40;21;"LUZIANIA";"Ingestão de Álcool";"Colisão traseira";"Sem Vítimas";"Plena Noite";"Crescente";"Garoa/Chuvisco";"Dupla";"Reta";"Sim";2;0;0;0;2;0;0;2;-16,21854;-47,91573;"SR-DF";"UOP01/DF";""
265302;2020-01-26;"domingo";"18:35:00";"PB";101;88;"JOAO PESSOA";"Falta de Atenção à Condução";"Colisão lateral";"Com Vítimas Feridas";"Plena Noite";"Crescente";"Céu Claro";"Dupla";"Reta";"Sim";6;0;3;0;3;0;3;2;-7,171128;-34,89772;"SR-PB";"DEL14/1";"UOP01/PB"
265303;2020-01-26;"domingo";"18:30:00";"MA";135;7;"SAO LUIS";"Falta de Atenção à Condução";"Colisão transversal";"Com Vítimas Feridas";"Plena Noite";"Crescente";"Garoa/Chuvisco";"Dupla";"Rotatória";"Não";3;0;0;2;0;1;2;2;-2,636088;-44,26849;"SR-MA";"DEL18/1";"UOP01/MA"
265304;2020-01-26;"domingo";"19:50:00";"SP";101;40;"UBATUBA";"Restrição de Visibilidade";"Colisão transversal";"Com Vítimas Feridas";"Plena Noite";"Crescente";"Céu Claro";"Simples";"Reta";"Sim";2;0;0;1;1;0;1;2;-23,41496;-45,03517;"SR-SP";"DEL6";"UOP03/SP"
265305;2020-01-26;"domingo";"12:30:00";"BA";116;716,5;"MANOEL VITORINO";"Agressão Externa";"Tombamento";"Sem Vítimas";"Pleno dia";"Decrescente";"Nublado";"Simples";"Reta";"Não";1;0;0;0;1;0;0;1;-14,16524;-40,25368;"SR-BA";"DEL10/8";"UOP02/BA"
265306;2020-01-26;"domingo";"19:55:00";"SC";282;202,3;"LAGES";"Ingestão de Álcool";"Saída de leito carroçável";"Com Vítimas Feridas";"Plena Noite";"Decrescente";"Nublado";"Simples";"Reta";"Não";2;0;2;0;0;0;2;1;-27,76339;-50,15287;"SR-SC";"DEL8/5";"UOP01/SC"
265308;2020-01-26;"domingo";"17:30:00";"SC";480;125;"CHAPECO";"Ingestão de Álcool";"Colisão traseira";"Sem Vítimas";"Pleno dia";"Decrescente";"Céu Claro";"Simples";"Reta";"Sim";3;0;0;0;3;0;0;2;-26,99989;-52,64584;"SR-SC";"DEL7";"UOP01/SC"
265310;2020-01-26;"domingo";"19:25:00";"MG";459;92,4;"POUSO ALEGRE";"Ingestão de Álcool";"Colisão transversal";"Com Vítimas Feridas";"Plena Noite";"Decrescente";"Nublado";"Simples";"Reta";"Sim";2;0;1;1;0;0;2;2;-22,17365;-46,00164;"SR-MG";"DEL09";"UOP04/MG"
265311;2020-01-26;"domingo";"20:20:00";"CE";222;4;"CAUCAIA";"Ingestão de Álcool";"Colisão transversal";"Sem Vítimas";"Plena Noite";"Decrescente";"Céu Claro";"Múltipla";"Reta";"Sim";2;0;0;0;2;0;0;2;-3,741648;-38,6045;"SR-CE";"DEL16/1";"UOP01/CE"
265312;2020-01-26;"domingo";"19:20:00";"PB";230;82,6;"CALDAS BRANDAO";"Ingestão de Álcool";"Tombamento";"Com Vítimas Feridas";"Plena Noite";"Decrescente";"Céu Claro";"Simples";"Reta";"Sim";1;0;0;1;0;0;1;1;-7,1727;-35,3284;"SR-PB";"DEL14/1";"UOP02/PB"
265313;2020-01-26;"domingo";"11:35:00";"BA";101;361;"WENCESLAU GUIMARAES";"Defeito Mecânico no Veículo";"Queda de ocupante de veículo";"Com Vítimas Feridas";"Pleno dia";"Decrescente";"Chuva";"Simples";"Curva";"Não";2;0;1;1;0;0;2;1;-13,69769;-39,4784;"SR-BA";"DEL10/5";"UOP03/BA"
265314;2020-01-26;"domingo";"18:30:00";"MS";262;368,5;"TERENOS";"Falta de Atenção à Condução";"Engavetamento";"Com Vítimas Feridas";"Anoitecer";"Decrescente";"Céu Claro";"Simples";"Reta";"Sim";11;0;1;0;9;1;1;5;-20,47955;-54,76962;"SR-MS";"DEL3/1";"UOP03/MS"
265315;2020-01-26;"domingo";"19:00:00";"MS";60;542,7;"NIOAQUE";"Ingestão de Álcool";"Saída de leito carroçável";"Com Vítimas Feridas";"Plena Noite";"Decrescente";"Céu Claro";"Simples";"Reta";"Não";1;0;1;0;0;0;1;1;-21,159;-55,85202;"SR-MS";"DEL3/5";"UOP01/MS"
265316;2020-01-26;"domingo";"20:30:00";"SC";101;211,4;"PALHOCA";"Falta de Atenção à Condução";"Colisão com objeto estático";"Com Vítimas Feridas";"Plena Noite";"Crescente";"Céu Claro";"Dupla";"Reta";"Sim";1;0;1;0;0;0;1;1;-27,62329;-48,65246;"SR-SC";"DEL8/1";"UOP02/SC"
265317;2020-01-26;"domingo";"20:15:00";"GO";40;93;"CRISTALINA";"Não guardar distância de segurança";"Colisão traseira";"Com Vítimas Feridas";"Plena Noite";"Decrescente";"Garoa/Chuvisco";"Simples";"Reta";"Sim";3;0;1;0;2;0;1;3;-16,73682;-47,61925;"SR-DF";"UOP02/DF";""
265318;2020-01-26;"domingo";"19:42:00";"MS";163;492,2;"CAMPO GRANDE";"Falta de Atenção à Condução";"Colisão traseira";"Com Vítimas Feridas";"Plena Noite";"Crescente";"Céu Claro";"Dupla";"Reta";"Sim";3;0;2;0;0;1;2;2;-20,3695;-54,53205;"SR-MS";"DEL3/1";"UOP02/MS"
265319;2020-01-26;"domingo";"08:10:00";"PR";277;22;"PARANAGUA";"Defeito Mecânico no Veículo";"Queda de ocupante de veículo";"Com Vítimas Fatais";"Plena Noite";"Crescente";"Nublado";"Dupla";"Curva";"Não";2;1;0;1;0;0;1;1;-25,54566;-48,67954;"SR-PR";"DEL7/1";"UOP07/PR"
265320;2020-01-26;"domingo";"17:40:00";"RO";435;122;"CEREJEIRAS";"Falta de Atenção à Condução";"Colisão transversal";"Com Vítimas Feridas";"Anoitecer";"Decrescente";"Céu Claro";"Dupla";"Retorno Regulamentado";"Sim";2;0;1;0;1;0;1;2;-13,18776;-60,79987;"SR-RO";"DEL21/4";"UOP02/RO"
265323;2020-01-26;"domingo";"20:30:00";"SC";101;155;"PORTO BELO";"Falta de Atenção à Condução";"Colisão lateral";"Sem Vítimas";"Plena Noite";"Crescente";"Céu Claro";"Múltipla";"Reta";"Sim";2;0;0;0;2;0;0;2;-27,16292;-48,61129;"SR-SC";"DEL8/4";"UOP03/SC"
265324;2020-01-26;"domingo";"20:30:00";"BA";101;136;"TEODORO SAMPAIO";"Ingestão de Álcool";"Colisão transversal";"Com Vítimas Feridas";"Plena Noite";"Crescente";"Garoa/Chuvisco";"Simples";"Reta";"Não";2;0;1;0;1;0;1;2;-12,21365;-38,61756;"SR-BA";"DEL10/1";"UOP04/BA"
265325;2020-01-26;"domingo";"21:00:00";"GO";40;12,9;"LUZIANIA";"Ingestão de Álcool";"Atropelamento de Pedestre";"Com Vítimas Feridas";"Plena Noite";"Crescente";"Chuva";"Dupla";"Reta";"Sim";2;0;0;1;1;0;1;1;-16,14512;-47,94538;"SR-DF";"UOP01/DF";""
265326;2020-01-26;"domingo";"21:10:00";"SE";235;3;"ARACAJU";"Velocidade Incompatível";"Saída de leito carroçável";"Com Vítimas Feridas";"Plena Noite";"Decrescente";"Nublado";"Dupla";"Não Informado";"Sim";1;0;1;0;0;0;1;1;-10,90665;-37,11848;"SR-SE";"DEL20/1";"UOP01/SE"
265327;2020-01-26;"domingo";"17:45:00";"RS";116;44;"VACARIA";"Ingestão de Álcool";"Colisão traseira";"Sem Vítimas";"Pleno dia";"Crescente";"Céu Claro";"Simples";"Reta";"Não";3;0;0;0;3;0;0;2;-28,53963;-50,96996;"SR-RS";"DEL9/5";"UOP03/RS"
265328;2020-01-26;"domingo";"20:30:00";"PR";163;284,4;"MARECHAL CANDIDO RONDON";"Ingestão de álcool e/ou substâncias psicoativas pelo pedestre";"Tombamento";"Sem Vítimas";"Plena Noite";"Decrescente";"Céu Claro";"Dupla";"Curva";"Sim";1;0;0;0;1;0;0;1;-24,56589;-54,03437;"SR-PR";"DEL7/6";"UOP04/PR"