"id";"data_inversa";"dia_semana";"horario";"uf";"br";"km";"municipio";"causa_acidente";"tipo_acidente";"classificacao_acidente";"fase_dia";"sentido_via";"condicao_metereologica";"tipo_pista";"tracado_via";"uso_solo";"pessoas";"mortos";"feridos_leves";"feridos_graves";"ilesos";"ignorados";"feridos";"veiculos";"latitude";"longitude";"regional";"delegacia";"uop"
265329;2020-01-26;"domingo";"21:00:00";"PE";232;510;"SALGUEIRO";"Ingestão de Álcool";"Saída de leito carroçável";"Com Vítimas Feridas";"Plena Noite";"Decrescente";"Céu Claro";"Simples";"Reta";"Sim";1;0;1;0;0;0;1;1;-8,067472;-39,13817;"SR-PE";"DEL11/5";"UOP01/PE"
265330;2020-01-26;"domingo";"19:55:00";"RJ";116;185;"NOVA IGUACU";"Agressão Externa";"Queda de ocupante de veículo";"Com Vítimas Feridas";"Plena Noite";"Decrescente";"Céu Claro";"Dupla";"Reta";"Sim";2;0;2;0;0;0;2;1;-22,74151;-43,45352;"SR-RJ";"DEL5/1";"UOP02/RJ"
265331;2020-01-26;"domingo";"20:30:00";"PE";101;44,8;"IGARASSU";"Falta de Atenção do Pedestre";"Atropelamento de Pedestre";"Com Vítimas Feridas";"Plena Noite";"Crescente";"Céu Claro";"Múltipla";"Reta";"Sim";2;0;0;2;0;0;2;1;-7,85637;-34,90842;"SR-PE";"DEL11/1";"UOP02/PE"
265332;2020-01-26;"domingo";"20:30:00";"PI";316;2,5;"TERESINA";"Restrição de Visibilidade";"Colisão com objeto estático";"Sem Vítimas";"Plena Noite";"Crescente";"Chuva";"Múltipla";"Reta";"Sim";1;0;0;0;1;0;0;1;-5,124775;-42,79848;"SR-PI";"DEL17/1";"UOP02/PI"
265333;2020-01-26;"domingo";"21:20:00";"PR";277;592;"CASCAVEL";"Ingestão de Álcool";"Colisão frontal";"Com Vítimas Feridas";"Plena Noite";"Crescente";"Céu Claro";"Simples";"Curva";"Não";2;0;0;1;1;0;1;2;-24,98286;-53,47319;"SR-PR";"DEL7/4";"UOP01/PR"
265334;2020-01-26;"domingo";"21:45:00";"SP";116;170;"JACAREI";"Ingestão de Álcool";"Colisão com objeto estático";"Com Vítimas Feridas";"Plena Noite";"Crescente";"Nublado";"Dupla";"Reta";"Não";2;0;1;0;1;0;1;1;-23,30795;-46,05484;"SR-SP";"DEL6/2";"UOP01/SP"
265335;2020-01-26;"domingo";"22:00:00";"MG";262;366,5;"JUATUBA";"Falta de Atenção à Condução";"Saída de leito carroçável";"Com Vítimas Feridas";"Plena Noite";"Decrescente";"Nublado";"Dupla";"Não Informado";"Sim";1;0;1;0;0;0;1;1;-19,97454;-44,3265;"SR-MG";"DEL4/1";"UOP03/MG"
265336;2020-01-26;"domingo";"21:40:00";"MG";40;532;"BELO HORIZONTE";"Falta de Atenção à Condução";"Colisão frontal";"Com Vítimas Feridas";"Plena Noite";"Crescente";"Céu Claro";"Dupla";"Reta";"Sim";3;0;2;0;1;0;2;2;-19,92373;-44,01701;"SR-MG";"DEL4/1";"UOP02/MG"
265337;2020-01-26;"domingo";"20:50:00";"MT";364;33;"ALTO ARAGUAIA";"Ingestão de Álcool";"Colisão lateral";"Com Vítimas Feridas";"Plena Noite";"Decrescente";"Nublado";"Simples";"Curva";"Não";2;0;1;0;1;0;1;2;-17,13834;-53,43477;"SR-MT";"DEL2/2";"UOP04/MT"
265338;2020-01-26;"domingo";"22:30:00";"PA";230;118;"MARABA";"Velocidade Incompatível";"Colisão com objeto estático";"Com Vítimas Fatais";"Plena Noite";"Crescente";"Céu Claro";"Dupla";"Reta";"Sim";6;1;5;0;0;0;5;4;-5,351937;-49,09794;"SR-PA";"DEL19/3";"UOP01/PA"
265339;2020-01-26;"domingo";"22:30:00";"PI";316;8;"TERESINA";"Desobediência às normas de trânsito pelo condutor";"Colisão frontal";"Com Vítimas Feridas";"Plena Noite";"Crescente";"Chuva";"Simples";"Reta";"Sim";2;0;2;0;0;0;2;2;-5,164834;-42,769;"SR-PI";"DEL17/1";"UOP02/PI"
265340;2020-01-26;"domingo";"19:30:00";"MG";116;276;"TEOFILO OTONI";"Falta de Atenção do Pedestre";"Atropelamento de Pedestre";"Com Vítimas Feridas";"Plena Noite";"Crescente";"Chuva";"Dupla";"Reta";"Sim";2;0;1;0;0;1;1;1;-17,85109;-41,51482;"SR-MG";"DEL4/11";"UOP01/MG"
265341;2020-01-26;"domingo";"08:50:00";"SC";101;77;"ARAQUARI";"Falta de Atenção à Condução";"Colisão traseira";"Com Vítimas Feridas";"Plena Noite";"Decrescente";"Céu Claro";"Dupla";"Reta";"Não";2;0;1;0;1;0;1;2;-26,56833;-48,72029;"SR-SC";"DEL8/3";"UOP02/SC"
265343;2020-01-26;"domingo";"20:20:00";"SC";282;462;"PONTE SERRADA";"Falta de Atenção à Condução";"Colisão lateral";"Com Vítimas Feridas";"Plena Noite";"Crescente";"Céu Claro";"Simples";"Não Informado";"Sim";1;0;1;0;0;0;1;1;-26,85759;-52,05058;"SR-SC";"DEL7";"UOP05/SC"
265344;2020-01-26;"domingo";"15:50:00";"AL";104;1,7;"SAO JOSE DA LAJE";"Pista Escorregadia";"Saída de leito carroçável";"Com Vítimas Feridas";"Pleno dia";"Decrescente";"Céu Claro";"Simples";"Curva";"Não";2;0;1;1;0;0;2;1;-8,908446;-36,01877;"SR-AL";"DEL13/1";"UOP02/AL"
265345;2020-01-26;"domingo";"22:30:00";"GO";20;8;"FORMOSA";"Sinalização da via insuficiente ou inadequada";"Colisão traseira";"Com Vítimas Feridas";"Plena Noite";"Decrescente";"Nublado";"Simples";"Reta";"Não";5;0;3;0;2;0;3;2;-15,55115;-47,28325;"SR-DF";"UOP01/DEL02/DF";""
265346;2020-01-26;"domingo";"22:15:00";"BA";101;261;"SANTO ANTONIO DE JESUS";"Ingestão de Álcool";"Colisão lateral";"Sem Vítimas";"Plena Noite";"Crescente";"Céu Claro";"Dupla";"Interseção de vias";"Sim";2;0;0;0;2;0;0;2;-12,96483;-39,27244;"SR-BA";"DEL10/1";"UOP02/BA"
265347;2020-01-26;"domingo";"22:00:00";"PR";277;591;"CASCAVEL";"Não guardar distância de segurança";"Colisão traseira";"Com Vítimas Feridas";"Plena Noite";"Crescente";"Nublado";"Simples";"Curva";"Não";2;0;1;0;1;0;1;2;-24,98473;-53,46502;"SR-PR";"DEL7/4";"UOP01/PR"
265348;2020-01-26;"domingo";"23:20:00";"GO";153;500;"GOIANIA";"Falta de Atenção à Condução";"Queda de ocupante de veículo";"Com Vítimas Feridas";"Plena Noite";"Crescente";"Garoa/Chuvisco";"Dupla";"Reta";"Sim";2;0;2;0;0;0;2;1;-16,7118;-49,2324;"SR-GO";"DEL1/1";"UOP01/GO"
265349;2020-01-26;"domingo";"21:30:00";"MG";356;276,8;"EUGENOPOLIS";"Ingestão de Álcool";"Queda de ocupante de veículo";"Com Vítimas Feridas";"Plena Noite";"Crescente";"Nublado";"Simples";"Reta";"Não";1;0;0;1;0;0;1;1;-21,12742;-42,32895;"SR-MG";"DEL4/7";"UOP02/MG"
265350;2020-01-26;"domingo";"20:10:00";"RS";116;401,5;"CAMAQUA";"Falta de Atenção à Condução";"Colisão transversal";"Com Vítimas Feridas";"Plena Noite";"Crescente";"Ignorado";"Simples";"Reta";"Sim";4;0;1;0;3;0;1;2;-30,87688;-51,81674;"SR-RS";"DEL9/2";"UOP02/RS"
265351;2020-01-26;"domingo";"20:50:00";"RJ";101;333;"RIO DE JANEIRO";"Não guardar distância de segurança";"Colisão traseira";"Com Vítimas Feridas";"Plena Noite";"Crescente";"Nublado";"Dupla";"Reta";"Não";4;0;2;0;2;0;2;2;-22,87828;-43,21054;"SR-RJ";"UOP01";"DEL02"
265352;2020-01-26;"domingo";"13:15:00";"SC";282;487;"FAXINAL DOS GUEDES";"Velocidade Incompatível";"Colisão traseira";"Sem Vítimas";"Pleno dia";"Crescente";"Sol";"Simples";"Curva";"Sim";2;0;0;0;2;0;0;2;-26,85758;-52,2632;"SR-SC";"DEL7";"UOP01/SC"
265354;2020-01-26;"domingo";"23:20:00";"RJ";493;122;"ITAGUAI";"Velocidade Incompatível";"Colisão traseira";"Sem Vítimas";"Plena Noite";"Decrescente";"Céu Claro";"Dupla";"Reta";"Não";2;0;0;0;2;0;0;2;-22,88236;-43,82555;"SR-RJ";"DEL5/3";"UOP01/RJ"
265356;2020-01-26;"domingo";"23:10:00";"SC";280;73;"JARAGUA DO SUL";"Velocidade Incompatível";"Saída de leito carroçável";"Com Vítimas Fatais";"Plena Noite";"Crescente";"Céu Claro";"Simples";"Rotatória";"Sim";1;1;0;0;0;0;0;1;-26,45878;-49,15942;"SR-SC";"DEL8/3";"UOP03/SC"
265357;2020-01-26;"domingo";"22:00:00";"MA";222;363;"SANTA INES";"Ultrapassagem Indevida";"Colisão frontal";"Com Vítimas Fatais";"Plena Noite";"Decrescente";"Chuva";"Simples";"Reta";"Sim";4;1;0;1;0;2;1;3;-3,6771;-45,39147;"SR-MA";"DEL18/2";"UOP01/MA"
265358;2020-01-27;"segunda-feira";"00:30:00";"BA";407;3;"JUAZEIRO";"Falta de Atenção à Condução";"Colisão lateral";"Com Vítimas Feridas";"Plena Noite";"Crescente";"Garoa/Chuvisco";"Simples";"Interseção de vias";"Sim";2;0;1;0;1;0;1;2;-9,43134;-40,49823;"SR-PE";"DEL11/6";"UOP01/PE"
265359;2020-01-26;"domingo";"20:00:00";"RS";290;50;"GLORINHA";"Defeito Mecânico no Veículo";"Queda de ocupante de veículo";"Com Vítimas Feridas";"Anoitecer";"Crescente";"Céu Claro";"Dupla";"Reta";"Não";1;0;1;0;0;0;1;1;-29,90663;-50,75771;"SR-RS";"DEL9/3";"UOP01/RS"
265360;2020-01-27;"segunda-feira";"00:45:00";"PR";369;168,1;"ROLANDIA";"Falta de Atenção à Condução";"Queda de ocupante de veículo";"Com Vítimas Feridas";"Plena Noite";"Decrescente";"Céu Claro";"Dupla";"Reta";"Não";1;0;0;1;0;0;1;1;-23,29994;-51,32598;"SR-PR";"DEL7/7";"UOP01/PR"
265362;2020-01-27;"segunda-feira";"00:10:00";"PI";316;1,9;"TERESINA";"Desobediência às normas de trânsito pelo condutor";"Colisão com objeto estático";"Com Vítimas Feridas";"Plena Noite";"Decrescente";"Chuva";"Simples";"Interseção de vias";"Sim";1;0;1;0;0;0;1;1;-5,128619;-42,80707;"SR-PI";"DEL17/1";"UOP02/PI"
265363;2020-01-27;"segunda-feira";"00:05:00";"MS";267;42,5;"BATAGUASSU";"Condutor Dormindo";"Saída de leito carroçável";"Com Vítimas Feridas";"Plena Noite";"Crescente";"Céu Claro";"Simples";"Reta";"Não";1;0;1;0;0;0;1;1;-21,79196;-52,51752;"SR-MS";"DEL2";"UOP04/MS"
265365;2020-01-27;"segunda-feira";"00:05:00";"PB";361;5,1;"PATOS";"Restrição de Visibilidade";"Queda de ocupante de veículo";"Com Vítimas Feridas";"Plena Noite";"Crescente";"Céu Claro";"Simples";"Reta";"Sim";2;0;1;0;0;1;1;2;-7,034298;-37,30233;"SR-PB";"DEL14/3";"UOP01/PB"
265367;2020-01-27;"segunda-feira";"01:00:00";"SC";282;577,6;"PINHALZINHO";"Ingestão de Álcool";"Colisão lateral";"Sem Vítimas";"Plena Noite";"Crescente";"Céu Claro";"Simples";"Não Informado";"Não";2;0;0;0;1;1;0;2;-26,84676;-52,98064;"SR-SC";"DEL7";"UOP02/SC"
265368;2020-01-26;"domingo";"23:15:00";"SC";480;129;"CHAPECO";"Ingestão de Álcool";"Colisão com objeto estático";"Sem Vítimas";"Plena Noite";"Crescente";"Céu Claro";"Dupla";"Não Informado";"Sim";1;0;0;0;1;0;0;1;-27,04657;-52,63577;"SR-SC";"DEL7";"UOP01/SC"
265369;2020-01-27;"segunda-feira";"00:20:00";"BA";415;52,2;"ITABUNA";"Ingestão de Álcool";"Saída de leito carroçável";"Com Vítimas Feridas";"Plena Noite";"Crescente";"Céu Claro";"Simples";"Reta";"Sim";2;0;2;0;0;0;2;1;-14,81574;-39,29612;"SR-BA";"DEL10/5";"UOP01/BA"
265370;2020-01-26;"domingo";"20:00:00";"BA";116;254;"QUIJINGUE";"Ingestão de Álcool";"Colisão frontal";"Sem Vítimas";"Plena Noite";"Decrescente";"Nublado";"Simples";"Reta";"Não";3;0;0;0;3;0;0;3;-10,80743;-38,87735;"SR-BA";"DEL10/7";"UOP02/BA"
265371;2020-01-26;"domingo";"23:50:00";"MG";354;725,3;"POUSO ALTO";"Desobediência às normas de trânsito pelo condutor";"Colisão frontal";"Com Vítimas Feridas";"Plena Noite";"Crescente";"Céu Claro";"Simples";"Curva";"Não";5;0;4;0;1;0;4;2;-22,12682;-44,96861;"SR-MG";"DEL5";"UOP03/MG"
265372;2020-01-27;"segunda-feira";"00:52:00";"MA";135;0,5;"SAO LUIS";"Falta de Atenção à Condução";"Colisão traseira";"Com Vítimas Feridas";"Plena Noite";"Decrescente";"Ignorado";"Dupla";"Reta";"Sim";2;0;1;0;1;0;1;2;-2,582789;-44,24233;"SR-MA";"DEL18/1";"UOP01/MA"
265373;2020-01-27;"segunda-feira";"01:20:00";"SP";381;87;"GUARULHOS";"Desobediência às normas de trânsito pelo condutor";"Colisão transversal";"Com Vítimas Fatais";"Plena Noite";"Crescente";"Céu Claro";"Múltipla";"Reta";"Sim";3;1;1;0;1;0;1;2;-23,47365;-46,56223;"SR-SP";"DEL6/3";"UOP02/SP"
265374;2020-01-27;"segunda-feira";"02:00:00";"PR";277;80,1;"CURITIBA";"Falta de Atenção à Condução";"Tombamento";"Com Vítimas Feridas";"Plena Noite";"Decrescente";"Céu Claro";"Dupla";"Reta";"Sim";1;0;1;0;0;0;1;1;-25,56894;-49,18198;"SR-PR";"DEL7/1";"UOP04/PR"
265375;2020-01-27;"segunda-feira";"03:30:00";"AL";104;44,1;"BRANQUINHA";"Condutor Dormindo";"Colisão frontal";"Com Vítimas Fatais";"Plena Noite";"Crescente";"Céu Claro";"Simples";"Curva";"Não";2;1;0;0;1;0;0;2;-9,230262;-36,02664;"SR-AL";"DEL13/1";"UOP02/AL"
265376;2020-01-26;"domingo";"23:00:00";"MT";364;139,7;"PEDRA PRETA";"Defeito Mecânico no Veículo";"Incêndio";"Sem Vítimas";"Plena Noite";"Crescente";"Nublado";"Simples";"Curva";"Não";1;0;0;0;1;0;0;1;-16,80095;-54,10993;"SR-MT";"DEL2/2";"UOP01/MT"
265378;2020-01-27;"segunda-feira";"04:00:00";"PA";230;119,7;"MARABA";"Desobediência às normas de trânsito pelo condutor";"Colisão traseira";"Com Vítimas Fatais";"Plena Noite";"Decrescente";"Chuva";"Dupla";"Reta";"Sim";3;1;0;1;0;1;1;2;-5,350552;-49,11407;"SR-PA";"DEL19/3";"UOP01/PA"
265379;2020-01-27;"segunda-feira";"02:14:00";"RJ";101;249;"SILVA JARDIM";"Ingestão de Álcool";"Colisão traseira";"Com Vítimas Feridas";"Plena Noite";"Decrescente";"Nublado";"Dupla";"Reta";"Não";2;0;0;1;1;0;1;2;-22,669;-42,50868;"SR-RJ";"DEL5/2";"UOP02/RJ"
265380;2020-01-27;"segunda-feira";"03:55:00";"MS";163;264;"DOURADOS";"Falta de Atenção à Condução";"Colisão com objeto estático";"Com Vítimas Feridas";"Plena Noite";"Crescente";"Nublado";"Dupla";"Curva";"Sim";1;0;1;0;0;0;1;1;-22,22743;-54,73933;"SR-MS";"DEL3/4";"UOP01/MS"
265382;2020-01-27;"segunda-feira";"03:30:00";"MT";364;562;"NOBRES";"Velocidade Incompatível";"Tombamento";"Com Vítimas Feridas";"Amanhecer";"Decrescente";"Céu Claro";"Dupla";"Curva";"Não";2;0;2;0;0;0;2;1;-14,78041;-56,36923;"SR-MT";"DEL2/4";"UOP01/MT"
265383;2020-01-27;"segunda-feira";"05:15:00";"TO";153;667,9;"GURUPI";"Defeito na Via";"Saída de leito carroçável";"Com Vítimas Feridas";"Plena Noite";"Decrescente";"Céu Claro";"Simples";"Reta";"Sim";1;0;0;1;0;0;1;1;-11,70103;-49,07272;"SR-TO";"UOP01/TO";""
265384;2020-01-27;"segunda-feira";"03:30:00";"PI";316;52,5;"MONSENHOR GIL";"Animais na Pista";"Atropelamento de Animal";"Com Vítimas Feridas";"Plena Noite";"Decrescente";"Chuva";"Simples";"Reta";"Não";1;0;1;0;0;0;1;1;-5,511933;-42,63724;"SR-PI";"DEL17/1";"UOP02/PI"
265385;2020-01-27;"segunda-feira";"04:00:00";"MG";381;587,4;"CARMOPOLIS DE MINAS";"Condutor Dormindo";"Colisão traseira";"Com Vítimas Feridas";"Plena Noite";"Decrescente";"Nublado";"Dupla";"Não Informado";"Não";2;0;1;0;1;0;1;2;-20,54603;-44,65678;"SR-MG";"DEL4/4";"UOP01/MG"
265386;2020-01-26;"domingo";"22:20:00";"MG";116;532,6;"CARATINGA";"Ingestão de Álcool";"Colisão traseira";"Com Vítimas Feridas";"Plena Noite";"Decrescente";"Nublado";"Simples";"Reta";"Não";3;0;2;0;1;0;2;2;-19,82775;-42,13965;"SR-MG";"DEL4/6";"UOP02/MG"
265387;2020-01-27;"segunda-feira";"06:30:00";"CE";116;82;"CASCAVEL";"Não guardar distância de segurança";"Colisão traseira";"Com Vítimas Feridas";"Pleno dia";"Crescente";"Céu Claro";"Simples";"Reta";"Sim";3;0;2;0;1;0;2;2;-4,409288;-38,41497;"SR-CE";"DEL16/3";"UOP02/CE"
265388;2020-01-27;"segunda-feira";"06:20:00";"GO";40;96,1;"CRISTALINA";"Pista Escorregadia";"Tombamento";"Com Vítimas Feridas";"Amanhecer";"Decrescente";"Céu Claro";"Simples";"Interseção de vias";"Sim";2;0;1;0;1;0;1;1;-16,75768;-47,60161;"SR-DF";"UOP02/DF";""
265389;2020-01-27;"segunda-feira";"02:48:00";"RJ";116;43,7;"TERESOPOLIS";"Mal Súbito";"Saída de leito carroçável";"Com Vítimas Feridas";"Plena Noite";"Decrescente";"Nublado";"Simples";"Ponte";"Não";2;0;1;1;0;0;2;1;-22,15063;-42,80151;"SR-RJ";"DEL5/6";"UOP02/RJ"
265390;2020-01-27;"segunda-feira";"05:50:00";"GO";153;508,6;"APARECIDA DE GOIANIA";"Falta de Atenção à Condução";"Queda de ocupante de veículo";"Com Vítimas Feridas";"Amanhecer";"Crescente";"Nublado";"Dupla";"Reta";"Sim";1;0;1;0;0;0;1;1;-16,7804;-49,2371;"SR-GO";"DEL1/1";"UOP03/GO"
265391;2020-01-27;"segunda-feira";"05:00:00";"RJ";116;271;"BARRA MANSA";"Ingestão de Álcool";"Colisão transversal";"Sem Vítimas";"Amanhecer";"Crescente";"Céu Claro";"Dupla";"Curva";"Sim";2;0;0;0;2;0;0;2;-22,61928;-44,113;"SR-RJ";"DEL5/7";"UOP02/RJ"
265392;2020-01-27;"segunda-feira";"06:20:00";"MG";381;666,2;"PERDOES";"Falta de Atenção à Condução";"Colisão traseira";"Sem Vítimas";"Pleno dia";"Decrescente";"Nublado";"Dupla";"Reta";"Não";2;0;0;0;2;0;0;2;-21,05519;-45,04088;"SR-MG";"DEL4/4";"UOP02/MG"
265394;2020-01-19;"domingo";"15:40:00";"PR";469;1,5;"FOZ DO IGUACU";"Não guardar distância de segurança";"Colisão lateral";"Com Vítimas Feridas";"Pleno dia";"Decrescente";"Céu Claro";"Simples";"Curva";"Sim";6;0;2;0;4;0;2;2;-25,57769;-54,55635;"SR-PR";"DEL7/5";"UOP04/PR"
265396;2020-01-27;"segunda-feira";"07:10:00";"TO";153;480,3;"BARROLANDIA";"Fenômenos da Natureza";"Tombamento";"Com Vítimas Feridas";"Amanhecer";"Decrescente";"Chuva";"Simples";"Não Informado";"Não";3;0;1;0;2;0;1;3;-10,05802;-48,82807;"SR-TO";"UOP02/TO";""
265397;2020-01-27;"segunda-feira";"07:20:00";"SP";116;109;"TAUBATE";"Não guardar distância de segurança";"Tombamento";"Com Vítimas Feridas";"Pleno dia";"Crescente";"Céu Claro";"Dupla";"Reta";"Não";1;0;1;0;0;0;1;1;-23,02871;-45,54517;"SR-SP";"DEL6";"UOP01/SP"
265398;2020-01-27;"segunda-feira";"07:35:00";"PE";232;6,7;"RECIFE";"Falta de Atenção à Condução";"Colisão lateral";"Com Vítimas Feridas";"Pleno dia";"Decrescente";"Céu Claro";"Dupla";"Reta";"Sim";2;0;1;0;1;0;1;2;-8,073494;-34,96192;"SR-PE";"DEL11/1";"UOP01/PE"
265399;2020-01-27;"segunda-feira";"07:35:00";"MG";381;484,8;"BETIM";"Desobediência às normas de trânsito pelo condutor";"Engavetamento";"Com Vítimas Feridas";"Pleno dia";"Decrescente";"Céu Claro";"Dupla";"Não Informado";"Sim";6;0;1;1;4;0;2;5;-19,9592;-44,08944;"SR-MG";"DEL4/1";"UOP03/MG"
265400;2020-01-27;"segunda-feira";"07:15:00";"SP";116;143,8;"SAO JOSE DOS CAMPOS";"Falta de Atenção à Condução";"Colisão lateral";"Com Vítimas Feridas";"Pleno dia";"Crescente";"Céu Claro";"Dupla";"Reta";"Não";2;0;1;0;1;0;1;2;-23,18005;-45,8413;"SR-SP";"DEL6/2";"UOP01/SP"
265402;2020-01-27;"segunda-feira";"04:15:00";"PR";476;279,6;"SAO MATEUS DO SUL";"Ingestão de Álcool";"Colisão frontal";"Com Vítimas Feridas";"Plena Noite";"Crescente";"Nublado";"Simples";"Reta";"Sim";2;0;1;0;1;0;1;2;-25,87113;-50,40602;"SR-PR";"DEL7/2";"UOP03/PR"
265403;2020-01-27;"segunda-feira";"06:40:00";"MG";40;512;"RIBEIRAO DAS NEVES";"Não guardar distância de segurança";"Colisão traseira";"Com Vítimas Feridas";"Pleno dia";"Crescente";"Céu Claro";"Dupla";"Não Informado";"Sim";3;0;1;0;2;0;1;2;-19,78947;-44,11291;"SR-MG";"DEL4/1";"UOP02/MG"
265404;2020-01-27;"segunda-feira";"03:30:00";"PE";423;61;"LAJEDO";"Ingestão de Álcool";"Colisão traseira";"Com Vítimas Feridas";"Plena Noite";"Crescente";"Céu Claro";"Simples";"Reta";"Sim";12;0;6;0;6;0;6;2;-8,658057;-36,32867;"SR-PE";"DEL11/3";"UOP01/PE"
265405;2020-01-27;"segunda-feira";"07:50:00";"PR";277;74;"SAO JOSE DOS PINHAIS";"Falta de Atenção à Condução";"Colisão traseira";"Com Vítimas Feridas";"Pleno dia";"Crescente";"Sol";"Dupla";"Reta";"Sim";2;0;0;1;1;0;1;2;-25,51726;-49,11541;"SR-PR";"DEL7/1";"UOP01/PR"
265406;2020-01-27;"segunda-feira";"07:45:00";"SP";116;211;"GUARULHOS";"Falta de Atenção à Condução";"Saída de leito carroçável";"Com Vítimas Feridas";"Pleno dia";"Crescente";"Sol";"Múltipla";"Reta";"Sim";1;0;1;0;0;0;1;1;-23,43326;-46,42227;"SR-SP";"DEL6/1";"UOP01/SP"
265408;2020-01-27;"segunda-feira";"08:00:00";"PE";408;52,8;"NAZARE DA MATA";"Falta de Atenção à Condução";"Colisão transversal";"Com Vítimas Feridas";"Pleno dia";"Crescente";"Céu Claro";"Simples";"Interseção de vias";"Sim";2;0;1;0;1;0;1;2;-7,745995;-35,23445;"SR-PE";"DEL11/1";"UOP01/PE"
265410;2020-01-27;"segunda-feira";"07:50:00";"MG";40;806,6;"JUIZ DE FORA";"Velocidade Incompatível";"Tombamento";"Com Vítimas Feridas";"Pleno dia";"Decrescente";"Céu Claro";"Dupla";"Curva";"Não";2;0;2;0;0;0;2;1;-21,86659;-43,36164;"SR-MG";"DEL5";"UOP01/MG"
265412;2020-01-27;"segunda-feira";"08:00:00";"SE";235;34;"AREIA BRANCA";"Falta de Atenção à Condução";"Colisão transversal";"Sem Vítimas";"Pleno dia";"Decrescente";"Sol";"Simples";"Reta";"Não";2;0;0;0;2;0;0;2;-10,76038;-37,31305;"SR-SE";"DEL20/1";"UOP02/SE"
265413;2020-01-27;"segunda-feira";"07:00:00";"MG";40;728,6;"BARBACENA";"Defeito Mecânico no Veículo";"Colisão com objeto estático";"Sem Vítimas";"Pleno dia";"Crescente";"Céu Claro";"Dupla";"Reta";"Não";1;0;0;0;1;0;0;1;-21,30202;-43,61921;"SR-MG";"DEL5";"UOP01/MG"
265414;2020-01-27;"segunda-feira";"08:25:00";"SC";470;45,6;"GASPAR";"Defeito Mecânico no Veículo";"Tombamento";"Com Vítimas Feridas";"Pleno dia";"Decrescente";"Céu Claro";"Simples";"Reta";"Não";2;0;2;0;0;0;2;1;-26,86706;-49,03111;"SR-SC";"DEL8/4";"UOP01/SC"
265415;2020-01-27;"segunda-feira";"08:25:00";"RS";158;79,3;"BOA VISTA DAS MISSOES";"Falta de Atenção à Condução";"Saída de leito carroçável";"Com Vítimas Feridas";"Pleno dia";"Crescente";"Céu Claro";"Simples";"Reta";"Não";1;0;1;0;0;0;1;1;-27,74064;-53,32065;"SR-RS";"DEL08";"UOP02/RS"
265416;2020-01-27;"segunda-feira";"08:25:00";"RS";116;248;"SAO LEOPOLDO";"Falta de Atenção à Condução";"Colisão traseira";"Com Vítimas Feridas";"Pleno dia";"Decrescente";"Céu Claro";"Dupla";"Viaduto";"Sim";3;0;1;0;2;0;1;3;-29,77606;-51,15509;"SR-RS";"DEL9/1";"UOP02/RS"
265417;2020-01-27;"segunda-feira";"07:05:00";"DF";70;19;"BRASILIA";"Pista Escorregadia";"Saída de leito carroçável";"Com Vítimas Feridas";"Pleno dia";"Decrescente";"Chuva";"Simples";"Não Informado";"Não";2;0;0;1;1;0;1;1;-15,78887;-48,22024;"SR-DF";"UOP06/DF";""
265418;2020-01-27;"segunda-feira";"07:30:00";"PI";343;307,8;"ALTOS";"Falta de Atenção à Condução";"Colisão traseira";"Com Vítimas Feridas";"Pleno dia";"Crescente";"Céu Claro";"Simples";"Reta";"Sim";2;0;1;0;1;0;1;2;-5,039802;-42,45952;"SR-PI";"DEL17/1";"UOP01/PI"
265419;2020-01-27;"segunda-feira";"08:40:00";"SC";101;334;"TUBARAO";"Desobediência às normas de trânsito pelo condutor";"Colisão transversal";"Com Vítimas Feridas";"Pleno dia";"Decrescente";"Nublado";"Simples";"Interseção de vias";"Sim";2;0;1;0;1;0;1;2;-28,46963;-49,01499;"SR-SC";"DEL8/2";"UOP01/SC"
265420;2020-01-27;"segunda-feira";"08:50:00";"PR";376;163,4;"MARINGA";"Condutor Dormindo";"Saída de leito carroçável";"Com Vítimas Feridas";"Pleno dia";"Decrescente";"Sol";"Dupla";"Não Informado";"Não";1;0;1;0;0;0;1;1;-23,38151;-52,0348;"SR-PR";"DEL7/7";"UOP04/PR"
265421;2020-01-27;"segunda-feira";"06:50:00";"RO";364;424;"JARU";"Desobediência às normas de trânsito pelo condutor";"Colisão lateral";"Com Vítimas Feridas";"Pleno dia";"Decrescente";"Céu Claro";"Simples";"Reta";"Sim";2;0;1;0;1;0;1;2;-10,44457;-62,46568;"SR-RO";"DEL21/3";"UOP02/RO"
265422;2020-01-27;"segunda-feira";"09:00:00";"PB";230;19;"JOAO PESSOA";"Mal Súbito";"Colisão com objeto estático";"Com Vítimas Feridas";"Pleno dia";"Decrescente";"Céu Claro";"Dupla";"Reta";"Sim";1;0;1;0;0;0;1;1;-7,1281;-34,8466;"SR-PB";"DEL14/1";"UOP01/PB"
265423;2020-01-27;"segunda-feira";"09:17:00";"SP";116;46,8;"CANAS";"Defeito Mecânico no Veículo";"Colisão com objeto estático";"Com Vítimas Feridas";"Pleno dia";"Crescente";"Sol";"Dupla";"Reta";"Não";2;0;2;0;0;0;2;1;-22,71394;-45,05336;"SR-SP";"DEL6/8";"UOP02/SP"
265424;2020-01-27;"segunda-feira";"08:40:00";"DF";80;18,5;"BRASILIA";"Não guardar distância de segurança";"Colisão transversal";"Com Vítimas Feridas";"Pleno dia";"Crescente";"Céu Claro";"Dupla";"Retorno Regulamentado";"Sim";2;0;1;0;1;0;1;2;-15,68426;-48,20514;"SR-DF";"UOP06/DF";""