"id";"data_inversa";"dia_semana";"horario";"uf";"br";"km";"municipio";"causa_acidente";"tipo_acidente";"classificacao_acidente";"fase_dia";"sentido_via";"condicao_metereologica";"tipo_pista";"tracado_via";"uso_solo";"pessoas";"mortos";"feridos_leves";"feridos_graves";"ilesos";"ignorados";"feridos";"veiculos";"latitude";"longitude";"regional";"delegacia";"uop"
265524;2020-01-27;"segunda-feira";"17:40:00";"RJ";116;305;"RESENDE";"Defeito Mecânico no Veículo";"Colisão traseira";"Sem Vítimas";"Pleno dia";"Crescente";"Nublado";"Dupla";"Interseção de vias";"Sim";3;0;0;0;3;0;0;3;-22,45574;-44,39455;"SR-RJ";"DEL5/7";"UOP02/RJ"
265525;2020-01-27;"segunda-feira";"15:20:00";"RO";364;422;"JARU";"Não guardar distância de segurança";"Colisão traseira";"Com Vítimas Feridas";"Pleno dia";"Crescente";"Céu Claro";"Simples";"Reta";"Sim";3;0;1;0;2;0;1;2;-10,45975;-62,4558;"SR-RO";"DEL21/3";"UOP02/RO"
265526;2020-01-27;"segunda-feira";"18:05:00";"SC";101;123,1;"ITAJAI";"Falta de Atenção à Condução";"Colisão traseira";"Com Vítimas Feridas";"Pleno dia";"Crescente";"Céu Claro";"Simples";"Reta";"Sim";2;0;1;0;1;0;1;2;-26,93669;-48,69877;"SR-SC";"DEL8/4";"UOP04/SC"
265527;2020-01-26;"domingo";"16:10:00";"RJ";393;224;"VASSOURAS";"Desobediência às normas de trânsito pelo condutor";"Colisão lateral";"Sem Vítimas";"Pleno dia";"Crescente";"Céu Claro";"Simples";"Reta";"Não";4;0;0;0;4;0;0;2;-22,33729;-43,5522;"SR-RJ";"DEL5/5";"UOP01/RJ"
265528;2020-01-27;"segunda-feira";"16:35:00";"AC";364;138;"RIO BRANCO";"Falta de Atenção à Condução";"Colisão traseira";"Sem Vítimas";"Pleno dia";"Crescente";"Céu Claro";"Dupla";"Reta";"Sim";2;0;0;0;2;0;0;2;-9,961125;-67,85647;"SR-AC";"UOP01/AC";""
265529;2020-01-27;"segunda-feira";"18:00:00";"PR";272;548;"TERRA ROXA";"Falta de Atenção à Condução";"Tombamento";"Com Vítimas Feridas";"Pleno dia";"Decrescente";"Céu Claro";"Simples";"Interseção de vias";"Não";2;0;1;0;1;0;1;1;-24,0822;-54,09325;"SR-PR";"DEL7/6";"UOP02/PR"
265530;2020-01-27;"segunda-feira";"18:20:00";"SP";153;74,6;"SAO JOSE DO RIO PRETO";"Defeito Mecânico no Veículo";"Tombamento";"Com Vítimas Feridas";"Anoitecer";"Decrescente";"Céu Claro";"Dupla";"Não Informado";"Não";2;0;2;0;0;0;2;1;-20,88539;-49,42676;"SR-SP";"DEL6/9";"UOP01/SP"
265531;2020-01-27;"segunda-feira";"18:15:00";"PR";376;217;"JANDAIA DO SUL";"Desobediência às normas de trânsito pelo condutor";"Colisão transversal";"Com Vítimas Feridas";"Anoitecer";"Crescente";"Céu Claro";"Simples";"Interseção de vias";"Não";2;0;1;0;1;0;1;2;-23,59533;-51,64138;"SR-PR";"DEL7/7";"UOP03/PR"
265532;2020-01-27;"segunda-feira";"19:00:00";"RN";304;298,6;"MACAIBA";"Animais na Pista";"Atropelamento de Animal";"Com Vítimas Feridas";"Pleno dia";"Decrescente";"Céu Claro";"Dupla";"Reta";"Sim";1;0;1;0;0;0;1;1;-5,868234;-35,33218;"SR-RN";"DEL15/1";"UOP02/RN"
265533;2020-01-27;"segunda-feira";"19:00:00";"CE";116;20,3;"EUSEBIO";"Desobediência às normas de trânsito pelo condutor";"Colisão transversal";"Com Vítimas Feridas";"Plena Noite";"Crescente";"Céu Claro";"Dupla";"Reta";"Sim";2;0;1;0;1;0;1;2;-3,92644;-38,50796;"SR-CE";"DEL16/1";"UOP02/CE"
265534;2020-01-27;"segunda-feira";"18:30:00";"MG";50;74;"UBERLANDIA";"Defeito na Via";"Tombamento";"Com Vítimas Feridas";"Plena Noite";"Crescente";"Céu Claro";"Dupla";"Reta";"Sim";1;0;1;0;0;0;1;1;-18,9082;-48,2267;"SR-MG";"DEL4/15";"UOP01/MG"
265535;2020-01-27;"segunda-feira";"19:15:00";"RS";116;153,7;"CAXIAS DO SUL";"Pista Escorregadia";"Tombamento";"Com Vítimas Feridas";"Anoitecer";"Crescente";"Céu Claro";"Dupla";"Rotatória";"Sim";1;0;1;0;0;0;1;1;-29,1858;-51,17713;"SR-RS";"DEL9/5";"UOP01/RS"
265536;2020-01-27;"segunda-feira";"19:05:00";"GO";452;193;"ITUMBIARA";"Desobediência às normas de trânsito pelo pedestre";"Atropelamento de Pedestre";"Com Vítimas Fatais";"Anoitecer";"Crescente";"Nublado";"Simples";"Reta";"Não";2;1;0;0;1;0;0;1;-18,36899;-49,25292;"SR-GO";"DEL1/3";"UOP02/GO"
265538;2020-01-27;"segunda-feira";"15:20:00";"SC";470;191,8;"POUSO REDONDO";"Velocidade Incompatível";"Colisão lateral";"Com Vítimas Feridas";"Pleno dia";"Crescente";"Sol";"Simples";"Curva";"Não";2;0;1;1;0;0;2;2;-27,28445;-50,07766;"SR-SC";"DEL8/4";"UOP02/SC"
265539;2020-01-27;"segunda-feira";"18:30:00";"PE";101;84;"JABOATAO DOS GUARARAPES";"Velocidade Incompatível";"Colisão com objeto estático";"Com Vítimas Fatais";"Plena Noite";"Crescente";"Nublado";"Dupla";"Reta";"Sim";1;1;0;0;0;0;0;1;-8,177786;-34,95087;"SR-PE";"DEL11/1";"UOP03/PE"
265540;2020-01-27;"segunda-feira";"19:55:00";"RN";101;103;"PARNAMIRIM";"Falta de Atenção à Condução";"Colisão traseira";"Com Vítimas Feridas";"Plena Noite";"Crescente";"Céu Claro";"Múltipla";"Reta";"Sim";4;0;2;0;2;0;2;3;-5,89034;-35,24895;"SR-RN";"DEL15/1";"UOP01/RN"
265541;2020-01-27;"segunda-feira";"20:20:00";"PR";376;317;"ORTIGUEIRA";"Falta de Atenção à Condução";"Tombamento";"Com Vítimas Feridas";"Plena Noite";"Decrescente";"Céu Claro";"Simples";"Curva";"Não";2;0;2;0;0;0;2;1;-24,03662;-51,08399;"SR-PR";"DEL7/7";"UOP02/PR"
265542;2020-01-27;"segunda-feira";"17:00:00";"RS";153;578,8;"BAGE";"Mal Súbito";"Saída de leito carroçável";"Com Vítimas Feridas";"Pleno dia";"Decrescente";"Céu Claro";"Simples";"Reta";"Não";1;0;1;0;0;0;1;1;-31,05704;-53,68174;"SR-RS";"DEL9/11";"UOP03/RS"
265543;2020-01-27;"segunda-feira";"20:00:00";"PA";10;82;"ULIANOPOLIS";"Deficiência ou não Acionamento do Sistema de Iluminação/Sinalização do Veículo";"Colisão traseira";"Com Vítimas Feridas";"Plena Noite";"Crescente";"Nublado";"Simples";"Reta";"Sim";4;0;1;0;3;0;1;2;-3,729997;-47,49184;"SR-PA";"DEL19/2";"UOP03/PA"
265545;2020-01-18;"sábado";"14:25:00";"MS";463;36,6;"PONTA PORA";"Falta de Atenção à Condução";"Saída de leito carroçável";"Com Vítimas Feridas";"Pleno dia";"Decrescente";"Céu Claro";"Simples";"Reta";"Não";2;0;2;0;0;0;2;1;-22,30595;-55,1235;"SR-MS";"DEL3/4";"UOP03/MS"
265546;2020-01-27;"segunda-feira";"19:20:00";"RO";364;351,2;"JI-PARANA";"Ultrapassagem Indevida";"Colisão lateral";"Com Vítimas Feridas";"Plena Noite";"Crescente";"Nublado";"Simples";"Não Informado";"Não";6;0;1;0;5;0;1;2;-10,84032;-62,0064;"SR-RO";"DEL21/2";"UOP01/RO"
265547;2020-01-27;"segunda-feira";"20:40:00";"RJ";101;398;"ITAGUAI";"Desobediência às normas de trânsito pelo condutor";"Colisão transversal";"Com Vítimas Feridas";"Plena Noite";"Crescente";"Céu Claro";"Simples";"Não Informado";"Não";2;0;1;0;1;0;1;2;-22,86788;-43,74863;"SR-RJ";"DEL5/3";"UOP01/RJ"
265548;2020-01-27;"segunda-feira";"21:00:00";"BA";116;425,9;"FEIRA DE SANTANA";"Pista Escorregadia";"Tombamento";"Com Vítimas Feridas";"Plena Noite";"Decrescente";"Céu Claro";"Simples";"Reta";"Não";2;0;2;0;0;0;2;1;-12,26904;-38,98923;"SR-BA";"DEL10/2";"UOP01/BA"
265549;2020-01-27;"segunda-feira";"20:00:00";"ES";101;291,9;"CARIACICA";"Falta de Atenção à Condução";"Colisão traseira";"Com Vítimas Feridas";"Plena Noite";"Decrescente";"Chuva";"Dupla";"Reta";"Sim";2;0;1;0;1;0;1;2;-20,29756;-40,39446;"SR-ES";"DEL12/1";"UOP01/ES"
265550;2020-01-27;"segunda-feira";"18:20:00";"PR";373;172,8;"PONTA GROSSA";"Falta de Atenção à Condução";"Colisão com objeto estático";"Sem Vítimas";"Anoitecer";"Crescente";"Céu Claro";"Múltipla";"Reta";"Sim";1;0;0;0;1;0;0;1;-25,0814;-50,19201;"SR-PR";"DEL7/3";"UOP01/PR"
265551;2020-01-27;"segunda-feira";"20:50:00";"SC";280;68,5;"JARAGUA DO SUL";"Deficiência ou não Acionamento do Sistema de Iluminação/Sinalização do Veículo";"Colisão transversal";"Com Vítimas Feridas";"Plena Noite";"Crescente";"Nublado";"Dupla";"Reta";"Não";2;0;0;1;1;0;1;2;-26,47278;-49,11099;"SR-SC";"DEL8/3";"UOP03/SC"
265553;2020-01-27;"segunda-feira";"20:55:00";"ES";101;288,5;"CARIACICA";"Defeito Mecânico no Veículo";"Tombamento";"Com Vítimas Feridas";"Plena Noite";"Decrescente";"Chuva";"Dupla";"Reta";"Sim";2;0;2;0;0;0;2;1;-20,2716;-40,39092;"SR-ES";"DEL12/1";"UOP01/ES"
265554;2020-01-27;"segunda-feira";"21:15:00";"PR";277;539;"PALMEIRA";"Falta de Atenção à Condução";"Saída de leito carroçável";"Com Vítimas Feridas";"Plena Noite";"Decrescente";"Céu Claro";"Dupla";"Reta";"Não";2;0;1;0;1;0;1;1;-25,28842;-49,90299;"SR-PR";"DEL7/4";"UOP02/PR"
265556;2020-01-27;"segunda-feira";"22:00:00";"MG";365;610;"UBERLANDIA";"Falta de Atenção à Condução";"Capotamento";"Com Vítimas Feridas";"Plena Noite";"Crescente";"Vento";"Dupla";"Reta";"Sim";1;0;0;1;0;0;1;1;-18,92794;-48,19198;"SR-MG";"DEL4/15";"UOP01/MG"
265557;2020-01-27;"segunda-feira";"19:45:00";"BA";116;753,4;"POCOES";"Ultrapassagem Indevida";"Colisão frontal";"Com Vítimas Feridas";"Plena Noite";"Decrescente";"Nublado";"Simples";"Reta";"Não";6;0;2;3;1;0;5;2;-14,49853;-40,35181;"SR-BA";"DEL10/8";"UOP02/BA"
265558;2020-01-27;"segunda-feira";"19:25:00";"BA";324;622;"SALVADOR";"Falta de Atenção à Condução";"Colisão transversal";"Com Vítimas Feridas";"Plena Noite";"Decrescente";"Céu Claro";"Simples";"Reta";"Sim";2;0;1;0;1;0;1;2;-12,87975;-38,447;"SR-BA";"DEL10/1";"UOP01/BA"
265559;2020-01-27;"segunda-feira";"22:25:00";"PB";230;46,2;"SANTA RITA";"Ingestão de Álcool";"Queda de ocupante de veículo";"Com Vítimas Feridas";"Plena Noite";"Decrescente";"Céu Claro";"Dupla";"Reta";"Não";1;0;1;0;0;0;1;1;-7,1635;-35,025;"SR-PB";"DEL14/1";"UOP02/PB"
265561;2020-01-27;"segunda-feira";"20:50:00";"RJ";493;106;"SEROPEDICA";"Falta de Atenção à Condução";"Saída de leito carroçável";"Com Vítimas Feridas";"Plena Noite";"Decrescente";"Nublado";"Dupla";"Reta";"Não";2;0;0;1;1;0;1;1;-22,77476;-43,74296;"SR-RJ";"DEL5/3";"UOP01/RJ"
265562;2020-01-27;"segunda-feira";"20:30:00";"RS";285;670,9;"SAO BORJA";"Animais na Pista";"Atropelamento de Animal";"Com Vítimas Feridas";"Plena Noite";"Crescente";"Céu Claro";"Simples";"Reta";"Não";1;0;1;0;0;0;1;1;-28,66956;-55,95982;"SR-RS";"DEL9/12";"UOP01/RS"
265563;2020-01-27;"segunda-feira";"22:50:00";"SP";116;199;"ARUJA";"Falta de Atenção à Condução";"Colisão traseira";"Com Vítimas Feridas";"Plena Noite";"Crescente";"Céu Claro";"Dupla";"Reta";"Sim";2;0;0;1;0;1;1;2;-23,40179;-46,3124;"SR-SP";"DEL6/1";"UOP01/SP"
265564;2020-01-27;"segunda-feira";"20:50:00";"SP";NA;NA;"GALIA";"Animais na Pista";"Atropelamento de Animal";"Sem Vítimas";"Plena Noite";"Não Informado";"Nublado";"Dupla";"Reta";"Não";2;0;0;0;2;0;0;1;-22,25885;-49,53352;"SR-SP";"DEL6/07";""
265565;2020-01-27;"segunda-feira";"22:00:00";"MS";163;483,5;"CAMPO GRANDE";"Falta de Atenção à Condução";"Colisão traseira";"Com Vítimas Feridas";"Plena Noite";"Decrescente";"Nublado";"Simples";"Reta";"Não";3;0;0;1;2;0;1;2;-20,45726;-54,54672;"SR-MS";"DEL3/1";"UOP02/MS"
265566;2020-01-27;"segunda-feira";"23:25:00";"SP";381;90;"GUARULHOS";"Velocidade Incompatível";"Capotamento";"Com Vítimas Feridas";"Plena Noite";"Crescente";"Céu Claro";"Dupla";"Interseção de vias";"Sim";1;0;1;0;0;0;1;1;-23,49479;-46,5596;"SR-SP";"DEL6/3";"UOP02/SP"
265567;2020-01-27;"segunda-feira";"22:30:00";"RS";290;147,5;"ARROIO DOS RATOS";"Desobediência às normas de trânsito pelo condutor";"Colisão traseira";"Com Vítimas Feridas";"Plena Noite";"Crescente";"Céu Claro";"Simples";"Reta";"Não";5;0;1;0;4;0;1;2;-30,10718;-51,6862;"SR-RS";"DEL9/2";"UOP01/RS"
265568;2020-01-27;"segunda-feira";"23:55:00";"DF";70;12,4;"BRASILIA";"Falta de Atenção do Pedestre";"Atropelamento de Pedestre";"Com Vítimas Feridas";"Plena Noite";"Crescente";"Céu Claro";"Dupla";"Reta";"Não";3;0;1;0;2;0;1;2;-15,79224;-48,15854;"SR-DF";"UOP06/DF";""
265569;2020-01-27;"segunda-feira";"22:12:00";"RJ";101;332;"RIO DE JANEIRO";"Falta de Atenção à Condução";"Engavetamento";"Com Vítimas Feridas";"Plena Noite";"Decrescente";"Céu Claro";"Dupla";"Reta";"Não";4;0;0;1;3;0;1;4;-22,87133;-43,20408;"SR-RJ";"UOP01";"DEL02"
265570;2020-01-27;"segunda-feira";"22:35:00";"RO";364;200;"PIMENTA BUENO";"Ingestão de álcool e/ou substâncias psicoativas pelo pedestre";"Queda de ocupante de veículo";"Com Vítimas Feridas";"Plena Noite";"Decrescente";"Nublado";"Simples";"Reta";"Não";1;0;1;0;0;0;1;1;-11,65284;-61,19276;"SR-RO";"DEL21/2";"UOP02/RO"
265571;2020-01-27;"segunda-feira";"20:10:00";"RO";364;427;"JARU";"Falta de Atenção à Condução";"Colisão traseira";"Sem Vítimas";"Plena Noite";"Crescente";"Céu Claro";"Simples";"Reta";"Não";2;0;0;0;2;0;0;2;-10,42731;-62,48745;"SR-RO";"DEL21/3";"UOP02/RO"
265572;2020-01-28;"terça-feira";"00:00:00";"MS";163;151,4;"NAVIRAI";"Defeito Mecânico no Veículo";"Tombamento";"Com Vítimas Feridas";"Plena Noite";"Decrescente";"Céu Claro";"Simples";"Desvio Temporário";"Não";1;0;1;0;0;0;1;1;-22,95832;-54,43721;"SR-MS";"DEL3/09";"UOP01/MS"
265573;2020-01-28;"terça-feira";"00:20:00";"BA";324;355;"CAPIM GROSSO";"Velocidade Incompatível";"Colisão traseira";"Com Vítimas Feridas";"Plena Noite";"Decrescente";"Nublado";"Simples";"Reta";"Sim";2;0;0;1;0;1;1;2;-11,37366;-40,00723;"SR-BA";"DEL10/4";"UOP02/BA"
265574;2020-01-28;"terça-feira";"01:50:00";"PR";476;176,4;"CONTENDA";"Desobediência às normas de trânsito pelo pedestre";"Atropelamento de Pedestre";"Com Vítimas Fatais";"Plena Noite";"Decrescente";"Céu Claro";"Simples";"Reta";"Não";5;1;0;0;4;0;0;2;-25,69441;-49,55316;"SR-PR";"DEL7/1";"UOP04/PR"
265575;2020-01-28;"terça-feira";"02:15:00";"MT";70;500;"CUIABA";"Falta de Atenção à Condução";"Saída de leito carroçável";"Com Vítimas Fatais";"Plena Noite";"Crescente";"Céu Claro";"Simples";"Reta";"Sim";1;1;0;0;0;0;0;1;-15,68207;-55,92336;"SR-MT";"DEL2/1";"UOP01/MT"
265576;2020-01-28;"terça-feira";"02:40:00";"SC";101;381,2;"ICARA";"Condutor Dormindo";"Saída de leito carroçável";"Com Vítimas Feridas";"Plena Noite";"Decrescente";"Chuva";"Dupla";"Reta";"Não";1;0;1;0;0;0;1;1;-28,75478;-49,27732;"SR-SC";"DEL8/2";"UOP02/SC"
265577;2020-01-27;"segunda-feira";"14:45:00";"SC";101;382,9;"ICARA";"Pista Escorregadia";"Capotamento";"Com Vítimas Feridas";"Pleno dia";"Decrescente";"Chuva";"Múltipla";"Reta";"Sim";3;0;1;1;0;1;2;1;-28,75967;-49,28552;"SR-SC";"DEL8/2";"UOP02/SC"
265578;2020-01-28;"terça-feira";"03:30:00";"MS";163;674;"RIO VERDE DE MATO GROSSO";"Desobediência às normas de trânsito pelo condutor";"Colisão frontal";"Com Vítimas Fatais";"Plena Noite";"Crescente";"Céu Claro";"Simples";"Desvio Temporário";"Não";3;1;1;1;0;0;2;2;-18,97487;-54,82183;"SR-MS";"DEL3/6";"UOP02/MS"
265579;2020-01-28;"terça-feira";"00:20:00";"BA";324;575,2;"SAO SEBASTIAO DO PASSE";"Falta de Atenção à Condução";"Saída de leito carroçável";"Com Vítimas Feridas";"Plena Noite";"Decrescente";"Céu Claro";"Dupla";"Reta";"Não";2;0;2;0;0;0;2;1;-12,57989;-38,53535;"SR-BA";"DEL10/1";"UOP01/BA"
265580;2020-01-28;"terça-feira";"05:00:00";"BA";242;832;"BARREIRAS";"Condutor Dormindo";"Saída de leito carroçável";"Com Vítimas Feridas";"Amanhecer";"Crescente";"Chuva";"Simples";"Reta";"Não";4;0;1;0;3;0;1;1;-12,12841;-45,13131;"SR-BA";"DEL10/10";"UOP01/BA"
265581;2020-01-28;"terça-feira";"04:25:00";"PR";373;236,7;"IMBITUVA";"Condutor Dormindo";"Colisão lateral";"Com Vítimas Fatais";"Amanhecer";"Crescente";"Céu Claro";"Simples";"Reta";"Não";24;1;1;1;21;0;2;3;-25,18059;-50,72521;"SR-PR";"DEL7/3";"UOP01/PR"
265582;2020-01-28;"terça-feira";"04:54:00";"SP";116;207,4;"GUARULHOS";"Falta de Atenção à Condução";"Colisão com objeto estático";"Com Vítimas Feridas";"Amanhecer";"Decrescente";"Céu Claro";"Dupla";"Reta";"Sim";1;0;1;0;0;0;1;1;-23,41972;-46,38419;"SR-SP";"DEL6/1";"UOP01/SP"
265583;2020-01-28;"terça-feira";"06:05:00";"SC";101;212,5;"PALHOCA";"Falta de Atenção à Condução";"Engavetamento";"Com Vítimas Feridas";"Amanhecer";"Decrescente";"Céu Claro";"Múltipla";"Reta";"Não";3;0;1;0;2;0;1;3;-27,62997;-48,65904;"SR-SC";"DEL8/1";"UOP02/SC"
265584;2020-01-28;"terça-feira";"03:30:00";"MS";60;109,6;"PARAISO DAS AGUAS";"Condutor Dormindo";"Saída de leito carroçável";"Com Vítimas Fatais";"Plena Noite";"Crescente";"Ignorado";"Simples";"Não Informado";"Não";3;1;0;2;0;0;2;1;-19,30616;-53,29788;"SR-MS";"DEL3/6";"UOP02/MS"
265585;2020-01-28;"terça-feira";"05:00:00";"PB";230;237;"JUAZEIRINHO";"Ingestão de Álcool";"Saída de leito carroçável";"Com Vítimas Feridas";"Amanhecer";"Crescente";"Sol";"Simples";"Curva";"Não";1;0;0;1;0;0;1;1;-7,0516;-36,5438;"SR-PB";"DEL14/2";"UOP02/PB"
265586;2020-01-28;"terça-feira";"06:00:00";"BA";116;688,1;"JEQUIE";"Avarias e/ou desgaste excessivo no pneu";"Colisão frontal";"Com Vítimas Feridas";"Amanhecer";"Decrescente";"Céu Claro";"Simples";"Desvio Temporário";"Não";2;0;1;0;1;0;1;2;-13,92076;-40,15667;"SR-BA";"DEL10/3";"UOP01/BA"
265587;2020-01-28;"terça-feira";"07:10:00";"MS";267;137,7;"NOVA ANDRADINA";"Condutor Dormindo";"Saída de leito carroçável";"Com Vítimas Feridas";"Amanhecer";"Decrescente";"Céu Claro";"Simples";"Reta";"Não";3;0;2;0;1;0;2;1;-21,69922;-53,36798;"SR-MS";"DEL2";"UOP03/MS"
265588;2020-01-28;"terça-feira";"06:30:00";"MS";163;477,9;"CAMPO GRANDE";"Falta de Atenção à Condução";"Colisão transversal";"Com Vítimas Feridas";"Pleno dia";"Decrescente";"Céu Claro";"Simples";"Reta";"Sim";2;0;0;1;1;0;1;2;-20,50428;-54,55557;"SR-MS";"DEL3/1";"UOP01/MS"
265589;2020-01-28;"terça-feira";"07:30:00";"MG";40;610,4;"CONGONHAS";"Desobediência às normas de trânsito pelo condutor";"Colisão frontal";"Com Vítimas Fatais";"Pleno dia";"Decrescente";"Céu Claro";"Simples";"Curva";"Não";3;1;1;1;0;0;2;2;-20,50198;-43,8384;"SR-MG";"DEL5";"UOP02/MG"
265591;2020-01-28;"terça-feira";"07:05:00";"SC";470;47,5;"BLUMENAU";"Falta de Atenção à Condução";"Queda de ocupante de veículo";"Com Vítimas Feridas";"Pleno dia";"Decrescente";"Nublado";"Simples";"Curva";"Sim";1;0;1;0;0;0;1;1;-26,86207;-49,05141;"SR-SC";"DEL8/4";"UOP01/SC"
265592;2020-01-28;"terça-feira";"07:20:00";"SP";116;221;"GUARULHOS";"Falta de Atenção à Condução";"Colisão lateral";"Com Vítimas Feridas";"Pleno dia";"Crescente";"Céu Claro";"Múltipla";"Reta";"Sim";2;0;1;0;1;0;1;2;-23,46802;-46,50705;"SR-SP";"DEL6/1";"UOP01/SP"
265594;2020-01-28;"terça-feira";"07:30:00";"PR";277;62;"SAO JOSE DOS PINHAIS";"Falta de Atenção à Condução";"Colisão traseira";"Com Vítimas Feridas";"Pleno dia";"Decrescente";"Céu Claro";"Dupla";"Reta";"Não";2;0;1;1;0;0;2;2;-25,56498;-49,00826;"SR-PR";"DEL7/1";"UOP06/PR"
265595;2020-01-28;"terça-feira";"07:30:00";"SP";101;48,9;"UBATUBA";"Falta de Atenção à Condução";"Colisão lateral";"Com Vítimas Feridas";"Pleno dia";"Crescente";"Sol";"Simples";"Reta";"Sim";2;0;1;0;1;0;1;2;-23,44411;-45,08376;"SR-SP";"DEL6";"UOP03/SP"
265596;2020-01-28;"terça-feira";"07:45:00";"RN";304;295,9;"MACAIBA";"Falta de Atenção à Condução";"Colisão transversal";"Sem Vítimas";"Pleno dia";"Crescente";"Céu Claro";"Simples";"Interseção de vias";"Sim";2;0;0;0;2;0;0;2;-5,866059;-35,35822;"SR-RN";"DEL15/1";"UOP02/RN"
265597;2020-01-28;"terça-feira";"07:35:00";"MG";262;77,7;"MATIPO";"Desobediência às normas de trânsito pelo condutor";"Colisão frontal";"Com Vítimas Feridas";"Pleno dia";"Decrescente";"Céu Claro";"Simples";"Curva";"Não";7;0;6;0;0;1;6;2;-20,33989;-42,35159;"SR-MG";"DEL4/3";"UOP03/MG"
265598;2020-01-28;"terça-feira";"07:58:00";"PR";476;140,5;"CURITIBA";"Falta de Atenção do Pedestre";"Atropelamento de Pedestre";"Com Vítimas Feridas";"Pleno dia";"Crescente";"Céu Claro";"Dupla";"Reta";"Sim";4;0;2;0;2;0;2;2;-25,52069;-49,29412;"SR-PR";"DEL7/1";"UOP03/PR"
265600;2020-01-27;"segunda-feira";"16:20:00";"BA";101;2;"RIO REAL";"Defeito na Via";"Saída de leito carroçável";"Com Vítimas Feridas";"Pleno dia";"Crescente";"Céu Claro";"Simples";"Reta";"Não";3;0;3;0;0;0;3;1;-11,55298;-37,86627;"SR-SE";"DEL20/2";"UOP03/SE"
265601;2020-01-28;"terça-feira";"07:30:00";"SP";116;138,8;"SAO JOSE DOS CAMPOS";"Não guardar distância de segurança";"Colisão traseira";"Com Vítimas Feridas";"Pleno dia";"Crescente";"Céu Claro";"Dupla";"Reta";"Sim";3;0;2;0;0;1;2;2;-23,15727;-45,79555;"SR-SP";"DEL6";"UOP01/SP"
265602;2020-01-27;"segunda-feira";"23:15:00";"BA";101;567;"ARATACA";"Velocidade Incompatível";"Tombamento";"Com Vítimas Fatais";"Plena Noite";"Decrescente";"Nublado";"Simples";"Curva";"Não";1;1;0;0;0;0;0;1;-15,2534;-39,4488;"SR-BA";"DEL10/5";"UOP02/BA"
265604;2020-01-28;"terça-feira";"08:25:00";"SE";235;6;"NOSSA SENHORA DO SOCORRO";"Não guardar distância de segurança";"Colisão traseira";"Com Vítimas Feridas";"Pleno dia";"Decrescente";"Nublado";"Dupla";"Viaduto";"Sim";3;0;1;0;2;0;1;2;-10,90301;-37,13156;"SR-SE";"DEL20/1";"UOP01/SE"
265605;2020-01-28;"terça-feira";"07:30:00";"RO";174;17,3;"VILHENA";"Desobediência às normas de trânsito pelo condutor";"Colisão traseira";"Com Vítimas Feridas";"Pleno dia";"Crescente";"Céu Claro";"Simples";"Reta";"Sim";3;0;1;0;1;1;1;2;-12,72332;-60,12801;"SR-RO";"DEL21/4";"UOP01/RO"
265606;2020-01-28;"terça-feira";"06:50:00";"RO";319;63;"PORTO VELHO";"Desobediência às normas de trânsito pelo condutor";"Colisão transversal";"Com Vítimas Feridas";"Pleno dia";"Crescente";"Garoa/Chuvisco";"Múltipla";"Interseção de vias";"Sim";2;0;0;1;1;0;1;2;-8,766685;-63,88405;"SR-RO";"DEL21/1";"UOP01/RO"
265607;2020-01-28;"terça-feira";"09:00:00";"PE";232;18;"JABOATAO DOS GUARARAPES";"Falta de Atenção à Condução";"Colisão lateral";"Com Vítimas Feridas";"Pleno dia";"Crescente";"Céu Claro";"Dupla";"Reta";"Não";2;0;1;0;1;0;1;2;-8,096964;-35,05448;"SR-PE";"DEL11/1";"UOP01/PE"
265608;2020-01-28;"terça-feira";"08:20:00";"PI";316;5;"TERESINA";"Falta de Atenção do Pedestre";"Colisão traseira";"Com Vítimas Feridas";"Pleno dia";"Crescente";"Sol";"Múltipla";"Reta";"Sim";4;0;1;0;3;0;1;4;-5,141699;-42,78157;"SR-PI";"DEL17/1";"UOP02/PI"
265609;2020-01-28;"terça-feira";"09:00:00";"BA";101;207;"GOVERNADOR MANGABEIRA";"Falta de Atenção à Condução";"Colisão traseira";"Com Vítimas Feridas";"Pleno dia";"Decrescente";"Céu Claro";"Simples";"Reta";"Sim";8;0;3;0;5;0;3;2;-12,59879;-39,04472;"SR-BA";"DEL10/1";"UOP03/BA"
265610;2020-01-28;"terça-feira";"08:10:00";"RN";304;283,1;"MACAIBA";"Não guardar distância de segurança";"Colisão traseira";"Com Vítimas Feridas";"Pleno dia";"Crescente";"Céu Claro";"Simples";"Reta";"Não";4;0;1;0;3;0;1;4;-5,887553;-35,48172;"SR-RN";"DEL15/1";"UOP02/RN"
265611;2020-01-28;"terça-feira";"09:10:00";"CE";222;4,9;"CAUCAIA";"Falta de Atenção à Condução";"Atropelamento de Pedestre";"Com Vítimas Feridas";"Pleno dia";"Decrescente";"Céu Claro";"Múltipla";"Reta";"Sim";3;0;2;0;1;0;2;2;-3,741648;-38,6045;"SR-CE";"DEL16/1";"UOP01/CE"
265613;2020-01-28;"terça-feira";"07:00:00";"RS";116;302;"GUAIBA";"Condutor Dormindo";"Colisão com objeto estático";"Com Vítimas Feridas";"Pleno dia";"Decrescente";"Céu Claro";"Simples";"Reta";"Sim";1;0;1;0;0;0;1;1;-30,1397;-51,35943;"SR-RS";"DEL9/2";"UOP01/RS"