"id";"data_inversa";"dia_semana";"horario";"uf";"br";"km";"municipio";"causa_acidente";"tipo_acidente";"classificacao_acidente";"fase_dia";"sentido_via";"condicao_metereologica";"tipo_pista";"tracado_via";"uso_solo";"pessoas";"mortos";"feridos_leves";"feridos_graves";"ilesos";"ignorados";"feridos";"veiculos";"latitude";"longitude";"regional";"delegacia";"uop"
265899;2020-01-29;"quarta-feira";"19:45:00";"ES";101;166;"LINHARES";"Ingestão de Álcool";"Colisão traseira";"Com Vítimas Feridas";"Plena Noite";"Crescente";"Céu Claro";"Simples";"Reta";"Sim";2;0;1;0;1;0;1;2;-19,52078;-40,14567;"SR-ES";"DEL12/4";"UOP01/ES"
265900;2020-01-29;"quarta-feira";"14:45:00";"SC";101;276,7;"IMBITUBA";"Falta de Atenção à Condução";"Tombamento";"Sem Vítimas";"Pleno dia";"Decrescente";"Nublado";"Dupla";"Reta";"Não";1;0;0;0;1;0;0;1;-28,14645;-48,69205;"SR-SC";"DEL8/2";"UOP03/SC"
265903;2020-01-29;"quarta-feira";"18:30:00";"SP";116;122,3;"CACAPAVA";"Defeito Mecânico no Veículo";"Tombamento";"Com Vítimas Feridas";"Plena Noite";"Crescente";"Céu Claro";"Dupla";"Reta";"Não";2;0;2;0;0;0;2;1;-23,08192;-45,66155;"SR-SP";"DEL6";"UOP01/SP"
265905;2020-01-29;"quarta-feira";"20:10:00";"RO";364;218,1;"PIMENTA BUENO";"Defeito Mecânico no Veículo";"Saída de leito carroçável";"Com Vítimas Feridas";"Plena Noite";"Crescente";"Céu Claro";"Simples";"Não Informado";"Não";1;0;1;0;0;0;1;1;-11,53984;-61,30596;"SR-RO";"DEL21/2";"UOP02/RO"
265906;2020-01-29;"quarta-feira";"19:40:00";"PE";408;98,9;"SAO LOURENCO DA MATA";"Agressão Externa";"Incêndio";"Sem Vítimas";"Plena Noite";"Decrescente";"Céu Claro";"Dupla";"Não Informado";"Não";1;0;0;0;0;1;0;1;-8,041651;-35,0241;"SR-PE";"DEL11/1";"UOP01/PE"
265907;2020-01-29;"quarta-feira";"20:00:00";"SP";381;68,1;"MAIRIPORA";"Velocidade Incompatível";"Colisão com objeto estático";"Com Vítimas Fatais";"Plena Noite";"Decrescente";"Céu Claro";"Dupla";"Não Informado";"Sim";7;2;0;4;1;0;4;4;-23,34348;-46,57293;"SR-SP";"DEL6/3";"UOP02/SP"
265908;2020-01-29;"quarta-feira";"18:33:00";"PR";476;129;"CURITIBA";"Pista Escorregadia";"Colisão traseira";"Com Vítimas Feridas";"Anoitecer";"Crescente";"Chuva";"Múltipla";"Desvio Temporário";"Sim";2;0;1;0;1;0;1;2;-25,44983;-49,23665;"SR-PR";"DEL7/1";"UOP06/PR"
265909;2020-01-29;"quarta-feira";"21:40:00";"BA";101;878;"TEIXEIRA DE FREITAS";"Falta de Atenção à Condução";"Colisão transversal";"Com Vítimas Feridas";"Plena Noite";"Crescente";"Céu Claro";"Simples";"Reta";"Não";3;0;0;1;1;1;1;2;-17,54519;-39,71839;"SR-BA";"DEL10/9";"UOP03/BA"
265910;2020-01-29;"quarta-feira";"20:30:00";"MG";50;89,2;"UBERLANDIA";"Falta de Atenção à Condução";"Colisão lateral";"Com Vítimas Feridas";"Plena Noite";"Decrescente";"Nublado";"Dupla";"Não Informado";"Não";2;0;1;0;1;0;1;2;-19,03998;-48,19939;"SR-MG";"DEL4/15";"UOP01/MG"
265912;2020-01-29;"quarta-feira";"16:20:00";"SP";116;569;"BARRA DO TURVO";"Falta de Atenção à Condução";"Colisão frontal";"Sem Vítimas";"Pleno dia";"Decrescente";"Garoa/Chuvisco";"Simples";"Retorno Regulamentado";"Sim";4;0;0;0;4;0;0;2;-24,9761;-48,38928;"SR-SP";"DEL6/5";"UOP03/SP"
265913;2020-01-29;"quarta-feira";"22:10:00";"PR";376;4,5;"APUCARANA";"Desobediência às normas de trânsito pelo condutor";"Colisão transversal";"Com Vítimas Feridas";"Plena Noite";"Crescente";"Céu Claro";"Simples";"Interseção de vias";"Sim";3;0;1;0;0;2;1;2;-23,5513;-51,46127;"SR-PR";"DEL7/7";"UOP03/PR"
265914;2020-01-29;"quarta-feira";"21:25:00";"MG";116;706;"MURIAE";"Falta de Atenção à Condução";"Colisão transversal";"Com Vítimas Feridas";"Plena Noite";"Crescente";"Céu Claro";"Simples";"Reta";"Sim";2;0;1;0;1;0;1;2;-21,14705;-42,38152;"SR-MG";"DEL4/7";"UOP02/MG"
265915;2020-01-29;"quarta-feira";"22:00:00";"MG";262;355;"BETIM";"Mal Súbito";"Saída de leito carroçável";"Com Vítimas Feridas";"Plena Noite";"Crescente";"Nublado";"Dupla";"Não Informado";"Não";1;0;1;0;0;0;1;1;-19,96467;-44,17285;"SR-MG";"DEL4/1";"UOP03/MG"
265916;2020-01-29;"quarta-feira";"20:30:00";"SC";101;309,9;"LAGUNA";"Objeto estático sobre o leito carroçável";"Tombamento";"Com Vítimas Feridas";"Plena Noite";"Decrescente";"Nublado";"Dupla";"Reta";"Sim";1;0;1;0;0;0;1;1;-28,42586;-48,80081;"SR-SC";"DEL8/2";"UOP01/SC"
265917;2020-01-29;"quarta-feira";"21:30:00";"BA";407;105,3;"JAGUARARI";"Defeito Mecânico no Veículo";"Saída de leito carroçável";"Com Vítimas Feridas";"Plena Noite";"Crescente";"Céu Claro";"Simples";"Reta";"Não";2;0;2;0;0;0;2;1;-10,27224;-40,17748;"SR-BA";"DEL10/4";"UOP01/BA"
265918;2020-01-29;"quarta-feira";"22:50:00";"PR";277;729,5;"FOZ DO IGUACU";"Velocidade Incompatível";"Saída de leito carroçável";"Com Vítimas Feridas";"Plena Noite";"Crescente";"Céu Claro";"Simples";"Não Informado";"Sim";2;0;1;0;1;0;1;1;-25,5075;-54,5838;"SR-PR";"DEL7/5";"UOP03/PR"
265919;2020-01-29;"quarta-feira";"23:35:00";"SC";280;239;"CANOINHAS";"Animais na Pista";"Queda de ocupante de veículo";"Com Vítimas Feridas";"Plena Noite";"Crescente";"Céu Claro";"Simples";"Reta";"Não";1;0;1;0;0;0;1;1;-26,20971;-50,44782;"SR-SC";"DEL8/6";"UOP04/SC"
265920;2020-01-29;"quarta-feira";"20:00:00";"PE";110;237,7;"TACARATU";"Defeito Mecânico no Veículo";"Tombamento";"Com Vítimas Feridas";"Plena Noite";"Crescente";"Ignorado";"Simples";"Reta";"Não";3;0;2;1;0;0;3;1;-9,048038;-38,2493;"SR-BA";"DEL10/7";"UOP01/BA"
265921;2020-01-29;"quarta-feira";"20:40:00";"SC";116;59,8;"PAPANDUVA";"Falta de Atenção à Condução";"Colisão transversal";"Com Vítimas Feridas";"Plena Noite";"Decrescente";"Céu Claro";"Simples";"Interseção de vias";"Não";2;0;0;1;1;0;1;2;-26,37933;-50,20775;"SR-SC";"DEL8/6";"UOP02/SC"
265922;2020-01-29;"quarta-feira";"22:20:00";"SC";101;139,8;"BALNEARIO CAMBORIU";"Falta de Atenção à Condução";"Colisão traseira";"Com Vítimas Feridas";"Plena Noite";"Crescente";"Céu Claro";"Múltipla";"Não Informado";"Não";2;0;1;0;1;0;1;2;-27,02982;-48,60115;"SR-SC";"DEL8/4";"UOP03/SC"
265923;2020-01-29;"quarta-feira";"22:50:00";"SC";101;144;"ITAPEMA";"Falta de Atenção à Condução";"Colisão frontal";"Com Vítimas Feridas";"Plena Noite";"Decrescente";"Nublado";"Dupla";"Reta";"Não";2;0;2;0;0;0;2;2;-27,07327;-48,59673;"SR-SC";"DEL8/4";"UOP03/SC"
265924;2020-01-29;"quarta-feira";"23:30:00";"SC";101;132;"BALNEARIO CAMBORIU";"Desobediência às normas de trânsito pelo condutor";"Colisão transversal";"Com Vítimas Feridas";"Plena Noite";"Crescente";"Céu Claro";"Simples";"Interseção de vias";"Sim";1;0;1;0;0;0;1;1;-26,99654;-48,65565;"SR-SC";"DEL8/4";"UOP03/SC"
265925;2020-01-29;"quarta-feira";"23:50:00";"GO";60;65,5;"ABADIANIA";"Falta de Atenção à Condução";"Colisão traseira";"Com Vítimas Feridas";"Plena Noite";"Decrescente";"Chuva";"Dupla";"Reta";"Não";3;0;1;1;0;1;2;2;-16,2058;-48,7409;"SR-GO";"DEL1/2";"UOP01/GO"
265927;2020-01-30;"quinta-feira";"00:00:00";"ES";101;293;"CARIACICA";"Velocidade Incompatível";"Tombamento";"Com Vítimas Feridas";"Plena Noite";"Decrescente";"Céu Claro";"Dupla";"Reta";"Não";1;0;0;1;0;0;1;1;-20,31526;-40,39567;"SR-ES";"DEL12/1";"UOP01/ES"
265928;2020-01-29;"quarta-feira";"23:10:00";"MG";146;457,9;"MUZAMBINHO";"Condutor Dormindo";"Saída de leito carroçável";"Com Vítimas Feridas";"Plena Noite";"Decrescente";"Nublado";"Simples";"Reta";"Não";1;0;1;0;0;0;1;1;-21,37535;-46,45551;"SR-MG";"PM/MG";""
265929;2020-01-30;"quinta-feira";"02:00:00";"GO";153;108;"SANTA TEREZA DE GOIAS";"Falta de Atenção do Pedestre";"Atropelamento de Pedestre";"Com Vítimas Fatais";"Plena Noite";"Crescente";"Céu Claro";"Simples";"Não Informado";"Não";2;1;0;0;0;1;0;1;-13,71887;-49,02119;"SR-GO";"DEL1/7";"UOP01/GO"
265930;2020-01-30;"quinta-feira";"02:00:00";"SP";116;512,5;"CAJATI";"Condutor Dormindo";"Tombamento";"Com Vítimas Fatais";"Plena Noite";"Decrescente";"Nevoeiro/Neblina";"Dupla";"Curva";"Não";1;1;0;0;0;0;0;1;-24,8511;-48,21802;"SR-SP";"DEL6/5";"UOP03/SP"
265931;2020-01-29;"quarta-feira";"15:20:00";"RO";364;329;"PRESIDENTE MEDICI";"Defeito Mecânico no Veículo";"Colisão traseira";"Sem Vítimas";"Pleno dia";"Decrescente";"Céu Claro";"Simples";"Reta";"Não";3;0;0;0;3;0;0;3;-10,99369;-61,91698;"SR-RO";"DEL21/2";"UOP01/RO"
265932;2020-01-29;"quarta-feira";"17:30:00";"RO";364;326,3;"PRESIDENTE MEDICI";"Não guardar distância de segurança";"Engavetamento";"Com Vítimas Feridas";"Pleno dia";"Crescente";"Céu Claro";"Simples";"Reta";"Não";4;0;2;0;2;0;2;3;-11,01735;-61,92776;"SR-RO";"DEL21/2";"UOP01/RO"
265934;2020-01-30;"quinta-feira";"01:45:00";"RS";285;472,7;"CORONEL BARROS";"Velocidade Incompatível";"Saída de leito carroçável";"Com Vítimas Feridas";"Plena Noite";"Decrescente";"Garoa/Chuvisco";"Simples";"Desvio Temporário";"Não";1;0;1;0;0;0;1;1;-28,38377;-54,03355;"SR-RS";"DEL9/10";"UOP01/RS"
265935;2020-01-30;"quinta-feira";"02:30:00";"AL";101;160;"CAMPO ALEGRE";"Falta de Atenção do Pedestre";"Atropelamento de Pedestre";"Com Vítimas Fatais";"Amanhecer";"Decrescente";"Chuva";"Dupla";"Curva";"Sim";2;1;0;0;0;1;0;1;-9,9019;-36,23755;"SR-AL";"DEL13/2";"UOP02/AL"
265936;2020-01-30;"quinta-feira";"00:50:00";"PE";101;103,5;"CABO DE SANTO AGOSTINHO";"Velocidade Incompatível";"Saída de leito carroçável";"Com Vítimas Fatais";"Plena Noite";"Decrescente";"Céu Claro";"Simples";"Reta";"Não";2;1;1;0;0;0;1;1;-8,294733;-35,05566;"SR-PE";"DEL11/1";"UOP03/PE"
265937;2020-01-30;"quinta-feira";"01:40:00";"RS";386;299,7;"POUSO NOVO";"Condutor Dormindo";"Saída de leito carroçável";"Com Vítimas Feridas";"Plena Noite";"Crescente";"Céu Claro";"Simples";"Não Informado";"Não";2;0;1;0;1;0;1;1;-29,15235;-52,23055;"SR-RS";"DEL9/4";"UOP01/RS"
265938;2020-01-29;"quarta-feira";"20:30:00";"ES";101;293;"CARIACICA";"Ingestão de Álcool";"Queda de ocupante de veículo";"Com Vítimas Feridas";"Plena Noite";"Decrescente";"Céu Claro";"Dupla";"Reta";"Sim";1;0;1;0;0;0;1;1;-20,31526;-40,39567;"SR-ES";"DEL12/1";"UOP01/ES"
265939;2020-01-30;"quinta-feira";"04:00:00";"BA";101;881;"TEIXEIRA DE FREITAS";"Falta de Atenção à Condução";"Engavetamento";"Com Vítimas Feridas";"Plena Noite";"Crescente";"Céu Claro";"Simples";"Reta";"Não";4;0;1;0;3;0;1;3;-17,57395;-39,73451;"SR-BA";"DEL10/9";"UOP03/BA"
265941;2020-01-30;"quinta-feira";"04:20:00";"PE";101;76,5;"RECIFE";"Animais na Pista";"Atropelamento de Animal";"Com Vítimas Feridas";"Pleno dia";"Crescente";"Sol";"Dupla";"Reta";"Sim";2;0;2;0;0;0;2;1;-8,118138;-34,94329;"SR-PE";"DEL11/1";"UOP01/PE"
265942;2020-01-30;"quinta-feira";"04:55:00";"CE";20;362,9;"MARANGUAPE";"Animais na Pista";"Atropelamento de Animal";"Sem Vítimas";"Plena Noite";"Crescente";"Céu Claro";"Simples";"Reta";"Não";1;0;0;0;1;0;0;1;-4,011949;-38,9751;"SR-CE";"DEL16/2";"UOP01/CE"
265943;2020-01-30;"quinta-feira";"03:50:00";"RJ";40;124;"RIO DE JANEIRO";"Objeto estático sobre o leito carroçável";"Colisão com objeto estático";"Com Vítimas Feridas";"Plena Noite";"Crescente";"Nublado";"Dupla";"Curva";"Não";4;0;2;0;2;0;2;2;-22,81416;-43,28871;"SR-RJ";"DEL5/1";"UOP02/RJ"
265944;2020-01-30;"quinta-feira";"05:25:00";"SC";101;195;"BIGUACU";"Não guardar distância de segurança";"Colisão traseira";"Com Vítimas Feridas";"Plena Noite";"Decrescente";"Céu Claro";"Múltipla";"Reta";"Sim";4;0;1;0;3;0;1;4;-27,50471;-48,65011;"SR-SC";"DEL8/1";"UOP01/SC"
265945;2020-01-30;"quinta-feira";"05:40:00";"RS";116;258;"ESTEIO";"Falta de Atenção à Condução";"Colisão transversal";"Com Vítimas Feridas";"Amanhecer";"Crescente";"Nublado";"Simples";"Interseção de vias";"Sim";3;0;2;0;1;0;2;2;-29,86151;-51,18092;"SR-RS";"DEL9/1";"UOP02/RS"
265946;2020-01-30;"quinta-feira";"06:10:00";"MG";116;698,9;"MURIAE";"Velocidade Incompatível";"Tombamento";"Com Vítimas Feridas";"Pleno dia";"Crescente";"Céu Claro";"Simples";"Não Informado";"Não";2;0;0;1;0;1;1;1;-21,07868;-42,37234;"SR-MG";"DEL4/7";"UOP02/MG"
265947;2020-01-30;"quinta-feira";"06:00:00";"SC";101;96,8;"BARRA VELHA";"Falta de Atenção à Condução";"Saída de leito carroçável";"Com Vítimas Feridas";"Pleno dia";"Crescente";"Nublado";"Dupla";"Curva";"Não";2;0;1;0;1;0;1;2;-26,71843;-48,70233;"SR-SC";"DEL8/3";"UOP02/SC"
265948;2020-01-30;"quinta-feira";"05:40:00";"PE";232;388;"SERRA TALHADA";"Falta de Atenção do Pedestre";"Atropelamento de Pedestre";"Com Vítimas Feridas";"Amanhecer";"Crescente";"Céu Claro";"Simples";"Reta";"Sim";2;0;0;1;0;1;1;1;-8,032396;-38,12053;"SR-PE";"DEL11/4";"UOP01/PE"
265949;2020-01-30;"quinta-feira";"05:20:00";"PR";277;80,9;"CURITIBA";"Falta de Atenção à Condução";"Saída de leito carroçável";"Com Vítimas Feridas";"Amanhecer";"Crescente";"Nublado";"Dupla";"Reta";"Sim";1;0;0;1;0;0;1;1;-25,46488;-49,21654;"SR-PR";"DEL7/1";"UOP04/PR"
265950;2020-01-30;"quinta-feira";"06:00:00";"RS";116;335;"BARRA DO RIBEIRO";"Falta de Atenção à Condução";"Tombamento";"Com Vítimas Feridas";"Amanhecer";"Decrescente";"Céu Claro";"Simples";"Reta";"Não";1;0;1;0;0;0;1;1;-30,41653;-51,46134;"SR-RS";"DEL9/2";"UOP02/RS"
265951;2020-01-30;"quinta-feira";"06:10:00";"RJ";116;307,9;"RESENDE";"Falta de Atenção à Condução";"Colisão lateral";"Com Vítimas Feridas";"Amanhecer";"Crescente";"Nublado";"Dupla";"Reta";"Sim";2;0;0;1;1;0;1;2;-22,45713;-44,41064;"SR-RJ";"DEL5/7";"UOP02/RJ"
265952;2020-01-30;"quinta-feira";"06:50:00";"PE";101;65,6;"RECIFE";"Não guardar distância de segurança";"Colisão traseira";"Com Vítimas Feridas";"Pleno dia";"Decrescente";"Sol";"Dupla";"Reta";"Sim";2;0;0;1;1;0;1;2;-8,024786;-34,94277;"SR-PE";"DEL11/1";"UOP01/PE"
265953;2020-01-30;"quinta-feira";"06:15:00";"SC";282;512,6;"XANXERE";"Velocidade Incompatível";"Saída de leito carroçável";"Com Vítimas Feridas";"Amanhecer";"Crescente";"Chuva";"Simples";"Reta";"Não";1;0;1;0;0;0;1;1;-26,91019;-52,4712;"SR-SC";"DEL7";"UOP01/SC"
265954;2020-01-30;"quinta-feira";"07:00:00";"RS";470;175;"VERANOPOLIS";"Falta de Atenção à Condução";"Colisão transversal";"Com Vítimas Feridas";"Pleno dia";"Crescente";"Céu Claro";"Simples";"Curva";"Sim";2;0;2;0;0;0;2;2;-28,91926;-51,53915;"SR-RS";"DEL9/6";"UOP02/RS"
265956;2020-01-30;"quinta-feira";"04:15:00";"SC";101;129;"BALNEARIO CAMBORIU";"Defeito Mecânico no Veículo";"Saída de leito carroçável";"Com Vítimas Feridas";"Plena Noite";"Decrescente";"Céu Claro";"Dupla";"Curva";"Sim";1;0;1;0;0;0;1;1;-26,98064;-48,67907;"SR-SC";"DEL8/4";"UOP03/SC"
265958;2020-01-30;"quinta-feira";"07:00:00";"CE";116;5,3;"FORTALEZA";"Falta de Atenção à Condução";"Colisão lateral";"Sem Vítimas";"Pleno dia";"Decrescente";"Nublado";"Múltipla";"Reta";"Sim";2;0;0;0;2;0;0;2;-3,795685;-38,50703;"SR-CE";"DEL16/1";"UOP02/CE"
265959;2020-01-30;"quinta-feira";"06:25:00";"DF";70;19;"BRASILIA";"Não guardar distância de segurança";"Tombamento";"Com Vítimas Feridas";"Pleno dia";"Decrescente";"Nublado";"Dupla";"Reta";"Não";2;0;0;1;1;0;1;1;-15,78887;-48,22024;"SR-DF";"UOP06/DF";""
265960;2020-01-30;"quinta-feira";"06:20:00";"DF";70;18,3;"BRASILIA";"Desobediência às normas de trânsito pelo condutor";"Tombamento";"Com Vítimas Feridas";"Amanhecer";"Decrescente";"Nevoeiro/Neblina";"Dupla";"Reta";"Sim";1;0;0;1;0;0;1;1;-15,79109;-48,21096;"SR-DF";"UOP06/DF";""
265961;2020-01-30;"quinta-feira";"07:30:00";"CE";222;2,6;"CAUCAIA";"Animais na Pista";"Colisão traseira";"Com Vítimas Feridas";"Pleno dia";"Crescente";"Nublado";"Dupla";"Reta";"Sim";4;0;0;2;2;0;2;3;-3,739111;-38,58687;"SR-CE";"DEL16/1";"UOP01/CE"
265962;2020-01-30;"quinta-feira";"08:00:00";"MG";381;884;"CAMBUI";"Falta de Atenção à Condução";"Colisão traseira";"Com Vítimas Feridas";"Pleno dia";"Crescente";"Nublado";"Dupla";"Reta";"Não";3;0;1;0;2;0;1;2;-22,53552;-46,03551;"SR-MG";"DEL09";"UOP01/MG"
265963;2020-01-30;"quinta-feira";"07:50:00";"GO";251;32;"CRISTALINA";"Falta de Atenção à Condução";"Colisão frontal";"Com Vítimas Feridas";"Pleno dia";"Crescente";"Céu Claro";"Simples";"Reta";"Não";2;0;1;0;1;0;1;2;-16,06678;-47,53167;"SR-DF";"UOP01/DF";""
265964;2020-01-30;"quinta-feira";"07:20:00";"RJ";101;55,7;"CAMPOS DOS GOYTACAZES";"Não guardar distância de segurança";"Colisão traseira";"Com Vítimas Feridas";"Pleno dia";"Crescente";"Céu Claro";"Simples";"Reta";"Sim";2;0;1;0;1;0;1;2;-21,67827;-41,3108;"SR-RJ";"DEL5/8";"UOP01/RJ"
265965;2020-01-30;"quinta-feira";"07:30:00";"PR";277;573,7;"CASCAVEL";"Falta de Atenção à Condução";"Colisão transversal";"Com Vítimas Feridas";"Pleno dia";"Decrescente";"Nublado";"Simples";"Reta";"Não";2;0;1;0;1;0;1;2;-24,99848;-53,29667;"SR-PR";"DEL7/4";"UOP01/PR"
265966;2020-01-30;"quinta-feira";"08:10:00";"RN";101;98;"NATAL";"Falta de Atenção à Condução";"Colisão traseira";"Sem Vítimas";"Pleno dia";"Decrescente";"Céu Claro";"Múltipla";"Reta";"Sim";2;0;0;0;1;1;0;2;-5,865679;-35,21652;"SR-RN";"DEL15/1";"UOP01/RN"
265968;2020-01-30;"quinta-feira";"07:30:00";"RS";386;391;"TRIUNFO";"Desobediência às normas de trânsito pelo condutor";"Colisão transversal";"Com Vítimas Feridas";"Pleno dia";"Decrescente";"Céu Claro";"Dupla";"Rotatória";"Não";3;0;1;0;2;0;1;2;-29,7029;-51,66587;"SR-RS";"DEL9/4";"UOP02/RS"
265970;2020-01-30;"quinta-feira";"08:50:00";"PR";376;386,3;"IMBAU";"Velocidade Incompatível";"Queda de ocupante de veículo";"Com Vítimas Feridas";"Pleno dia";"Crescente";"Chuva";"Dupla";"Reta";"Sim";2;0;2;0;0;0;2;1;-24,44939;-50,75953;"SR-PR";"DEL7/3";"UOP05/PR"
265971;2020-01-30;"quinta-feira";"06:26:00";"DF";70;19;"BRASILIA";"Não guardar distância de segurança";"Colisão traseira";"Sem Vítimas";"Pleno dia";"Decrescente";"Nublado";"Dupla";"Reta";"Não";2;0;0;0;1;1;0;2;-15,78887;-48,22024;"SR-DF";"UOP06/DF";""
265972;2020-01-30;"quinta-feira";"07:20:00";"RS";116;398,8;"CAMAQUA";"Não guardar distância de segurança";"Colisão traseira";"Com Vítimas Feridas";"Pleno dia";"Decrescente";"Nublado";"Simples";"Reta";"Não";4;0;1;0;3;0;1;2;-30,86173;-51,79226;"SR-RS";"DEL9/2";"UOP02/RS"
265973;2020-01-30;"quinta-feira";"09:30:00";"GO";60;83;"ANAPOLIS";"Agressão Externa";"Saída de leito carroçável";"Com Vítimas Feridas";"Pleno dia";"Crescente";"Céu Claro";"Dupla";"Reta";"Não";4;0;4;0;0;0;4;1;-16,3149;-48,846;"SR-GO";"DEL1/2";"UOP01/GO"
265974;2020-01-02;"quinta-feira";"13:30:00";"MG";116;638;"DIVINO";"Falta de Atenção à Condução";"Colisão transversal";"Com Vítimas Feridas";"Pleno dia";"Decrescente";"Ignorado";"Simples";"Reta";"Não";2;0;1;0;0;1;1;2;-20,63865;-42,23648;"SR-MG";"DEL4/7";"UOP03/MG"
265975;2020-01-30;"quinta-feira";"09:00:00";"SC";470;66,8;"INDAIAL";"Ultrapassagem Indevida";"Colisão lateral";"Com Vítimas Feridas";"Pleno dia";"Decrescente";"Céu Claro";"Simples";"Reta";"Sim";4;0;1;1;2;0;2;4;-26,87041;-49,22184;"SR-SC";"DEL8/4";"UOP01/SC"
265976;2020-01-30;"quinta-feira";"08:00:00";"SC";470;70;"INDAIAL";"Falta de Atenção à Condução";"Queda de ocupante de veículo";"Com Vítimas Feridas";"Pleno dia";"Crescente";"Céu Claro";"Simples";"Reta";"Não";1;0;1;0;0;0;1;1;-26,88937;-49,25448;"SR-SC";"DEL8/4";"UOP01/SC"
265978;2020-01-30;"quinta-feira";"10:00:00";"MG";40;529;"CONTAGEM";"Falta de Atenção à Condução";"Engavetamento";"Sem Vítimas";"Pleno dia";"Crescente";"Nublado";"Dupla";"Curva";"Sim";6;0;0;0;5;1;0;3;-19,91636;-44,03967;"SR-MG";"DEL4/1";"UOP02/MG"
265981;2020-01-30;"quinta-feira";"11:45:00";"SC";101;211,5;"PALHOCA";"Falta de Atenção à Condução";"Colisão lateral";"Com Vítimas Feridas";"Pleno dia";"Crescente";"Céu Claro";"Dupla";"Reta";"Sim";2;0;1;0;1;0;1;2;-27,62329;-48,65246;"SR-SC";"DEL8/1";"UOP02/SC"
265982;2020-01-30;"quinta-feira";"11:00:00";"PR";277;355,6;"GUARAPUAVA";"Velocidade Incompatível";"Saída de leito carroçável";"Com Vítimas Feridas";"Pleno dia";"Decrescente";"Chuva";"Dupla";"Reta";"Não";1;0;1;0;0;0;1;1;-25,41635;-51,56863;"SR-PR";"DEL7/3";"UOP02/PR"
265983;2020-01-30;"quinta-feira";"10:40:00";"MT";70;517,9;"VARZEA GRANDE";"Desobediência às normas de trânsito pelo condutor";"Colisão transversal";"Com Vítimas Feridas";"Pleno dia";"Crescente";"Céu Claro";"Simples";"Retorno Regulamentado";"Sim";4;0;2;1;1;0;3;2;-15,70634;-56,13018;"SR-MT";"DEL2/4";"UOP02/MT"
265984;2020-01-30;"quinta-feira";"11:30:00";"RJ";116;294,4;"BARRA MANSA";"Não guardar distância de segurança";"Colisão lateral";"Com Vítimas Feridas";"Pleno dia";"Decrescente";"Sol";"Dupla";"Reta";"Não";3;0;1;0;2;0;1;3;-22,45429;-44,30084;"SR-RJ";"DEL5/7";"UOP02/RJ"
265985;2020-01-30;"quinta-feira";"11:10:00";"BA";101;525,5;"BUERAREMA";"Falta de Atenção do Pedestre";"Atropelamento de Pedestre";"Com Vítimas Feridas";"Pleno dia";"Crescente";"Céu Claro";"Simples";"Reta";"Não";2;0;0;1;1;0;1;1;-14,95109;-39,30462;"SR-BA";"DEL10/5";"UOP01/BA"
265986;2020-01-30;"quinta-feira";"11:45:00";"RN";101;94;"NATAL";"Falta de Atenção à Condução";"Colisão lateral";"Com Vítimas Feridas";"Pleno dia";"Crescente";"Céu Claro";"Dupla";"Reta";"Sim";1;0;1;0;0;0;1;1;-5,831766;-35,21191;"SR-RN";"DEL15/1";"UOP01/RN"
265987;2020-01-30;"quinta-feira";"09:00:00";"MG";262;36,1;"MANHUACU";"Falta de Atenção à Condução";"Colisão transversal";"Com Vítimas Feridas";"Pleno dia";"Crescente";"Nublado";"Simples";"Reta";"Sim";2;0;1;0;1;0;1;2;-20,25926;-42,01698;"SR-MG";"DEL4/6";"UOP04/MG"
265989;2020-01-30;"quinta-feira";"10:20:00";"SC";101;52,9;"JOINVILLE";"Objeto estático sobre o leito carroçável";"Capotamento";"Com Vítimas Feridas";"Pleno dia";"Crescente";"Céu Claro";"Dupla";"Reta";"Não";2;0;1;0;0;1;1;2;-26,39112;-48,83984;"SR-SC";"DEL8/3";"UOP01/SC"
265990;2020-01-30;"quinta-feira";"07:30:00";"PE";232;372;"FLORES";"Falta de Atenção à Condução";"Colisão lateral";"Com Vítimas Feridas";"Pleno dia";"Decrescente";"Céu Claro";"Simples";"Reta";"Não";7;0;1;0;6;0;1;4;-8,028153;-37,98335;"SR-PE";"DEL11/4";"UOP01/PE"
265994;2020-01-30;"quinta-feira";"08:40:00";"SC";480;128,6;"CHAPECO";"Falta de Atenção à Condução";"Colisão lateral";"Com Vítimas Feridas";"Pleno dia";"Decrescente";"Chuva";"Dupla";"Curva";"Sim";4;0;3;0;1;0;3;2;-27,03782;-52,63433;"SR-SC";"DEL7";"UOP01/SC"
265996;2020-01-30;"quinta-feira";"11:37:00";"MG";40;552;"NOVA LIMA";"Desobediência às normas de trânsito pelo condutor";"Colisão transversal";"Com Vítimas Feridas";"Pleno dia";"Decrescente";"Nublado";"Simples";"Reta";"Sim";2;0;0;1;1;0;1;2;-20,06084;-43,97716;"SR-MG";"DEL4/1";"UOP02/MG"
265998;2020-01-30;"quinta-feira";"11:50:00";"BA";101;718;"EUNAPOLIS";"Defeito Mecânico no Veículo";"Incêndio";"Sem Vítimas";"Pleno dia";"Crescente";"Sol";"Múltipla";"Reta";"Sim";1;0;0;0;1;0;0;1;-16,37247;-39,58149;"SR-BA";"DEL10/9";"UOP01/BA"
265999;2020-01-30;"quinta-feira";"11:50:00";"RJ";493;1;"ITABORAI";"Falta de Atenção à Condução";"Colisão transversal";"Com Vítimas Feridas";"Pleno dia";"Crescente";"Céu Claro";"Simples";"Reta";"Sim";4;0;3;0;0;1;3;2;-22,76399;-42,92732;"SR-RJ";"DEL5/2";"UOP01/RJ"