"id";"data_inversa";"dia_semana";"horario";"uf";"br";"km";"municipio";"causa_acidente";"tipo_acidente";"classificacao_acidente";"fase_dia";"sentido_via";"condicao_metereologica";"tipo_pista";"tracado_via";"uso_solo";"pessoas";"mortos";"feridos_leves";"feridos_graves";"ilesos";"ignorados";"feridos";"veiculos";"latitude";"longitude";"regional";"delegacia";"uop"
266000;2020-01-30;"quinta-feira";"12:40:00";"MT";163;118;"RONDONOPOLIS";"Desobediência às normas de trânsito pelo condutor";"Colisão traseira";"Com Vítimas Feridas";"Pleno dia";"Crescente";"Céu Claro";"Dupla";"Reta";"Sim";3;0;0;1;2;0;1;2;-16,51361;-54,6552;"SR-MT";"DEL2/2";"UOP01/MT"
266001;2020-01-30;"quinta-feira";"13:45:00";"ES";101;415;"ITAPEMIRIM";"Mal Súbito";"Colisão lateral";"Com Vítimas Feridas";"Pleno dia";"Crescente";"Céu Claro";"Simples";"Reta";"Não";3;0;0;1;2;0;1;3;-20,93223;-41,07927;"SR-ES";"DEL12/3";"UOP02/ES"
266002;2020-01-30;"quinta-feira";"12:40:00";"MT";364;203;"RONDONOPOLIS";"Ingestão de Álcool";"Queda de ocupante de veículo";"Com Vítimas Feridas";"Pleno dia";"Crescente";"Céu Claro";"Dupla";"Reta";"Sim";1;0;1;0;0;0;1;1;-16,47014;-54,65499;"SR-MT";"DEL2/2";"UOP01/MT"
266004;2020-01-30;"quinta-feira";"13:30:00";"MG";40;766,5;"JUIZ DE FORA";"Defeito Mecânico no Veículo";"Incêndio";"Sem Vítimas";"Pleno dia";"Crescente";"Céu Claro";"Simples";"Reta";"Não";1;0;0;0;1;0;0;1;-21,56884;-43,47868;"SR-MG";"DEL5";"UOP01/MG"
266005;2020-01-30;"quinta-feira";"13:20:00";"DF";80;9;"BRASILIA";"Carga excessiva e/ou mal acondicionada";"Derramamento de carga";"Sem Vítimas";"Pleno dia";"Crescente";"Céu Claro";"Simples";"Não Informado";"Não";1;0;0;0;1;0;0;1;-15,67064;-48,13625;"SR-DF";"UOP06/DF";""
266006;2020-01-12;"domingo";"17:50:00";"RN";304;26;"MOSSORO";"Falta de Atenção à Condução";"Engavetamento";"Com Vítimas Feridas";"Plena Noite";"Crescente";"Céu Claro";"Simples";"Reta";"Não";7;0;0;1;6;0;1;6;-5,08165;-37,33349;"SR-RN";"DEL15/4";"UOP02/RN"
266008;2020-01-30;"quinta-feira";"14:40:00";"ES";262;111,6;"VENDA NOVA DO IMIGRANTE";"Falta de Atenção à Condução";"Colisão traseira";"Com Vítimas Feridas";"Pleno dia";"Crescente";"Céu Claro";"Simples";"Reta";"Não";6;0;5;0;1;0;5;2;-20,33711;-41,19043;"SR-ES";"DEL12/1";"UOP02/ES"
266009;2020-01-30;"quinta-feira";"13:00:00";"RS";290;457,4;"ROSARIO DO SUL";"Falta de Atenção à Condução";"Saída de leito carroçável";"Com Vítimas Feridas";"Pleno dia";"Decrescente";"Céu Claro";"Simples";"Curva";"Não";2;0;1;0;0;1;1;1;-30,22905;-54,68589;"SR-RS";"DEL9/11";"UOP02/RS"
266010;2020-01-30;"quinta-feira";"12:58:00";"MG";116;276,1;"TEOFILO OTONI";"Falta de Atenção à Condução";"Colisão lateral";"Com Vítimas Feridas";"Pleno dia";"Decrescente";"Céu Claro";"Simples";"Rotatória";"Sim";2;0;1;0;1;0;1;2;-17,85106;-41,51454;"SR-MG";"DEL4/11";"UOP01/MG"
266011;2020-01-30;"quinta-feira";"08:15:00";"MT";174;567;"COMODORO";"Falta de Atenção à Condução";"Saída de leito carroçável";"Sem Vítimas";"Pleno dia";"Crescente";"Céu Claro";"Simples";"Reta";"Não";1;0;0;0;1;0;0;1;-13,02835;-59,91864;"SR-RO";"DEL21/4";"UOP01/RO"
266012;2020-01-02;"quinta-feira";"08:00:00";"BA";116;80;"CHORROCHO";"Falta de Atenção à Condução";"Capotamento";"Com Vítimas Feridas";"Pleno dia";"Crescente";"Ignorado";"Simples";"Reta";"Não";3;0;3;0;0;0;3;1;-9,00597;-39,18801;"SR-BA";"DEL10/7";"UOP01/BA"
266013;2020-01-06;"segunda-feira";"10:30:00";"ES";262;0,5;"CARIACICA";"Falta de Atenção à Condução";"Colisão traseira";"Com Vítimas Feridas";"Pleno dia";"Decrescente";"Céu Claro";"Dupla";"Ponte";"Não";2;0;1;0;1;0;1;2;-20,32079;-40,35332;"SR-ES";"DEL12/1";"UOP01/ES"
266014;2020-01-30;"quinta-feira";"14:35:00";"SE";101;119;"ITAPORANGA DAJUDA";"Animais na Pista";"Colisão com objeto estático";"Com Vítimas Feridas";"Pleno dia";"Decrescente";"Céu Claro";"Dupla";"Curva";"Não";1;0;1;0;0;0;1;1;-11,03023;-37,33192;"SR-SE";"DEL20/2";"UOP01/SE"
266015;2020-01-30;"quinta-feira";"15:20:00";"SC";101;181;"BIGUACU";"Falta de Atenção à Condução";"Colisão traseira";"Com Vítimas Feridas";"Pleno dia";"Decrescente";"Céu Claro";"Dupla";"Reta";"Sim";2;0;1;0;1;0;1;2;-27,38959;-48,63198;"SR-SC";"DEL8/1";"UOP01/SC"
266016;2020-01-30;"quinta-feira";"14:30:00";"MT";163;798,5;"VERA";"Desobediência às normas de trânsito pelo condutor";"Colisão frontal";"Com Vítimas Fatais";"Pleno dia";"Decrescente";"Céu Claro";"Simples";"Desvio Temporário";"Não";5;1;1;3;0;0;4;2;-12,30475;-55,57479;"SR-MT";"DEL2/6";"UOP01/MT"
266017;2020-01-30;"quinta-feira";"15:35:00";"SC";101;218;"PALHOCA";"Falta de Atenção à Condução";"Queda de ocupante de veículo";"Com Vítimas Feridas";"Pleno dia";"Decrescente";"Garoa/Chuvisco";"Dupla";"Reta";"Sim";1;0;1;0;0;0;1;1;-27,67586;-48,67053;"SR-SC";"DEL8/1";"UOP02/SC"
266018;2020-01-30;"quinta-feira";"08:45:00";"RO";435;24;"VILHENA";"Falta de Atenção à Condução";"Capotamento";"Com Vítimas Feridas";"Pleno dia";"Decrescente";"Céu Claro";"Simples";"Reta";"Não";1;0;1;0;0;0;1;1;-12,77549;-60,32738;"SR-RO";"DEL21/4";"UOP02/RO"
266019;2020-01-30;"quinta-feira";"15:40:00";"PE";101;70,3;"RECIFE";"Não guardar distância de segurança";"Colisão traseira";"Com Vítimas Feridas";"Pleno dia";"Decrescente";"Céu Claro";"Dupla";"Reta";"Sim";2;0;1;0;1;0;1;2;-8,067761;-34,94265;"SR-PE";"DEL11/1";"UOP01/PE"
266020;2020-01-18;"sábado";"10:30:00";"SP";116;555,2;"BARRA DO TURVO";"Velocidade Incompatível";"Tombamento";"Com Vítimas Feridas";"Pleno dia";"Crescente";"Nublado";"Simples";"Não Informado";"Não";2;0;1;1;0;0;2;1;-24,97447;-48,5046;"SR-SP";"DEL6/5";"UOP03/SP"
266021;2020-01-30;"quinta-feira";"16:10:00";"MG";381;481,7;"CONTAGEM";"Falta de Atenção à Condução";"Colisão traseira";"Com Vítimas Feridas";"Pleno dia";"Decrescente";"Nublado";"Múltipla";"Não Informado";"Sim";3;0;1;0;2;0;1;2;-19,95904;-44,06562;"SR-MG";"DEL4/1";"UOP03/MG"
266022;2020-01-30;"quinta-feira";"16:30:00";"CE";116;40;"HORIZONTE";"Falta de Atenção à Condução";"Colisão traseira";"Com Vítimas Feridas";"Pleno dia";"Decrescente";"Céu Claro";"Dupla";"Retorno Regulamentado";"Sim";3;0;1;1;1;0;2;2;-4,09497;-38,50352;"SR-CE";"DEL16/1";"UOP02/CE"
266023;2020-01-30;"quinta-feira";"15:50:00";"PR";158;393,3;"LARANJEIRAS DO SUL";"Defeito Mecânico no Veículo";"Saída de leito carroçável";"Com Vítimas Feridas";"Pleno dia";"Crescente";"Céu Claro";"Simples";"Curva";"Não";2;0;2;0;0;0;2;1;-25,29871;-52,31355;"SR-PR";"DEL7/4";"UOP03/PR"
266025;2020-01-30;"quinta-feira";"16:40:00";"PE";232;208,6;"PESQUEIRA";"Não guardar distância de segurança";"Colisão traseira";"Sem Vítimas";"Pleno dia";"Crescente";"Sol";"Simples";"Interseção de vias";"Sim";2;0;0;0;2;0;0;2;-8,367941;-36,67972;"SR-PE";"DEL11/2";"UOP02/PE"
266026;2020-01-30;"quinta-feira";"14:20:00";"SC";470;102,5;"APIUNA";"Velocidade Incompatível";"Colisão traseira";"Com Vítimas Feridas";"Pleno dia";"Crescente";"Nublado";"Simples";"Reta";"Não";2;0;1;0;1;0;1;2;-27,06082;-49,39276;"SR-SC";"DEL8/4";"UOP02/SC"
266027;2020-01-30;"quinta-feira";"16:00:00";"MT";364;18,2;"ALTO ARAGUAIA";"Defeito na Via";"Colisão lateral";"Com Vítimas Fatais";"Pleno dia";"Crescente";"Sol";"Simples";"Não Informado";"Não";3;1;0;0;1;1;0;2;-17,21455;-53,33113;"SR-MT";"DEL2/2";"UOP04/MT"
266028;2020-01-30;"quinta-feira";"16:08:00";"BA";116;417;"FEIRA DE SANTANA";"Não guardar distância de segurança";"Colisão traseira";"Sem Vítimas";"Pleno dia";"Crescente";"Céu Claro";"Simples";"Reta";"Não";3;0;0;0;2;1;0;3;-12,17708;-38,96511;"SR-BA";"DEL10/2";"UOP01/BA"
266029;2020-01-30;"quinta-feira";"15:45:00";"SP";116;25,7;"LAVRINHAS";"Objeto estático sobre o leito carroçável";"Tombamento";"Com Vítimas Feridas";"Pleno dia";"Crescente";"Céu Claro";"Dupla";"Reta";"Não";1;0;1;0;0;0;1;1;-22,60593;-44,89504;"SR-SP";"DEL6/8";"UOP01/SP"
266030;2020-01-30;"quinta-feira";"16:00:00";"MA";10;252,5;"IMPERATRIZ";"Ingestão de Álcool";"Colisão traseira";"Sem Vítimas";"Pleno dia";"Crescente";"Céu Claro";"Simples";"Reta";"Sim";4;0;0;0;4;0;0;4;-5,53562;-47,46959;"SR-MA";"DEL18/4";"UOP01/MA"
266031;2020-01-30;"quinta-feira";"09:50:00";"MT";70;133,5;"GENERAL CARNEIRO";"Desobediência às normas de trânsito pelo condutor";"Tombamento";"Com Vítimas Feridas";"Pleno dia";"Decrescente";"Céu Claro";"Simples";"Curva";"Não";1;0;1;0;0;0;1;1;-15,59069;-53,22057;"SR-MT";"DEL2/8";"UOP01/MT"
266032;2020-01-30;"quinta-feira";"15:30:00";"PR";376;152,1;"MANDAGUACU";"Falta de Atenção à Condução";"Saída de leito carroçável";"Sem Vítimas";"Pleno dia";"Decrescente";"Céu Claro";"Dupla";"Reta";"Não";1;0;0;0;0;1;0;1;-23,32035;-52,11016;"SR-PR";"DEL7/7";"UOP04/PR"
266033;2020-01-30;"quinta-feira";"17:40:00";"PE";407;125;"PETROLINA";"Falta de Atenção à Condução";"Colisão lateral";"Com Vítimas Feridas";"Pleno dia";"Decrescente";"Céu Claro";"Dupla";"Reta";"Sim";3;0;1;0;2;0;1;3;-9,377393;-40,53596;"SR-PE";"DEL11/6";"UOP01/PE"
266034;2020-01-30;"quinta-feira";"15:00:00";"PR";376;275,8;"MARILANDIA DO SUL";"Desobediência às normas de trânsito pelo condutor";"Colisão frontal";"Com Vítimas Feridas";"Pleno dia";"Crescente";"Sol";"Simples";"Não Informado";"Não";5;0;0;2;2;1;2;4;-23,7822;-51,26529;"SR-PR";"DEL7/7";"UOP02/PR"
266035;2020-01-30;"quinta-feira";"17:30:00";"SC";280;51;"GUARAMIRIM";"Falta de Atenção à Condução";"Colisão transversal";"Com Vítimas Feridas";"Pleno dia";"Crescente";"Nublado";"Simples";"Rotatória";"Não";2;0;0;1;1;0;1;2;-26,46539;-48,95544;"SR-SC";"DEL8/3";"UOP03/SC"
266036;2020-01-30;"quinta-feira";"17:30:00";"SE";101;83,1;"LARANJEIRAS";"Defeito na Via";"Colisão com objeto estático";"Sem Vítimas";"Pleno dia";"Decrescente";"Céu Claro";"Dupla";"Reta";"Não";1;0;0;0;0;1;0;1;-10,82644;-37,13848;"SR-SE";"DEL20/1";"UOP01/SE"
266038;2020-01-30;"quinta-feira";"18:00:00";"GO";40;3,3;"VALPARAISO DE GOIAS";"Falta de Atenção à Condução";"Queda de ocupante de veículo";"Com Vítimas Feridas";"Anoitecer";"Crescente";"Nublado";"Dupla";"Reta";"Sim";1;0;1;0;0;0;1;1;-16,08212;-47,98668;"SR-DF";"UOP01/DF";""
266039;2020-01-30;"quinta-feira";"17:30:00";"PB";230;152,2;"CAMPINA GRANDE";"Defeito Mecânico no Veículo";"Colisão com objeto estático";"Sem Vítimas";"Pleno dia";"Crescente";"Céu Claro";"Simples";"Não Informado";"Sim";1;0;0;0;1;0;0;1;-7,2688;-35,8837;"SR-PB";"DEL14/2";"UOP01/PB"
266040;2020-01-30;"quinta-feira";"17:10:00";"CE";116;498,3;"BREJO SANTO";"Ingestão de Álcool";"Colisão lateral";"Com Vítimas Feridas";"Pleno dia";"Decrescente";"Céu Claro";"Simples";"Não Informado";"Não";3;0;1;0;2;0;1;2;-7,427336;-38,96995;"SR-CE";"DEL16/5";"UOP03/CE"
266041;2020-01-30;"quinta-feira";"18:00:00";"PB";230;20;"JOAO PESSOA";"Falta de Atenção à Condução";"Engavetamento";"Com Vítimas Feridas";"Plena Noite";"Decrescente";"Céu Claro";"Dupla";"Reta";"Não";3;0;2;0;1;0;2;3;-7,1337;-34,8544;"SR-PB";"DEL14/1";"UOP01/PB"
266042;2020-01-30;"quinta-feira";"17:10:00";"BA";116;419;"FEIRA DE SANTANA";"Falta de Atenção do Pedestre";"Atropelamento de Pedestre";"Com Vítimas Feridas";"Pleno dia";"Crescente";"Céu Claro";"Dupla";"Reta";"Sim";2;0;1;1;0;0;2;1;-12,19453;-38,96534;"SR-BA";"DEL10/2";"UOP01/BA"
266043;2020-01-30;"quinta-feira";"18:15:00";"SC";101;198;"BIGUACU";"Falta de Atenção à Condução";"Colisão traseira";"Sem Vítimas";"Pleno dia";"Decrescente";"Céu Claro";"Múltipla";"Reta";"Não";2;0;0;0;2;0;0;2;-27,52659;-48,63506;"SR-SC";"DEL8/1";"UOP01/SC"
266044;2020-01-30;"quinta-feira";"17:45:00";"MG";381;900;"CAMBUI";"Defeito Mecânico no Veículo";"Colisão traseira";"Sem Vítimas";"Pleno dia";"Decrescente";"Chuva";"Dupla";"Reta";"Sim";2;0;0;0;2;0;0;2;-22,66198;-46,08922;"SR-MG";"DEL09";"UOP03/MG"
266045;2020-01-30;"quinta-feira";"17:30:00";"SC";280;58,4;"GUARAMIRIM";"Desobediência às normas de trânsito pelo condutor";"Colisão transversal";"Com Vítimas Feridas";"Pleno dia";"Decrescente";"Céu Claro";"Simples";"Reta";"Não";2;0;1;0;1;0;1;2;-26,47447;-49,0252;"SR-SC";"DEL8/3";"UOP03/SC"
266046;2020-01-30;"quinta-feira";"18:15:00";"RN";304;40;"MOSSORO";"Restrição de Visibilidade";"Atropelamento de Pedestre";"Com Vítimas Feridas";"Anoitecer";"Crescente";"Nublado";"Dupla";"Reta";"Sim";2;0;0;1;1;0;1;1;-5,196199;-37,3785;"SR-RN";"DEL15/4";"UOP01/RN"
266047;2020-01-30;"quinta-feira";"18:30:00";"RS";116;268,5;"CANOAS";"Desobediência às normas de trânsito pelo condutor";"Colisão lateral";"Com Vítimas Feridas";"Pleno dia";"Decrescente";"Céu Claro";"Múltipla";"Reta";"Sim";2;0;1;0;1;0;1;2;-29,95043;-51,17653;"SR-RS";"DEL9/1";"UOP01/RS"
266049;2020-01-30;"quinta-feira";"17:00:00";"SC";153;57,2;"IRANI";"Desobediência às normas de trânsito pelo condutor";"Colisão frontal";"Sem Vítimas";"Pleno dia";"Decrescente";"Céu Claro";"Simples";"Desvio Temporário";"Não";3;0;0;0;3;0;0;3;-26,95683;-51,83619;"SR-SC";"DEL7";"UOP06/SC"
266050;2020-01-30;"quinta-feira";"18:40:00";"SC";101;134;"BALNEARIO CAMBORIU";"Desobediência às normas de trânsito pelo condutor";"Colisão lateral";"Com Vítimas Feridas";"Anoitecer";"Crescente";"Nublado";"Dupla";"Reta";"Sim";2;0;1;0;1;0;1;2;-27,00218;-48,63643;"SR-SC";"DEL8/4";"UOP03/SC"
266051;2020-01-30;"quinta-feira";"18:05:00";"SP";116;288,6;"ITAPECERICA DA SERRA";"Pista Escorregadia";"Saída de leito carroçável";"Com Vítimas Feridas";"Anoitecer";"Decrescente";"Garoa/Chuvisco";"Dupla";"Não Informado";"Não";1;0;1;0;0;0;1;1;-23,71925;-46,88314;"SR-SP";"DEL6/4";"UOP01/SP"
266052;2020-01-30;"quinta-feira";"18:20:00";"RJ";40;123;"DUQUE DE CAXIAS";"Falta de Atenção à Condução";"Colisão lateral";"Com Vítimas Feridas";"Plena Noite";"Crescente";"Nublado";"Múltipla";"Reta";"Sim";2;0;1;0;1;0;1;2;-22,79908;-43,29016;"SR-RJ";"DEL5/1";"UOP01/RJ"
266053;2020-01-30;"quinta-feira";"18:50:00";"BA";324;532;"FEIRA DE SANTANA";"Falta de Atenção do Pedestre";"Atropelamento de Pedestre";"Com Vítimas Fatais";"Plena Noite";"Decrescente";"Céu Claro";"Dupla";"Reta";"Não";3;1;0;0;2;0;0;1;-12,33921;-38,84748;"SR-BA";"DEL10/1";"UOP01/BA"
266054;2020-01-30;"quinta-feira";"17:05:00";"MS";163;558,3;"BANDEIRANTES";"Pista Escorregadia";"Saída de leito carroçável";"Com Vítimas Feridas";"Anoitecer";"Crescente";"Chuva";"Simples";"Reta";"Não";1;0;1;0;0;0;1;1;-19,83777;-54,36995;"SR-MS";"DEL3/1";"UOP02/MS"
266055;2020-01-30;"quinta-feira";"18:30:00";"RJ";101;70;"CAMPOS DOS GOYTACAZES";"Desobediência às normas de trânsito pelo condutor";"Colisão transversal";"Com Vítimas Feridas";"Plena Noite";"Crescente";"Céu Claro";"Simples";"Reta";"Sim";3;0;1;0;1;1;1;2;-21,78101;-41,37336;"SR-RJ";"DEL5/8";"UOP02/RJ"
266056;2020-01-30;"quinta-feira";"15:00:00";"MS";163;475;"CAMPO GRANDE";"Ingestão de Álcool";"Tombamento";"Com Vítimas Feridas";"Pleno dia";"Decrescente";"Chuva";"Simples";"Reta";"Sim";1;0;1;0;0;0;1;1;-20,51838;-54,56659;"SR-MS";"DEL3/1";"UOP01/MS"
266057;2020-01-30;"quinta-feira";"19:05:00";"SE";235;52,5;"ITABAIANA";"Objeto estático sobre o leito carroçável";"Colisão com objeto estático";"Com Vítimas Fatais";"Plena Noite";"Decrescente";"Céu Claro";"Simples";"Reta";"Sim";2;1;0;1;0;0;1;1;-10,69328;-37,43756;"SR-SE";"DEL20/1";"UOP02/SE"
266058;2020-01-30;"quinta-feira";"19:30:00";"MG";381;500,9;"BETIM";"Falta de Atenção à Condução";"Colisão traseira";"Com Vítimas Feridas";"Plena Noite";"Crescente";"Nublado";"Dupla";"Reta";"Sim";3;0;1;0;2;0;1;2;-20,02513;-44,23113;"SR-MG";"DEL4/1";"UOP03/MG"
266059;2020-01-30;"quinta-feira";"17:10:00";"SC";282;541,3;"CHAPECO";"Ingestão de Álcool";"Tombamento";"Com Vítimas Feridas";"Pleno dia";"Crescente";"Nublado";"Simples";"Interseção de vias";"Não";1;0;1;0;0;0;1;1;-26,99771;-52,69917;"SR-SC";"DEL7";"UOP01/SC"
266061;2020-01-30;"quinta-feira";"20:30:00";"GO";60;97;"ANAPOLIS";"Falta de Atenção à Condução";"Capotamento";"Com Vítimas Feridas";"Plena Noite";"Crescente";"Nublado";"Dupla";"Reta";"Sim";1;0;1;0;0;0;1;1;-16,3774;-48,9483;"SR-GO";"DEL1/2";"UOP01/GO"
266062;2020-01-22;"quarta-feira";"18:40:00";"MG";354;758;"ITAMONTE";"Animais na Pista";"Atropelamento de Animal";"Com Vítimas Feridas";"Anoitecer";"Crescente";"Ignorado";"Simples";"Curva";"Não";1;0;0;1;0;0;1;1;-22,32498;-44,8417;"SR-MG";"DEL5";"UOP03/MG"
266063;2020-01-30;"quinta-feira";"16:50:00";"SC";163;123;"DIONISIO CERQUEIRA";"Falta de Atenção à Condução";"Colisão transversal";"Sem Vítimas";"Pleno dia";"Crescente";"Céu Claro";"Simples";"Interseção de vias";"Não";2;0;0;0;1;1;0;2;-26,29498;-53,55564;"SR-SC";"DEL7";"UOP04/SC"
266064;2020-01-30;"quinta-feira";"19:55:00";"RO";364;427;"JARU";"Ingestão de Álcool";"Colisão frontal";"Com Vítimas Feridas";"Plena Noite";"Decrescente";"Céu Claro";"Simples";"Reta";"Sim";3;0;0;1;2;0;1;2;-10,43244;-62,47958;"SR-RO";"DEL21/3";"UOP02/RO"
266065;2020-01-30;"quinta-feira";"19:15:00";"PI";316;31;"DEMERVAL LOBAO";"Ingestão de álcool e/ou substâncias psicoativas pelo pedestre";"Atropelamento de Pedestre";"Com Vítimas Feridas";"Plena Noite";"Crescente";"Nublado";"Simples";"Reta";"Sim";3;0;1;2;0;0;3;1;-5,339588;-42,69401;"SR-PI";"DEL17/1";"UOP02/PI"
266067;2020-01-30;"quinta-feira";"21:15:00";"ES";101;253,7;"SERRA";"Desobediência às normas de trânsito pelo condutor";"Colisão traseira";"Com Vítimas Feridas";"Plena Noite";"Crescente";"Céu Claro";"Simples";"Reta";"Não";8;0;2;3;3;0;5;3;-20,10337;-40,33384;"SR-ES";"DEL12/2";"UOP01/ES"
266069;2020-01-30;"quinta-feira";"21:20:00";"GO";70;190,7;"ITABERAI";"Animais na Pista";"Atropelamento de Animal";"Com Vítimas Fatais";"Plena Noite";"Crescente";"Nublado";"Simples";"Reta";"Sim";1;1;0;0;0;0;0;1;-16,02729;-49,77877;"SR-GO";"DEL1/2";"UOP02/GO"
266070;2020-01-30;"quinta-feira";"21:15:00";"BA";116;813;"VITORIA DA CONQUISTA";"Desobediência às normas de trânsito pelo condutor";"Colisão transversal";"Com Vítimas Feridas";"Plena Noite";"Decrescente";"Céu Claro";"Simples";"Interseção de vias";"Não";9;0;5;0;3;1;5;3;-14,80156;-40,77613;"SR-BA";"DEL10/8";"UOP01/BA"
266071;2020-01-30;"quinta-feira";"21:00:00";"GO";153;424,4;"ANAPOLIS";"Defeito na Via";"Queda de ocupante de veículo";"Com Vítimas Feridas";"Plena Noite";"Crescente";"Nublado";"Dupla";"Não Informado";"Não";1;0;1;0;0;0;1;1;-16,20509;-49,02124;"SR-GO";"DEL1/2";"UOP01/GO"
266072;2020-01-30;"quinta-feira";"20:40:00";"MA";316;550,6;"CAXIAS";"Não guardar distância de segurança";"Colisão traseira";"Com Vítimas Feridas";"Plena Noite";"Crescente";"Nublado";"Simples";"Reta";"Sim";5;0;2;2;0;1;4;2;-4,887297;-43,36736;"SR-MA";"DEL18/3";"UOP02/MA"
266073;2020-01-30;"quinta-feira";"16:50:00";"BA";101;663,5;"ITAPEBI";"Velocidade Incompatível";"Saída de leito carroçável";"Com Vítimas Feridas";"Pleno dia";"Decrescente";"Céu Claro";"Simples";"Curva";"Não";1;0;1;0;0;0;1;1;-15,96841;-39,56147;"SR-BA";"DEL10/5";"UOP02/BA"
266074;2020-01-30;"quinta-feira";"21:40:00";"RS";386;441,9;"CANOAS";"Falta de Atenção à Condução";"Colisão traseira";"Com Vítimas Feridas";"Plena Noite";"Decrescente";"Nublado";"Simples";"Reta";"Não";2;0;1;0;1;0;1;2;-29,88259;-51,2331;"SR-RS";"DEL9/1";"UOP01/RS"
266077;2020-01-30;"quinta-feira";"21:40:00";"PR";163;320;"GUAIRA";"Ingestão de Álcool";"Colisão frontal";"Com Vítimas Feridas";"Plena Noite";"Decrescente";"Céu Claro";"Simples";"Reta";"Não";2;0;1;0;1;0;1;2;-24,34462;-54,15034;"SR-PR";"DEL7/6";"UOP01/PR"
266078;2020-01-30;"quinta-feira";"20:40:00";"GO";153;85,9;"PORANGATU";"Falta de Atenção à Condução";"Saída de leito carroçável";"Com Vítimas Feridas";"Plena Noite";"Crescente";"Céu Claro";"Simples";"Reta";"Não";1;0;1;0;0;0;1;1;-13,5535;-49,0828;"SR-GO";"DEL1/7";"UOP01/GO"
266079;2020-01-30;"quinta-feira";"21:00:00";"MG";40;754,9;"EWBANK DA CAMARA";"Velocidade Incompatível";"Tombamento";"Sem Vítimas";"Plena Noite";"Crescente";"Garoa/Chuvisco";"Simples";"Desvio Temporário";"Não";1;0;0;0;1;0;0;1;-21,52684;-43,5203;"SR-MG";"DEL5";"UOP01/MG"
266080;2020-01-30;"quinta-feira";"21:15:00";"MG";40;514,7;"RIBEIRAO DAS NEVES";"Carga excessiva e/ou mal acondicionada";"Colisão com objeto em movimento";"Com Vítimas Feridas";"Plena Noite";"Decrescente";"Nublado";"Dupla";"Reta";"Não";2;0;1;0;1;0;1;2;-19,81516;-44,09191;"SR-MG";"DEL4/1";"UOP02/MG"
266081;2020-01-30;"quinta-feira";"22:30:00";"RJ";40;18,7;"TRES RIOS";"Animais na Pista";"Atropelamento de Animal";"Com Vítimas Fatais";"Plena Noite";"Decrescente";"Chuva";"Dupla";"Reta";"Sim";2;1;0;0;0;1;0;1;-22,09283;-43,17077;"SR-RJ";"DEL5/6";"UOP01/RJ"
266082;2020-01-30;"quinta-feira";"22:30:00";"SC";101;112,4;"ITAJAI";"Ingestão de Álcool";"Colisão lateral";"Sem Vítimas";"Plena Noite";"Crescente";"Céu Claro";"Dupla";"Reta";"Sim";2;0;0;0;2;0;0;2;-26,84589;-48,72131;"SR-SC";"DEL8/4";"UOP04/SC"
266083;2020-01-30;"quinta-feira";"22:40:00";"RJ";40;99;"DUQUE DE CAXIAS";"Falta de Atenção à Condução";"Tombamento";"Sem Vítimas";"Plena Noite";"Decrescente";"Garoa/Chuvisco";"Simples";"Curva";"Não";1;0;0;0;1;0;0;1;-22,58585;-43,27716;"SR-RJ";"DEL5/1";"UOP01/RJ"
266084;2020-01-30;"quinta-feira";"18:40:00";"AC";364;179,5;"BUJARI";"Falta de Atenção do Pedestre";"Atropelamento de Pedestre";"Sem Vítimas";"Plena Noite";"Decrescente";"Nublado";"Simples";"Reta";"Não";4;0;0;0;2;2;0;1;-9,723781;-68,12696;"SR-AC";"UOP01/AC";""
266085;2020-01-30;"quinta-feira";"22:40:00";"CE";NA;NA;"ITAITINGA";"Restrição de Visibilidade";"Colisão com objeto estático";"Com Vítimas Feridas";"Plena Noite";"Não Informado";"Céu Claro";"Dupla";"Não Informado";"Sim";5;0;1;1;2;1;2;2;-3,972747;-38,5212;"SR-CE";"DEL16/1";"UOP02/CE"
266086;2020-01-30;"quinta-feira";"21:55:00";"MG";381;418;"NOVA UNIAO";"Velocidade Incompatível";"Saída de leito carroçável";"Com Vítimas Feridas";"Plena Noite";"Decrescente";"Nublado";"Simples";"Curva";"Não";1;0;1;0;0;0;1;1;-19,76425;-43,64211;"SR-MG";"DEL4/1";"UOP01/MG"
266087;2020-01-30;"quinta-feira";"22:40:00";"RO";421;10;"ARIQUEMES";"Defeito na Via";"Tombamento";"Com Vítimas Feridas";"Plena Noite";"Decrescente";"Céu Claro";"Simples";"Reta";"Não";1;0;1;0;0;0;1;1;-9,970236;-63,12508;"SR-RO";"DEL21/3";"UOP01/RO"
266088;2020-01-31;"sexta-feira";"00:15:00";"MG";40;486,2;"CAPIM BRANCO";"Condutor Dormindo";"Colisão traseira";"Com Vítimas Feridas";"Plena Noite";"Decrescente";"Céu Claro";"Dupla";"Reta";"Não";3;0;0;1;2;0;1;2;-19,59065;-44,22671;"SR-MG";"DEL4/2";"UOP01/MG"
266089;2020-01-30;"quinta-feira";"22:19:00";"SC";470;168,5;"POUSO REDONDO";"Falta de Atenção à Condução";"Colisão traseira";"Com Vítimas Feridas";"Plena Noite";"Crescente";"Nublado";"Simples";"Reta";"Não";3;0;1;0;2;0;1;2;-27,26699;-49,87252;"SR-SC";"DEL8/4";"UOP02/SC"
266090;2020-01-30;"quinta-feira";"18:20:00";"ES";101;296;"CARIACICA";"Animais na Pista";"Queda de ocupante de veículo";"Com Vítimas Feridas";"Pleno dia";"Decrescente";"Céu Claro";"Simples";"Reta";"Sim";1;0;1;0;0;0;1;1;-20,3403;-40,40406;"SR-ES";"DEL12/1";"UOP01/ES"