"id";"data_inversa";"dia_semana";"horario";"uf";"br";"km";"municipio";"causa_acidente";"tipo_acidente";"classificacao_acidente";"fase_dia";"sentido_via";"condicao_metereologica";"tipo_pista";"tracado_via";"uso_solo";"pessoas";"mortos";"feridos_leves";"feridos_graves";"ilesos";"ignorados";"feridos";"veiculos";"latitude";"longitude";"regional";"delegacia";"uop"
266091;2020-01-31;"sexta-feira";"01:44:00";"SE";101;1,5;"PROPRIA";"Animais na Pista";"Colisão traseira";"Sem Vítimas";"Plena Noite";"Crescente";"Céu Claro";"Simples";"Curva";"Não";1;0;0;0;0;1;0;1;-10,21498;-36,82283;"SR-SE";"DEL20/2";"UOP02/SE"
266092;2020-01-30;"quinta-feira";"23:00:00";"PR";163;10;"BARRACAO";"Ultrapassagem Indevida";"Colisão frontal";"Com Vítimas Feridas";"Plena Noite";"Crescente";"Céu Claro";"Simples";"Curva";"Não";2;0;1;1;0;0;2;2;-26,25066;-53,63552;"SR-PR";"DEL7/2";"UOP04/PR"
266093;2020-01-30;"quinta-feira";"23:45:00";"PI";343;574;"FLORIANO";"Animais na Pista";"Saída de leito carroçável";"Com Vítimas Feridas";"Plena Noite";"Crescente";"Céu Claro";"Simples";"Desvio Temporário";"Não";1;0;1;0;0;0;1;1;-6,766282;-42,92387;"SR-PI";"DEL17/3";"UOP01/PI"
266095;2020-01-30;"quinta-feira";"23:40:00";"RJ";493;99;"ITAGUAI";"Ingestão de Álcool";"Colisão transversal";"Sem Vítimas";"Plena Noite";"Decrescente";"Nublado";"Dupla";"Reta";"Não";2;0;0;0;2;0;0;2;-22,73376;-43,7174;"SR-RJ";"DEL5/3";"UOP01/RJ"
266096;2020-01-31;"sexta-feira";"01:49:00";"SP";116;78;"ROSEIRA";"Defeito Mecânico no Veículo";"Incêndio";"Sem Vítimas";"Plena Noite";"Decrescente";"Nublado";"Dupla";"Reta";"Não";1;0;0;0;1;0;0;1;-22,88893;-45,28691;"SR-SP";"DEL6";"UOP01/SP"
266097;2020-01-31;"sexta-feira";"00:30:00";"RO";319;62;"PORTO VELHO";"Desobediência às normas de trânsito pelo condutor";"Colisão transversal";"Com Vítimas Feridas";"Plena Noite";"Decrescente";"Ignorado";"Dupla";"Interseção de vias";"Sim";2;0;1;0;1;0;1;2;-8,755567;-63,88654;"SR-RO";"DEL21/1";"UOP01/RO"
266098;2020-01-31;"sexta-feira";"02:35:00";"MG";381;799;"CAREACU";"Condutor Dormindo";"Saída de leito carroçável";"Com Vítimas Feridas";"Plena Noite";"Crescente";"Nublado";"Dupla";"Curva";"Não";4;0;3;1;0;0;4;1;-21,97237;-45,63124;"SR-MG";"DEL09";"UOP02/MG"
266099;2020-01-31;"sexta-feira";"01:15:00";"SP";116;475,3;"JACUPIRANGA";"Falta de Atenção à Condução";"Colisão traseira";"Com Vítimas Feridas";"Plena Noite";"Decrescente";"Nublado";"Dupla";"Reta";"Não";2;0;1;0;1;0;1;2;-24,68648;-47,9891;"SR-SP";"DEL6/5";"UOP01/SP"
266100;2020-01-31;"sexta-feira";"03:15:00";"PR";376;218;"JANDAIA DO SUL";"Ingestão de Álcool";"Saída de leito carroçável";"Com Vítimas Feridas";"Plena Noite";"Crescente";"Garoa/Chuvisco";"Simples";"Não Informado";"Sim";2;0;2;0;0;0;2;1;-23,59718;-51,61504;"SR-PR";"DEL7/7";"UOP03/PR"
266101;2020-01-31;"sexta-feira";"03:25:00";"MG";381;480,3;"CONTAGEM";"Animais na Pista";"Atropelamento de Animal";"Com Vítimas Feridas";"Plena Noite";"Decrescente";"Nublado";"Múltipla";"Reta";"Sim";1;0;1;0;0;0;1;1;-19,96302;-44,04934;"SR-MG";"DEL4/1";"UOP03/MG"
266102;2020-01-30;"quinta-feira";"20:45:00";"AC";364;129,1;"RIO BRANCO";"Defeito na Via";"Queda de ocupante de veículo";"Com Vítimas Feridas";"Plena Noite";"Decrescente";"Céu Claro";"Simples";"Reta";"Não";1;0;1;0;0;0;1;1;-10,02882;-67,82933;"SR-AC";"UOP01/AC";""
266103;2020-01-31;"sexta-feira";"04:00:00";"GO";50;306,1;"CUMARI";"Velocidade Incompatível";"Colisão com objeto estático";"Com Vítimas Fatais";"Plena Noite";"Crescente";"Ignorado";"Simples";"Não Informado";"Não";1;1;0;0;0;0;0;1;-18,3701;-48,0555;"SR-GO";"DEL1/6";"UOP01/GO"
266104;2020-01-31;"sexta-feira";"03:30:00";"ES";101;32;"CONCEICAO DA BARRA";"Falta de Atenção à Condução";"Colisão lateral";"Com Vítimas Feridas";"Plena Noite";"Crescente";"Céu Claro";"Simples";"Não Informado";"Sim";4;0;0;1;2;1;1;4;-18,43145;-39,93402;"SR-ES";"DEL12/4";"UOP02/ES"
266106;2020-01-31;"sexta-feira";"04:00:00";"RJ";101;164;"MACAE";"Condutor Dormindo";"Colisão frontal";"Com Vítimas Feridas";"Plena Noite";"Crescente";"Nublado";"Simples";"Reta";"Não";4;0;2;0;2;0;2;4;-22,31512;-41,89679;"SR-RJ";"DEL5/2";"UOP03/RJ"
266107;2020-01-31;"sexta-feira";"04:30:00";"RJ";101;67;"CAMPOS DOS GOYTACAZES";"Ingestão de Álcool";"Colisão traseira";"Com Vítimas Feridas";"Amanhecer";"Crescente";"Céu Claro";"Simples";"Reta";"Sim";2;0;1;0;1;0;1;2;-21,76751;-41,34876;"SR-RJ";"DEL5/8";"UOP02/RJ"
266108;2020-01-31;"sexta-feira";"03:30:00";"MS";262;728;"CORUMBA";"Ingestão de Álcool";"Colisão frontal";"Com Vítimas Fatais";"Plena Noite";"Crescente";"Chuva";"Simples";"Reta";"Não";4;3;0;0;1;0;0;2;-19,37806;-57,52802;"SR-MS";"DEL3/3";"UOP03/MS"
266109;2020-01-30;"quinta-feira";"20:30:00";"BA";242;324,4;"ANDARAI";"Animais na Pista";"Atropelamento de Animal";"Com Vítimas Feridas";"Plena Noite";"Decrescente";"Céu Claro";"Simples";"Reta";"Sim";2;0;1;0;1;0;1;1;-12,47109;-41,09756;"SR-BA";"DEL10/6";"UOP01/BA"
266110;2020-01-31;"sexta-feira";"04:50:00";"RJ";493;109;"SEROPEDICA";"Falta de Atenção à Condução";"Saída de leito carroçável";"Com Vítimas Feridas";"Amanhecer";"Decrescente";"Céu Claro";"Dupla";"Reta";"Não";1;0;1;0;0;0;1;1;-22,79412;-43,78297;"SR-RJ";"DEL5/3";"UOP01/RJ"
266111;2020-01-31;"sexta-feira";"05:50:00";"MG";40;511;"RIBEIRAO DAS NEVES";"Falta de Atenção à Condução";"Colisão lateral";"Sem Vítimas";"Amanhecer";"Crescente";"Céu Claro";"Dupla";"Retorno Regulamentado";"Sim";2;0;0;0;1;1;0;2;-19,78164;-44,11733;"SR-MG";"DEL4/1";"UOP02/MG"
266112;2020-01-30;"quinta-feira";"19:10:00";"RS";392;21,1;"RIO GRANDE";"Falta de Atenção à Condução";"Capotamento";"Com Vítimas Feridas";"Anoitecer";"Crescente";"Nublado";"Dupla";"Reta";"Sim";4;0;3;0;1;0;3;1;-32,0877;-52,20709;"SR-RS";"DEL9/7";"UOP02/RS"
266113;2020-01-31;"sexta-feira";"04:00:00";"AL";101;151,6;"JEQUIA DA PRAIA";"Falta de Atenção à Condução";"Colisão com objeto estático";"Com Vítimas Feridas";"Plena Noite";"Decrescente";"Céu Claro";"Dupla";"Reta";"Não";2;0;0;1;0;1;1;2;-9,890097;-36,15847;"SR-AL";"DEL13/2";"UOP02/AL"
266114;2020-01-31;"sexta-feira";"02:40:00";"AL";316;104,4;"DOIS RIACHOS";"Condutor Dormindo";"Colisão frontal";"Com Vítimas Feridas";"Plena Noite";"Decrescente";"Céu Claro";"Simples";"Reta";"Não";3;0;3;0;0;0;3;2;-9,38681;-37,08;"SR-AL";"DEL13/3";"UOP01/AL"
266115;2020-01-31;"sexta-feira";"06:30:00";"MG";153;69;"MONTE ALEGRE DE MINAS";"Ultrapassagem Indevida";"Capotamento";"Com Vítimas Feridas";"Pleno dia";"Decrescente";"Céu Claro";"Simples";"Reta";"Não";2;0;1;0;0;1;1;1;-18,96953;-49,02511;"SR-MG";"DEL4/15";"UOP03/MG"
266116;2020-01-31;"sexta-feira";"05:50:00";"RS";386;349;"LAJEADO";"Falta de Atenção do Pedestre";"Atropelamento de Pedestre";"Com Vítimas Feridas";"Pleno dia";"Decrescente";"Nublado";"Simples";"Reta";"Não";2;0;1;1;0;0;2;1;-29,46548;-51,95509;"SR-RS";"DEL9/4";"UOP02/RS"
266119;2020-01-31;"sexta-feira";"07:10:00";"CE";222;128,4;"ITAPAJE";"Velocidade Incompatível";"Colisão frontal";"Com Vítimas Feridas";"Pleno dia";"Crescente";"Chuva";"Simples";"Curva";"Sim";2;0;1;0;1;0;1;2;-3,704273;-39,61529;"SR-CE";"DEL16/4";"UOP03/CE"
266120;2020-01-31;"sexta-feira";"06:30:00";"MG";381;708,3;"CARMO DA CACHOEIRA";"Falta de Atenção à Condução";"Colisão traseira";"Sem Vítimas";"Pleno dia";"Decrescente";"Nublado";"Dupla";"Reta";"Não";5;0;0;0;5;0;0;2;-21,37052;-45,18865;"SR-MG";"DEL4/4";"UOP02/MG"
266121;2020-01-31;"sexta-feira";"07:10:00";"SC";470;34,9;"GASPAR";"Falta de Atenção à Condução";"Colisão transversal";"Com Vítimas Feridas";"Pleno dia";"Crescente";"Céu Claro";"Simples";"Interseção de vias";"Não";3;0;2;0;1;0;2;2;-26,91065;-48,94934;"SR-SC";"DEL8/4";"UOP01/SC"
266122;2020-01-31;"sexta-feira";"07:00:00";"PR";116;122;"CURITIBA";"Falta de Atenção à Condução";"Colisão lateral";"Com Vítimas Feridas";"Pleno dia";"Crescente";"Céu Claro";"Dupla";"Reta";"Sim";2;0;1;0;1;0;1;2;-25,56857;-49,31023;"SR-PR";"DEL7/1";"UOP03/PR"
266124;2020-01-31;"sexta-feira";"07:30:00";"SP";116;276,5;"EMBU DAS ARTES";"Falta de Atenção à Condução";"Colisão lateral";"Com Vítimas Feridas";"Pleno dia";"Decrescente";"Nublado";"Dupla";"Reta";"Sim";2;0;1;0;1;0;1;2;-23,6278;-46,81846;"SR-SP";"DEL6/4";"UOP01/SP"
266125;2020-01-31;"sexta-feira";"07:30:00";"MG";381;864;"POUSO ALEGRE";"Falta de Atenção à Condução";"Colisão lateral";"Sem Vítimas";"Pleno dia";"Crescente";"Céu Claro";"Múltipla";"Não Informado";"Não";2;0;0;0;2;0;0;2;-22,38757;-45,95265;"SR-MG";"DEL09";"UOP01/MG"
266126;2020-01-31;"sexta-feira";"07:30:00";"DF";40;5,9;"BRASILIA";"Falta de Atenção à Condução";"Colisão transversal";"Sem Vítimas";"Pleno dia";"Crescente";"Nublado";"Dupla";"Reta";"Não";2;0;0;0;1;1;0;2;-16,0209;-47,98054;"SR-DF";"UOP01/DF";""
266127;2020-01-26;"domingo";"11:50:00";"BA";235;349,3;"JUAZEIRO";"Desobediência às normas de trânsito pelo condutor";"Colisão transversal";"Com Vítimas Feridas";"Pleno dia";"Crescente";"Nublado";"Dupla";"Reta";"Sim";2;0;1;0;0;1;1;2;-9,451573;-40,48403;"SR-PE";"DEL11/6";"UOP01/PE"
266128;2020-01-31;"sexta-feira";"08:00:00";"RJ";40;117;"DUQUE DE CAXIAS";"Falta de Atenção à Condução";"Colisão traseira";"Com Vítimas Feridas";"Pleno dia";"Decrescente";"Céu Claro";"Múltipla";"Reta";"Sim";1;0;1;0;0;0;1;1;-22,7475;-43,28766;"SR-RJ";"DEL5/1";"UOP01/RJ"
266129;2020-01-31;"sexta-feira";"08:27:00";"SC";101;197,8;"BIGUACU";"Desobediência às normas de trânsito pelo condutor";"Colisão lateral";"Com Vítimas Feridas";"Pleno dia";"Crescente";"Céu Claro";"Múltipla";"Desvio Temporário";"Sim";2;0;1;0;1;0;1;2;-27,51844;-48,63848;"SR-SC";"DEL8/1";"UOP01/SC"
266130;2020-01-31;"sexta-feira";"03:00:00";"MG";116;783,6;"LEOPOLDINA";"Velocidade Incompatível";"Tombamento";"Com Vítimas Feridas";"Plena Noite";"Decrescente";"Céu Claro";"Simples";"Curva";"Não";1;0;1;0;0;0;1;1;-21,63453;-42,69666;"SR-MG";"DEL4/7";"UOP01/MG"
266132;2020-01-31;"sexta-feira";"06:10:00";"MT";70;684;"CACERES";"Falta de Atenção à Condução";"Saída de leito carroçável";"Com Vítimas Feridas";"Pleno dia";"Decrescente";"Chuva";"Simples";"Curva";"Não";4;0;1;0;1;2;1;1;-16,14357;-57,33928;"SR-MT";"DEL2/3";"UOP02/MT"
266133;2020-01-31;"sexta-feira";"08:40:00";"MG";40;627;"CONSELHEIRO LAFAIETE";"Não guardar distância de segurança";"Colisão traseira";"Sem Vítimas";"Pleno dia";"Decrescente";"Nublado";"Simples";"Reta";"Sim";4;0;0;0;4;0;0;2;-20,63592;-43,81353;"SR-MG";"DEL5";"UOP02/MG"
266135;2020-01-31;"sexta-feira";"09:00:00";"SC";282;3;"FLORIANOPOLIS";"Falta de Atenção à Condução";"Colisão traseira";"Com Vítimas Feridas";"Pleno dia";"Decrescente";"Céu Claro";"Dupla";"Reta";"Sim";2;0;1;0;1;0;1;2;-27,60038;-48,59971;"SR-SC";"DEL8/1";"UOP01/SC"
266136;2020-01-31;"sexta-feira";"07:10:00";"RO";364;242,9;"CACOAL";"Falta de Atenção à Condução";"Colisão traseira";"Com Vítimas Feridas";"Amanhecer";"Decrescente";"Céu Claro";"Simples";"Desvio Temporário";"Não";3;0;1;1;1;0;2;2;-11,44085;-61,48768;"SR-RO";"DEL21/2";"UOP02/RO"
266138;2020-01-31;"sexta-feira";"08:26:00";"SP";116;270;"TABOAO DA SERRA";"Não guardar distância de segurança";"Colisão lateral";"Com Vítimas Feridas";"Pleno dia";"Decrescente";"Nublado";"Dupla";"Curva";"Sim";2;0;1;0;1;0;1;2;-23,618;-46,79678;"SR-SP";"DEL6/4";"UOP01/SP"
266140;2020-01-31;"sexta-feira";"06:45:00";"GO";153;498,9;"GOIANIA";"Não guardar distância de segurança";"Colisão traseira";"Com Vítimas Feridas";"Pleno dia";"Crescente";"Céu Claro";"Múltipla";"Reta";"Sim";5;0;2;0;3;0;2;4;-16,6939;-49,2321;"SR-GO";"DEL1/1";"UOP01/GO"
266141;2020-01-31;"sexta-feira";"03:45:00";"MG";262;547,4;"LUZ";"Velocidade Incompatível";"Colisão frontal";"Com Vítimas Fatais";"Plena Noite";"Crescente";"Céu Claro";"Simples";"Curva";"Não";3;1;0;1;1;0;1;3;-19,74019;-45,86035;"SR-MG";"DEL4/8";"UOP02/MG"
266142;2020-01-31;"sexta-feira";"07:30:00";"SC";282;161,5;"BOM RETIRO";"Condutor Dormindo";"Saída de leito carroçável";"Com Vítimas Feridas";"Pleno dia";"Crescente";"Céu Claro";"Simples";"Reta";"Não";3;0;1;0;2;0;1;1;-27,73123;-49,76303;"SR-SC";"DEL8/5";"UOP01/SC"
266143;2020-01-31;"sexta-feira";"08:50:00";"GO";153;500;"GOIANIA";"Defeito Mecânico no Veículo";"Queda de ocupante de veículo";"Com Vítimas Feridas";"Pleno dia";"Crescente";"Céu Claro";"Dupla";"Reta";"Sim";2;0;0;1;1;0;1;1;-16,7118;-49,2324;"SR-GO";"DEL1/1";"UOP01/GO"
266145;2020-01-31;"sexta-feira";"08:10:00";"MS";463;5,5;"DOURADOS";"Carga excessiva e/ou mal acondicionada";"Colisão com objeto estático";"Com Vítimas Feridas";"Pleno dia";"Decrescente";"Nublado";"Simples";"Reta";"Não";1;0;1;0;0;0;1;1;-22,25825;-54,85221;"SR-MS";"DEL3/4";"UOP01/MS"
266147;2020-01-31;"sexta-feira";"06:30:00";"SP";116;315,1;"JUQUITIBA";"Defeito Mecânico no Veículo";"Saída de leito carroçável";"Sem Vítimas";"Pleno dia";"Crescente";"Céu Claro";"Dupla";"Desvio Temporário";"Não";2;0;0;0;1;1;0;1;-23,90252;-46,99049;"SR-SP";"DEL6/4";"UOP01/SP"
266148;2020-01-31;"sexta-feira";"08:30:00";"RJ";116;222,5;"PIRAI";"Carga excessiva e/ou mal acondicionada";"Tombamento";"Sem Vítimas";"Pleno dia";"Decrescente";"Céu Claro";"Dupla";"Curva";"Não";1;0;0;0;1;0;0;1;-22,6897;-43,79175;"SR-RJ";"DEL5/7";"UOP01/RJ"
266149;2020-01-31;"sexta-feira";"08:40:00";"RJ";101;298;"ITABORAI";"Falta de Atenção à Condução";"Colisão traseira";"Com Vítimas Feridas";"Pleno dia";"Crescente";"Céu Claro";"Dupla";"Reta";"Sim";3;0;1;0;2;0;1;2;-22,7714;-42,92896;"SR-RJ";"DEL5/2";"UOP01/RJ"
266150;2020-01-31;"sexta-feira";"09:35:00";"MS";163;534,5;"JARAGUARI";"Pista Escorregadia";"Tombamento";"Com Vítimas Feridas";"Pleno dia";"Crescente";"Céu Claro";"Dupla";"Reta";"Não";1;0;1;0;0;0;1;1;-20,04205;-54,41341;"SR-MS";"DEL3/1";"UOP02/MS"
266151;2020-01-31;"sexta-feira";"10:30:00";"MG";116;223,1;"CATUJI";"Velocidade Incompatível";"Tombamento";"Com Vítimas Feridas";"Pleno dia";"Decrescente";"Céu Claro";"Simples";"Não Informado";"Não";1;0;0;1;0;0;1;1;-17,43144;-41,51475;"SR-MG";"DEL4/11";"UOP01/MG"
266152;2020-01-31;"sexta-feira";"10:30:00";"SC";101;151,6;"ITAPEMA";"Desobediência às normas de trânsito pelo condutor";"Colisão transversal";"Com Vítimas Feridas";"Pleno dia";"Decrescente";"Nublado";"Múltipla";"Interseção de vias";"Sim";2;0;1;0;1;0;1;2;-27,132;-48,60957;"SR-SC";"DEL8/4";"UOP03/SC"
266154;2020-01-31;"sexta-feira";"09:05:00";"SC";280;53,2;"GUARAMIRIM";"Desobediência às normas de trânsito pelo condutor";"Colisão transversal";"Com Vítimas Feridas";"Pleno dia";"Crescente";"Céu Claro";"Simples";"Reta";"Sim";3;0;0;2;1;0;2;2;-26,47237;-48,97427;"SR-SC";"DEL8/3";"UOP03/SC"
266155;2020-01-19;"domingo";"16:15:00";"MG";251;350,4;"PADRE CARVALHO";"Falta de Atenção à Condução";"Colisão lateral";"Com Vítimas Feridas";"Pleno dia";"Decrescente";"Sol";"Simples";"Desvio Temporário";"Não";3;0;0;1;2;0;1;3;-16,28127;-42,53473;"SR-MG";"DEL4/12";"UOP01/MG"
266156;2020-01-31;"sexta-feira";"11:00:00";"SC";101;238;"PALHOCA";"Desobediência às normas de trânsito pelo condutor";"Saída de leito carroçável";"Com Vítimas Feridas";"Pleno dia";"Crescente";"Céu Claro";"Dupla";"Reta";"Não";2;0;2;0;0;0;2;1;-27,84294;-48,63472;"SR-SC";"DEL8/1";"UOP02/SC"
266157;2020-01-31;"sexta-feira";"11:00:00";"RJ";40;7;"TRES RIOS";"Velocidade Incompatível";"Colisão com objeto estático";"Com Vítimas Feridas";"Pleno dia";"Decrescente";"Céu Claro";"Dupla";"Interseção de vias";"Não";1;0;1;0;0;0;1;1;-22,03413;-43,22248;"SR-RJ";"DEL5/6";"UOP01/RJ"
266159;2020-01-23;"quinta-feira";"18:45:00";"GO";153;504;"APARECIDA DE GOIANIA";"Falta de Atenção à Condução";"Colisão traseira";"Com Vítimas Feridas";"Anoitecer";"Crescente";"Chuva";"Dupla";"Desvio Temporário";"Sim";2;0;1;0;1;0;1;2;-16,7451;-49,2408;"SR-GO";"DEL1/1";"UOP01/GO"
266160;2020-01-31;"sexta-feira";"11:30:00";"BA";324;615;"SALVADOR";"Não guardar distância de segurança";"Engavetamento";"Sem Vítimas";"Pleno dia";"Decrescente";"Chuva";"Dupla";"Reta";"Não";3;0;0;0;3;0;0;3;-12,87206;-38,42746;"SR-BA";"DEL10/1";"UOP01/BA"
266161;2020-01-23;"quinta-feira";"16:23:00";"SP";116;202,3;"ARUJA";"Pista Escorregadia";"Colisão traseira";"Com Vítimas Feridas";"Pleno dia";"Crescente";"Chuva";"Dupla";"Reta";"Sim";3;0;2;0;1;0;2;2;-23,40809;-46,3386;"SR-SP";"DEL6/1";"UOP01/SP"
266163;2020-01-31;"sexta-feira";"11:50:00";"PB";230;20;"JOAO PESSOA";"Falta de Atenção do Pedestre";"Atropelamento de Pedestre";"Com Vítimas Feridas";"Pleno dia";"Crescente";"Céu Claro";"Dupla";"Reta";"Não";2;0;0;1;1;0;1;1;-7,1337;-34,8544;"SR-PB";"DEL14/1";"UOP01/PB"
266164;2020-01-31;"sexta-feira";"12:10:00";"PR";376;5,4;"MANDAGUARI";"Desobediência às normas de trânsito pelo condutor";"Colisão lateral";"Com Vítimas Feridas";"Pleno dia";"Crescente";"Céu Claro";"Simples";"Reta";"Sim";2;0;1;0;1;0;1;2;-23,52875;-51,67562;"SR-PR";"DEL7/7";"UOP04/PR"
266165;2020-01-31;"sexta-feira";"12:10:00";"MT";163;762,9;"SORRISO";"Falta de Atenção à Condução";"Colisão frontal";"Com Vítimas Feridas";"Pleno dia";"Crescente";"Céu Claro";"Simples";"Reta";"Não";2;0;0;1;1;0;1;2;-12,58369;-55,73516;"SR-MT";"DEL2/6";"UOP01/MT"
266166;2020-01-31;"sexta-feira";"12:25:00";"MG";116;590,3;"MANHUACU";"Condutor Dormindo";"Saída de leito carroçável";"Com Vítimas Feridas";"Pleno dia";"Decrescente";"Céu Claro";"Simples";"Reta";"Não";3;0;3;0;0;0;3;1;-20,2554;-42,1414;"SR-MG";"DEL4/6";"UOP04/MG"
266167;2020-01-31;"sexta-feira";"10:30:00";"MA";230;371;"BALSAS";"Falta de Atenção à Condução";"Queda de ocupante de veículo";"Com Vítimas Feridas";"Pleno dia";"Crescente";"Céu Claro";"Simples";"Reta";"Não";3;0;2;1;0;0;3;1;-7,254877;-45,91476;"SR-MA";"DEL18/5";"UOP01/MA"
266168;2020-01-31;"sexta-feira";"13:10:00";"SC";101;186,5;"BIGUACU";"Falta de Atenção à Condução";"Colisão com objeto estático";"Com Vítimas Feridas";"Pleno dia";"Decrescente";"Céu Claro";"Dupla";"Reta";"Não";1;0;1;0;0;0;1;1;-27,43411;-48,62567;"SR-SC";"DEL8/1";"UOP01/SC"
266169;2020-01-31;"sexta-feira";"12:30:00";"RJ";101;206;"CASIMIRO DE ABREU";"Velocidade Incompatível";"Tombamento";"Com Vítimas Feridas";"Pleno dia";"Crescente";"Sol";"Simples";"Reta";"Sim";15;0;11;3;1;0;14;1;-22,47673;-42,20173;"SR-RJ";"DEL5/2";"UOP03/RJ"
266171;2020-01-31;"sexta-feira";"12:40:00";"PE";408;94,6;"SAO LOURENCO DA MATA";"Animais na Pista";"Atropelamento de Animal";"Sem Vítimas";"Pleno dia";"Decrescente";"Nublado";"Dupla";"Reta";"Não";1;0;0;0;1;0;0;1;-8,004482;-35,04643;"SR-PE";"DEL11/1";"UOP01/PE"
266173;2020-01-31;"sexta-feira";"14:35:00";"PE";101;146,7;"RIBEIRAO";"Condutor Dormindo";"Saída de leito carroçável";"Com Vítimas Feridas";"Pleno dia";"Decrescente";"Céu Claro";"Dupla";"Reta";"Não";1;0;1;0;0;0;1;1;-8,466223;-35,36918;"SR-PE";"DEL11/1";"UOP03/PE"
266174;2020-01-31;"sexta-feira";"13:25:00";"PR";277;239,4;"IRATI";"Desobediência às normas de trânsito pelo condutor";"Colisão transversal";"Com Vítimas Feridas";"Pleno dia";"Decrescente";"Céu Claro";"Simples";"Reta";"Não";5;0;4;0;1;0;4;2;-25,45401;-50,61753;"SR-PR";"DEL7/3";"UOP04/PR"
266175;2020-01-31;"sexta-feira";"15:10:00";"MG";381;901;"CAMBUI";"Não guardar distância de segurança";"Colisão traseira";"Com Vítimas Feridas";"Pleno dia";"Decrescente";"Céu Claro";"Dupla";"Reta";"Não";2;0;1;0;1;0;1;2;-22,66923;-46,09354;"SR-MG";"DEL09";"UOP03/MG"
266177;2020-01-31;"sexta-feira";"11:20:00";"SC";280;8;"SAO FRANCISCO DO SUL";"Falta de Atenção à Condução";"Colisão transversal";"Com Vítimas Feridas";"Pleno dia";"Crescente";"Sol";"Simples";"Reta";"Sim";2;0;1;0;1;0;1;2;-26,27887;-48,64669;"SR-SC";"DEL8/3";"UOP03/SC"
266178;2020-01-31;"sexta-feira";"09:00:00";"GO";364;204,7;"JATAI";"Velocidade Incompatível";"Colisão lateral";"Sem Vítimas";"Pleno dia";"Crescente";"Céu Claro";"Simples";"Desvio Temporário";"Não";5;0;0;0;5;0;0;4;-17,9077;-51,80136;"SR-GO";"DEL1/5";"UOP01/GO"
266179;2020-01-31;"sexta-feira";"13:40:00";"PR";376;665;"GUARATUBA";"Velocidade Incompatível";"Colisão com objeto estático";"Com Vítimas Feridas";"Pleno dia";"Crescente";"Nublado";"Simples";"Desvio Temporário";"Não";1;0;1;0;0;0;1;1;-25,85456;-48,95671;"SR-PR";"DEL7/1";"UOP08/PR"
266180;2020-01-31;"sexta-feira";"10:00:00";"MG";50;29;"ARAGUARI";"Velocidade Incompatível";"Saída de leito carroçável";"Com Vítimas Feridas";"Pleno dia";"Decrescente";"Céu Claro";"Dupla";"Curva";"Não";1;0;0;1;0;0;1;1;-18,62034;-48,11087;"SR-MG";"DEL4/15";"UOP02/MG"
266181;2020-01-31;"sexta-feira";"12:40:00";"RS";293;136;"CANDIOTA";"Ingestão de álcool e/ou substâncias psicoativas pelo pedestre";"Colisão com objeto estático";"Sem Vítimas";"Pleno dia";"Decrescente";"Céu Claro";"Simples";"Reta";"Sim";1;0;0;0;1;0;0;1;-31,47444;-53,64695;"SR-RS";"DEL9/11";"UOP03/RS"
266182;2020-01-23;"quinta-feira";"08:10:00";"ES";101;387;"RIO NOVO DO SUL";"Falta de Atenção à Condução";"Tombamento";"Sem Vítimas";"Amanhecer";"Crescente";"Nublado";"Dupla";"Curva";"Não";1;0;0;0;1;0;0;1;-20,84938;-40,87581;"SR-ES";"DEL12/3";"UOP01/ES"
266184;2020-01-31;"sexta-feira";"11:20:00";"RO";364;799;"PORTO VELHO";"Falta de Atenção à Condução";"Colisão frontal";"Com Vítimas Feridas";"Pleno dia";"Crescente";"Céu Claro";"Simples";"Reta";"Não";2;0;1;0;1;0;1;2;-9,257213;-64,38678;"SR-RO";"DEL21/1";"UOP02/RO"
266185;2020-01-31;"sexta-feira";"16:00:00";"RN";110;46,7;"MOSSORO";"Falta de Atenção à Condução";"Colisão lateral";"Sem Vítimas";"Pleno dia";"Decrescente";"Céu Claro";"Simples";"Rotatória";"Sim";2;0;0;0;1;1;0;2;-5,201914;-37,32354;"SR-RN";"DEL15/4";"UOP01/RN"
266186;2020-01-31;"sexta-feira";"15:55:00";"SC";101;207,9;"SAO JOSE";"Não guardar distância de segurança";"Colisão lateral";"Com Vítimas Feridas";"Pleno dia";"Decrescente";"Céu Claro";"Múltipla";"Reta";"Sim";2;0;1;0;1;0;1;2;-27,60001;-48,62265;"SR-SC";"DEL8/1";"UOP01/SC"
266188;2020-01-31;"sexta-feira";"12:50:00";"PR";476;116;"COLOMBO";"Falta de Atenção à Condução";"Colisão transversal";"Com Vítimas Feridas";"Pleno dia";"Decrescente";"Céu Claro";"Dupla";"Retorno Regulamentado";"Sim";2;0;1;0;1;0;1;2;-25,34923;-49,16482;"SR-PR";"DEL7/1";"UOP06/PR"
266189;2020-01-31;"sexta-feira";"16:29:00";"SP";116;154,9;"SAO JOSE DOS CAMPOS";"Falta de Atenção à Condução";"Colisão lateral";"Com Vítimas Feridas";"Pleno dia";"Crescente";"Sol";"Dupla";"Reta";"Sim";2;0;1;0;1;0;1;2;-23,23904;-45,92062;"SR-SP";"DEL6/2";"UOP01/SP"
266190;2020-01-31;"sexta-feira";"15:05:00";"PR";376;173,9;"PONTA GROSSA";"Ingestão de Álcool";"Colisão traseira";"Sem Vítimas";"Pleno dia";"Crescente";"Céu Claro";"Múltipla";"Reta";"Sim";3;0;0;0;2;1;0;3;-25,0943;-50,41695;"SR-PR";"DEL7/7";"UOP04/PR"