"id";"data_inversa";"dia_semana";"horario";"uf";"br";"km";"municipio";"causa_acidente";"tipo_acidente";"classificacao_acidente";"fase_dia";"sentido_via";"condicao_metereologica";"tipo_pista";"tracado_via";"uso_solo";"pessoas";"mortos";"feridos_leves";"feridos_graves";"ilesos";"ignorados";"feridos";"veiculos";"latitude";"longitude";"regional";"delegacia";"uop"
266393;2020-02-01;"sábado";"13:00:00";"PE";101;132;"ESCADA";"Falta de Atenção à Condução";"Colisão traseira";"Com Vítimas Fatais";"Pleno dia";"Decrescente";"Sol";"Dupla";"Reta";"Não";2;1;0;0;0;1;0;2;-8,404685;-35,27018;"SR-PE";"DEL11/1";"UOP03/PE"
266394;2020-02-01;"sábado";"13:00:00";"MG";381;940,5;"EXTREMA";"Velocidade Incompatível";"Colisão traseira";"Com Vítimas Feridas";"Pleno dia";"Decrescente";"Chuva";"Dupla";"Curva";"Não";2;0;1;0;1;0;1;2;-22,82604;-46,31308;"SR-MG";"DEL09";"UOP03/MG"
266395;2020-02-01;"sábado";"12:45:00";"SC";101;209;"SAO JOSE";"Falta de Atenção à Condução";"Engavetamento";"Com Vítimas Feridas";"Pleno dia";"Crescente";"Sol";"Dupla";"Reta";"Sim";5;0;1;0;4;0;1;4;-27,61001;-48,63895;"SR-SC";"DEL8/1";"UOP01/SC"
266396;2020-02-01;"sábado";"13:10:00";"MG";381;923;"ITAPEVA";"Pista Escorregadia";"Saída de leito carroçável";"Com Vítimas Feridas";"Pleno dia";"Decrescente";"Chuva";"Dupla";"Curva";"Não";2;0;1;0;0;1;1;1;-22,76715;-46,22667;"SR-MG";"DEL09";"UOP03/MG"
266397;2020-02-01;"sábado";"11:05:00";"RO";364;383;"OURO PRETO DO OESTE";"Falta de Atenção à Condução";"Colisão transversal";"Sem Vítimas";"Pleno dia";"Crescente";"Céu Claro";"Simples";"Reta";"Não";2;0;0;0;2;0;0;2;-10,72104;-62,24385;"SR-RO";"DEL21/2";"UOP01/RO"
266398;2020-02-01;"sábado";"13:00:00";"MG";116;665;"SAO FRANCISCO DO GLORIA";"Avarias e/ou desgaste excessivo no pneu";"Colisão frontal";"Com Vítimas Feridas";"Pleno dia";"Crescente";"Chuva";"Simples";"Não Informado";"Não";3;0;2;0;1;0;2;2;-20,81404;-42,31498;"SR-MG";"DEL4/7";"UOP03/MG"
266399;2020-02-01;"sábado";"12:45:00";"SP";153;163,8;"PROMISSAO";"Falta de Atenção à Condução";"Colisão lateral";"Com Vítimas Feridas";"Pleno dia";"Decrescente";"Nublado";"Simples";"Não Informado";"Não";2;0;0;1;1;0;1;2;-21,53432;-49,78178;"SR-SP";"DEL6/07";"UOP01/SP"
266400;2020-02-01;"sábado";"12:30:00";"PI";316;43,2;"LAGOA DO PIAUI";"Desobediência às normas de trânsito pelo condutor";"Colisão transversal";"Com Vítimas Fatais";"Pleno dia";"Decrescente";"Sol";"Simples";"Desvio Temporário";"Não";2;1;0;0;1;0;0;2;-5,428386;-42,63687;"SR-PI";"DEL17/1";"UOP02/PI"
266401;2020-02-01;"sábado";"12:50:00";"RS";116;309;"GUAIBA";"Ingestão de Álcool";"Colisão frontal";"Com Vítimas Feridas";"Pleno dia";"Crescente";"Céu Claro";"Simples";"Reta";"Não";3;0;1;2;0;0;3;2;-30,19187;-51,39787;"SR-RS";"DEL9/2";"UOP01/RS"
266402;2020-02-01;"sábado";"13:01:00";"SC";101;258;"PAULO LOPES";"Falta de Atenção à Condução";"Colisão traseira";"Com Vítimas Feridas";"Pleno dia";"Crescente";"Céu Claro";"Dupla";"Não Informado";"Não";2;0;1;0;1;0;1;2;-28,0088;-48,69561;"SR-SC";"DEL8/2";"UOP03/SC"
266403;2020-02-01;"sábado";"11:20:00";"MS";262;443,5;"DOIS IRMAOS DO BURITI";"Desobediência às normas de trânsito pelo condutor";"Colisão transversal";"Sem Vítimas";"Pleno dia";"Decrescente";"Céu Claro";"Simples";"Rotatória";"Não";7;0;0;0;7;0;0;2;-20,5242;-55,39215;"SR-MS";"DEL3/3";"UOP01/MS"
266404;2020-02-01;"sábado";"12:45:00";"RS";293;189,2;"BAGE";"Desobediência às normas de trânsito pelo condutor";"Colisão transversal";"Sem Vítimas";"Pleno dia";"Decrescente";"Céu Claro";"Simples";"Interseção de vias";"Não";8;0;0;0;8;0;0;2;-31,26563;-54,1374;"SR-RS";"DEL9/11";"UOP03/RS"
266405;2020-02-01;"sábado";"01:20:00";"PE";232;113;"BEZERROS";"Pista Escorregadia";"Saída de leito carroçável";"Com Vítimas Feridas";"Pleno dia";"Crescente";"Chuva";"Dupla";"Curva";"Sim";3;0;1;0;2;0;1;2;-8,299065;-35,84022;"SR-PE";"DEL11/2";"UOP02/PE"
266407;2020-02-01;"sábado";"14:20:00";"RS";116;655,2;"JAGUARAO";"Desobediência às normas de trânsito pelo condutor";"Colisão traseira";"Com Vítimas Feridas";"Pleno dia";"Decrescente";"Céu Claro";"Simples";"Interseção de vias";"Sim";2;0;1;0;1;0;1;2;-32,55437;-53,38595;"SR-RS";"DEL9/7";"UOP03/RS"
266408;2020-02-01;"sábado";"13:10:00";"PI";343;348,5;"TERESINA";"Desobediência às normas de trânsito pelo condutor";"Colisão transversal";"Com Vítimas Feridas";"Pleno dia";"Crescente";"Sol";"Simples";"Reta";"Sim";2;0;0;1;0;1;1;2;-5,118706;-42,78641;"SR-PI";"DEL17/1";"UOP01/PI"
266409;2020-02-01;"sábado";"14:20:00";"PB";230;22;"JOAO PESSOA";"Falta de Atenção à Condução";"Colisão traseira";"Com Vítimas Feridas";"Pleno dia";"Crescente";"Céu Claro";"Dupla";"Reta";"Não";4;0;2;0;2;0;2;2;-7,1495;-34,8517;"SR-PB";"DEL14/1";"UOP01/PB"
266410;2020-02-01;"sábado";"14:00:00";"RN";304;35,5;"MOSSORO";"Falta de Atenção à Condução";"Colisão traseira";"Sem Vítimas";"Pleno dia";"Crescente";"Céu Claro";"Dupla";"Rotatória";"Sim";2;0;0;0;2;0;0;2;-5,166173;-37,35188;"SR-RN";"DEL15/4";"UOP02/RN"
266411;2020-02-01;"sábado";"14:00:00";"SP";116;165,1;"JACAREI";"Falta de Atenção à Condução";"Incêndio";"Sem Vítimas";"Pleno dia";"Decrescente";"Céu Claro";"Múltipla";"Desvio Temporário";"Sim";1;0;0;0;1;0;0;1;-23,29692;-46,00799;"SR-SP";"DEL6/2";"UOP01/SP"
266413;2020-02-01;"sábado";"14:00:00";"MG";40;530,8;"BELO HORIZONTE";"Falta de Atenção do Pedestre";"Atropelamento de Pedestre";"Com Vítimas Feridas";"Pleno dia";"Decrescente";"Nublado";"Dupla";"Curva";"Sim";3;0;1;0;2;0;1;1;-19,92065;-44,03357;"SR-MG";"DEL4/1";"UOP02/MG"
266414;2020-02-01;"sábado";"14:30:00";"SC";101;339,2;"TUBARAO";"Falta de Atenção à Condução";"Engavetamento";"Com Vítimas Feridas";"Pleno dia";"Decrescente";"Sol";"Dupla";"Não Informado";"Sim";3;0;1;0;2;0;1;3;-28,50713;-49,04936;"SR-SC";"DEL8/2";"UOP01/SC"
266416;2020-02-01;"sábado";"14:40:00";"DF";80;20;"BRASILIA";"Falta de Atenção à Condução";"Colisão traseira";"Com Vítimas Feridas";"Pleno dia";"Crescente";"Sol";"Dupla";"Reta";"Sim";2;0;1;0;1;0;1;2;-15,65809;-48,20303;"SR-DF";"UOP06/DF";""
266417;2020-01-24;"sexta-feira";"19:30:00";"PR";153;235;"TIBAGI";"Falta de Atenção à Condução";"Saída de leito carroçável";"Com Vítimas Feridas";"Anoitecer";"Crescente";"Nublado";"Simples";"Não Informado";"Não";1;0;1;0;0;0;1;1;-24,73616;-50,45456;"SR-PR";"DEL7/3";"UOP05/PR"
266418;2020-02-01;"sábado";"15:00:00";"PE";101;69,8;"RECIFE";"Desobediência às normas de trânsito pelo condutor";"Colisão traseira";"Com Vítimas Feridas";"Pleno dia";"Crescente";"Céu Claro";"Simples";"Curva";"Sim";2;0;1;0;1;0;1;2;-8,059516;-34,94581;"SR-PE";"DEL11/1";"UOP01/PE"
266419;2020-02-01;"sábado";"14:30:00";"GO";153;552,2;"PIRACANJUBA";"Defeito Mecânico no Veículo";"Capotamento";"Com Vítimas Feridas";"Pleno dia";"Crescente";"Céu Claro";"Dupla";"Não Informado";"Não";1;0;1;0;0;0;1;1;-17,1589;-49,2139;"SR-GO";"DEL1/1";"UOP03/GO"
266420;2020-02-01;"sábado";"15:00:00";"SP";459;29,8;"LORENA";"Pista Escorregadia";"Colisão frontal";"Com Vítimas Feridas";"Pleno dia";"Crescente";"Chuva";"Simples";"Reta";"Sim";3;0;1;0;2;0;1;2;-22,71723;-45,10839;"SR-SP";"DEL6/8";"UOP03/SP"
266421;2020-02-01;"sábado";"14:50:00";"MG";262;451,2;"NOVA SERRANA";"Animais na Pista";"Atropelamento de Animal";"Com Vítimas Feridas";"Pleno dia";"Decrescente";"Nublado";"Simples";"Reta";"Não";2;0;0;1;1;0;1;1;-19,84247;-45,04485;"SR-MG";"DEL4/8";"UOP03/MG"
266422;2020-02-01;"sábado";"15:00:00";"PR";163;185;"SANTA TEREZA DO OESTE";"Velocidade Incompatível";"Saída de leito carroçável";"Com Vítimas Feridas";"Pleno dia";"Decrescente";"Sol";"Dupla";"Curva";"Não";1;0;1;0;0;0;1;1;-25,13566;-53,5836;"SR-PR";"DEL7/4";"UOP06/PR"
266423;2020-02-01;"sábado";"14:30:00";"AL";101;50,5;"FLEXEIRAS";"Falta de Atenção à Condução";"Saída de leito carroçável";"Com Vítimas Feridas";"Pleno dia";"Crescente";"Céu Claro";"Dupla";"Curva";"Não";1;0;1;0;0;0;1;1;-9,236266;-35,76617;"SR-AL";"DEL13/1";"UOP02/AL"
266424;2020-02-01;"sábado";"13:00:00";"RO";435;82;"COLORADO DO OESTE";"Pista Escorregadia";"Colisão lateral";"Com Vítimas Feridas";"Pleno dia";"Crescente";"Nublado";"Simples";"Não Informado";"Não";2;0;1;0;1;0;1;2;-13,11454;-60,5058;"SR-RO";"DEL21/4";"UOP02/RO"
266425;2020-02-01;"sábado";"11:50:00";"GO";40;97,4;"CRISTALINA";"Desobediência às normas de trânsito pelo condutor";"Colisão lateral";"Com Vítimas Feridas";"Pleno dia";"Crescente";"Céu Claro";"Simples";"Não Informado";"Sim";3;0;2;0;1;0;2;2;-16,75768;-47,60161;"SR-DF";"UOP02/DF";""
266427;2020-02-01;"sábado";"13:08:00";"SC";101;338,5;"TUBARAO";"Carga excessiva e/ou mal acondicionada";"Derramamento de carga";"Sem Vítimas";"Pleno dia";"Decrescente";"Céu Claro";"Dupla";"Reta";"Não";1;0;0;0;1;0;0;1;-28,49887;-49,04675;"SR-SC";"DEL8/2";"UOP01/SC"
266428;2020-02-01;"sábado";"15:40:00";"PB";101;97;"ALHANDRA";"Falta de Atenção à Condução";"Saída de leito carroçável";"Com Vítimas Feridas";"Pleno dia";"Crescente";"Nublado";"Dupla";"Reta";"Sim";3;0;1;1;1;0;2;1;-7,238463;-34,92685;"SR-PB";"DEL14/1";"UOP01/PB"
266429;2020-02-01;"sábado";"12:00:00";"RO";364;540;"ARIQUEMES";"Falta de Atenção à Condução";"Tombamento";"Sem Vítimas";"Pleno dia";"Crescente";"Céu Claro";"Simples";"Curva";"Não";1;0;0;0;1;0;0;1;-9,725236;-63,119;"SR-RO";"DEL21/3";"UOP01/RO"
266430;2020-02-01;"sábado";"15:50:00";"SP";381;75,8;"SAO PAULO";"Velocidade Incompatível";"Colisão com objeto estático";"Com Vítimas Feridas";"Pleno dia";"Crescente";"Chuva";"Dupla";"Não Informado";"Não";1;0;1;0;0;0;1;1;-23,3766;-46,5641;"SR-SP";"DEL6/3";"UOP02/SP"
266431;2020-02-01;"sábado";"15:45:00";"RJ";393;175;"TRES RIOS";"Falta de Atenção à Condução";"Atropelamento de Pedestre";"Com Vítimas Feridas";"Pleno dia";"Crescente";"Nublado";"Simples";"Interseção de vias";"Não";2;0;1;0;0;1;1;1;-22,1231;-43,20364;"SR-RJ";"DEL5/6";"UOP01/RJ"
266432;2020-02-01;"sábado";"15:30:00";"PR";116;28,1;"CAMPINA GRANDE DO SUL";"Velocidade Incompatível";"Colisão com objeto estático";"Sem Vítimas";"Pleno dia";"Decrescente";"Chuva";"Dupla";"Não Informado";"Não";2;0;0;0;2;0;0;1;-25,07409;-48,75355;"SR-PR";"DEL7/1";"UOP02/PR"
266433;2020-02-01;"sábado";"14:30:00";"MT";364;617;"DIAMANTINO";"Desobediência às normas de trânsito pelo condutor";"Colisão transversal";"Com Vítimas Feridas";"Pleno dia";"Decrescente";"Céu Claro";"Dupla";"Reta";"Não";2;0;1;0;1;0;1;2;-14,40848;-56,32433;"SR-MT";"DEL2/4";"UOP01/MT"
266436;2020-02-01;"sábado";"14:00:00";"MT";364;189,5;"RONDONOPOLIS";"Velocidade Incompatível";"Saída de leito carroçável";"Sem Vítimas";"Pleno dia";"Decrescente";"Chuva";"Simples";"Reta";"Não";1;0;0;0;1;0;0;1;-16,55815;-54,56174;"SR-MT";"DEL2/2";"UOP01/MT"
266437;2020-02-01;"sábado";"15:30:00";"RJ";393;109;"SAPUCAIA";"Condutor Dormindo";"Saída de leito carroçável";"Com Vítimas Feridas";"Pleno dia";"Crescente";"Chuva";"Simples";"Não Informado";"Não";3;0;1;0;2;0;1;1;-21,88611;-42,69543;"SR-RJ";"DEL5/6";"UOP02/RJ"
266438;2020-02-01;"sábado";"15:59:00";"GO";40;7,7;"VALPARAISO DE GOIAS";"Falta de Atenção à Condução";"Colisão transversal";"Com Vítimas Feridas";"Pleno dia";"Decrescente";"Sol";"Simples";"Reta";"Não";2;0;1;0;1;0;1;1;-16,10848;-47,97252;"SR-DF";"UOP01/DF";""
266439;2020-02-01;"sábado";"13:00:00";"GO";364;386;"SANTA RITA DO ARAGUAIA";"Velocidade Incompatível";"Colisão lateral";"Com Vítimas Feridas";"Pleno dia";"Crescente";"Céu Claro";"Dupla";"Reta";"Sim";2;0;0;1;1;0;1;2;-17,32904;-53,20372;"SR-GO";"DEL1/5";"UOP01/GO"
266441;2020-02-01;"sábado";"12:50:00";"SC";280;30,9;"ARAQUARI";"Ingestão de Álcool";"Colisão traseira";"Sem Vítimas";"Pleno dia";"Crescente";"Sol";"Simples";"Reta";"Não";2;0;0;0;2;0;0;2;-26,41632;-48,77135;"SR-SC";"DEL8/3";"UOP03/SC"
266442;2020-02-01;"sábado";"14:35:00";"SC";280;33;"ARAQUARI";"Falta de Atenção à Condução";"Colisão transversal";"Com Vítimas Feridas";"Pleno dia";"Decrescente";"Céu Claro";"Simples";"Reta";"Sim";3;0;1;0;2;0;1;2;-26,42576;-48,78741;"SR-SC";"DEL8/3";"UOP03/SC"
266443;2020-02-01;"sábado";"16:03:00";"SP";116;89,7;"PINDAMONHANGABA";"Defeito Mecânico no Veículo";"Saída de leito carroçável";"Sem Vítimas";"Pleno dia";"Decrescente";"Chuva";"Dupla";"Reta";"Não";1;0;0;0;1;0;0;1;-22,93931;-45,37875;"SR-SP";"DEL6";"UOP01/SP"
266444;2020-02-01;"sábado";"15:50:00";"SC";280;7,8;"SAO FRANCISCO DO SUL";"Ingestão de Álcool";"Colisão traseira";"Sem Vítimas";"Pleno dia";"Decrescente";"Céu Claro";"Simples";"Reta";"Sim";3;0;0;0;3;0;0;3;-26,27127;-48,6413;"SR-SC";"DEL8/3";"UOP03/SC"
266445;2020-02-01;"sábado";"15:59:00";"RS";470;231;"CARLOS BARBOSA";"Ingestão de Álcool";"Saída de leito carroçável";"Com Vítimas Feridas";"Pleno dia";"Decrescente";"Céu Claro";"Simples";"Reta";"Não";1;0;1;0;0;0;1;1;-29,28808;-51,48846;"SR-RS";"DEL9/6";"UOP01/RS"
266447;2020-02-01;"sábado";"15:50:00";"RJ";40;88;"PETROPOLIS";"Pista Escorregadia";"Colisão com objeto estático";"Com Vítimas Feridas";"Pleno dia";"Crescente";"Chuva";"Simples";"Curva";"Não";1;0;1;0;0;0;1;1;-22,54857;-43,23174;"SR-RJ";"DEL5/6";"UOP03/RJ"
266448;2020-02-01;"sábado";"15:10:00";"RJ";101;247;"SILVA JARDIM";"Falta de Atenção à Condução";"Capotamento";"Com Vítimas Feridas";"Pleno dia";"Crescente";"Chuva";"Dupla";"Curva";"Não";1;0;1;0;0;0;1;1;-22,65885;-42,49423;"SR-RJ";"DEL5/2";"UOP02/RJ"
266449;2020-02-01;"sábado";"11:55:00";"RO";364;477;"ARIQUEMES";"Ultrapassagem Indevida";"Colisão traseira";"Sem Vítimas";"Pleno dia";"Crescente";"Céu Claro";"Simples";"Curva";"Não";4;0;0;0;4;0;0;2;-10,15318;-62,84131;"SR-RO";"DEL21/3";"UOP01/RO"
266450;2020-02-01;"sábado";"17:30:00";"RN";101;103,9;"PARNAMIRIM";"Falta de Atenção à Condução";"Queda de ocupante de veículo";"Com Vítimas Feridas";"Anoitecer";"Decrescente";"Céu Claro";"Dupla";"Curva";"Sim";1;0;1;0;0;0;1;1;-5,891155;-35,25782;"SR-RN";"DEL15/1";"UOP01/RN"
266451;2020-02-01;"sábado";"15:10:00";"MG";40;578,7;"ITABIRITO";"Defeito Mecânico no Veículo";"Incêndio";"Sem Vítimas";"Pleno dia";"Decrescente";"Nublado";"Dupla";"Não Informado";"Não";1;0;0;0;1;0;0;1;-20,27946;-43,94661;"SR-MG";"DEL4/1";"UOP02/MG"
266452;2020-02-01;"sábado";"17:35:00";"MG";116;414;"GOVERNADOR VALADARES";"Defeito Mecânico no Veículo";"Queda de ocupante de veículo";"Com Vítimas Feridas";"Pleno dia";"Decrescente";"Céu Claro";"Simples";"Reta";"Sim";1;0;1;0;0;0;1;1;-18,88103;-41,95911;"SR-MG";"DEL4/6";"UOP01/MG"
266453;2020-02-01;"sábado";"09:30:00";"MG";262;19,7;"REDUTO";"Desobediência às normas de trânsito pelo condutor";"Colisão frontal";"Com Vítimas Feridas";"Pleno dia";"Decrescente";"Sol";"Simples";"Curva";"Não";4;0;2;2;0;0;4;2;-20,24812;-41,90212;"SR-MG";"DEL4/6";"UOP04/MG"
266454;2020-02-01;"sábado";"15:40:00";"RJ";40;8;"TRES RIOS";"Falta de Atenção à Condução";"Saída de leito carroçável";"Com Vítimas Feridas";"Pleno dia";"Decrescente";"Nublado";"Dupla";"Curva";"Não";1;0;1;0;0;0;1;1;-22,03999;-43,22079;"SR-RJ";"DEL5/6";"UOP01/RJ"
266455;2020-02-01;"sábado";"18:00:00";"SC";101;132;"BALNEARIO CAMBORIU";"Falta de Atenção à Condução";"Colisão transversal";"Com Vítimas Feridas";"Plena Noite";"Crescente";"Céu Claro";"Simples";"Interseção de vias";"Sim";3;0;1;0;1;1;1;3;-26,99654;-48,65565;"SR-SC";"DEL8/4";"UOP03/SC"
266456;2020-02-01;"sábado";"16:45:00";"MS";463;1,2;"DOURADOS";"Falta de Atenção à Condução";"Colisão traseira";"Com Vítimas Feridas";"Pleno dia";"Crescente";"Sol";"Simples";"Reta";"Sim";2;0;1;0;0;1;1;2;-22,25906;-54,81617;"SR-MS";"DEL3/4";"UOP01/MS"
266457;2020-02-01;"sábado";"17:45:00";"RJ";101;505;"ANGRA DOS REIS";"Falta de Atenção à Condução";"Colisão transversal";"Com Vítimas Feridas";"Plena Noite";"Crescente";"Chuva";"Simples";"Reta";"Sim";2;0;0;1;1;0;1;2;-22,93562;-44,39618;"SR-RJ";"DEL5/3";"UOP03/RJ"
266458;2020-02-01;"sábado";"17:20:00";"MT";163;510;"DIAMANTINO";"Agressão Externa";"Tombamento";"Com Vítimas Feridas";"Pleno dia";"Crescente";"Céu Claro";"Simples";"Reta";"Não";2;0;0;1;1;0;1;2;-14,589;-56,23082;"SR-MT";"DEL2/4";"UOP01/MT"
266459;2020-02-01;"sábado";"17:20:00";"RO";364;244;"CACOAL";"Falta de Atenção à Condução";"Colisão transversal";"Com Vítimas Feridas";"Pleno dia";"Decrescente";"Nublado";"Simples";"Desvio Temporário";"Não";5;0;0;1;4;0;1;2;-11,44011;-61,50592;"SR-RO";"DEL21/2";"UOP02/RO"
266460;2020-02-01;"sábado";"17:00:00";"GO";60;187;"GUAPO";"Pista Escorregadia";"Capotamento";"Com Vítimas Feridas";"Anoitecer";"Crescente";"Chuva";"Dupla";"Reta";"Não";1;0;0;1;0;0;1;1;-16,8068;-49,5257;"SR-GO";"DEL1/1";"UOP02/GO"
266461;2020-02-01;"sábado";"17:45:00";"RJ";40;4;"COMENDADOR LEVY GASPARIAN";"Falta de Atenção à Condução";"Saída de leito carroçável";"Com Vítimas Feridas";"Anoitecer";"Crescente";"Garoa/Chuvisco";"Dupla";"Reta";"Não";2;0;1;0;1;0;1;1;-22,01338;-43,23595;"SR-RJ";"DEL5/6";"UOP01/RJ"
266462;2020-02-01;"sábado";"18:35:00";"MG";381;531;"ITATIAIUCU";"Velocidade Incompatível";"Capotamento";"Com Vítimas Feridas";"Anoitecer";"Crescente";"Chuva";"Dupla";"Reta";"Não";2;0;1;0;1;0;1;1;-20,18183;-44,37896;"SR-MG";"DEL4/4";"UOP03/MG"
266463;2020-02-01;"sábado";"15:50:00";"PI";316;181,5;"VALENCA DO PIAUI";"Avarias e/ou desgaste excessivo no pneu";"Capotamento";"Com Vítimas Feridas";"Pleno dia";"Decrescente";"Nublado";"Simples";"Reta";"Não";5;0;3;0;0;2;3;1;-6,250596;-41,96549;"SR-PI";"DEL17/4";"UOP02/PI"
266465;2020-02-01;"sábado";"18:45:00";"PR";376;9;"MARINGA";"Pista Escorregadia";"Saída de leito carroçável";"Com Vítimas Feridas";"Plena Noite";"Crescente";"Chuva";"Dupla";"Reta";"Não";1;0;1;0;0;0;1;1;-23,4273;-51,9375;"SR-PR";"DEL7/7";"UOP04/PR"
266466;2020-02-01;"sábado";"17:30:00";"RS";116;215,8;"MORRO REUTER";"Desobediência às normas de trânsito pelo condutor";"Colisão lateral";"Com Vítimas Feridas";"Pleno dia";"Decrescente";"Céu Claro";"Simples";"Não Informado";"Não";3;0;0;1;2;0;1;2;-29,53533;-51,08499;"SR-RS";"DEL9/5";"UOP02/RS"
266468;2020-02-01;"sábado";"18:45:00";"MG";262;403,8;"PARA DE MINAS";"Falta de Atenção à Condução";"Colisão traseira";"Com Vítimas Feridas";"Anoitecer";"Decrescente";"Nublado";"Dupla";"Curva";"Não";2;0;1;0;1;0;1;2;-19,88617;-44,63321;"SR-MG";"DEL4/8";"UOP03/MG"
266469;2020-02-01;"sábado";"17:25:00";"MG";40;41,6;"PARACATU";"Falta de Atenção à Condução";"Colisão transversal";"Sem Vítimas";"Anoitecer";"Decrescente";"Céu Claro";"Simples";"Rotatória";"Sim";2;0;0;0;2;0;0;2;-17,21271;-46,87295;"SR-MG";"DEL4/14";"UOP01/MG"
266470;2020-02-01;"sábado";"18:30:00";"PI";343;16,8;"PARNAIBA";"Não guardar distância de segurança";"Colisão traseira";"Sem Vítimas";"Plena Noite";"Crescente";"Céu Claro";"Simples";"Reta";"Sim";3;0;0;0;2;1;0;2;-2,945431;-41,75646;"SR-PI";"DEL17/5";"UOP01/PI"
266471;2020-02-01;"sábado";"19:15:00";"MG";116;671,6;"MIRADOURO";"Falta de Atenção do Pedestre";"Atropelamento de Pedestre";"Com Vítimas Fatais";"Plena Noite";"Crescente";"Céu Claro";"Simples";"Reta";"Não";4;1;0;2;0;1;2;1;-20,86859;-42,3299;"SR-MG";"DEL4/7";"UOP03/MG"
266472;2020-02-01;"sábado";"19:30:00";"RJ";356;50,7;"ITAPERUNA";"Ingestão de Álcool";"Colisão traseira";"Com Vítimas Feridas";"Plena Noite";"Crescente";"Nublado";"Simples";"Curva";"Sim";5;0;3;0;2;0;3;2;-21,2579;-41,7677;"SR-RJ";"DEL5/8";"UOP03/RJ"
266473;2020-02-01;"sábado";"17:20:00";"MT";174;315;"PONTES E LACERDA";"Defeito na Via";"Saída de leito carroçável";"Com Vítimas Feridas";"Pleno dia";"Crescente";"Nublado";"Simples";"Reta";"Não";1;0;0;1;0;0;1;1;-15,00705;-59,28722;"SR-MT";"DEL2/7";"UOP01/MT"
266474;2020-02-01;"sábado";"19:25:00";"PE";423;71,9;"JUPI";"Pista Escorregadia";"Colisão frontal";"Com Vítimas Fatais";"Plena Noite";"Decrescente";"Chuva";"Simples";"Reta";"Não";23;3;17;3;0;0;20;2;-8,692506;-36,41167;"SR-PE";"DEL11/3";"UOP01/PE"
266475;2020-02-01;"sábado";"19:20:00";"SP";381;52,4;"ATIBAIA";"Falta de Atenção à Condução";"Colisão lateral";"Com Vítimas Feridas";"Plena Noite";"Crescente";"Garoa/Chuvisco";"Dupla";"Curva";"Não";2;0;1;0;1;0;1;2;-23,23319;-46,60194;"SR-SP";"DEL6/3";"UOP02/SP"
266476;2020-02-01;"sábado";"18:20:00";"PB";230;162,2;"CAMPINA GRANDE";"Ingestão de Álcool";"Colisão frontal";"Com Vítimas Feridas";"Plena Noite";"Crescente";"Garoa/Chuvisco";"Simples";"Curva";"Não";3;0;1;0;1;1;1;2;-7,2277;-35,9439;"SR-PB";"DEL14/2";"UOP01/PB"
266478;2020-02-01;"sábado";"19:10:00";"RS";153;50;"ERECHIM";"Defeito Mecânico no Veículo";"Colisão transversal";"Com Vítimas Feridas";"Anoitecer";"Decrescente";"Céu Claro";"Simples";"Reta";"Sim";2;0;1;0;1;0;1;2;-27,65623;-52,27555;"SR-RS";"DEL08";"UOP04/RS"
266479;2020-02-01;"sábado";"18:00:00";"PR";376;313,5;"ORTIGUEIRA";"Falta de Atenção à Condução";"Queda de ocupante de veículo";"Com Vítimas Feridas";"Anoitecer";"Crescente";"Nublado";"Simples";"Curva";"Não";1;0;1;0;0;0;1;1;-24,01071;-51,09287;"SR-PR";"DEL7/7";"UOP02/PR"
266481;2020-02-01;"sábado";"18:20:00";"MA";10;255;"IMPERATRIZ";"Falta de Atenção à Condução";"Colisão lateral";"Com Vítimas Feridas";"Anoitecer";"Decrescente";"Nublado";"Múltipla";"Interseção de vias";"Sim";3;0;2;0;1;0;2;2;-5,510255;-47,47175;"SR-MA";"DEL18/4";"UOP01/MA"
266482;2020-02-01;"sábado";"19:53:00";"SP";116;128,8;"CACAPAVA";"Falta de Atenção do Pedestre";"Atropelamento de Pedestre";"Com Vítimas Fatais";"Plena Noite";"Decrescente";"Chuva";"Dupla";"Reta";"Sim";2;1;0;0;1;0;0;1;-23,11455;-45,71106;"SR-SP";"DEL6";"UOP01/SP"
266483;2020-02-01;"sábado";"19:45:00";"BA";116;703;"MANOEL VITORINO";"Falta de Atenção à Condução";"Tombamento";"Com Vítimas Feridas";"Plena Noite";"Decrescente";"Céu Claro";"Simples";"Curva";"Não";1;0;1;0;0;0;1;1;-14,05379;-40,20403;"SR-BA";"DEL10/3";"UOP01/BA"
266484;2020-02-01;"sábado";"20:00:00";"SC";101;332,8;"TUBARAO";"Desobediência às normas de trânsito pelo condutor";"Colisão transversal";"Com Vítimas Feridas";"Plena Noite";"Decrescente";"Céu Claro";"Múltipla";"Interseção de vias";"Sim";2;0;1;0;1;0;1;2;-28,46016;-48,98969;"SR-SC";"DEL8/2";"UOP01/SC"
266485;2020-02-01;"sábado";"20:00:00";"MG";40;606,3;"CONGONHAS";"Desobediência às normas de trânsito pelo condutor";"Colisão transversal";"Com Vítimas Feridas";"Plena Noite";"Crescente";"Ignorado";"Simples";"Reta";"Sim";4;0;1;0;2;1;1;2;-20,4758;-43,8427;"SR-MG";"DEL5";"UOP02/MG"
266487;2020-02-01;"sábado";"20:10:00";"AL";316;156;"PALMEIRA DOS INDIOS";"Animais na Pista";"Atropelamento de Animal";"Sem Vítimas";"Plena Noite";"Decrescente";"Garoa/Chuvisco";"Simples";"Reta";"Sim";1;0;0;0;1;0;0;1;-9,421501;-36,62537;"SR-AL";"DEL13/3";"UOP01/AL"
266488;2020-01-07;"terça-feira";"03:32:00";"BA";116;839,4;"VITORIA DA CONQUISTA";"Falta de Atenção do Pedestre";"Atropelamento de Pedestre";"Com Vítimas Feridas";"Plena Noite";"Crescente";"Nevoeiro/Neblina";"Simples";"Reta";"Não";2;0;0;1;1;0;1;1;-14,90785;-40,87301;"SR-BA";"DEL10/8";"UOP01/BA"