"id";"data_inversa";"dia_semana";"horario";"uf";"br";"km";"municipio";"causa_acidente";"tipo_acidente";"classificacao_acidente";"fase_dia";"sentido_via";"condicao_metereologica";"tipo_pista";"tracado_via";"uso_solo";"pessoas";"mortos";"feridos_leves";"feridos_graves";"ilesos";"ignorados";"feridos";"veiculos";"latitude";"longitude";"regional";"delegacia";"uop"
266489;2020-02-01;"sábado";"19:20:00";"BA";116;804;"VITORIA DA CONQUISTA";"Defeito Mecânico no Veículo";"Saída de leito carroçável";"Com Vítimas Feridas";"Plena Noite";"Decrescente";"Céu Claro";"Simples";"Reta";"Não";1;0;1;0;0;0;1;1;-14,72639;-40,63252;"SR-BA";"DEL10/8";"UOP01/BA"
266490;2020-02-01;"sábado";"20:30:00";"RS";116;305,8;"GUAIBA";"Desobediência às normas de trânsito pelo condutor";"Colisão frontal";"Com Vítimas Fatais";"Plena Noite";"Decrescente";"Céu Claro";"Simples";"Reta";"Não";4;1;3;0;0;0;3;2;-30,16313;-51,37607;"SR-RS";"DEL9/2";"UOP01/RS"
266491;2020-02-01;"sábado";"21:17:00";"DF";70;12,3;"BRASILIA";"Desobediência às normas de trânsito pelo pedestre";"Atropelamento de Pedestre";"Com Vítimas Fatais";"Plena Noite";"Crescente";"Céu Claro";"Dupla";"Reta";"Sim";4;1;0;0;2;1;0;1;-15,79224;-48,15854;"SR-DF";"UOP06/DF";""
266492;2020-02-01;"sábado";"20:50:00";"PI";316;30;"DEMERVAL LOBAO";"Animais na Pista";"Atropelamento de Animal";"Com Vítimas Feridas";"Plena Noite";"Decrescente";"Nublado";"Simples";"Reta";"Não";1;0;0;1;0;0;1;1;-5,33309;-42,69755;"SR-PI";"DEL17/1";"UOP02/PI"
266493;2020-02-01;"sábado";"18:20:00";"MS";60;403,3;"SIDROLANDIA";"Defeito Mecânico no Veículo";"Saída de leito carroçável";"Com Vítimas Feridas";"Plena Noite";"Decrescente";"Nublado";"Simples";"Reta";"Não";2;0;2;0;0;0;2;1;-20,82578;-54,80389;"SR-MS";"DEL3/1";"UOP04/MS"
266495;2020-02-01;"sábado";"19:50:00";"PE";316;87,2;"OURICURI";"Falta de Atenção à Condução";"Saída de leito carroçável";"Com Vítimas Feridas";"Plena Noite";"Crescente";"Nublado";"Simples";"Reta";"Não";1;0;1;0;0;0;1;1;-7,893028;-40,05471;"SR-PE";"DEL11/5";"UOP02/PE"
266496;2020-02-01;"sábado";"20:00:00";"RJ";101;245;"SILVA JARDIM";"Falta de Atenção à Condução";"Colisão frontal";"Com Vítimas Feridas";"Plena Noite";"Crescente";"Céu Claro";"Dupla";"Reta";"Não";2;0;0;1;0;1;1;2;-22,64525;-42,48167;"SR-RJ";"DEL5/2";"UOP02/RJ"
266497;2020-02-01;"sábado";"20:40:00";"PB";230;406,7;"POMBAL";"Desobediência às normas de trânsito pelo condutor";"Colisão traseira";"Com Vítimas Feridas";"Plena Noite";"Crescente";"Nublado";"Simples";"Não Informado";"Sim";2;0;0;1;1;0;1;2;-6,7842;-37,7987;"SR-PB";"DEL14/3";"UOP02/PB"
266498;2020-02-01;"sábado";"21:45:00";"AL";104;28,9;"UNIAO DOS PALMARES";"Animais na Pista";"Atropelamento de Animal";"Com Vítimas Feridas";"Plena Noite";"Decrescente";"Nublado";"Simples";"Curva";"Sim";1;0;1;0;0;0;1;1;-9,113135;-36,04665;"SR-AL";"DEL13/1";"UOP02/AL"
266499;2020-02-01;"sábado";"21:20:00";"SC";101;154,5;"PORTO BELO";"Velocidade Incompatível";"Colisão transversal";"Com Vítimas Feridas";"Plena Noite";"Decrescente";"Céu Claro";"Simples";"Não Informado";"Sim";2;0;0;1;1;0;1;2;-27,15382;-48,61086;"SR-SC";"DEL8/4";"UOP03/SC"
266500;2020-02-01;"sábado";"21:00:00";"PR";116;126;"FAZENDA RIO GRANDE";"Falta de Atenção à Condução";"Queda de ocupante de veículo";"Com Vítimas Feridas";"Plena Noite";"Decrescente";"Céu Claro";"Dupla";"Reta";"Sim";1;0;1;0;0;0;1;1;-25,6039;-49,31824;"SR-PR";"DEL7/1";"UOP03/PR"
266501;2020-02-01;"sábado";"21:30:00";"SP";116;145,8;"SAO JOSE DOS CAMPOS";"Ingestão de Álcool";"Colisão traseira";"Com Vítimas Feridas";"Plena Noite";"Crescente";"Chuva";"Dupla";"Reta";"Sim";4;0;3;0;1;0;3;2;-23,19123;-45,86328;"SR-SP";"DEL6/2";"UOP01/SP"
266502;2020-02-01;"sábado";"21:50:00";"ES";101;395,4;"RIO NOVO DO SUL";"Desobediência às normas de trânsito pelo condutor";"Colisão transversal";"Com Vítimas Feridas";"Plena Noite";"Crescente";"Céu Claro";"Simples";"Curva";"Sim";2;0;0;1;0;1;1;2;-20,86594;-40,93258;"SR-ES";"DEL12/3";"UOP02/ES"
266503;2020-02-01;"sábado";"19:15:00";"AC";364;136;"RIO BRANCO";"Falta de Atenção à Condução";"Colisão traseira";"Sem Vítimas";"Plena Noite";"Decrescente";"Céu Claro";"Dupla";"Rotatória";"Sim";4;0;0;0;4;0;0;2;-9,977578;-67,8489;"SR-AC";"UOP01/AC";""
266505;2020-02-01;"sábado";"21:09:00";"RO";174;13,5;"VILHENA";"Não guardar distância de segurança";"Colisão traseira";"Sem Vítimas";"Plena Noite";"Decrescente";"Céu Claro";"Dupla";"Reta";"Sim";2;0;0;0;2;0;0;2;-12,7414;-60,13026;"SR-RO";"DEL21/4";"UOP01/RO"
266506;2020-02-01;"sábado";"09:30:00";"SC";101;85;"BARRA VELHA";"Falta de Atenção do Pedestre";"Atropelamento de Pedestre";"Com Vítimas Feridas";"Plena Noite";"Crescente";"Nublado";"Múltipla";"Interseção de vias";"Não";2;0;2;0;0;0;2;1;-26,62841;-48,70814;"SR-SC";"DEL8/3";"UOP02/SC"
266507;2020-02-01;"sábado";"22:20:00";"ES";101;189;"ARACRUZ";"Desobediência às normas de trânsito pelo condutor";"Colisão transversal";"Com Vítimas Feridas";"Plena Noite";"Decrescente";"Ignorado";"Simples";"Interseção de vias";"Sim";7;0;4;2;1;0;6;2;-19,68134;-40,27052;"SR-ES";"DEL12/4";"UOP01/ES"
266508;2020-02-01;"sábado";"22:15:00";"CE";222;1;"FORTALEZA";"Falta de Atenção à Condução";"Colisão traseira";"Com Vítimas Feridas";"Plena Noite";"Crescente";"Céu Claro";"Múltipla";"Reta";"Sim";2;0;0;1;1;0;1;2;-3,737804;-38,57806;"SR-CE";"DEL16/1";"UOP01/CE"
266509;2020-02-01;"sábado";"18:00:00";"RO";364;381;"OURO PRETO DO OESTE";"Falta de Atenção à Condução";"Colisão traseira";"Com Vítimas Feridas";"Pleno dia";"Crescente";"Céu Claro";"Simples";"Reta";"Não";2;0;1;0;1;0;1;2;-10,73029;-62,22944;"SR-RO";"DEL21/2";"UOP01/RO"
266510;2020-02-01;"sábado";"17:30:00";"MA";316;457,6;"CODO";"Falta de Atenção à Condução";"Colisão frontal";"Com Vítimas Fatais";"Anoitecer";"Decrescente";"Céu Claro";"Simples";"Reta";"Não";2;1;0;0;0;1;0;2;-4,506201;-44,08217;"SR-MA";"DEL18/3";"UOP01/MA"
266511;2020-02-01;"sábado";"19:15:00";"SC";282;409,6;"CATANDUVAS";"Falta de Atenção à Condução";"Colisão transversal";"Com Vítimas Feridas";"Plena Noite";"Decrescente";"Céu Claro";"Simples";"Rotatória";"Sim";2;0;1;0;1;0;1;2;-27,06576;-51,66416;"SR-SC";"DEL7";"UOP07/SC"
266512;2020-02-01;"sábado";"21:20:00";"RJ";101;91;"CAMPOS DOS GOYTACAZES";"Falta de Atenção à Condução";"Queda de ocupante de veículo";"Com Vítimas Feridas";"Plena Noite";"Decrescente";"Céu Claro";"Dupla";"Curva";"Não";1;0;1;0;0;0;1;1;-21,85124;-41,52048;"SR-RJ";"DEL5/8";"UOP02/RJ"
266513;2020-02-01;"sábado";"16:20:00";"CE";20;34,6;"PARAMBU";"Falta de Atenção à Condução";"Colisão traseira";"Com Vítimas Feridas";"Pleno dia";"Crescente";"Céu Claro";"Simples";"Reta";"Não";2;0;0;1;1;0;1;2;-6,293364;-40,60436;"SR-CE";"DEL16/2";"UOP02/CE"
266515;2020-02-01;"sábado";"22:40:00";"MS";163;520;"JARAGUARI";"Falta de Atenção à Condução";"Tombamento";"Com Vítimas Feridas";"Plena Noite";"Crescente";"Céu Claro";"Dupla";"Reta";"Não";1;0;1;0;0;0;1;1;-20,16179;-54,4447;"SR-MS";"DEL3/1";"UOP02/MS"
266516;2020-02-01;"sábado";"15:10:00";"AM";174;984;"PRESIDENTE FIGUEIREDO";"Falta de Atenção à Condução";"Tombamento";"Com Vítimas Feridas";"Pleno dia";"Crescente";"Céu Claro";"Dupla";"Desvio Temporário";"Não";1;0;1;0;0;0;1;1;-2,103735;-59,99445;"SR-AM";"UOP02/AM";""
266517;2020-02-02;"domingo";"00:02:00";"SP";116;145,6;"SAO JOSE DOS CAMPOS";"Desobediência às normas de trânsito pelo condutor";"Colisão traseira";"Com Vítimas Feridas";"Plena Noite";"Decrescente";"Chuva";"Múltipla";"Reta";"Sim";5;0;5;0;0;0;5;2;-23,18698;-45,85481;"SR-SP";"DEL6/2";"UOP01/SP"
266518;2020-02-01;"sábado";"19:45:00";"GO";153;396,7;"PIRENOPOLIS";"Ingestão de Álcool";"Colisão frontal";"Com Vítimas Feridas";"Plena Noite";"Crescente";"Nublado";"Simples";"Desvio Temporário";"Não";2;0;1;0;1;0;1;2;-16,00977;-49,125;"SR-GO";"DEL1/2";"UOP02/GO"
266519;2020-02-01;"sábado";"23:10:00";"SP";116;8,2;"QUELUZ";"Ingestão de Álcool";"Colisão com objeto estático";"Sem Vítimas";"Plena Noite";"Crescente";"Garoa/Chuvisco";"Simples";"Reta";"Sim";1;0;0;0;0;1;0;1;-22,53633;-44,7714;"SR-SP";"DEL6/8";"UOP01/SP"
266520;2020-02-01;"sábado";"23:00:00";"MG";365;151,1;"PIRAPORA";"Defeito Mecânico no Veículo";"Colisão traseira";"Com Vítimas Feridas";"Plena Noite";"Decrescente";"Nublado";"Simples";"Reta";"Não";2;0;1;0;1;0;1;2;-17,292;-44,88405;"SR-MG";"DEL4/12";"UOP01/MG"
266521;2020-02-01;"sábado";"19:00:00";"RJ";101;409,8;"ITAGUAI";"Restrição de Visibilidade";"Atropelamento de Pedestre";"Com Vítimas Fatais";"Plena Noite";"Decrescente";"Chuva";"Dupla";"Reta";"Sim";2;1;0;0;1;0;0;1;-22,88504;-43,8325;"SR-RJ";"DEL5/3";"UOP01/RJ"
266522;2020-02-01;"sábado";"22:50:00";"SP";116;464,6;"PARIQUERA-ACU";"Condutor Dormindo";"Colisão traseira";"Com Vítimas Fatais";"Plena Noite";"Crescente";"Garoa/Chuvisco";"Dupla";"Reta";"Não";2;1;0;0;1;0;0;2;-24,63518;-47,90878;"SR-SP";"DEL6/5";"UOP01/SP"
266523;2020-02-02;"domingo";"00:30:00";"ES";101;230;"FUNDAO";"Ingestão de Álcool";"Queda de ocupante de veículo";"Com Vítimas Feridas";"Plena Noite";"Crescente";"Céu Claro";"Simples";"Reta";"Sim";3;0;2;0;1;0;2;2;-19,93558;-40,40603;"SR-ES";"DEL12/2";"UOP01/ES"
266525;2020-02-02;"domingo";"00:40:00";"RN";304;38,2;"MOSSORO";"Desobediência às normas de trânsito pelo condutor";"Colisão traseira";"Com Vítimas Feridas";"Plena Noite";"Crescente";"Nublado";"Dupla";"Reta";"Sim";4;0;3;0;0;1;3;2;-5,181385;-37,36832;"SR-RN";"DEL15/4";"UOP02/RN"
266526;2020-02-02;"domingo";"00:30:00";"PR";373;175,4;"PONTA GROSSA";"Ingestão de álcool e/ou substâncias psicoativas pelo pedestre";"Colisão com objeto estático";"Com Vítimas Feridas";"Plena Noite";"Crescente";"Chuva";"Dupla";"Reta";"Sim";2;0;1;1;0;0;2;1;-25,06728;-50,21212;"SR-PR";"DEL7/3";"UOP01/PR"
266527;2020-02-01;"sábado";"23:40:00";"SP";116;229;"SAO PAULO";"Não guardar distância de segurança";"Colisão traseira";"Com Vítimas Feridas";"Plena Noite";"Decrescente";"Nublado";"Múltipla";"Reta";"Sim";7;0;3;0;4;0;3;2;-23,51292;-46,57605;"SR-SP";"DEL6/1";"UOP01/SP"
266528;2020-02-01;"sábado";"22:00:00";"PI";316;362,4;"CAMPO GRANDE DO PIAUI";"Falta de Atenção à Condução";"Colisão frontal";"Com Vítimas Fatais";"Plena Noite";"Decrescente";"Garoa/Chuvisco";"Simples";"Reta";"Não";2;1;0;0;1;0;0;2;-7,136303;-41,0021;"SR-PI";"UOP03";"DEL04"
266529;2020-02-02;"domingo";"01:20:00";"SC";101;150;"ITAPEMA";"Ingestão de Álcool";"Colisão com objeto estático";"Sem Vítimas";"Plena Noite";"Crescente";"Nublado";"Dupla";"Retorno Regulamentado";"Sim";1;0;0;0;1;0;0;1;-27,11745;-48,60941;"SR-SC";"DEL8/4";"UOP03/SC"
266530;2020-02-02;"domingo";"00:40:00";"PR";277;75;"SAO JOSE DOS PINHAIS";"Condutor Dormindo";"Capotamento";"Com Vítimas Feridas";"Plena Noite";"Decrescente";"Nublado";"Dupla";"Reta";"Sim";1;0;0;1;0;0;1;1;-25,51328;-49,12433;"SR-PR";"DEL7/1";"UOP01/PR"
266532;2020-02-02;"domingo";"01:42:00";"RJ";101;307,5;"SAO GONCALO";"Condutor Dormindo";"Colisão com objeto estático";"Sem Vítimas";"Plena Noite";"Decrescente";"Nublado";"Dupla";"Reta";"Sim";1;0;0;0;1;0;0;1;-22,79116;-43,01514;"SR-RJ";"DEL5/2";"UOP01/RJ"
266533;2020-02-01;"sábado";"23:00:00";"MG";262;123,5;"RIO CASCA";"Condutor Dormindo";"Saída de leito carroçável";"Com Vítimas Feridas";"Plena Noite";"Crescente";"Nublado";"Simples";"Reta";"Não";2;0;1;0;1;0;1;1;-20,2047;-42,67691;"SR-MG";"DEL4/3";"UOP03/MG"
266534;2020-02-02;"domingo";"01:40:00";"SC";280;51,5;"GUARAMIRIM";"Ingestão de Álcool";"Saída de leito carroçável";"Com Vítimas Feridas";"Plena Noite";"Crescente";"Nublado";"Simples";"Interseção de vias";"Não";1;0;1;0;0;0;1;1;-26,46706;-48,96;"SR-SC";"DEL8/3";"UOP03/SC"
266535;2020-02-02;"domingo";"02:00:00";"PI";343;592;"FLORIANO";"Falta de Atenção à Condução";"Saída de leito carroçável";"Com Vítimas Feridas";"Plena Noite";"Decrescente";"Céu Claro";"Dupla";"Reta";"Sim";2;0;1;0;0;1;1;2;-6,777731;-43,03156;"SR-PI";"DEL17/3";"UOP01/PI"
266536;2020-02-02;"domingo";"01:10:00";"RO";319;62;"PORTO VELHO";"Desobediência às normas de trânsito pelo condutor";"Colisão transversal";"Com Vítimas Feridas";"Plena Noite";"Crescente";"Nublado";"Dupla";"Interseção de vias";"Sim";2;0;1;0;1;0;1;2;-8,750352;-63,88799;"SR-RO";"DEL21/1";"UOP01/RO"
266537;2020-02-01;"sábado";"23:40:00";"MA";10;255;"IMPERATRIZ";"Ingestão de Álcool";"Colisão transversal";"Com Vítimas Feridas";"Plena Noite";"Decrescente";"Céu Claro";"Simples";"Reta";"Sim";3;0;2;0;1;0;2;2;-5,508798;-47,47172;"SR-MA";"UOP01";"DEL04"
266538;2020-02-02;"domingo";"02:30:00";"PI";316;308,2;"PICOS";"Falta de Atenção à Condução";"Colisão traseira";"Com Vítimas Feridas";"Plena Noite";"Decrescente";"Garoa/Chuvisco";"Simples";"Não Informado";"Sim";1;0;1;0;0;0;1;1;-7,077737;-41,49276;"SR-PI";"DEL17/4";"UOP01/PI"
266539;2020-02-02;"domingo";"01:30:00";"SC";280;32,2;"ARAQUARI";"Falta de Atenção à Condução";"Saída de leito carroçável";"Com Vítimas Feridas";"Plena Noite";"Decrescente";"Nublado";"Simples";"Reta";"Não";2;0;1;0;1;0;1;1;-26,42149;-48,78064;"SR-SC";"DEL8/3";"UOP03/SC"
266540;2020-02-02;"domingo";"01:45:00";"MT";163;765;"SORRISO";"Falta de Atenção à Condução";"Saída de leito carroçável";"Com Vítimas Feridas";"Plena Noite";"Crescente";"Céu Claro";"Simples";"Reta";"Não";1;0;1;0;0;0;1;1;-12,36165;-55,60187;"SR-MT";"DEL2/6";"UOP01/MT"
266541;2020-02-02;"domingo";"04:10:00";"DF";60;4,5;"BRASILIA";"Falta de Atenção à Condução";"Tombamento";"Com Vítimas Feridas";"Plena Noite";"Decrescente";"Céu Claro";"Simples";"Interseção de vias";"Sim";1;0;1;0;0;0;1;1;-15,89272;-48,09574;"SR-DF";"UOP03/DF";""
266543;2020-02-02;"domingo";"03:00:00";"SC";101;213;"PALHOCA";"Ingestão de Álcool";"Colisão com objeto estático";"Com Vítimas Feridas";"Plena Noite";"Decrescente";"Céu Claro";"Dupla";"Reta";"Sim";3;0;3;0;0;0;3;1;-27,63697;-48,66514;"SR-SC";"DEL8/1";"UOP02/SC"
266544;2020-02-02;"domingo";"04:00:00";"SC";101;215;"PALHOCA";"Desobediência às normas de trânsito pelo condutor";"Colisão com objeto estático";"Sem Vítimas";"Plena Noite";"Decrescente";"Céu Claro";"Dupla";"Curva";"Sim";1;0;0;0;0;1;0;1;-27,65185;-48,67605;"SR-SC";"DEL8/1";"UOP02/SC"
266545;2020-02-02;"domingo";"02:10:00";"MT";364;279;"JACIARA";"Falta de Atenção à Condução";"Colisão traseira";"Com Vítimas Feridas";"Plena Noite";"Crescente";"Céu Claro";"Dupla";"Não Informado";"Não";2;0;1;0;1;0;1;2;-15,94251;-55,01446;"SR-MT";"DEL2/1";"UOP02/MT"
266546;2020-02-02;"domingo";"04:10:00";"RJ";40;27,3;"TRES RIOS";"Condutor Dormindo";"Capotamento";"Com Vítimas Feridas";"Plena Noite";"Crescente";"Céu Claro";"Dupla";"Reta";"Não";2;0;1;1;0;0;2;1;-22,1197;-43,2104;"SR-RJ";"PMERJ";""
266547;2020-02-02;"domingo";"02:30:00";"PR";467;75,5;"TOLEDO";"Falta de Atenção à Condução";"Saída de leito carroçável";"Com Vítimas Fatais";"Plena Noite";"Crescente";"Céu Claro";"Dupla";"Interseção de vias";"Sim";2;1;0;0;0;1;0;1;-24,7469;-53,69463;"SR-PR";"DEL7/4";"UOP01/PR"
266548;2020-02-02;"domingo";"05:50:00";"GO";20;7,4;"FORMOSA";"Sinalização da via insuficiente ou inadequada";"Colisão traseira";"Com Vítimas Feridas";"Amanhecer";"Crescente";"Céu Claro";"Simples";"Não Informado";"Sim";5;0;0;1;2;2;1;3;-15,5476;-47,29159;"SR-DF";"UOP01/DEL02/DF";""
266549;2020-02-02;"domingo";"03:20:00";"RR";174;507;"BOA VISTA";"Ingestão de Álcool";"Colisão traseira";"Com Vítimas Feridas";"Plena Noite";"Crescente";"Céu Claro";"Dupla";"Interseção de vias";"Sim";4;0;1;0;3;0;1;2;2,826995;-60,6972;"SR-RR";"UOP01/RR";""
266550;2020-02-02;"domingo";"06:00:00";"RS";285;291,5;"PASSO FUNDO";"Ingestão de Álcool";"Colisão com objeto estático";"Sem Vítimas";"Amanhecer";"Crescente";"Nublado";"Simples";"Rotatória";"Não";1;0;0;0;0;1;0;1;-28,23822;-52,35524;"SR-RS";"DEL08";"UOP03/RS"
266551;2020-02-02;"domingo";"04:30:00";"GO";158;267;"JATAI";"Ingestão de Álcool";"Colisão com objeto estático";"Com Vítimas Feridas";"Plena Noite";"Decrescente";"Nublado";"Simples";"Reta";"Sim";2;0;1;1;0;0;2;1;-17,85392;-51,73159;"SR-GO";"DEL1/5";"UOP01/GO"
266552;2020-02-01;"sábado";"23:30:00";"BA";135;204;"SAO DESIDERIO";"Desobediência às normas de trânsito pelo condutor";"Colisão lateral";"Com Vítimas Feridas";"Plena Noite";"Crescente";"Céu Claro";"Simples";"Ponte";"Não";2;0;1;0;0;1;1;2;-12,34853;-44,9917;"SR-BA";"DEL10/10";"UOP01/BA"
266553;2020-02-02;"domingo";"05:00:00";"GO";60;129,2;"GOIANIA";"Ingestão de Álcool";"Colisão lateral";"Com Vítimas Feridas";"Amanhecer";"Decrescente";"Céu Claro";"Dupla";"Não Informado";"Não";4;0;0;1;1;2;1;2;-16,5587;-49,1534;"SR-GO";"DEL1/1";"UOP01/GO"
266556;2020-02-02;"domingo";"04:00:00";"ES";101;308;"VIANA";"Falta de Atenção à Condução";"Tombamento";"Com Vítimas Feridas";"Plena Noite";"Crescente";"Céu Claro";"Dupla";"Reta";"Não";2;0;0;2;0;0;2;1;-20,41327;-40,45941;"SR-ES";"DEL12/3";"UOP01/ES"
266557;2020-02-02;"domingo";"05:20:00";"SP";381;51,4;"ATIBAIA";"Condutor Dormindo";"Colisão com objeto estático";"Com Vítimas Feridas";"Amanhecer";"Crescente";"Nublado";"Dupla";"Reta";"Sim";1;0;1;0;0;0;1;1;-23,22191;-46,59644;"SR-SP";"DEL6/3";"UOP02/SP"
266558;2020-02-02;"domingo";"05:10:00";"RJ";101;271;"RIO BONITO";"Ingestão de Substâncias Psicoativas";"Saída de leito carroçável";"Sem Vítimas";"Amanhecer";"Decrescente";"Céu Claro";"Dupla";"Reta";"Não";1;0;0;0;1;0;0;1;-22,72443;-42,69368;"SR-RJ";"DEL5/2";"UOP02/RJ"
266559;2020-02-02;"domingo";"06:45:00";"MG";116;759;"LEOPOLDINA";"Mal Súbito";"Colisão lateral";"Com Vítimas Fatais";"Pleno dia";"Decrescente";"Céu Claro";"Simples";"Curva";"Sim";2;1;0;0;1;0;0;2;-21,50589;-42,60924;"SR-MG";"DEL4/7";"UOP01/MG"
266560;2020-02-02;"domingo";"06:40:00";"PR";376;108;"PARANAVAI";"Velocidade Incompatível";"Colisão com objeto estático";"Com Vítimas Fatais";"Amanhecer";"Decrescente";"Céu Claro";"Dupla";"Interseção de vias";"Sim";1;1;0;0;0;0;0;1;-23,07493;-52,41721;"SR-PR";"DEL7/7";"UOP05/PR"
266561;2020-02-02;"domingo";"05:20:00";"PI";343;306,6;"ALTOS";"Desobediência às normas de trânsito pelo condutor";"Colisão transversal";"Com Vítimas Feridas";"Amanhecer";"Decrescente";"Céu Claro";"Simples";"Reta";"Sim";2;0;0;1;1;0;1;2;-5,038756;-42,45089;"SR-PI";"DEL17/1";"UOP01/PI"
266562;2020-02-02;"domingo";"03:00:00";"BA";116;769;"POCOES";"Ingestão de Álcool";"Colisão lateral";"Sem Vítimas";"Plena Noite";"Decrescente";"Céu Claro";"Simples";"Reta";"Não";2;0;0;0;2;0;0;2;-14,54859;-40,40105;"SR-BA";"DEL10/8";"UOP02/BA"
266563;2020-02-02;"domingo";"01:25:00";"RO";364;273;"CACOAL";"Desobediência às normas de trânsito pelo condutor";"Colisão lateral";"Sem Vítimas";"Plena Noite";"Crescente";"Nublado";"Simples";"Reta";"Não";3;0;0;0;3;0;0;2;-11,38506;-61,7411;"SR-RO";"DEL21/2";"UOP02/RO"
266564;2020-02-02;"domingo";"06:00:00";"MG";262;368,5;"JUATUBA";"Velocidade Incompatível";"Saída de leito carroçável";"Com Vítimas Feridas";"Pleno dia";"Decrescente";"Nublado";"Dupla";"Curva";"Não";1;0;1;0;0;0;1;1;-19,9724;-44,28042;"SR-MG";"DEL4/1";"UOP03/MG"
266565;2020-02-02;"domingo";"07:10:00";"SC";101;90,9;"BARRA VELHA";"Falta de Atenção à Condução";"Saída de leito carroçável";"Com Vítimas Feridas";"Amanhecer";"Decrescente";"Céu Claro";"Simples";"Reta";"Não";1;0;1;0;0;0;1;1;-26,65735;-48,68763;"SR-SC";"DEL8/3";"UOP02/SC"
266566;2020-01-24;"sexta-feira";"15:45:00";"SC";101;214;"PALHOCA";"Desobediência às normas de trânsito pelo condutor";"Colisão traseira";"Com Vítimas Feridas";"Pleno dia";"Decrescente";"Céu Claro";"Dupla";"Reta";"Sim";2;0;1;0;1;0;1;2;-27,64443;-48,67057;"SR-SC";"DEL8/1";"UOP02/SC"
266567;2020-02-02;"domingo";"05:35:00";"MT";163;1011,5;"TERRA NOVA DO NORTE";"Falta de Atenção à Condução";"Saída de leito carroçável";"Com Vítimas Feridas";"Amanhecer";"Crescente";"Nublado";"Simples";"Reta";"Não";2;0;2;0;0;0;2;1;-10,52741;-55,07957;"SR-MT";"DEL2/6";"UOP02/MT"
266568;2020-02-02;"domingo";"06:00:00";"BA";101;879;"TEIXEIRA DE FREITAS";"Falta de Atenção à Condução";"Saída de leito carroçável";"Com Vítimas Fatais";"Amanhecer";"Crescente";"Céu Claro";"Simples";"Rotatória";"Sim";1;1;0;0;0;0;0;1;-17,55043;-39,72141;"SR-BA";"DEL10/9";"UOP03/BA"
266570;2020-02-02;"domingo";"03:40:00";"ES";101;141,9;"LINHARES";"Animais na Pista";"Atropelamento de Animal";"Com Vítimas Feridas";"Plena Noite";"Crescente";"Céu Claro";"Simples";"Reta";"Sim";4;0;1;0;2;1;1;1;-19,32656;-40,07192;"SR-ES";"DEL12/4";"UOP01/ES"
266571;2020-02-02;"domingo";"06:50:00";"SC";282;504,9;"XANXERE";"Desobediência às normas de trânsito pelo condutor";"Colisão traseira";"Sem Vítimas";"Pleno dia";"Decrescente";"Céu Claro";"Dupla";"Curva";"Sim";3;0;0;0;2;1;0;2;-26,88428;-52,40847;"SR-SC";"DEL7";"UOP01/SC"
266572;2020-02-02;"domingo";"07:50:00";"DF";70;3,4;"BRASILIA";"Ingestão de Álcool";"Colisão traseira";"Com Vítimas Feridas";"Pleno dia";"Decrescente";"Céu Claro";"Dupla";"Reta";"Sim";3;0;3;0;0;0;3;2;-15,80245;-48,08039;"SR-DF";"UOP06/DF";""
266574;2020-02-02;"domingo";"08:20:00";"SC";101;58;"ARAQUARI";"Condutor Dormindo";"Colisão com objeto estático";"Com Vítimas Feridas";"Pleno dia";"Crescente";"Nublado";"Dupla";"Curva";"Não";1;0;1;0;0;0;1;1;-26,44025;-48,80129;"SR-SC";"DEL8/3";"UOP02/SC"
266575;2020-02-02;"domingo";"08:30:00";"CE";116;482,5;"MILAGRES";"Defeito Mecânico no Veículo";"Saída de leito carroçável";"Com Vítimas Fatais";"Pleno dia";"Crescente";"Céu Claro";"Simples";"Reta";"Não";5;1;1;3;0;0;4;1;-7,305537;-38,91991;"SR-CE";"DEL16/5";"UOP03/CE"
266576;2020-02-02;"domingo";"08:00:00";"MG";116;793,1;"ALEM PARAIBA";"Defeito Mecânico no Veículo";"Colisão com objeto estático";"Com Vítimas Feridas";"Pleno dia";"Crescente";"Sol";"Simples";"Não Informado";"Não";2;0;2;0;0;0;2;1;-21,70196;-42,72965;"SR-MG";"DEL4/7";"UOP01/MG"
266577;2020-02-02;"domingo";"08:30:00";"ES";101;54,2;"SAO MATEUS";"Falta de Atenção à Condução";"Capotamento";"Sem Vítimas";"Pleno dia";"Decrescente";"Céu Claro";"Simples";"Desvio Temporário";"Não";3;0;0;0;3;0;0;1;-18,62068;-39,88189;"SR-ES";"DEL12/4";"UOP02/ES"
266578;2020-02-02;"domingo";"08:45:00";"PE";101;40;"IGARASSU";"Falta de Atenção à Condução";"Colisão traseira";"Com Vítimas Feridas";"Pleno dia";"Crescente";"Nublado";"Dupla";"Reta";"Sim";2;0;1;0;1;0;1;2;-7,821475;-34,91654;"SR-PE";"DEL11/1";"UOP02/PE"
266579;2020-02-02;"domingo";"08:50:00";"RJ";116;140;"DUQUE DE CAXIAS";"Avarias e/ou desgaste excessivo no pneu";"Queda de ocupante de veículo";"Com Vítimas Feridas";"Pleno dia";"Decrescente";"Céu Claro";"Dupla";"Reta";"Sim";2;0;1;1;0;0;2;1;-22,64662;-43,21112;"SR-RJ";"DEL5/4";"UOP02/RJ"