"id";"data_inversa";"dia_semana";"horario";"uf";"br";"km";"municipio";"causa_acidente";"tipo_acidente";"classificacao_acidente";"fase_dia";"sentido_via";"condicao_metereologica";"tipo_pista";"tracado_via";"uso_solo";"pessoas";"mortos";"feridos_leves";"feridos_graves";"ilesos";"ignorados";"feridos";"veiculos";"latitude";"longitude";"regional";"delegacia";"uop"
266580;2020-02-02;"domingo";"07:20:00";"PR";277;98;"CURITIBA";"Ingestão de Álcool";"Saída de leito carroçável";"Sem Vítimas";"Pleno dia";"Crescente";"Chuva";"Dupla";"Reta";"Sim";1;0;0;0;1;0;0;1;-25,43032;-49,35133;"SR-PR";"DEL7/1";"UOP04/PR"
266581;2020-02-02;"domingo";"09:00:00";"SC";280;48,1;"GUARAMIRIM";"Falta de Atenção à Condução";"Saída de leito carroçável";"Com Vítimas Feridas";"Pleno dia";"Crescente";"Céu Claro";"Simples";"Reta";"Não";3;0;2;0;1;0;2;1;-26,45507;-48,92767;"SR-SC";"DEL8/3";"UOP03/SC"
266582;2020-02-02;"domingo";"08:35:00";"SC";101;154,8;"PORTO BELO";"Falta de Atenção à Condução";"Colisão lateral";"Com Vítimas Feridas";"Pleno dia";"Crescente";"Céu Claro";"Dupla";"Reta";"Não";2;0;1;0;1;0;1;2;-27,15382;-48,61086;"SR-SC";"DEL8/4";"UOP03/SC"
266583;2020-02-02;"domingo";"08:40:00";"MG";365;167;"BURITIZEIRO";"Falta de Atenção à Condução";"Colisão transversal";"Com Vítimas Feridas";"Pleno dia";"Decrescente";"Céu Claro";"Simples";"Reta";"Não";3;0;2;0;1;0;2;2;-17,38264;-44,97966;"SR-MG";"DEL4/12";"UOP01/MG"
266584;2020-02-02;"domingo";"05:30:00";"AC";364;127,8;"RIO BRANCO";"Falta de Atenção à Condução";"Saída de leito carroçável";"Sem Vítimas";"Amanhecer";"Decrescente";"Céu Claro";"Simples";"Reta";"Não";3;0;0;0;0;3;0;1;-10,01981;-67,81433;"SR-AC";"UOP01/AC";""
266585;2020-02-02;"domingo";"08:00:00";"TO";226;26,1;"PALMEIRAS DO TOCANTINS";"Defeito na Via";"Tombamento";"Com Vítimas Feridas";"Pleno dia";"Decrescente";"Céu Claro";"Simples";"Não Informado";"Não";1;0;1;0;0;0;1;1;-6,641345;-47,66707;"SR-TO";"UOP05/TO";""
266586;2020-02-02;"domingo";"08:00:00";"MT";163;759;"SORRISO";"Falta de Atenção à Condução";"Saída de leito carroçável";"Com Vítimas Feridas";"Pleno dia";"Crescente";"Céu Claro";"Simples";"Reta";"Sim";1;0;1;0;0;0;1;1;-12,60429;-55,75236;"SR-MT";"DEL2/6";"UOP01/MT"
266587;2020-02-02;"domingo";"06:25:00";"BA";116;376,7;"SANTA BARBARA";"Ultrapassagem Indevida";"Colisão transversal";"Sem Vítimas";"Pleno dia";"Decrescente";"Céu Claro";"Simples";"Reta";"Não";9;0;0;0;8;1;0;3;-11,81436;-38,97846;"SR-BA";"DEL10/2";"UOP01/BA"
266588;2020-02-02;"domingo";"09:30:00";"PR";277;75,1;"SAO JOSE DOS PINHAIS";"Falta de Atenção à Condução";"Colisão lateral";"Com Vítimas Feridas";"Pleno dia";"Crescente";"Chuva";"Dupla";"Reta";"Não";2;0;1;0;1;0;1;2;-25,49485;-49,16531;"SR-PR";"DEL7/1";"UOP01/PR"
266589;2020-02-02;"domingo";"10:05:00";"SC";101;136,9;"BALNEARIO CAMBORIU";"Desobediência às normas de trânsito pelo pedestre";"Atropelamento de Pedestre";"Com Vítimas Feridas";"Pleno dia";"Crescente";"Nublado";"Dupla";"Reta";"Sim";2;0;0;1;1;0;1;1;-27,00811;-48,61724;"SR-SC";"DEL8/4";"UOP03/SC"
266590;2020-01-11;"sábado";"12:40:00";"SC";101;115;"ITAJAI";"Defeito Mecânico no Veículo";"Colisão com objeto estático";"Com Vítimas Feridas";"Pleno dia";"Decrescente";"Céu Claro";"Dupla";"Curva";"Não";3;0;1;0;2;0;1;2;-26,87064;-48,72954;"SR-SC";"DEL8/4";"UOP04/SC"
266591;2020-02-02;"domingo";"09:50:00";"PR";277;690,2;"SAO MIGUEL DO IGUACU";"Desobediência às normas de trânsito pelo condutor";"Colisão traseira";"Com Vítimas Feridas";"Pleno dia";"Decrescente";"Chuva";"Dupla";"Desvio Temporário";"Sim";6;0;1;0;5;0;1;2;-25,35827;-54,24527;"SR-PR";"DEL7/5";"UOP01/PR"
266593;2020-02-02;"domingo";"10:45:00";"GO";364;0;"SAO SIMAO";"Não guardar distância de segurança";"Colisão traseira";"Com Vítimas Fatais";"Pleno dia";"Decrescente";"Céu Claro";"Simples";"Ponte";"Sim";2;1;0;0;0;1;0;2;-19,04362;-50,50266;"SR-GO";"DEL1/5";"UOP02/GO"
266594;2020-02-02;"domingo";"10:25:00";"MG";381;617;"OLIVEIRA";"Condutor Dormindo";"Saída de leito carroçável";"Com Vítimas Feridas";"Pleno dia";"Decrescente";"Sol";"Dupla";"Reta";"Não";3;0;1;0;2;0;1;1;-20,76157;-44,777;"SR-MG";"DEL4/4";"UOP01/MG"
266595;2020-02-02;"domingo";"10:30:00";"PR";277;4,5;"PARANAGUA";"Mal Súbito";"Colisão com objeto estático";"Com Vítimas Feridas";"Pleno dia";"Decrescente";"Chuva";"Múltipla";"Não Informado";"Sim";1;0;1;0;0;0;1;1;-25,5682;-48,61529;"SR-PR";"DEL7/1";"UOP07/PR"
266596;2020-02-02;"domingo";"10:00:00";"BA";110;385;"SAO SEBASTIAO DO PASSE";"Desobediência às normas de trânsito pelo condutor";"Colisão frontal";"Com Vítimas Feridas";"Pleno dia";"Crescente";"Céu Claro";"Simples";"Curva";"Não";2;0;0;1;1;0;1;2;-12,49353;-38,48612;"SR-BA";"DEL10/1";"UOP01/BA"
266597;2020-02-02;"domingo";"10:50:00";"PI";343;519;"AMARANTE";"Desobediência às normas de trânsito pelo condutor";"Saída de leito carroçável";"Com Vítimas Feridas";"Pleno dia";"Crescente";"Céu Claro";"Simples";"Reta";"Não";2;0;2;0;0;0;2;1;-6,351139;-42,79469;"SR-PI";"DEL17/3";"UOP01/PI"
266598;2020-02-02;"domingo";"10:55:00";"ES";101;302,8;"VIANA";"Falta de Atenção à Condução";"Colisão lateral";"Com Vítimas Feridas";"Pleno dia";"Crescente";"Céu Claro";"Múltipla";"Curva";"Sim";6;0;0;1;5;0;1;2;-20,37557;-40,44295;"SR-ES";"DEL12/1";"UOP01/ES"
266599;2020-02-02;"domingo";"10:58:00";"SP";116;326;"JUQUITIBA";"Velocidade Incompatível";"Saída de leito carroçável";"Com Vítimas Feridas";"Pleno dia";"Decrescente";"Chuva";"Dupla";"Curva";"Sim";4;0;3;0;1;0;3;2;-23,93901;-47,06241;"SR-SP";"DEL6/4";"UOP01/SP"
266600;2020-02-02;"domingo";"08:00:00";"BA";242;415;"SEABRA";"Defeito Mecânico no Veículo";"Colisão traseira";"Com Vítimas Feridas";"Pleno dia";"Decrescente";"Nublado";"Simples";"Desvio Temporário";"Sim";2;0;0;1;1;0;1;2;-12,42862;-41,77926;"SR-BA";"DEL10/6";"UOP01/BA"
266601;2020-02-02;"domingo";"11:00:00";"PR";116;0;"CAMPINA GRANDE DO SUL";"Velocidade Incompatível";"Colisão com objeto estático";"Com Vítimas Feridas";"Pleno dia";"Decrescente";"Chuva";"Dupla";"Curva";"Não";3;0;3;0;0;0;3;1;-25,0604;-48,56297;"SR-PR";"DEL7/1";"UOP02/PR"
266602;2020-02-02;"domingo";"09:30:00";"RJ";101;297;"ITABORAI";"Falta de Atenção à Condução";"Colisão traseira";"Com Vítimas Feridas";"Pleno dia";"Decrescente";"Nublado";"Dupla";"Reta";"Sim";2;0;1;0;1;0;1;2;-22,76942;-42,91874;"SR-RJ";"DEL5/2";"UOP02/RJ"
266603;2020-02-02;"domingo";"11:30:00";"PR";277;130,8;"BALSA NOVA";"Pista Escorregadia";"Colisão lateral";"Com Vítimas Feridas";"Pleno dia";"Decrescente";"Garoa/Chuvisco";"Dupla";"Não Informado";"Não";4;0;2;0;2;0;2;2;-25,47833;-49,64369;"SR-PR";"DEL7/1";"UOP05/PR"
266604;2020-02-02;"domingo";"10:50:00";"MT";70;515;"CUIABA";"Ingestão de Álcool";"Colisão transversal";"Com Vítimas Feridas";"Pleno dia";"Crescente";"Céu Claro";"Simples";"Reta";"Não";2;0;1;0;1;0;1;2;-15,70632;-56,1419;"SR-MT";"DEL2/4";"UOP02/MT"
266605;2020-02-02;"domingo";"08:30:00";"PR";277;347,7;"GUARAPUAVA";"Falta de Atenção à Condução";"Saída de leito carroçável";"Com Vítimas Feridas";"Pleno dia";"Decrescente";"Chuva";"Simples";"Reta";"Não";1;0;1;0;0;0;1;1;-25,33928;-51,4288;"SR-PR";"DEL7/3";"UOP02/PR"
266606;2020-02-02;"domingo";"11:52:00";"SP";116;361,9;"MIRACATU";"Pista Escorregadia";"Tombamento";"Com Vítimas Feridas";"Pleno dia";"Crescente";"Garoa/Chuvisco";"Dupla";"Curva";"Não";2;0;1;0;1;0;1;1;-24,12139;-47,2701;"SR-SP";"DEL6/4";"UOP03/SP"
266608;2020-02-02;"domingo";"12:30:00";"CE";20;204,5;"BOA VIAGEM";"Falta de Atenção à Condução";"Colisão frontal";"Com Vítimas Feridas";"Pleno dia";"Crescente";"Céu Claro";"Simples";"Reta";"Sim";2;0;0;1;1;0;1;2;-5,12155;-39,73265;"SR-CE";"DEL16/2";"UOP02/CE"
266610;2020-02-02;"domingo";"12:25:00";"GO";60;93,4;"ANAPOLIS";"Velocidade Incompatível";"Colisão com objeto estático";"Com Vítimas Feridas";"Pleno dia";"Crescente";"Céu Claro";"Dupla";"Viaduto";"Sim";2;0;1;1;0;0;2;1;-16,3538;-48,9268;"SR-GO";"DEL1/2";"UOP01/GO"
266611;2020-02-02;"domingo";"11:00:00";"MT";70;135,1;"GENERAL CARNEIRO";"Falta de Atenção à Condução";"Colisão lateral";"Com Vítimas Feridas";"Pleno dia";"Crescente";"Céu Claro";"Simples";"Reta";"Não";2;0;1;0;1;0;1;2;-15,59436;-53,23765;"SR-MT";"DEL2/8";"UOP01/MT"
266612;2020-02-02;"domingo";"12:55:00";"PB";230;100,1;"GURINHEM";"Objeto estático sobre o leito carroçável";"Colisão com objeto estático";"Com Vítimas Feridas";"Pleno dia";"Crescente";"Chuva";"Dupla";"Curva";"Não";2;0;2;0;0;0;2;1;-7,1933;-35,4805;"SR-PB";"DEL14/1";"UOP02/PB"
266613;2020-02-02;"domingo";"10:00:00";"CE";222;201,8;"FORQUILHA";"Velocidade Incompatível";"Saída de leito carroçável";"Sem Vítimas";"Pleno dia";"Crescente";"Sol";"Simples";"Curva";"Não";1;0;0;0;0;1;0;1;-3,801361;-40,20767;"SR-CE";"DEL16/4";"UOP01/CE"
266615;2020-02-02;"domingo";"13:30:00";"PR";116;47;"CAMPINA GRANDE DO SUL";"Velocidade Incompatível";"Capotamento";"Com Vítimas Feridas";"Pleno dia";"Decrescente";"Chuva";"Dupla";"Curva";"Não";2;0;1;0;1;0;1;1;-25,21059;-48,89721;"SR-PR";"DEL7/1";"UOP02/PR"
266616;2020-02-02;"domingo";"13:45:00";"RJ";116;308;"RESENDE";"Animais na Pista";"Colisão com objeto estático";"Com Vítimas Feridas";"Pleno dia";"Decrescente";"Nublado";"Dupla";"Reta";"Sim";2;0;1;0;1;0;1;1;-22,45783;-44,41869;"SR-RJ";"DEL5/7";"UOP02/RJ"
266617;2020-02-02;"domingo";"12:10:00";"SC";101;327,2;"CAPIVARI DE BAIXO";"Desobediência às normas de trânsito pelo condutor";"Colisão transversal";"Com Vítimas Feridas";"Pleno dia";"Decrescente";"Sol";"Simples";"Interseção de vias";"Sim";2;0;1;1;0;0;2;2;-28,43023;-48,95205;"SR-SC";"DEL8/2";"UOP01/SC"
266618;2020-02-02;"domingo";"13:45:00";"GO";153;122;"ESTRELA DO NORTE";"Pista Escorregadia";"Saída de leito carroçável";"Com Vítimas Feridas";"Pleno dia";"Crescente";"Chuva";"Simples";"Reta";"Não";5;0;5;0;0;0;5;1;-13,84047;-49,04572;"SR-GO";"DEL1/7";"UOP01/GO"
266619;2020-02-02;"domingo";"13:50:00";"GO";20;48,2;"FORMOSA";"Condutor Dormindo";"Colisão com objeto estático";"Sem Vítimas";"Pleno dia";"Crescente";"Céu Claro";"Simples";"Reta";"Não";1;0;0;0;0;1;0;1;-15,34244;-47,12138;"SR-DF";"UOP01/DEL02/DF";""
266621;2020-02-02;"domingo";"14:00:00";"RS";470;195;"BENTO GONCALVES";"Defeito Mecânico no Veículo";"Tombamento";"Com Vítimas Feridas";"Pleno dia";"Decrescente";"Céu Claro";"Simples";"Curva";"Não";2;0;2;0;0;0;2;1;-29,05164;-51,58124;"SR-RS";"DEL9/6";"UOP02/RS"
266623;2020-02-02;"domingo";"14:30:00";"GO";364;220;"JATAI";"Não guardar distância de segurança";"Colisão traseira";"Com Vítimas Feridas";"Pleno dia";"Crescente";"Céu Claro";"Simples";"Reta";"Não";6;0;1;0;5;0;1;2;-17,84585;-51,9184;"SR-GO";"DEL1/5";"UOP01/GO"
266624;2020-02-02;"domingo";"10:55:00";"MG";381;732;"CARMO DA CACHOEIRA";"Velocidade Incompatível";"Colisão com objeto estático";"Com Vítimas Feridas";"Pleno dia";"Crescente";"Céu Claro";"Dupla";"Curva";"Não";5;0;3;2;0;0;5;1;-21,55414;-45,24499;"SR-MG";"DEL4/4";"UOP02/MG"
266625;2020-02-02;"domingo";"14:30:00";"SC";101;136,6;"BALNEARIO CAMBORIU";"Defeito Mecânico no Veículo";"Tombamento";"Com Vítimas Feridas";"Pleno dia";"Crescente";"Nublado";"Múltipla";"Reta";"Não";2;0;2;0;0;0;2;1;-27,00811;-48,61724;"SR-SC";"DEL8/4";"UOP03/SC"
266626;2020-02-02;"domingo";"11:10:00";"MS";163;475,7;"CAMPO GRANDE";"Falta de Atenção à Condução";"Colisão transversal";"Com Vítimas Feridas";"Pleno dia";"Crescente";"Céu Claro";"Simples";"Rotatória";"Sim";3;0;1;0;2;0;1;2;-20,51838;-54,56659;"SR-MS";"DEL3/1";"UOP01/MS"
266629;2020-02-02;"domingo";"14:20:00";"GO";60;193,1;"GUAPO";"Avarias e/ou desgaste excessivo no pneu";"Saída de leito carroçável";"Com Vítimas Feridas";"Pleno dia";"Decrescente";"Céu Claro";"Dupla";"Reta";"Não";2;0;1;0;1;0;1;1;-16,8479;-49,5584;"SR-GO";"DEL1/1";"UOP02/GO"
266630;2020-02-02;"domingo";"14:30:00";"MG";381;478;"CONTAGEM";"Falta de Atenção à Condução";"Colisão traseira";"Com Vítimas Feridas";"Pleno dia";"Decrescente";"Céu Claro";"Dupla";"Não Informado";"Sim";5;0;1;0;3;1;1;2;-19,95826;-44,05921;"SR-MG";"DEL4/1";"UOP03/MG"
266632;2020-02-02;"domingo";"13:50:00";"SP";381;83;"SAO PAULO";"Falta de Atenção à Condução";"Colisão traseira";"Com Vítimas Feridas";"Pleno dia";"Decrescente";"Nublado";"Dupla";"Reta";"Sim";2;0;1;0;1;0;1;2;-23,43097;-46,56998;"SR-SP";"DEL6/3";"UOP02/SP"
266633;2020-02-02;"domingo";"14:30:00";"PR";116;65,6;"QUATRO BARRAS";"Velocidade Incompatível";"Colisão frontal";"Com Vítimas Feridas";"Pleno dia";"Crescente";"Chuva";"Dupla";"Reta";"Não";4;0;1;1;2;0;2;3;-25,31039;-49,00828;"SR-PR";"DEL7/1";"UOP02/PR"
266634;2020-02-02;"domingo";"15:05:00";"SC";470;125;"LONTRAS";"Falta de Atenção à Condução";"Colisão transversal";"Com Vítimas Feridas";"Pleno dia";"Decrescente";"Sol";"Simples";"Reta";"Não";2;0;1;0;1;0;1;2;-27,12125;-49,53535;"SR-SC";"DEL8/4";"UOP02/SC"
266635;2020-02-02;"domingo";"13:45:00";"MT";364;588;"DIAMANTINO";"Desobediência às normas de trânsito pelo condutor";"Colisão transversal";"Sem Vítimas";"Pleno dia";"Crescente";"Céu Claro";"Simples";"Interseção de vias";"Não";5;0;0;0;5;0;0;2;-14,60376;-56,24525;"SR-MT";"DEL2/4";"UOP01/MT"
266636;2020-02-02;"domingo";"12:30:00";"MT";163;954;"NOVA SANTA HELENA";"Condutor Dormindo";"Colisão lateral";"Com Vítimas Feridas";"Pleno dia";"Crescente";"Chuva";"Simples";"Reta";"Não";4;0;2;0;2;0;2;2;-10,85747;-55,19195;"SR-MT";"DEL2/6";"UOP02/MT"
266637;2020-02-02;"domingo";"13:10:00";"PR";163;53;"PRANCHITA";"Pista Escorregadia";"Saída de leito carroçável";"Com Vítimas Fatais";"Pleno dia";"Crescente";"Chuva";"Simples";"Não Informado";"Não";2;1;1;0;0;0;1;1;-25,92643;-53,74997;"SR-PR";"DEL7/2";"UOP04/PR"
266638;2020-02-02;"domingo";"15:30:00";"MG";40;638,4;"CONSELHEIRO LAFAIETE";"Velocidade Incompatível";"Colisão frontal";"Com Vítimas Fatais";"Pleno dia";"Crescente";"Chuva";"Simples";"Não Informado";"Não";6;2;1;2;1;0;3;3;-20,73202;-43,8;"SR-MG";"DEL5";"UOP02/MG"
266639;2020-02-02;"domingo";"14:51:00";"SP";116;504;"CAJATI";"Falta de Atenção à Condução";"Capotamento";"Com Vítimas Feridas";"Pleno dia";"Decrescente";"Chuva";"Simples";"Curva";"Não";1;0;1;0;0;0;1;1;-24,78266;-48,20866;"SR-SP";"DEL6/5";"UOP03/SP"
266640;2020-02-02;"domingo";"15:40:00";"GO";20;10;"FORMOSA";"Falta de Atenção à Condução";"Colisão transversal";"Com Vítimas Feridas";"Pleno dia";"Crescente";"Céu Claro";"Simples";"Reta";"Não";2;0;0;1;1;0;1;2;-15,55845;-47,26619;"SR-DF";"UOP01/DEL02/DF";""
266641;2020-02-02;"domingo";"14:30:00";"RS";101;45;"TERRA DE AREIA";"Ingestão de Álcool";"Tombamento";"Sem Vítimas";"Pleno dia";"Decrescente";"Nublado";"Múltipla";"Retorno Regulamentado";"Sim";2;0;0;0;2;0;0;2;-29,57488;-50,06195;"SR-RS";"DEL9/3";"UOP02/RS"
266642;2020-02-02;"domingo";"14:30:00";"PE";101;74;"RECIFE";"Velocidade Incompatível";"Saída de leito carroçável";"Com Vítimas Feridas";"Pleno dia";"Decrescente";"Céu Claro";"Dupla";"Curva";"Sim";1;0;0;1;0;0;1;1;-8,101465;-34,94902;"SR-PE";"DEL11/1";"UOP01/PE"
266644;2020-02-02;"domingo";"16:30:00";"PR";277;13;"PARANAGUA";"Ingestão de Álcool";"Saída de leito carroçável";"Sem Vítimas";"Pleno dia";"Decrescente";"Chuva";"Dupla";"Reta";"Não";2;0;0;0;2;0;0;1;-25,54631;-48,67896;"SR-PR";"DEL7/1";"UOP07/PR"
266645;2020-02-02;"domingo";"15:20:00";"PA";316;31;"SANTA IZABEL DO PARA";"Defeito na Via";"Saída de leito carroçável";"Com Vítimas Feridas";"Pleno dia";"Decrescente";"Chuva";"Dupla";"Curva";"Não";1;0;1;0;0;0;1;1;-1,302587;-48,19657;"SR-PA";"DEL19/1";"UOP01/PA"
266646;2020-02-02;"domingo";"14:25:00";"PE";424;103,5;"BREJAO";"Não guardar distância de segurança";"Colisão transversal";"Com Vítimas Feridas";"Pleno dia";"Decrescente";"Chuva";"Simples";"Reta";"Não";3;0;2;0;1;0;2;2;-8,978098;-36,51403;"SR-PE";"DEL11/3";"UOP01/PE"
266647;2020-02-02;"domingo";"16:50:00";"RN";101;109;"PARNAMIRIM";"Falta de Atenção à Condução";"Colisão com objeto estático";"Com Vítimas Fatais";"Pleno dia";"Crescente";"Céu Claro";"Dupla";"Reta";"Sim";1;1;0;0;0;0;0;1;-5,93436;-35,26652;"SR-RN";"DEL15/1";"UOP01/RN"
266648;2020-02-02;"domingo";"15:00:00";"MG";381;549,3;"ITATIAIUCU";"Avarias e/ou desgaste excessivo no pneu";"Colisão com objeto estático";"Com Vítimas Feridas";"Pleno dia";"Decrescente";"Chuva";"Dupla";"Não Informado";"Não";3;0;1;1;1;0;2;2;-20,31815;-44,45449;"SR-MG";"DEL4/4";"UOP03/MG"
266649;2020-02-02;"domingo";"14:20:00";"RO";364;43;"VILHENA";"Pista Escorregadia";"Saída de leito carroçável";"Com Vítimas Feridas";"Pleno dia";"Decrescente";"Nublado";"Simples";"Curva";"Não";3;0;2;0;1;0;2;1;-12,61104;-60,34258;"SR-RO";"DEL21/4";"UOP01/RO"
266650;2020-02-02;"domingo";"15:30:00";"PE";232;410,2;"SERRA TALHADA";"Ingestão de Álcool";"Colisão traseira";"Com Vítimas Feridas";"Pleno dia";"Crescente";"Nublado";"Simples";"Reta";"Não";4;0;1;1;2;0;2;2;-7,982618;-38,3004;"SR-PE";"DEL11/4";"UOP01/PE"
266651;2020-02-02;"domingo";"16:20:00";"SP";116;514;"CAJATI";"Pista Escorregadia";"Colisão com objeto estático";"Com Vítimas Feridas";"Pleno dia";"Decrescente";"Chuva";"Simples";"Curva";"Não";5;0;1;0;4;0;1;2;-24,85874;-48,21731;"SR-SP";"DEL6/5";"UOP03/SP"
266652;2020-02-02;"domingo";"16:20:00";"PR";476;100,5;"BOCAIUVA DO SUL";"Velocidade Incompatível";"Saída de leito carroçável";"Com Vítimas Fatais";"Pleno dia";"Crescente";"Nublado";"Simples";"Curva";"Não";4;1;3;0;0;0;3;1;-25,25286;-49,13767;"SR-PR";"DEL7/1";"UOP06/PR"
266653;2020-02-02;"domingo";"16:50:00";"PR";376;184,7;"SARANDI";"Pista Escorregadia";"Colisão traseira";"Com Vítimas Feridas";"Pleno dia";"Decrescente";"Chuva";"Dupla";"Reta";"Sim";4;0;1;0;3;0;1;3;-23,44414;-51,86642;"SR-PR";"DEL7/7";"UOP04/PR"
266654;2020-02-02;"domingo";"16:45:00";"PA";316;145,4;"PEIXE-BOI";"Ultrapassagem Indevida";"Colisão frontal";"Com Vítimas Fatais";"Pleno dia";"Crescente";"Céu Claro";"Simples";"Reta";"Não";4;1;0;0;2;1;0;3;-1,238645;-47,22867;"SR-PA";"DEL19/1";"UOP03/PA"
266655;2020-02-02;"domingo";"15:55:00";"PR";277;140;"BALSA NOVA";"Velocidade Incompatível";"Queda de ocupante de veículo";"Com Vítimas Feridas";"Pleno dia";"Crescente";"Chuva";"Dupla";"Curva";"Não";1;0;1;0;0;0;1;1;-25,468;-49,72593;"SR-PR";"DEL7/1";"UOP05/PR"
266656;2020-02-02;"domingo";"16:40:00";"SC";282;24,6;"SANTO AMARO DA IMPERATRIZ";"Falta de Atenção à Condução";"Colisão transversal";"Com Vítimas Feridas";"Pleno dia";"Crescente";"Nublado";"Simples";"Curva";"Sim";3;0;2;0;0;1;2;2;-27,68268;-48,74461;"SR-SC";"UOP03";"DEL01"
266657;2020-02-02;"domingo";"15:20:00";"BA";101;491,3;"ITAJUIPE";"Falta de Atenção à Condução";"Colisão transversal";"Com Vítimas Fatais";"Pleno dia";"Decrescente";"Céu Claro";"Simples";"Interseção de vias";"Não";4;1;0;0;3;0;0;2;-14,69492;-39,36533;"SR-BA";"DEL10/5";"UOP01/BA"
266658;2020-02-02;"domingo";"15:25:00";"MG";116;283;"TEOFILO OTONI";"Velocidade Incompatível";"Tombamento";"Com Vítimas Feridas";"Pleno dia";"Crescente";"Céu Claro";"Simples";"Não Informado";"Não";1;0;1;0;0;0;1;1;-17,91129;-41,5272;"SR-MG";"DEL4/11";"UOP01/MG"
266659;2020-02-02;"domingo";"15:50:00";"MG";262;757,5;"UBERABA";"Desobediência às normas de trânsito pelo condutor";"Saída de leito carroçável";"Com Vítimas Feridas";"Pleno dia";"Decrescente";"Céu Claro";"Dupla";"Reta";"Não";4;0;1;0;2;1;1;2;-19,65905;-47,57341;"SR-MG";"DEL13";"UOP01/MG"
266660;2020-02-02;"domingo";"17:00:00";"PE";101;187,4;"PALMARES";"Desobediência às normas de trânsito pelo condutor";"Saída de leito carroçável";"Com Vítimas Fatais";"Pleno dia";"Decrescente";"Céu Claro";"Dupla";"Reta";"Sim";1;1;0;0;0;0;0;1;-8,686806;-35,58731;"SR-PE";"DEL11/1";"UOP03/PE"
266661;2020-02-02;"domingo";"17:40:00";"ES";101;438;"MIMOSO DO SUL";"Desobediência às normas de trânsito pelo pedestre";"Colisão frontal";"Com Vítimas Feridas";"Anoitecer";"Crescente";"Céu Claro";"Simples";"Reta";"Não";3;0;2;0;1;0;2;2;-21,06634;-41,22124;"SR-ES";"DEL12/3";"UOP02/ES"
266662;2020-02-02;"domingo";"16:30:00";"PR";116;18,5;"ANTONINA";"Velocidade Incompatível";"Saída de leito carroçável";"Com Vítimas Feridas";"Pleno dia";"Decrescente";"Chuva";"Dupla";"Curva";"Não";1;0;1;0;0;0;1;1;-25,10397;-48,71079;"SR-PR";"DEL7/1";"UOP02/PR"
266663;2020-02-02;"domingo";"17:00:00";"ES";259;25,6;"COLATINA";"Desobediência às normas de trânsito pelo condutor";"Colisão traseira";"Com Vítimas Feridas";"Anoitecer";"Crescente";"Céu Claro";"Simples";"Reta";"Não";6;0;2;0;3;1;2;3;-19,61862;-40,48346;"SR-ES";"DEL12/2";"UOP01/ES"
266664;2020-02-02;"domingo";"17:20:00";"PR";277;361,6;"GUARAPUAVA";"Avarias e/ou desgaste excessivo no pneu";"Saída de leito carroçável";"Com Vítimas Feridas";"Pleno dia";"Decrescente";"Chuva";"Simples";"Não Informado";"Não";3;0;2;0;1;0;2;1;-25,4346;-51,64573;"SR-PR";"DEL7/3";"UOP02/PR"
266665;2020-02-02;"domingo";"18:00:00";"RS";116;240;"NOVO HAMBURGO";"Desobediência às normas de trânsito pelo condutor";"Colisão traseira";"Com Vítimas Feridas";"Pleno dia";"Decrescente";"Sol";"Múltipla";"Reta";"Sim";2;0;1;0;1;0;1;2;-29,70496;-51,14677;"SR-RS";"DEL9/1";"UOP02/RS"
266666;2020-02-02;"domingo";"17:08:00";"BA";116;830,9;"VITORIA DA CONQUISTA";"Não guardar distância de segurança";"Engavetamento";"Com Vítimas Feridas";"Pleno dia";"Decrescente";"Sol";"Simples";"Não Informado";"Não";5;0;1;0;4;0;1;4;-14,91646;-40,87833;"SR-BA";"DEL10/8";"UOP01/BA"
266667;2020-02-02;"domingo";"18:00:00";"MG";153;47;"MONTE ALEGRE DE MINAS";"Falta de Atenção à Condução";"Capotamento";"Com Vítimas Feridas";"Anoitecer";"Decrescente";"Nublado";"Dupla";"Curva";"Não";4;0;4;0;0;0;4;1;-18,7962;-49,08248;"SR-MG";"DEL4/15";"UOP03/MG"
266669;2020-02-02;"domingo";"18:00:00";"BA";235;350,8;"JUAZEIRO";"Ingestão de Álcool";"Colisão frontal";"Com Vítimas Feridas";"Anoitecer";"Crescente";"Céu Claro";"Simples";"Reta";"Sim";3;0;1;0;1;1;1;2;-9,425031;-40,50389;"SR-PE";"DEL11/6";"UOP01/PE"
266671;2020-02-02;"domingo";"14:00:00";"MA";135;1;"SAO LUIS";"Desobediência às normas de trânsito pelo condutor";"Colisão transversal";"Com Vítimas Feridas";"Pleno dia";"Decrescente";"Céu Claro";"Dupla";"Reta";"Sim";1;0;0;1;0;0;1;1;-2,688571;-44,29525;"SR-MA";"DEL18/1";"UOP01/MA"
266672;2020-02-02;"domingo";"15:30:00";"MA";135;63,1;"SANTA RITA";"Não guardar distância de segurança";"Colisão traseira";"Com Vítimas Fatais";"Pleno dia";"Decrescente";"Céu Claro";"Simples";"Reta";"Não";1;1;0;0;0;0;0;1;-3,078741;-44,32217;"SR-MA";"DEL18/1";"UOP02/MA"
266673;2020-02-02;"domingo";"18:10:00";"ES";262;56,2;"MARECHAL FLORIANO";"Desobediência às normas de trânsito pelo condutor";"Colisão transversal";"Com Vítimas Feridas";"Anoitecer";"Crescente";"Céu Claro";"Simples";"Reta";"Sim";4;0;1;0;3;0;1;2;-20,41088;-40,75519;"SR-ES";"DEL12/1";"UOP01/ES"