"id";"data_inversa";"dia_semana";"horario";"uf";"br";"km";"municipio";"causa_acidente";"tipo_acidente";"classificacao_acidente";"fase_dia";"sentido_via";"condicao_metereologica";"tipo_pista";"tracado_via";"uso_solo";"pessoas";"mortos";"feridos_leves";"feridos_graves";"ilesos";"ignorados";"feridos";"veiculos";"latitude";"longitude";"regional";"delegacia";"uop"
266763;2020-02-02;"domingo";"23:30:00";"PR";277;726;"FOZ DO IGUACU";"Falta de Atenção à Condução";"Colisão traseira";"Sem Vítimas";"Plena Noite";"Crescente";"Céu Claro";"Dupla";"Rotatória";"Sim";2;0;0;0;2;0;0;2;-25,5106;-54,55482;"SR-PR";"DEL7/5";"UOP03/PR"
266764;2020-02-02;"domingo";"23:00:00";"MG";381;680;"PERDOES";"Condutor Dormindo";"Tombamento";"Com Vítimas Feridas";"Plena Noite";"Decrescente";"Céu Claro";"Dupla";"Reta";"Não";1;0;1;0;0;0;1;1;-21,15538;-45,11395;"SR-MG";"DEL4/4";"UOP02/MG"
266765;2020-02-02;"domingo";"23:10:00";"RO";319;61;"PORTO VELHO";"Ingestão de Álcool";"Colisão traseira";"Com Vítimas Feridas";"Plena Noite";"Decrescente";"Céu Claro";"Dupla";"Reta";"Sim";2;0;1;0;1;0;1;2;-8,766685;-63,88405;"SR-RO";"DEL21/1";"UOP01/RO"
266766;2020-02-02;"domingo";"23:50:00";"MG";40;517;"RIBEIRAO DAS NEVES";"Falta de Atenção do Pedestre";"Atropelamento de Pedestre";"Com Vítimas Feridas";"Plena Noite";"Crescente";"Nublado";"Dupla";"Reta";"Sim";2;0;2;0;0;0;2;1;-19,82351;-44,08439;"SR-MG";"DEL4/1";"UOP02/MG"
266767;2020-02-02;"domingo";"23:45:00";"RS";470;226;"GARIBALDI";"Velocidade Incompatível";"Saída de leito carroçável";"Com Vítimas Fatais";"Plena Noite";"Crescente";"Céu Claro";"Simples";"Não Informado";"Não";1;1;0;0;0;0;0;1;-29,25201;-51,51332;"SR-RS";"DEL9/6";"UOP01/RS"
266768;2020-02-02;"domingo";"23:45:00";"SC";470;69,9;"INDAIAL";"Falta de Atenção à Condução";"Atropelamento de Pedestre";"Com Vítimas Feridas";"Plena Noite";"Crescente";"Chuva";"Simples";"Não Informado";"Sim";3;0;0;2;0;1;2;1;-26,88375;-49,2467;"SR-SC";"DEL8/4";"UOP01/SC"
266769;2020-02-03;"segunda-feira";"00:40:00";"PR";376;665;"GUARATUBA";"Velocidade Incompatível";"Tombamento";"Sem Vítimas";"Plena Noite";"Crescente";"Chuva";"Dupla";"Curva";"Não";1;0;0;0;1;0;0;1;-25,85456;-48,95671;"SR-PR";"DEL7/1";"UOP08/PR"
266770;2020-02-03;"segunda-feira";"00:00:00";"RJ";101;267;"RIO BONITO";"Desobediência às normas de trânsito pelo condutor";"Saída de leito carroçável";"Com Vítimas Feridas";"Plena Noite";"Crescente";"Chuva";"Dupla";"Reta";"Sim";4;0;3;0;1;0;3;1;-22,70728;-42,66059;"SR-RJ";"DEL5/2";"UOP02/RJ"
266771;2020-02-03;"segunda-feira";"00:50:00";"PI";316;294,8;"PICOS";"Animais na Pista";"Atropelamento de Animal";"Com Vítimas Feridas";"Plena Noite";"Decrescente";"Céu Claro";"Simples";"Reta";"Não";3;0;1;0;2;0;1;1;-7,013825;-41,5877;"SR-PI";"DEL17/4";"UOP01/PI"
266772;2020-02-02;"domingo";"23:00:00";"AC";364;135;"RIO BRANCO";"Defeito na Via";"Danos eventuais";"Com Vítimas Feridas";"Plena Noite";"Decrescente";"Chuva";"Dupla";"Reta";"Não";2;0;1;1;0;0;2;1;-9,985881;-67,84524;"SR-AC";"UOP01/AC";""
266773;2020-02-02;"domingo";"22:50:00";"RS";116;260,7;"CANOAS";"Velocidade Incompatível";"Colisão com objeto estático";"Com Vítimas Fatais";"Plena Noite";"Decrescente";"Céu Claro";"Múltipla";"Curva";"Sim";1;1;0;0;0;0;0;1;-29,87921;-51,18046;"SR-RS";"DEL9/1";"UOP01/RS"
266774;2020-02-03;"segunda-feira";"01:10:00";"DF";20;7;"BRASILIA";"Ingestão de álcool e/ou substâncias psicoativas pelo pedestre";"Atropelamento de Pedestre";"Sem Vítimas";"Plena Noite";"Crescente";"Céu Claro";"Dupla";"Reta";"Sim";2;0;0;0;1;1;0;1;-15,66221;-47,79987;"SR-DF";"UOP01/DEL02/DF";""
266777;2020-02-03;"segunda-feira";"00:50:00";"RJ";40;105;"DUQUE DE CAXIAS";"Falta de Atenção à Condução";"Tombamento";"Com Vítimas Feridas";"Plena Noite";"Crescente";"Garoa/Chuvisco";"Simples";"Viaduto";"Sim";2;0;1;0;0;1;1;1;-22,63785;-43,28429;"SR-RJ";"DEL5/1";"UOP01/RJ"
266778;2020-02-03;"segunda-feira";"00:00:00";"MA";230;0;"BARAO DE GRAJAU";"Falta de Atenção à Condução";"Colisão traseira";"Com Vítimas Feridas";"Plena Noite";"Decrescente";"Céu Claro";"Simples";"Reta";"Sim";2;0;1;0;0;1;1;2;-6,760894;-43,01105;"SR-PI";"DEL17/3";"UOP01/PI"
266779;2020-02-03;"segunda-feira";"00:50:00";"RJ";101;305;"SAO GONCALO";"Falta de Atenção à Condução";"Colisão traseira";"Com Vítimas Feridas";"Plena Noite";"Crescente";"Céu Claro";"Dupla";"Reta";"Sim";1;0;1;0;0;0;1;1;-22,78703;-42,99589;"SR-RJ";"DEL5/2";"UOP01/RJ"
266780;2020-02-03;"segunda-feira";"01:15:00";"RJ";101;257;"RIO BONITO";"Falta de Atenção à Condução";"Capotamento";"Com Vítimas Feridas";"Plena Noite";"Decrescente";"Nublado";"Dupla";"Reta";"Não";3;0;3;0;0;0;3;1;-22,6982;-42,57805;"SR-RJ";"DEL5/2";"UOP02/RJ"
266781;2020-02-03;"segunda-feira";"00:00:00";"MA";230;0;"BARAO DE GRAJAU";"Falta de Atenção à Condução";"Queda de ocupante de veículo";"Com Vítimas Feridas";"Plena Noite";"Crescente";"Céu Claro";"Simples";"Ponte";"Sim";1;0;1;0;0;0;1;1;-6,760057;-43,01143;"SR-PI";"DEL17/3";"UOP01/PI"
266782;2020-02-03;"segunda-feira";"03:30:00";"GO";364;294;"MINEIROS";"Falta de Atenção à Condução";"Capotamento";"Sem Vítimas";"Plena Noite";"Decrescente";"Céu Claro";"Simples";"Reta";"Não";1;0;0;0;0;1;0;1;-17,58425;-52,50275;"SR-GO";"DEL1/5";"UOP01/GO"
266783;2020-02-03;"segunda-feira";"02:45:00";"AL";101;189,7;"JUNQUEIRO";"Defeito Mecânico no Veículo";"Incêndio";"Sem Vítimas";"Plena Noite";"Decrescente";"Ignorado";"Simples";"Reta";"Sim";28;0;0;0;28;0;0;1;-9,916226;-36,47311;"SR-AL";"DEL13/2";"UOP02/AL"
266784;2020-02-03;"segunda-feira";"03:48:00";"MG";459;7,8;"CALDAS";"Condutor Dormindo";"Colisão com objeto estático";"Sem Vítimas";"Plena Noite";"Decrescente";"Céu Claro";"Dupla";"Rotatória";"Não";2;0;0;0;2;0;0;1;-21,80867;-46,46995;"SR-MG";"DEL09";"UOP04/MG"
266786;2020-02-03;"segunda-feira";"04:30:00";"SC";470;50,9;"BLUMENAU";"Pista Escorregadia";"Colisão com objeto estático";"Com Vítimas Feridas";"Plena Noite";"Crescente";"Chuva";"Simples";"Curva";"Não";1;0;1;0;0;0;1;1;-26,85977;-49,07449;"SR-SC";"DEL8/4";"UOP01/SC"
266788;2020-02-02;"domingo";"21:20:00";"RJ";116;330;"RESENDE";"Falta de Atenção à Condução";"Tombamento";"Com Vítimas Feridas";"Plena Noite";"Crescente";"Nublado";"Dupla";"Reta";"Não";1;0;0;1;0;0;1;1;-22,50454;-44,61629;"SR-RJ";"DEL5/7";"UOP02/RJ"
266789;2020-02-03;"segunda-feira";"04:45:00";"PE";232;146,2;"SAO CAITANO";"Desobediência às normas de trânsito pelo condutor";"Colisão transversal";"Sem Vítimas";"Plena Noite";"Decrescente";"Céu Claro";"Dupla";"Não Informado";"Sim";4;0;0;0;4;0;0;3;-8,332675;-36,12875;"SR-PE";"DEL11/2";"UOP02/PE"
266790;2020-02-03;"segunda-feira";"03:00:00";"SP";381;88;"GUARULHOS";"Falta de Atenção à Condução";"Colisão com objeto estático";"Sem Vítimas";"Plena Noite";"Decrescente";"Nublado";"Dupla";"Reta";"Sim";1;0;0;0;1;0;0;1;-23,47469;-46,56113;"SR-SP";"DEL6/3";"UOP02/SP"
266791;2020-02-03;"segunda-feira";"03:30:00";"RJ";101;283;"ITABORAI";"Falta de Atenção à Condução";"Tombamento";"Sem Vítimas";"Plena Noite";"Crescente";"Nublado";"Dupla";"Desvio Temporário";"Não";1;0;0;0;1;0;0;1;-22,73591;-42,80593;"SR-RJ";"DEL5/2";"UOP02/RJ"
266792;2020-02-03;"segunda-feira";"03:45:00";"SP";116;349,8;"MIRACATU";"Falta de Atenção à Condução";"Colisão com objeto estático";"Com Vítimas Feridas";"Plena Noite";"Crescente";"Nublado";"Dupla";"Curva";"Não";1;0;0;1;0;0;1;1;-24,05191;-47,21305;"SR-SP";"DEL6/4";"UOP03/SP"
266793;2020-02-03;"segunda-feira";"05:00:00";"PI";135;330;"SANTA LUZ";"Não guardar distância de segurança";"Tombamento";"Com Vítimas Fatais";"Amanhecer";"Decrescente";"Céu Claro";"Simples";"Curva";"Não";2;1;0;0;1;0;0;2;-8,928334;-44,25476;"SR-PI";"DEL17/3";"UOP02/PI"
266794;2020-02-03;"segunda-feira";"05:45:00";"MG";354;752,5;"ITAMONTE";"Falta de Atenção à Condução";"Colisão frontal";"Com Vítimas Feridas";"Amanhecer";"Decrescente";"Nublado";"Simples";"Reta";"Sim";4;0;3;0;1;0;3;2;-22,29341;-44,86366;"SR-MG";"DEL5";"UOP03/MG"
266795;2020-02-03;"segunda-feira";"05:20:00";"MG";40;357,8;"FELIXLANDIA";"Falta de Atenção à Condução";"Colisão lateral";"Com Vítimas Feridas";"Amanhecer";"Crescente";"Garoa/Chuvisco";"Simples";"Reta";"Não";2;0;0;1;1;0;1;2;-18,73167;-44,87334;"SR-MG";"DEL4/2";"UOP01/MG"
266796;2020-02-02;"domingo";"23:30:00";"RS";116;221;"DOIS IRMAOS";"Falta de Atenção à Condução";"Tombamento";"Com Vítimas Feridas";"Plena Noite";"Decrescente";"Céu Claro";"Simples";"Curva";"Não";1;0;1;0;0;0;1;1;-29,57244;-51,09625;"SR-RS";"DEL9/1";"UOP02/RS"
266797;2020-02-03;"segunda-feira";"04:50:00";"RS";470;165;"VERANOPOLIS";"Ingestão de Álcool";"Saída de leito carroçável";"Com Vítimas Feridas";"Amanhecer";"Decrescente";"Céu Claro";"Simples";"Curva";"Não";1;0;0;1;0;0;1;1;-28,84517;-51,57524;"SR-RS";"DEL9/6";"UOP02/RS"
266798;2020-02-03;"segunda-feira";"05:20:00";"PR";376;177,9;"MARINGA";"Defeito Mecânico no Veículo";"Incêndio";"Com Vítimas Feridas";"Amanhecer";"Decrescente";"Chuva";"Dupla";"Reta";"Sim";1;0;1;0;0;0;1;1;-23,41559;-51,92338;"SR-PR";"DEL7/7";"UOP04/PR"
266800;2020-02-03;"segunda-feira";"05:30:00";"PI";343;272,4;"CAMPO MAIOR";"Animais na Pista";"Atropelamento de Animal";"Com Vítimas Feridas";"Amanhecer";"Crescente";"Nublado";"Simples";"Reta";"Não";2;0;1;1;0;0;2;1;-4,866084;-42,21493;"SR-PI";"DEL17/1";"UOP03/PI"
266801;2020-02-03;"segunda-feira";"03:00:00";"AC";364;136;"RIO BRANCO";"Defeito na Via";"Danos eventuais";"Com Vítimas Feridas";"Plena Noite";"Decrescente";"Chuva";"Dupla";"Reta";"Sim";1;0;0;1;0;0;1;1;-9,977578;-67,8489;"SR-AC";"UOP01/AC";""
266802;2020-02-03;"segunda-feira";"05:00:00";"MT";163;771;"SORRISO";"Animais na Pista";"Capotamento";"Com Vítimas Feridas";"Amanhecer";"Crescente";"Céu Claro";"Simples";"Reta";"Não";1;0;0;1;0;0;1;1;-12,51359;-55,69587;"SR-MT";"DEL2/6";"UOP01/MT"
266803;2020-02-03;"segunda-feira";"06:20:00";"PR";116;122;"FAZENDA RIO GRANDE";"Falta de Atenção à Condução";"Colisão traseira";"Com Vítimas Feridas";"Pleno dia";"Decrescente";"Céu Claro";"Dupla";"Reta";"Sim";2;0;1;0;1;0;1;2;-25,60593;-49,31852;"SR-PR";"DEL7/1";"UOP03/PR"
266804;2020-02-02;"domingo";"19:45:00";"MG";381;456;"BELO HORIZONTE";"Animais na Pista";"Atropelamento de Animal";"Com Vítimas Feridas";"Pleno dia";"Decrescente";"Céu Claro";"Simples";"Reta";"Sim";3;0;0;2;1;0;2;2;-19,85863;-43,91292;"SR-MG";"DEL4/1";"UOP01/MG"
266805;2020-02-03;"segunda-feira";"05:40:00";"GO";153;494,3;"GOIANIA";"Falta de Atenção do Pedestre";"Atropelamento de Pedestre";"Com Vítimas Feridas";"Amanhecer";"Decrescente";"Ignorado";"Dupla";"Reta";"Sim";2;0;1;0;1;0;1;1;-16,6614;-49,2218;"SR-GO";"DEL1/1";"UOP01/GO"
266806;2020-02-03;"segunda-feira";"06:30:00";"GO";153;494,3;"GOIANIA";"Ingestão de Álcool";"Colisão traseira";"Sem Vítimas";"Pleno dia";"Decrescente";"Céu Claro";"Dupla";"Reta";"Sim";2;0;0;0;2;0;0;2;-16,6614;-49,2218;"SR-GO";"DEL1/1";"UOP01/GO"
266807;2020-02-03;"segunda-feira";"07:00:00";"DF";20;13;"BRASILIA";"Ingestão de Álcool";"Colisão traseira";"Sem Vítimas";"Pleno dia";"Decrescente";"Sol";"Dupla";"Reta";"Não";2;0;0;0;2;0;0;2;-15,63875;-47,7496;"SR-DF";"UOP01/DEL02/DF";""
266808;2020-02-03;"segunda-feira";"06:45:00";"RS";116;514,1;"PELOTAS";"Defeito Mecânico no Veículo";"Colisão com objeto estático";"Sem Vítimas";"Pleno dia";"Decrescente";"Céu Claro";"Dupla";"Não Informado";"Sim";1;0;0;0;1;0;0;1;-31,65214;-52,33685;"SR-RS";"DEL9/7";"UOP01/RS"
266809;2020-02-03;"segunda-feira";"01:15:00";"PR";476;355,6;"UNIAO DA VITORIA";"Falta de Atenção à Condução";"Colisão lateral";"Sem Vítimas";"Plena Noite";"Decrescente";"Nublado";"Simples";"Reta";"Não";2;0;0;0;2;0;0;2;-26,19627;-51,02394;"SR-PR";"DEL7/2";"UOP02/PR"
266810;2020-02-03;"segunda-feira";"04:15:00";"SC";282;52;"RANCHO QUEIMADO";"Velocidade Incompatível";"Colisão frontal";"Com Vítimas Feridas";"Plena Noite";"Decrescente";"Chuva";"Simples";"Desvio Temporário";"Não";2;0;0;1;1;0;1;2;-27,69694;-48,96414;"SR-SC";"DEL8/1";"UOP03/SC"
266811;2020-02-03;"segunda-feira";"06:40:00";"MG";50;7;"UBERLANDIA";"Condutor Dormindo";"Saída de leito carroçável";"Com Vítimas Feridas";"Pleno dia";"Decrescente";"Céu Claro";"Dupla";"Curva";"Não";1;0;1;0;0;0;1;1;-18,8816;-48,20698;"SR-MG";"DEL4/15";"UOP02/MG"
266812;2020-02-03;"segunda-feira";"01:30:00";"SC";470;129;"LONTRAS";"Velocidade Incompatível";"Colisão com objeto estático";"Sem Vítimas";"Plena Noite";"Crescente";"Chuva";"Simples";"Reta";"Não";1;0;0;0;0;1;0;1;-27,15364;-49,55658;"SR-SC";"DEL8/4";"UOP02/SC"
266813;2020-02-03;"segunda-feira";"07:20:00";"RS";290;95;"PORTO ALEGRE";"Falta de Atenção à Condução";"Colisão lateral";"Com Vítimas Feridas";"Pleno dia";"Crescente";"Céu Claro";"Dupla";"Reta";"Sim";3;0;2;0;1;0;2;2;-29,98283;-51,20157;"SR-RS";"DEL9/1";"UOP01/RS"
266814;2020-02-03;"segunda-feira";"07:30:00";"SP";116;60,2;"GUARATINGUETA";"Defeito Mecânico no Veículo";"Tombamento";"Com Vítimas Feridas";"Amanhecer";"Crescente";"Céu Claro";"Dupla";"Reta";"Não";2;0;2;0;0;0;2;1;-22,79107;-45,16105;"SR-SP";"DEL6/8";"UOP02/SP"
266815;2020-02-03;"segunda-feira";"07:30:00";"RS";290;92,2;"PORTO ALEGRE";"Falta de Atenção à Condução";"Colisão lateral";"Com Vítimas Feridas";"Pleno dia";"Decrescente";"Nublado";"Múltipla";"Não Informado";"Sim";2;0;1;0;1;0;1;2;-29,97179;-51,18005;"SR-RS";"DEL9/1";"UOP01/RS"
266816;2020-02-03;"segunda-feira";"07:30:00";"PE";101;46,7;"IGARASSU";"Desobediência às normas de trânsito pelo condutor";"Colisão lateral";"Sem Vítimas";"Pleno dia";"Decrescente";"Céu Claro";"Múltipla";"Retorno Regulamentado";"Sim";3;0;0;0;3;0;0;2;-7,87406;-34,90588;"SR-PE";"DEL11/1";"UOP02/PE"
266817;2020-02-03;"segunda-feira";"07:30:00";"PR";116;44,3;"CAMPINA GRANDE DO SUL";"Falta de Atenção à Condução";"Saída de leito carroçável";"Com Vítimas Feridas";"Pleno dia";"Crescente";"Garoa/Chuvisco";"Dupla";"Não Informado";"Não";2;0;1;0;1;0;1;1;-25,18823;-48,88493;"SR-PR";"DEL7/1";"UOP02/PR"
266818;2020-02-03;"segunda-feira";"07:20:00";"SC";101;330,1;"TUBARAO";"Condutor Dormindo";"Colisão lateral";"Com Vítimas Feridas";"Pleno dia";"Crescente";"Céu Claro";"Dupla";"Reta";"Não";5;0;1;0;4;0;1;2;-28,45116;-48,97287;"SR-SC";"DEL8/2";"UOP01/SC"
266819;2020-02-03;"segunda-feira";"02:00:00";"AC";364;101;"SENADOR GUIOMARD";"Falta de Atenção à Condução";"Saída de leito carroçável";"Com Vítimas Fatais";"Plena Noite";"Crescente";"Céu Claro";"Simples";"Reta";"Não";1;1;0;0;0;0;0;1;-10,06313;-67,59071;"SR-AC";"UOP01/AC";""
266820;2020-02-03;"segunda-feira";"07:40:00";"SP";116;220,3;"GUARULHOS";"Falta de Atenção à Condução";"Colisão traseira";"Com Vítimas Feridas";"Pleno dia";"Crescente";"Chuva";"Múltipla";"Reta";"Sim";2;0;1;0;1;0;1;2;-23,46473;-46,49794;"SR-SP";"DEL6/1";"UOP01/SP"
266821;2020-02-03;"segunda-feira";"07:20:00";"RJ";116;90;"GUAPIMIRIM";"Animais na Pista";"Colisão traseira";"Com Vítimas Feridas";"Pleno dia";"Decrescente";"Nublado";"Simples";"Reta";"Não";2;0;1;0;1;0;1;2;-22,46545;-42,99399;"SR-RJ";"DEL5/4";"UOP02/RJ"
266822;2020-02-03;"segunda-feira";"07:55:00";"PR";376;179,5;"MARINGA";"Falta de Atenção à Condução";"Colisão traseira";"Com Vítimas Feridas";"Pleno dia";"Decrescente";"Nublado";"Dupla";"Reta";"Sim";2;0;1;0;1;0;1;2;-23,42137;-51,90681;"SR-PR";"DEL7/7";"UOP04/PR"
266823;2020-02-03;"segunda-feira";"06:45:00";"PR";277;586;"CASCAVEL";"Falta de Atenção à Condução";"Colisão transversal";"Com Vítimas Feridas";"Pleno dia";"Decrescente";"Céu Claro";"Simples";"Interseção de vias";"Sim";2;0;0;1;1;0;1;2;-24,96495;-53,42105;"SR-PR";"DEL7/4";"UOP01/PR"
266824;2020-02-03;"segunda-feira";"07:50:00";"PR";376;161,5;"MARINGA";"Falta de Atenção à Condução";"Colisão transversal";"Com Vítimas Feridas";"Pleno dia";"Crescente";"Nublado";"Dupla";"Interseção de vias";"Sim";2;0;1;0;1;0;1;2;-23,36842;-52,06627;"SR-PR";"DEL7/7";"UOP04/PR"
266825;2020-02-03;"segunda-feira";"04:45:00";"MA";135;195,4;"ALTO ALEGRE DO MARANHAO";"Condutor Dormindo";"Tombamento";"Sem Vítimas";"Plena Noite";"Decrescente";"Céu Claro";"Simples";"Não Informado";"Não";2;0;0;0;2;0;0;1;-4,154581;-44,46971;"SR-MA";"DEL18/3";"UOP01/MA"
266826;2020-02-03;"segunda-feira";"07:40:00";"SC";153;100,4;"CONCORDIA";"Desobediência às normas de trânsito pelo condutor";"Colisão frontal";"Com Vítimas Feridas";"Pleno dia";"Decrescente";"Céu Claro";"Simples";"Reta";"Não";5;0;3;1;1;0;4;2;-27,24264;-51,95171;"SR-SC";"DEL7";"UOP05/SC"
266827;2020-02-03;"segunda-feira";"07:46:00";"PB";230;18;"JOAO PESSOA";"Pista Escorregadia";"Queda de ocupante de veículo";"Com Vítimas Feridas";"Pleno dia";"Decrescente";"Chuva";"Dupla";"Curva";"Sim";2;0;2;0;0;0;2;1;-7,1198;-34,8453;"SR-PB";"DEL14/1";"UOP01/PB"
266828;2020-02-03;"segunda-feira";"07:20:00";"BA";101;173;"FEIRA DE SANTANA";"Condutor Dormindo";"Colisão traseira";"Com Vítimas Feridas";"Pleno dia";"Decrescente";"Céu Claro";"Simples";"Reta";"Não";5;0;3;0;2;0;3;2;-12,38147;-38,87281;"SR-BA";"DEL10/1";"UOP03/BA"
266829;2020-02-03;"segunda-feira";"08:25:00";"RN";101;95,2;"NATAL";"Falta de Atenção à Condução";"Colisão traseira";"Com Vítimas Feridas";"Pleno dia";"Decrescente";"Sol";"Dupla";"Reta";"Sim";2;0;1;0;1;0;1;2;-5,840768;-35,21036;"SR-RN";"DEL15/1";"UOP01/RN"
266830;2020-02-03;"segunda-feira";"06:30:00";"ES";262;29;"VIANA";"Falta de Atenção à Condução";"Colisão com objeto estático";"Com Vítimas Feridas";"Pleno dia";"Decrescente";"Céu Claro";"Simples";"Curva";"Não";1;0;0;1;0;0;1;1;-20,37585;-40,56027;"SR-ES";"DEL12/1";"UOP01/ES"
266831;2020-02-03;"segunda-feira";"08:10:00";"SC";101;212,8;"PALHOCA";"Não guardar distância de segurança";"Colisão traseira";"Com Vítimas Feridas";"Pleno dia";"Decrescente";"Garoa/Chuvisco";"Dupla";"Reta";"Não";2;0;1;0;1;0;1;2;-27,62997;-48,65904;"SR-SC";"DEL8/1";"UOP02/SC"
266832;2020-02-03;"segunda-feira";"08:20:00";"BA";324;610;"SIMOES FILHO";"Falta de Atenção à Condução";"Queda de ocupante de veículo";"Com Vítimas Feridas";"Pleno dia";"Crescente";"Céu Claro";"Dupla";"Reta";"Não";2;0;2;0;0;0;2;1;-12,82932;-38,41113;"SR-BA";"DEL10/1";"UOP01/BA"
266833;2020-02-03;"segunda-feira";"08:10:00";"MG";40;530;"CONTAGEM";"Desobediência às normas de trânsito pelo condutor";"Colisão traseira";"Com Vítimas Feridas";"Pleno dia";"Crescente";"Céu Claro";"Dupla";"Reta";"Sim";3;0;1;0;1;1;1;2;-19,91636;-44,03967;"SR-MG";"DEL4/1";"UOP02/MG"
266834;2020-02-03;"segunda-feira";"08:30:00";"SC";101;327;"CAPIVARI DE BAIXO";"Não guardar distância de segurança";"Colisão traseira";"Com Vítimas Feridas";"Pleno dia";"Crescente";"Sol";"Dupla";"Desvio Temporário";"Sim";8;0;2;0;6;0;2;6;-28,43023;-48,95205;"SR-SC";"DEL8/2";"UOP01/SC"
266835;2020-02-03;"segunda-feira";"09:00:00";"CE";116;55,7;"PACAJUS";"Desobediência às normas de trânsito pelo condutor";"Colisão traseira";"Com Vítimas Feridas";"Pleno dia";"Decrescente";"Chuva";"Simples";"Não Informado";"Sim";2;0;2;0;0;0;2;2;-4,203642;-38,47065;"SR-CE";"DEL16/3";"UOP02/CE"
266836;2020-02-03;"segunda-feira";"09:05:00";"PE";101;72,9;"RECIFE";"Velocidade Incompatível";"Saída de leito carroçável";"Com Vítimas Feridas";"Pleno dia";"Crescente";"Chuva";"Dupla";"Curva";"Sim";3;0;3;0;0;0;3;1;-8,084931;-34,94506;"SR-PE";"DEL11/1";"UOP01/PE"
266837;2020-02-03;"segunda-feira";"08:00:00";"SC";101;328;"CAPIVARI DE BAIXO";"Falta de Atenção à Condução";"Colisão lateral";"Com Vítimas Feridas";"Pleno dia";"Crescente";"Céu Claro";"Dupla";"Reta";"Não";3;0;1;0;2;0;1;2;-28,43023;-48,95205;"SR-SC";"DEL8/2";"UOP01/SC"
266838;2020-02-03;"segunda-feira";"07:55:00";"GO";153;442,6;"ANAPOLIS";"Defeito Mecânico no Veículo";"Colisão com objeto estático";"Com Vítimas Feridas";"Pleno dia";"Crescente";"Céu Claro";"Dupla";"Viaduto";"Sim";1;0;1;0;0;0;1;1;-16,32527;-48,92202;"SR-GO";"DEL1/2";"UOP01/GO"
266839;2020-01-18;"sábado";"16:25:00";"SC";470;123;"IBIRAMA";"Velocidade Incompatível";"Colisão lateral";"Sem Vítimas";"Pleno dia";"Decrescente";"Sol";"Simples";"Curva";"Sim";2;0;0;0;1;1;0;2;-27,10678;-49,52205;"SR-SC";"DEL8/4";"UOP02/SC"
266840;2020-02-03;"segunda-feira";"08:30:00";"SC";282;46;"AGUAS MORNAS";"Pista Escorregadia";"Queda de ocupante de veículo";"Com Vítimas Feridas";"Pleno dia";"Decrescente";"Céu Claro";"Simples";"Curva";"Não";1;0;1;0;0;0;1;1;-27,72104;-48,92515;"SR-SC";"DEL8/1";"UOP03/SC"
266841;2020-02-03;"segunda-feira";"07:10:00";"PE";232;412;"SERRA TALHADA";"Ultrapassagem Indevida";"Colisão lateral";"Com Vítimas Feridas";"Pleno dia";"Decrescente";"Garoa/Chuvisco";"Simples";"Reta";"Sim";3;0;0;2;1;0;2;2;-7,983779;-38,32088;"SR-PE";"DEL11/4";"UOP01/PE"
266843;2020-02-03;"segunda-feira";"09:30:00";"PE";101;82,5;"JABOATAO DOS GUARARAPES";"Desobediência às normas de trânsito pelo condutor";"Colisão transversal";"Com Vítimas Feridas";"Pleno dia";"Crescente";"Céu Claro";"Dupla";"Interseção de vias";"Não";2;0;1;0;1;0;1;2;-8,168383;-34,9376;"SR-PE";"DEL11/1";"UOP03/PE"
266844;2020-02-03;"segunda-feira";"09:30:00";"SE";235;52,5;"ITABAIANA";"Falta de Atenção à Condução";"Colisão transversal";"Com Vítimas Feridas";"Pleno dia";"Decrescente";"Céu Claro";"Simples";"Reta";"Sim";3;0;1;0;2;0;1;2;-10,69328;-37,43756;"SR-SE";"DEL20/1";"UOP02/SE"
266845;2020-02-03;"segunda-feira";"10:15:00";"MG";365;451;"GUIMARANIA";"Desobediência às normas de trânsito pelo condutor";"Colisão lateral";"Com Vítimas Feridas";"Pleno dia";"Decrescente";"Céu Claro";"Simples";"Reta";"Não";2;0;1;1;0;0;2;2;-18,8321;-46,82386;"SR-MG";"DEL4/10";"UOP01/MG"
266846;2020-02-03;"segunda-feira";"10:10:00";"MG";40;807;"JUIZ DE FORA";"Defeito Mecânico no Veículo";"Queda de ocupante de veículo";"Com Vítimas Feridas";"Pleno dia";"Crescente";"Nublado";"Múltipla";"Desvio Temporário";"Não";2;0;2;0;0;0;2;1;-21,86786;-43,35553;"SR-MG";"DEL5";"UOP01/MG"
266847;2020-02-03;"segunda-feira";"06:40:00";"PI";135;376;"BOM JESUS";"Defeito na Via";"Saída de leito carroçável";"Com Vítimas Feridas";"Amanhecer";"Decrescente";"Céu Claro";"Simples";"Reta";"Não";2;0;1;1;0;0;2;1;-9,246064;-44,4683;"SR-PI";"DEL17/3";"UOP02/PI"
266848;2020-02-03;"segunda-feira";"07:40:00";"RJ";101;476,9;"ANGRA DOS REIS";"Falta de Atenção à Condução";"Colisão transversal";"Com Vítimas Feridas";"Pleno dia";"Decrescente";"Nublado";"Simples";"Curva";"Sim";2;0;1;0;1;0;1;2;-23,00031;-44,25656;"SR-RJ";"DEL5/3";"UOP02/RJ"
266849;2020-02-03;"segunda-feira";"10:35:00";"GO";60;116,2;"TEREZOPOLIS DE GOIAS";"Falta de Atenção à Condução";"Colisão lateral";"Com Vítimas Feridas";"Pleno dia";"Crescente";"Céu Claro";"Dupla";"Reta";"Não";3;0;2;0;1;0;2;2;-16,4732;-49,0789;"SR-GO";"DEL1/1";"UOP01/GO"