"id";"data_inversa";"dia_semana";"horario";"uf";"br";"km";"municipio";"causa_acidente";"tipo_acidente";"classificacao_acidente";"fase_dia";"sentido_via";"condicao_metereologica";"tipo_pista";"tracado_via";"uso_solo";"pessoas";"mortos";"feridos_leves";"feridos_graves";"ilesos";"ignorados";"feridos";"veiculos";"latitude";"longitude";"regional";"delegacia";"uop"
266948;2020-02-03;"segunda-feira";"20:15:00";"GO";70;22,3;"COCALZINHO DE GOIAS";"Fenômenos da Natureza";"Atropelamento de Animal";"Com Vítimas Feridas";"Plena Noite";"Crescente";"Chuva";"Dupla";"Reta";"Não";1;0;0;1;0;0;1;1;-15,73777;-48,39276;"SR-DF";"UOP06/DF";""
266949;2020-02-03;"segunda-feira";"19:15:00";"PR";369;180,4;"ARAPONGAS";"Animais na Pista";"Atropelamento de Animal";"Com Vítimas Feridas";"Plena Noite";"Crescente";"Garoa/Chuvisco";"Dupla";"Reta";"Não";1;0;0;1;0;0;1;1;-23,37022;-51,41064;"SR-PR";"DEL7/7";"UOP03/PR"
266950;2020-02-03;"segunda-feira";"12:00:00";"SP";116;567,2;"BARRA DO TURVO";"Falta de Atenção à Condução";"Saída de leito carroçável";"Com Vítimas Fatais";"Pleno dia";"Decrescente";"Garoa/Chuvisco";"Dupla";"Curva";"Não";3;1;1;0;1;0;1;1;-25,04844;-48,5473;"SR-SP";"DEL6/5";"UOP03/SP"
266951;2020-01-23;"quinta-feira";"05:42:00";"SP";116;219;"GUARULHOS";"Não guardar distância de segurança";"Colisão traseira";"Sem Vítimas";"Amanhecer";"Crescente";"Ignorado";"Dupla";"Curva";"Não";2;0;0;0;1;1;0;2;-23,45;-46,49011;"SR-SP";"DEL6/1";"UOP01/SP"
266952;2020-02-03;"segunda-feira";"20:00:00";"RJ";356;43;"ITAPERUNA";"Defeito na Via";"Tombamento";"Com Vítimas Feridas";"Plena Noite";"Decrescente";"Céu Claro";"Simples";"Não Informado";"Não";1;0;1;0;0;0;1;1;-21,22315;-41,81952;"SR-RJ";"DEL5/8";"UOP03/RJ"
266953;2020-02-03;"segunda-feira";"13:30:00";"SP";116;548,3;"BARRA DO TURVO";"Pista Escorregadia";"Colisão com objeto estático";"Sem Vítimas";"Pleno dia";"Decrescente";"Chuva";"Múltipla";"Curva";"Não";4;0;0;0;4;0;0;2;-24,95393;-48,44727;"SR-SP";"DEL6/5";"UOP03/SP"
266954;2020-02-03;"segunda-feira";"20:30:00";"SP";116;324;"JUQUITIBA";"Velocidade Incompatível";"Saída de leito carroçável";"Com Vítimas Feridas";"Plena Noite";"Crescente";"Garoa/Chuvisco";"Dupla";"Curva";"Não";2;0;2;0;0;0;2;1;-23,9403;-47,04398;"SR-SP";"DEL6/4";"UOP01/SP"
266955;2020-02-03;"segunda-feira";"16:30:00";"MT";163;1102;"GUARANTA DO NORTE";"Velocidade Incompatível";"Colisão lateral";"Com Vítimas Feridas";"Pleno dia";"Crescente";"Chuva";"Simples";"Curva";"Não";2;0;0;1;1;0;1;2;-9,648866;-54,8725;"SR-MT";"DEL2/6";"UOP02/MT"
266956;2020-02-03;"segunda-feira";"15:40:00";"RO";364;404;"OURO PRETO DO OESTE";"Falta de Atenção à Condução";"Saída de leito carroçável";"Com Vítimas Feridas";"Pleno dia";"Crescente";"Nublado";"Simples";"Reta";"Não";1;0;0;1;0;0;1;1;-10,57604;-62,3661;"SR-RO";"DEL21/3";"UOP02/RO"
266957;2020-02-03;"segunda-feira";"20:30:00";"BA";101;945;"MUCURI";"Falta de Atenção à Condução";"Queda de ocupante de veículo";"Com Vítimas Feridas";"Plena Noite";"Crescente";"Céu Claro";"Simples";"Interseção de vias";"Não";1;0;0;1;0;0;1;1;-18,1684;-39,91874;"SR-BA";"DEL10/9";"UOP03/BA"
266958;2020-02-03;"segunda-feira";"21:21:00";"PR";376;451,1;"TIBAGI";"Velocidade Incompatível";"Saída de leito carroçável";"Com Vítimas Feridas";"Plena Noite";"Crescente";"Céu Claro";"Dupla";"Curva";"Não";2;0;1;0;1;0;1;1;-24,94239;-50,40225;"SR-PR";"DEL7/3";"UOP05/PR"
266960;2020-02-03;"segunda-feira";"19:25:00";"PR";376;190;"MARIALVA";"Falta de Atenção do Pedestre";"Colisão com objeto em movimento";"Com Vítimas Feridas";"Plena Noite";"Crescente";"Céu Claro";"Dupla";"Curva";"Não";4;0;0;2;0;2;2;1;-23,4756;-51,81168;"SR-PR";"UOP01";"DEL09"
266961;2020-02-03;"segunda-feira";"20:25:00";"RO";364;704;"PORTO VELHO";"Falta de Atenção à Condução";"Colisão lateral";"Com Vítimas Feridas";"Plena Noite";"Crescente";"Céu Claro";"Dupla";"Retorno Regulamentado";"Não";4;0;1;1;1;1;2;2;-8,800327;-63,80454;"SR-RO";"DEL21/1";"UOP01/RO"
266962;2020-02-03;"segunda-feira";"19:20:00";"RS";386;405,5;"TRIUNFO";"Defeito Mecânico no Veículo";"Colisão lateral";"Com Vítimas Feridas";"Anoitecer";"Crescente";"Céu Claro";"Dupla";"Rotatória";"Não";4;0;1;0;3;0;1;2;-29,77722;-51,56083;"SR-RS";"DEL9/4";"UOP02/RS"
266963;2020-02-03;"segunda-feira";"19:30:00";"RJ";116;225,3;"PIRAI";"Pista Escorregadia";"Colisão com objeto estático";"Com Vítimas Feridas";"Plena Noite";"Crescente";"Chuva";"Dupla";"Reta";"Não";1;0;1;0;0;0;1;1;-22,66093;-43,83805;"SR-RJ";"DEL5/7";"UOP01/RJ"
266964;2020-02-03;"segunda-feira";"21:40:00";"MG";262;885,9;"CAMPO FLORIDO";"Animais na Pista";"Colisão com objeto estático";"Sem Vítimas";"Plena Noite";"Crescente";"Nublado";"Dupla";"Curva";"Não";2;0;0;0;2;0;0;1;-19,73468;-48,65065;"SR-MG";"DEL13";"UOP02/MG"
266965;2020-02-03;"segunda-feira";"22:07:00";"PR";376;2,4;"APUCARANA";"Falta de Atenção à Condução";"Colisão com objeto estático";"Sem Vítimas";"Plena Noite";"Crescente";"Nublado";"Dupla";"Reta";"Sim";1;0;0;0;1;0;0;1;-23,56476;-51,4337;"SR-PR";"DEL7/7";"UOP03/PR"
266966;2020-02-03;"segunda-feira";"19:15:00";"MA";230;18;"BARAO DE GRAJAU";"Animais na Pista";"Saída de leito carroçável";"Com Vítimas Feridas";"Plena Noite";"Decrescente";"Céu Claro";"Simples";"Reta";"Não";3;0;3;0;0;0;3;1;-6,705855;-43,15766;"SR-PI";"DEL17/3";"UOP01/PI"
266968;2020-02-03;"segunda-feira";"21:45:00";"PR";116;45;"CAMPINA GRANDE DO SUL";"Falta de Atenção à Condução";"Saída de leito carroçável";"Com Vítimas Feridas";"Plena Noite";"Crescente";"Garoa/Chuvisco";"Dupla";"Reta";"Não";1;0;1;0;0;0;1;1;-25,19503;-48,89004;"SR-PR";"DEL7/1";"UOP02/PR"
266969;2020-02-03;"segunda-feira";"22:30:00";"ES";101;336;"GUARAPARI";"Falta de Atenção do Pedestre";"Atropelamento de Pedestre";"Com Vítimas Feridas";"Plena Noite";"Decrescente";"Céu Claro";"Simples";"Desvio Temporário";"Não";2;0;0;1;0;1;1;1;-20,62834;-40,53656;"SR-ES";"DEL12/3";"UOP01/ES"
266970;2020-02-03;"segunda-feira";"20:55:00";"PR";277;332,2;"GUARAPUAVA";"Velocidade Incompatível";"Colisão traseira";"Com Vítimas Feridas";"Plena Noite";"Crescente";"Nublado";"Dupla";"Reta";"Não";2;0;0;1;1;0;1;2;-25,34952;-51,37887;"SR-PR";"DEL7/3";"UOP02/PR"
266971;2020-02-03;"segunda-feira";"09:10:00";"SC";282;516,3;"XAXIM";"Velocidade Incompatível";"Colisão traseira";"Sem Vítimas";"Pleno dia";"Decrescente";"Sol";"Simples";"Reta";"Não";2;0;0;0;2;0;0;2;-26,93086;-52,49916;"SR-SC";"DEL7";"UOP01/SC"
266972;2020-02-03;"segunda-feira";"20:00:00";"RO";364;855;"PORTO VELHO";"Defeito na Via";"Saída de leito carroçável";"Com Vítimas Feridas";"Plena Noite";"Decrescente";"Nublado";"Simples";"Não Informado";"Não";3;0;0;3;0;0;3;1;-9,494842;-64,7937;"SR-RO";"DEL21/1";"UOP02/RO"
266973;2020-02-03;"segunda-feira";"20:15:00";"RO";364;708,4;"PORTO VELHO";"Defeito na Via";"Colisão com objeto estático";"Com Vítimas Feridas";"Plena Noite";"Crescente";"Céu Claro";"Dupla";"Reta";"Sim";1;0;0;1;0;0;1;1;-8,795541;-63,84072;"SR-RO";"DEL21/1";"UOP01/RO"
266974;2020-02-03;"segunda-feira";"21:30:00";"MT";364;45;"ALTO GARCAS";"Defeito na Via";"Tombamento";"Sem Vítimas";"Plena Noite";"Decrescente";"Céu Claro";"Simples";"Não Informado";"Não";2;0;0;0;2;0;0;2;-17,04109;-53,48136;"SR-MT";"DEL2/2";"UOP04/MT"
266976;2020-01-06;"segunda-feira";"13:45:00";"SC";282;617;"MARAVILHA";"Não guardar distância de segurança";"Danos eventuais";"Sem Vítimas";"Pleno dia";"Decrescente";"Ignorado";"Simples";"Reta";"Não";2;0;0;0;2;0;0;2;-26,76724;-53,21474;"SR-SC";"DEL7";"UOP02/SC"
266977;2020-02-04;"terça-feira";"00:00:00";"RS";116;366,2;"TAPES";"Condutor Dormindo";"Saída de leito carroçável";"Com Vítimas Feridas";"Plena Noite";"Decrescente";"Céu Claro";"Simples";"Não Informado";"Não";1;0;1;0;0;0;1;1;-30,673;-51,57052;"SR-RS";"DEL9/2";"UOP02/RS"
266978;2020-02-04;"terça-feira";"01:15:00";"SC";101;370,2;"ICARA";"Velocidade Incompatível";"Colisão traseira";"Com Vítimas Fatais";"Plena Noite";"Crescente";"Chuva";"Dupla";"Reta";"Não";2;1;1;0;0;0;1;2;-28,70683;-49,20605;"SR-SC";"DEL8/2";"UOP01/SC"
266979;2020-02-04;"terça-feira";"01:30:00";"SP";116;425,5;"JUQUIA";"Condutor Dormindo";"Saída de leito carroçável";"Com Vítimas Feridas";"Plena Noite";"Decrescente";"Chuva";"Dupla";"Reta";"Não";1;0;1;0;0;0;1;1;-24,37992;-47,71316;"SR-SP";"DEL6/5";"UOP01/SP"
266980;2020-02-04;"terça-feira";"01:40:00";"AL";423;30,1;"CANAPI";"Defeito Mecânico no Veículo";"Incêndio";"Sem Vítimas";"Plena Noite";"Decrescente";"Nublado";"Simples";"Reta";"Não";2;0;0;0;2;0;0;1;-9,204792;-37,54939;"SR-AL";"DEL13/3";"UOP02/AL"
266981;2020-02-03;"segunda-feira";"23:20:00";"RJ";40;113;"DUQUE DE CAXIAS";"Falta de Atenção à Condução";"Colisão traseira";"Sem Vítimas";"Plena Noite";"Decrescente";"Chuva";"Múltipla";"Reta";"Sim";2;0;0;0;2;0;0;2;-22,70949;-43,2904;"SR-RJ";"DEL5/1";"UOP01/RJ"
266983;2020-02-04;"terça-feira";"03:15:00";"RJ";40;113;"DUQUE DE CAXIAS";"Falta de Atenção à Condução";"Colisão traseira";"Com Vítimas Feridas";"Plena Noite";"Decrescente";"Chuva";"Múltipla";"Reta";"Sim";3;0;2;0;1;0;2;2;-22,70949;-43,2904;"SR-RJ";"DEL5/1";"UOP01/RJ"
266984;2020-02-03;"segunda-feira";"23:00:00";"PA";155;299;"MARABA";"Deficiência ou não Acionamento do Sistema de Iluminação/Sinalização do Veículo";"Tombamento";"Com Vítimas Feridas";"Plena Noite";"Decrescente";"Céu Claro";"Simples";"Reta";"Não";2;0;1;0;1;0;1;1;-5,740662;-49,14781;"SR-PA";"DEL19/3";"UOP01/PA"
266985;2020-02-04;"terça-feira";"01:10:00";"RS";285;116,2;"VACARIA";"Desobediência às normas de trânsito pelo condutor";"Colisão traseira";"Sem Vítimas";"Plena Noite";"Crescente";"Nublado";"Simples";"Reta";"Não";4;0;0;0;4;0;0;2;-28,51279;-50,89643;"SR-RS";"DEL9/5";"UOP03/RS"
266986;2020-02-04;"terça-feira";"03:50:00";"SC";101;106,9;"PENHA";"Falta de Atenção à Condução";"Saída de leito carroçável";"Sem Vítimas";"Plena Noite";"Crescente";"Nublado";"Dupla";"Curva";"Não";1;0;0;0;0;1;0;1;-26,81841;-48,68378;"SR-SC";"DEL8/3";"UOP02/SC"
266987;2020-02-04;"terça-feira";"03:55:00";"RS";290;124;"ELDORADO DO SUL";"Falta de Atenção à Condução";"Colisão frontal";"Com Vítimas Fatais";"Plena Noite";"Decrescente";"Céu Claro";"Simples";"Reta";"Não";2;1;0;0;1;0;0;2;-30,05524;-51,4634;"SR-RS";"DEL9/2";"UOP01/RS"
266988;2020-02-04;"terça-feira";"04:30:00";"SP";116;273,3;"TABOAO DA SERRA";"Velocidade Incompatível";"Colisão traseira";"Sem Vítimas";"Pleno dia";"Crescente";"Garoa/Chuvisco";"Dupla";"Reta";"Sim";2;0;0;0;1;1;0;2;-23,61635;-46,79047;"SR-SP";"DEL6/4";"UOP01/SP"
266989;2020-02-04;"terça-feira";"02:00:00";"SC";282;646,3;"SAO MIGUEL DO OESTE";"Ingestão de Álcool";"Colisão com objeto estático";"Sem Vítimas";"Plena Noite";"Crescente";"Céu Claro";"Simples";"Rotatória";"Sim";1;0;0;0;1;0;0;1;-26,76097;-53,50089;"SR-SC";"DEL7";"UOP03/SC"
266990;2020-02-03;"segunda-feira";"19:10:00";"MG";381;739;"TRES CORACOES";"Ingestão de Álcool";"Saída de leito carroçável";"Com Vítimas Feridas";"Plena Noite";"Decrescente";"Nublado";"Dupla";"Reta";"Não";1;0;1;0;0;0;1;1;-21,61515;-45,24157;"SR-MG";"DEL09";"UOP02/MG"
266991;2020-02-03;"segunda-feira";"18:00:00";"BA";407;127,6;"SENHOR DO BONFIM";"Falta de Atenção à Condução";"Colisão transversal";"Com Vítimas Feridas";"Anoitecer";"Decrescente";"Nublado";"Simples";"Reta";"Sim";2;0;1;0;1;0;1;2;-10,46231;-40,17519;"SR-BA";"DEL10/4";"UOP01/BA"
266992;2020-02-04;"terça-feira";"06:40:00";"PE";408;105;"RECIFE";"Falta de Atenção à Condução";"Colisão lateral";"Com Vítimas Feridas";"Pleno dia";"Crescente";"Céu Claro";"Dupla";"Reta";"Não";3;0;2;0;1;0;2;2;-8,073094;-34,99191;"SR-PE";"DEL11/1";"UOP01/PE"
266993;2020-02-04;"terça-feira";"05:40:00";"MG";381;482,6;"CONTAGEM";"Falta de Atenção à Condução";"Queda de ocupante de veículo";"Com Vítimas Feridas";"Pleno dia";"Decrescente";"Céu Claro";"Dupla";"Curva";"Sim";1;0;1;0;0;0;1;1;-19,95833;-44,07656;"SR-MG";"DEL4/1";"UOP03/MG"
266994;2020-02-04;"terça-feira";"06:10:00";"PE";104;65,1;"CARUARU";"Animais na Pista";"Colisão traseira";"Com Vítimas Feridas";"Amanhecer";"Decrescente";"Nublado";"Dupla";"Reta";"Não";2;0;1;0;1;0;1;2;-8,2867;-35,9838;"SR-PE";"DEL11/2";"UOP01/PE"
266995;2020-02-03;"segunda-feira";"22:20:00";"MG";153;234,9;"FRONTEIRA";"Defeito Mecânico no Veículo";"Saída de leito carroçável";"Com Vítimas Feridas";"Plena Noite";"Crescente";"Nublado";"Simples";"Reta";"Não";1;0;1;0;0;0;1;1;-20,26155;-49,1785;"SR-MG";"DEL13";"UOP02/MG"
266996;2020-02-04;"terça-feira";"07:30:00";"DF";70;11,5;"BRASILIA";"Falta de Atenção à Condução";"Colisão lateral";"Com Vítimas Feridas";"Pleno dia";"Decrescente";"Céu Claro";"Dupla";"Reta";"Não";2;0;1;0;1;0;1;2;-15,78976;-48,14873;"SR-DF";"UOP06/DF";""
266997;2020-02-04;"terça-feira";"07:00:00";"PR";476;97;"BOCAIUVA DO SUL";"Velocidade Incompatível";"Colisão lateral";"Com Vítimas Feridas";"Pleno dia";"Crescente";"Céu Claro";"Simples";"Reta";"Não";3;0;1;2;0;0;3;2;-25,23446;-49,12784;"SR-PR";"UOP06";"DEL01"
266998;2020-02-03;"segunda-feira";"12:00:00";"BA";101;573,7;"ARATACA";"Desobediência às normas de trânsito pelo condutor";"Colisão lateral";"Com Vítimas Feridas";"Pleno dia";"Decrescente";"Céu Claro";"Simples";"Reta";"Não";3;0;1;0;2;0;1;2;-15,3471;-39,45946;"SR-BA";"DEL10/5";"UOP02/BA"
266999;2020-02-04;"terça-feira";"07:20:00";"PR";277;5;"FOZ DO IGUACU";"Falta de Atenção do Pedestre";"Atropelamento de Pedestre";"Com Vítimas Feridas";"Amanhecer";"Crescente";"Céu Claro";"Dupla";"Reta";"Não";2;0;1;0;1;0;1;1;-25,5469;-54,5882;"SR-PR";"DEL7/5";"UOP03/PR"
267001;2020-02-04;"terça-feira";"07:20:00";"PR";376;493,2;"PONTA GROSSA";"Falta de Atenção à Condução";"Colisão lateral";"Com Vítimas Feridas";"Pleno dia";"Crescente";"Céu Claro";"Dupla";"Não Informado";"Sim";2;0;1;0;1;0;1;2;-25,16001;-50,12437;"SR-PR";"DEL7/3";"UOP03/PR"
267002;2020-02-04;"terça-feira";"06:40:00";"PI";343;312,8;"ALTOS";"Desobediência às normas de trânsito pelo condutor";"Colisão lateral";"Com Vítimas Feridas";"Pleno dia";"Crescente";"Sol";"Simples";"Reta";"Não";2;0;0;1;1;0;1;2;-5,041934;-42,50253;"SR-PI";"DEL17/1";"UOP01/PI"
267003;2020-02-04;"terça-feira";"07:50:00";"DF";70;6;"BRASILIA";"Falta de Atenção à Condução";"Saída de leito carroçável";"Com Vítimas Feridas";"Pleno dia";"Decrescente";"Céu Claro";"Simples";"Reta";"Sim";1;0;1;0;0;0;1;1;-15,79124;-48,10576;"SR-DF";"UOP06/DF";""
267004;2020-02-04;"terça-feira";"07:00:00";"GO";153;520,9;"HIDROLANDIA";"Falta de Atenção à Condução";"Colisão traseira";"Sem Vítimas";"Amanhecer";"Decrescente";"Garoa/Chuvisco";"Dupla";"Retorno Regulamentado";"Sim";3;0;0;0;2;1;0;2;-16,8847;-49,254;"SR-GO";"DEL1/1";"UOP03/GO"
267005;2020-02-04;"terça-feira";"07:30:00";"GO";40;15,8;"LUZIANIA";"Falta de Atenção à Condução";"Colisão traseira";"Com Vítimas Feridas";"Pleno dia";"Crescente";"Céu Claro";"Dupla";"Reta";"Não";3;0;0;1;2;0;1;2;-16,1671;-47,93016;"SR-DF";"UOP01/DF";""
267006;2020-02-04;"terça-feira";"08:10:00";"SC";101;200;"SAO JOSE";"Falta de Atenção à Condução";"Colisão lateral";"Com Vítimas Feridas";"Pleno dia";"Crescente";"Chuva";"Dupla";"Não Informado";"Não";2;0;1;0;1;0;1;2;-27,54019;-48,62288;"SR-SC";"DEL8/1";"UOP01/SC"
267007;2020-02-04;"terça-feira";"07:45:00";"RS";386;345,3;"LAJEADO";"Não guardar distância de segurança";"Engavetamento";"Com Vítimas Feridas";"Pleno dia";"Crescente";"Sol";"Dupla";"Reta";"Não";4;0;1;0;3;0;1;4;-29,44307;-51,98414;"SR-RS";"DEL9/4";"UOP01/RS"
267008;2020-02-04;"terça-feira";"07:30:00";"RN";101;96;"NATAL";"Falta de Atenção à Condução";"Colisão traseira";"Com Vítimas Feridas";"Pleno dia";"Decrescente";"Céu Claro";"Múltipla";"Reta";"Não";3;0;1;0;2;0;1;3;-5,849496;-35,20891;"SR-RN";"DEL15/1";"UOP01/RN"
267009;2020-02-04;"terça-feira";"07:50:00";"PR";272;367,8;"CAMPO MOURAO";"Falta de Atenção à Condução";"Colisão traseira";"Com Vítimas Feridas";"Pleno dia";"Decrescente";"Céu Claro";"Dupla";"Reta";"Sim";2;0;1;0;1;0;1;2;-24,05064;-52,4017;"SR-PR";"DEL7/4";"UOP05/PR"
267010;2020-01-22;"quarta-feira";"18:10:00";"RJ";101;46;"CAMPOS DOS GOYTACAZES";"Desobediência às normas de trânsito pelo condutor";"Colisão transversal";"Sem Vítimas";"Plena Noite";"Crescente";"Nublado";"Dupla";"Reta";"Sim";3;0;0;0;2;1;0;2;-21,5984;-41,31683;"SR-RJ";"DEL5/8";"UOP01/RJ"
267011;2020-02-04;"terça-feira";"07:45:00";"PR";116;70;"CAMPINA GRANDE DO SUL";"Falta de Atenção à Condução";"Derramamento de carga";"Sem Vítimas";"Pleno dia";"Crescente";"Garoa/Chuvisco";"Múltipla";"Reta";"Não";1;0;0;0;1;0;0;1;-25,3385;-49,03793;"SR-PR";"DEL7/1";"UOP01/PR"
267012;2020-02-04;"terça-feira";"08:00:00";"SP";116;316;"JUQUITIBA";"Velocidade Incompatível";"Colisão com objeto estático";"Com Vítimas Feridas";"Pleno dia";"Decrescente";"Chuva";"Dupla";"Curva";"Não";1;0;1;0;0;0;1;1;-23,91271;-46,99023;"SR-SP";"DEL6/4";"UOP01/SP"
267013;2020-02-04;"terça-feira";"09:20:00";"SC";101;210,5;"SAO JOSE";"Pista Escorregadia";"Colisão traseira";"Com Vítimas Feridas";"Pleno dia";"Decrescente";"Chuva";"Dupla";"Reta";"Sim";2;0;0;1;1;0;1;2;-27,61673;-48,64573;"SR-SC";"DEL8/1";"UOP01/SC"
267014;2020-02-04;"terça-feira";"08:30:00";"SP";116;117,4;"TAUBATE";"Não guardar distância de segurança";"Colisão traseira";"Com Vítimas Feridas";"Pleno dia";"Decrescente";"Nublado";"Dupla";"Reta";"Não";2;0;1;0;1;0;1;2;-23,05823;-45,6177;"SR-SP";"DEL6";"UOP01/SP"
267016;2020-02-04;"terça-feira";"08:00:00";"PR";476;124,7;"CURITIBA";"Falta de Atenção à Condução";"Colisão lateral";"Com Vítimas Feridas";"Pleno dia";"Crescente";"Nublado";"Múltipla";"Reta";"Sim";3;0;1;0;2;0;1;3;-25,39984;-49,21585;"SR-PR";"DEL7/1";"UOP06/PR"
267017;2020-02-04;"terça-feira";"09:28:00";"MG";251;465;"FRANCISCO SA";"Pista Escorregadia";"Colisão frontal";"Com Vítimas Feridas";"Pleno dia";"Crescente";"Chuva";"Simples";"Curva";"Não";8;0;3;5;0;0;8;2;-16,4571;-43,40387;"SR-MG";"DEL4/12";"UOP01/MG"
267018;2020-02-04;"terça-feira";"07:45:00";"RS";116;40;"VACARIA";"Falta de Atenção à Condução";"Colisão transversal";"Com Vítimas Feridas";"Pleno dia";"Decrescente";"Céu Claro";"Simples";"Reta";"Sim";5;0;4;0;1;0;4;2;-28,51839;-50,93942;"SR-RS";"DEL9/5";"UOP03/RS"
267019;2020-02-04;"terça-feira";"10:05:00";"RS";153;507,2;"CACAPAVA DO SUL";"Falta de Atenção à Condução";"Colisão frontal";"Com Vítimas Feridas";"Pleno dia";"Decrescente";"Sol";"Simples";"Não Informado";"Não";2;0;1;0;1;0;1;2;-30,55013;-53,38242;"SR-RS";"DEL9/9";"UOP02/RS"
267020;2020-02-04;"terça-feira";"09:50:00";"RS";392;5;"CAPAO DO LEAO";"Avarias e/ou desgaste excessivo no pneu";"Tombamento";"Com Vítimas Feridas";"Pleno dia";"Crescente";"Céu Claro";"Simples";"Reta";"Sim";2;0;1;0;1;0;1;1;-31,78385;-52,41414;"SR-RS";"DEL9/7";"UOP01/RS"
267021;2020-02-04;"terça-feira";"09:20:00";"SP";116;33;"CRUZEIRO";"Velocidade Incompatível";"Tombamento";"Com Vítimas Feridas";"Pleno dia";"Decrescente";"Sol";"Simples";"Retorno Regulamentado";"Não";1;0;1;0;0;0;1;1;-22,64776;-44,95421;"SR-SP";"DEL6/8";"UOP01/SP"
267024;2020-02-04;"terça-feira";"10:50:00";"SC";470;56,5;"BLUMENAU";"Falta de Atenção à Condução";"Colisão traseira";"Com Vítimas Feridas";"Pleno dia";"Crescente";"Céu Claro";"Simples";"Reta";"Não";2;0;1;0;1;0;1;2;-26,87674;-49,12774;"SR-SC";"DEL8/4";"UOP01/SC"
267025;2020-02-04;"terça-feira";"10:50:00";"PB";101;101;"ALHANDRA";"Falta de Atenção à Condução";"Colisão traseira";"Com Vítimas Feridas";"Pleno dia";"Crescente";"Céu Claro";"Dupla";"Reta";"Não";3;0;1;0;2;0;1;2;-7,27367;-34,93816;"SR-PB";"DEL14/1";"UOP01/PB"
267026;2020-02-04;"terça-feira";"07:20:00";"SP";116;510,5;"CAJATI";"Velocidade Incompatível";"Tombamento";"Sem Vítimas";"Pleno dia";"Crescente";"Garoa/Chuvisco";"Simples";"Não Informado";"Não";1;0;0;0;1;0;0;1;-24,82769;-48,21856;"SR-SP";"DEL6/5";"UOP03/SP"
267027;2020-01-31;"sexta-feira";"13:15:00";"RS";386;298,2;"POUSO NOVO";"Desobediência às normas de trânsito pelo condutor";"Colisão transversal";"Com Vítimas Feridas";"Pleno dia";"Decrescente";"Nublado";"Simples";"Curva";"Não";5;0;1;2;1;1;3;3;-29,14923;-52,2361;"SR-RS";"DEL9/4";"UOP01/RS"
267028;2020-02-04;"terça-feira";"11:35:00";"SE";101;103,1;"SAO CRISTOVAO";"Pista Escorregadia";"Colisão traseira";"Sem Vítimas";"Pleno dia";"Crescente";"Chuva";"Dupla";"Não Informado";"Não";5;0;0;0;5;0;0;2;-10,9488;-37,21099;"SR-SE";"DEL20/2";"UOP01/SE"
267029;2020-02-04;"terça-feira";"11:00:00";"PR";376;669,8;"GUARATUBA";"Velocidade Incompatível";"Saída de leito carroçável";"Com Vítimas Feridas";"Pleno dia";"Crescente";"Chuva";"Dupla";"Não Informado";"Não";3;0;2;0;1;0;2;1;-25,86958;-48,93465;"SR-PR";"DEL7/1";"UOP08/PR"
267030;2020-02-04;"terça-feira";"11:00:00";"SC";101;25,1;"JOINVILLE";"Não guardar distância de segurança";"Colisão traseira";"Com Vítimas Feridas";"Pleno dia";"Crescente";"Chuva";"Dupla";"Reta";"Sim";5;0;1;0;4;0;1;5;-26,18347;-48,91059;"SR-SC";"DEL8/3";"UOP01/SC"
267031;2020-02-04;"terça-feira";"10:30:00";"MT";364;229;"RONDONOPOLIS";"Falta de Atenção à Condução";"Saída de leito carroçável";"Com Vítimas Fatais";"Pleno dia";"Decrescente";"Céu Claro";"Dupla";"Não Informado";"Não";2;1;1;0;0;0;1;1;-16,27387;-54,77074;"SR-MT";"DEL2/2";"UOP01/MT"
267032;2020-02-04;"terça-feira";"11:35:00";"RN";226;116,1;"SANTA CRUZ";"Velocidade Incompatível";"Capotamento";"Sem Vítimas";"Pleno dia";"Decrescente";"Chuva";"Simples";"Curva";"Não";4;0;0;0;4;0;0;1;-6,196536;-36,04174;"SR-RN";"DEL15/3";"UOP02/RN"
267033;2020-02-04;"terça-feira";"11:00:00";"ES";101;0,6;"SERRA";"Falta de Atenção à Condução";"Colisão lateral";"Com Vítimas Feridas";"Pleno dia";"Crescente";"Sol";"Múltipla";"Reta";"Sim";3;0;1;0;2;0;1;3;-20,24156;-40,28064;"SR-ES";"DEL12/2";"UOP01/ES"
267034;2020-02-04;"terça-feira";"11:54:00";"PR";116;93;"SAO JOSE DOS PINHAIS";"Falta de Atenção à Condução";"Colisão com objeto estático";"Com Vítimas Feridas";"Pleno dia";"Decrescente";"Céu Claro";"Dupla";"Reta";"Não";1;0;1;0;0;0;1;1;-25,48228;-49,10589;"SR-PR";"DEL7/1";"UOP01/PR"
267035;2020-02-04;"terça-feira";"12:00:00";"GO";40;1,1;"VALPARAISO DE GOIAS";"Desobediência às normas de trânsito pelo condutor";"Colisão traseira";"Com Vítimas Feridas";"Pleno dia";"Crescente";"Céu Claro";"Dupla";"Reta";"Sim";2;0;1;0;0;1;1;2;-16,05824;-47,98282;"SR-DF";"UOP01/DF";""
267036;2020-02-04;"terça-feira";"12:25:00";"SC";101;162;"TIJUCAS";"Desobediência às normas de trânsito pelo condutor";"Tombamento";"Com Vítimas Feridas";"Pleno dia";"Decrescente";"Chuva";"Múltipla";"Interseção de vias";"Sim";2;0;1;0;1;0;1;2;-27,22304;-48,62671;"SR-SC";"DEL8/4";"UOP03/SC"