"id";"data_inversa";"dia_semana";"horario";"uf";"br";"km";"municipio";"causa_acidente";"tipo_acidente";"classificacao_acidente";"fase_dia";"sentido_via";"condicao_metereologica";"tipo_pista";"tracado_via";"uso_solo";"pessoas";"mortos";"feridos_leves";"feridos_graves";"ilesos";"ignorados";"feridos";"veiculos";"latitude";"longitude";"regional";"delegacia";"uop"
267350;2020-02-05;"quarta-feira";"18:40:00";"RJ";116;328;"RESENDE";"Pista Escorregadia";"Colisão lateral";"Com Vítimas Feridas";"Anoitecer";"Crescente";"Chuva";"Dupla";"Curva";"Não";6;0;2;0;4;0;2;3;-22,5048;-44,59685;"SR-RJ";"DEL5/7";"UOP02/RJ"
267351;2020-02-05;"quarta-feira";"18:45:00";"DF";70;0,6;"BRASILIA";"Falta de Atenção à Condução";"Colisão lateral";"Com Vítimas Feridas";"Plena Noite";"Crescente";"Nublado";"Dupla";"Reta";"Não";2;0;1;0;1;0;1;2;-15,79358;-48,05798;"SR-DF";"UOP06/DF";""
267352;2020-02-05;"quarta-feira";"19:30:00";"RJ";116;73,6;"TERESOPOLIS";"Falta de Atenção à Condução";"Atropelamento de Pedestre";"Com Vítimas Feridas";"Plena Noite";"Crescente";"Chuva";"Simples";"Reta";"Sim";2;0;0;1;1;0;1;2;-22,34518;-42,93968;"SR-RJ";"DEL5/6";"UOP02/RJ"
267353;2020-02-05;"quarta-feira";"18:25:00";"MG";40;276,3;"TRES MARIAS";"Falta de Atenção à Condução";"Colisão transversal";"Com Vítimas Feridas";"Plena Noite";"Crescente";"Céu Claro";"Simples";"Reta";"Sim";2;0;0;1;1;0;1;2;-18,20603;-45,23123;"SR-MG";"DEL4/14";"UOP02/MG"
267355;2020-02-05;"quarta-feira";"17:45:00";"MG";381;501,3;"BETIM";"Falta de Atenção à Condução";"Tombamento";"Com Vítimas Feridas";"Pleno dia";"Crescente";"Nublado";"Múltipla";"Reta";"Sim";1;0;0;1;0;0;1;1;-20,01123;-44,21961;"SR-MG";"DEL4/1";"UOP03/MG"
267357;2020-02-05;"quarta-feira";"20:00:00";"PB";101;86,1;"JOAO PESSOA";"Animais na Pista";"Atropelamento de Animal";"Com Vítimas Feridas";"Plena Noite";"Crescente";"Nublado";"Múltipla";"Não Informado";"Sim";2;0;1;1;0;0;2;1;-7,15119;-34,91012;"SR-PB";"DEL14/1";"UOP01/PB"
267359;2020-02-05;"quarta-feira";"19:00:00";"MT";364;543;"ROSARIO OESTE";"Defeito na Via";"Atropelamento de Pedestre";"Com Vítimas Fatais";"Plena Noite";"Crescente";"Céu Claro";"Simples";"Não Informado";"Sim";2;1;0;0;0;1;0;1;-14,90512;-56,46799;"SR-MT";"DEL2/4";"UOP01/MT"
267360;2020-02-05;"quarta-feira";"14:40:00";"BA";407;146;"SENHOR DO BONFIM";"Falta de Atenção à Condução";"Colisão traseira";"Com Vítimas Feridas";"Pleno dia";"Decrescente";"Céu Claro";"Simples";"Reta";"Não";2;0;1;0;1;0;1;2;-10,62317;-40,13109;"SR-BA";"DEL10/4";"UOP01/BA"
267362;2020-02-05;"quarta-feira";"14:45:00";"PR";376;15;"MARINGA";"Velocidade Incompatível";"Derramamento de carga";"Sem Vítimas";"Pleno dia";"Decrescente";"Céu Claro";"Dupla";"Não Informado";"Sim";1;0;0;0;1;0;0;1;-23,4273;-51,9375;"SR-PR";"DEL7/7";"UOP04/PR"
267363;2020-02-05;"quarta-feira";"20:00:00";"MG";381;494,3;"BETIM";"Falta de Atenção à Condução";"Colisão lateral";"Com Vítimas Feridas";"Plena Noite";"Crescente";"Nublado";"Dupla";"Não Informado";"Sim";2;0;1;0;0;1;1;2;-19,96668;-44,17889;"SR-MG";"DEL4/1";"UOP03/MG"
267365;2020-02-05;"quarta-feira";"20:30:00";"PB";230;457,4;"SOUSA";"Condutor Dormindo";"Saída de leito carroçável";"Com Vítimas Feridas";"Plena Noite";"Decrescente";"Céu Claro";"Simples";"Reta";"Não";1;0;1;0;0;0;1;1;-6,7784;-38,1731;"SR-PB";"DEL14/3";"UOP03/PB"
267366;2020-02-05;"quarta-feira";"20:30:00";"RN";110;28;"MOSSORO";"Defeito Mecânico no Veículo";"Colisão com objeto em movimento";"Com Vítimas Feridas";"Plena Noite";"Decrescente";"Nublado";"Simples";"Reta";"Não";3;0;0;2;1;0;2;2;-5,110779;-37,20025;"SR-RN";"DEL15/4";"UOP01/RN"
267367;2020-02-05;"quarta-feira";"20:00:00";"RN";101;71;"EXTREMOZ";"Falta de Atenção à Condução";"Colisão lateral";"Com Vítimas Feridas";"Plena Noite";"Crescente";"Céu Claro";"Simples";"Interseção de vias";"Não";3;0;2;0;1;0;2;2;-5,689687;-35,26298;"SR-RN";"DEL15/2";"UOP01/RN"
267368;2020-02-05;"quarta-feira";"15:00:00";"MS";158;75;"PARANAIBA";"Falta de Atenção à Condução";"Tombamento";"Sem Vítimas";"Pleno dia";"Crescente";"Nublado";"Simples";"Reta";"Não";2;0;0;0;2;0;0;1;-19,5278;-51,27082;"SR-MS";"DEL3/8";"UOP01/MS"
267369;2020-02-05;"quarta-feira";"18:30:00";"GO";60;34,3;"GOIANIA";"Desobediência às normas de trânsito pelo condutor";"Derramamento de carga";"Sem Vítimas";"Anoitecer";"Decrescente";"Céu Claro";"Dupla";"Reta";"Sim";1;0;0;0;1;0;0;1;-16,7158;-49,35701;"SR-GO";"DEL1/1";"UOP02/GO"
267370;2020-02-05;"quarta-feira";"18:40:00";"SP";153;62;"SAO JOSE DO RIO PRETO";"Falta de Atenção à Condução";"Colisão traseira";"Com Vítimas Feridas";"Anoitecer";"Crescente";"Nublado";"Dupla";"Não Informado";"Sim";5;0;3;0;2;0;3;5;-20,81325;-49,35676;"SR-SP";"DEL6/9";"UOP01/SP"
267371;2020-02-05;"quarta-feira";"19:00:00";"RJ";101;162,2;"MACAE";"Falta de Atenção à Condução";"Queda de ocupante de veículo";"Com Vítimas Feridas";"Plena Noite";"Crescente";"Chuva";"Dupla";"Reta";"Não";1;0;1;0;0;0;1;1;-22,30241;-41,88312;"SR-RJ";"DEL5/2";"UOP03/RJ"
267372;2020-02-05;"quarta-feira";"21:30:00";"SC";101;222;"PALHOCA";"Desobediência às normas de trânsito pelo condutor";"Colisão traseira";"Com Vítimas Feridas";"Plena Noite";"Decrescente";"Chuva";"Dupla";"Curva";"Não";4;0;1;0;3;0;1;3;-27,70865;-48,65586;"SR-SC";"DEL8/1";"UOP02/SC"
267373;2020-02-05;"quarta-feira";"21:00:00";"PE";232;408,5;"SERRA TALHADA";"Falta de Atenção à Condução";"Danos eventuais";"Com Vítimas Feridas";"Plena Noite";"Crescente";"Céu Claro";"Simples";"Reta";"Sim";3;0;2;0;0;1;2;2;-7,983714;-38,28048;"SR-PE";"DEL11/4";"UOP01/PE"
267374;2020-02-05;"quarta-feira";"10:50:00";"SC";282;181;"BOCAINA DO SUL";"Falta de Atenção à Condução";"Saída de leito carroçável";"Com Vítimas Feridas";"Pleno dia";"Decrescente";"Céu Claro";"Simples";"Reta";"Não";3;0;0;1;2;0;1;2;-27,73331;-49,97117;"SR-SC";"DEL8/5";"UOP01/SC"
267375;2020-02-05;"quarta-feira";"20:20:00";"PR";369;462;"UBIRATA";"Ultrapassagem Indevida";"Colisão frontal";"Com Vítimas Feridas";"Plena Noite";"Decrescente";"Céu Claro";"Simples";"Reta";"Não";2;0;1;1;0;0;2;1;-24,5518;-53,1019;"SR-PR";"DEL7/4";"UOP04/PR"
267376;2020-02-05;"quarta-feira";"21:55:00";"RJ";493;23,7;"MAGE";"Falta de Atenção à Condução";"Atropelamento de Pedestre";"Com Vítimas Feridas";"Plena Noite";"Crescente";"Chuva";"Simples";"Reta";"Não";2;0;0;2;0;0;2;1;-22,65705;-43,06174;"SR-RJ";"DEL5/4";"UOP02/RJ"
267377;2020-02-05;"quarta-feira";"21:00:00";"ES";101;141,2;"LINHARES";"Falta de Atenção à Condução";"Colisão traseira";"Com Vítimas Feridas";"Plena Noite";"Crescente";"Céu Claro";"Dupla";"Reta";"Não";1;0;1;0;0;0;1;1;-19,32656;-40,07192;"SR-ES";"DEL12/4";"UOP01/ES"
267378;2020-02-05;"quarta-feira";"21:43:00";"SC";280;168,3;"MAFRA";"Velocidade Incompatível";"Saída de leito carroçável";"Com Vítimas Feridas";"Plena Noite";"Crescente";"Nublado";"Simples";"Não Informado";"Sim";1;0;0;1;0;0;1;1;-26,16008;-49,81589;"SR-SC";"DEL8/6";"UOP01/SC"
267379;2020-02-05;"quarta-feira";"22:10:00";"ES";101;141,2;"LINHARES";"Falta de Atenção à Condução";"Colisão traseira";"Com Vítimas Feridas";"Plena Noite";"Decrescente";"Céu Claro";"Simples";"Reta";"Não";2;0;1;0;1;0;1;2;-19,32656;-40,07192;"SR-ES";"DEL12/4";"UOP01/ES"
267381;2020-02-05;"quarta-feira";"20:57:00";"RJ";101;433,1;"MANGARATIBA";"Falta de Atenção à Condução";"Colisão transversal";"Com Vítimas Feridas";"Plena Noite";"Crescente";"Chuva";"Simples";"Reta";"Sim";2;0;1;0;1;0;1;2;-22,93843;-44,03644;"SR-RJ";"DEL5/3";"UOP01/RJ"
267384;2020-02-05;"quarta-feira";"22:40:00";"ES";101;275;"SERRA";"Defeito Mecânico no Veículo";"Tombamento";"Com Vítimas Feridas";"Plena Noite";"Decrescente";"Céu Claro";"Dupla";"Reta";"Não";1;0;1;0;0;0;1;1;-20,20828;-40,30389;"SR-ES";"DEL12/2";"UOP01/ES"
267385;2020-02-05;"quarta-feira";"23:00:00";"MG";40;562,4;"NOVA LIMA";"Condutor Dormindo";"Saída de leito carroçável";"Com Vítimas Feridas";"Plena Noite";"Crescente";"Nublado";"Dupla";"Curva";"Não";1;0;0;1;0;0;1;1;-20,14452;-43,95966;"SR-MG";"DEL4/1";"UOP02/MG"
267386;2020-02-05;"quarta-feira";"22:30:00";"SC";470;327;"CAMPOS NOVOS";"Mal Súbito";"Queda de ocupante de veículo";"Com Vítimas Feridas";"Plena Noite";"Decrescente";"Céu Claro";"Simples";"Reta";"Não";1;0;0;1;0;0;1;1;-27,46564;-51,26857;"SR-SC";"DEL7";"UOP08/SC"
267388;2020-02-05;"quarta-feira";"23:15:00";"PR";376;623;"SAO JOSE DOS PINHAIS";"Velocidade Incompatível";"Colisão traseira";"Com Vítimas Feridas";"Plena Noite";"Decrescente";"Garoa/Chuvisco";"Dupla";"Reta";"Não";8;0;5;0;3;0;5;3;-25,63462;-49,16182;"SR-PR";"DEL7/1";"UOP01/PR"
267389;2020-02-05;"quarta-feira";"23:00:00";"RR";401;90;"BONFIM";"Animais na Pista";"Atropelamento de Animal";"Com Vítimas Feridas";"Plena Noite";"Crescente";"Céu Claro";"Simples";"Reta";"Não";2;0;1;0;1;0;1;1;3,260833;-60,08323;"SR-RR";"UOP01/RR";""
267390;2020-02-05;"quarta-feira";"22:00:00";"SC";282;512;"XANXERE";"Desobediência às normas de trânsito pelo condutor";"Colisão traseira";"Sem Vítimas";"Plena Noite";"Decrescente";"Céu Claro";"Simples";"Reta";"Não";5;0;0;0;3;2;0;2;-26,9108;-52,4721;"SR-SC";"DEL7";"UOP01/SC"
267403;2020-02-05;"quarta-feira";"23:15:00";"MA";222;671;"ACAILANDIA";"Ingestão de Álcool";"Colisão frontal";"Com Vítimas Feridas";"Plena Noite";"Decrescente";"Chuva";"Simples";"Desvio Temporário";"Sim";2;0;1;0;1;0;1;2;-4,944223;-47,47114;"SR-MA";"DEL18/4";"UOP03/MA"
267404;2020-02-06;"quinta-feira";"00:00:00";"SC";101;346;"JAGUARUNA";"Ingestão de Álcool";"Saída de leito carroçável";"Sem Vítimas";"Plena Noite";"Decrescente";"Chuva";"Dupla";"Reta";"Não";1;0;0;0;1;0;0;1;-28,57075;-49,05321;"SR-SC";"DEL8/2";"UOP01/SC"
267405;2020-02-06;"quinta-feira";"00:15:00";"SP";381;22;"BRAGANCA PAULISTA";"Pista Escorregadia";"Colisão com objeto estático";"Com Vítimas Feridas";"Plena Noite";"Decrescente";"Céu Claro";"Dupla";"Não Informado";"Sim";3;0;1;0;0;2;1;1;-22,99697;-46,51631;"SR-SP";"DEL6/3";"UOP02/SP"
267406;2020-02-06;"quinta-feira";"00:47:00";"SP";116;140,9;"SAO JOSE DOS CAMPOS";"Desobediência às normas de trânsito pelo condutor";"Colisão lateral";"Com Vítimas Feridas";"Plena Noite";"Decrescente";"Chuva";"Dupla";"Reta";"Sim";3;0;1;0;2;0;1;3;-23,16578;-45,81246;"SR-SP";"DEL6";"UOP01/SP"
267408;2020-02-06;"quinta-feira";"00:10:00";"SC";101;64,9;"ARAQUARI";"Falta de Atenção à Condução";"Tombamento";"Com Vítimas Feridas";"Plena Noite";"Crescente";"Chuva";"Dupla";"Reta";"Não";1;0;1;0;0;0;1;1;-26,46433;-48,75063;"SR-SC";"DEL8/3";"UOP02/SC"
267409;2020-02-05;"quarta-feira";"22:30:00";"PR";369;191,9;"ARAPONGAS";"Defeito Mecânico no Veículo";"Colisão com objeto estático";"Com Vítimas Feridas";"Plena Noite";"Crescente";"Nublado";"Dupla";"Não Informado";"Sim";2;0;2;0;0;0;2;1;-23,46972;-51,42389;"SR-PR";"DEL7/7";"UOP03/PR"
267410;2020-02-05;"quarta-feira";"15:30:00";"MT";70;340;"DOM AQUINO";"Ultrapassagem Indevida";"Colisão frontal";"Com Vítimas Fatais";"Pleno dia";"Crescente";"Nublado";"Simples";"Reta";"Não";3;1;1;0;0;1;1;3;-15,53082;-54,79494;"SR-MT";"DEL2/5";"UOP01/MT"
267411;2020-02-05;"quarta-feira";"18:00:00";"MT";70;678;"CACERES";"Pista Escorregadia";"Saída de leito carroçável";"Com Vítimas Feridas";"Anoitecer";"Crescente";"Chuva";"Simples";"Reta";"Não";1;0;1;0;0;0;1;1;-16,10847;-57,29972;"SR-MT";"DEL2/3";"UOP02/MT"
267412;2020-02-06;"quinta-feira";"02:00:00";"SP";116;408;"JUQUIA";"Falta de Atenção à Condução";"Colisão com objeto estático";"Com Vítimas Feridas";"Plena Noite";"Crescente";"Nublado";"Dupla";"Reta";"Não";1;0;0;1;0;0;1;1;-24,32873;-47,57542;"SR-SP";"UOP01";"DEL05"
267413;2020-02-06;"quinta-feira";"03:00:00";"MG";381;858,3;"POUSO ALEGRE";"Velocidade Incompatível";"Saída de leito carroçável";"Com Vítimas Feridas";"Plena Noite";"Decrescente";"Chuva";"Dupla";"Reta";"Não";4;0;1;1;2;0;2;1;-22,34205;-45,9261;"SR-MG";"DEL09";"UOP01/MG"
267414;2020-02-05;"quarta-feira";"18:00:00";"RS";285;617;"SANTO ANTONIO DAS MISSOES";"Falta de Atenção à Condução";"Colisão frontal";"Com Vítimas Feridas";"Pleno dia";"Decrescente";"Sol";"Simples";"Curva";"Não";6;0;4;1;1;0;5;2;-28,50048;-55,45679;"SR-RS";"DEL9/12";"UOP01/RS"
267415;2020-02-06;"quinta-feira";"05:30:00";"ES";101;168;"LINHARES";"Condutor Dormindo";"Tombamento";"Com Vítimas Feridas";"Amanhecer";"Crescente";"Chuva";"Simples";"Reta";"Não";1;0;1;0;0;0;1;1;-19,53476;-40,1576;"SR-ES";"DEL12/4";"UOP01/ES"
267416;2020-02-06;"quinta-feira";"04:45:00";"RJ";40;38;"AREAL";"Velocidade Incompatível";"Capotamento";"Sem Vítimas";"Plena Noite";"Crescente";"Garoa/Chuvisco";"Dupla";"Curva";"Não";1;0;0;0;1;0;0;1;-22,22751;-43,11963;"SR-RJ";"DEL5/6";"UOP01/RJ"
267417;2020-02-06;"quinta-feira";"03:30:00";"MS";163;263;"DOURADOS";"Desobediência às normas de trânsito pelo condutor";"Colisão lateral";"Com Vítimas Feridas";"Plena Noite";"Decrescente";"Céu Claro";"Dupla";"Rotatória";"Sim";2;0;1;0;1;0;1;2;-22,23164;-54,74782;"SR-MS";"DEL3/4";"UOP01/MS"
267418;2020-02-06;"quinta-feira";"05:15:00";"SC";101;352,1;"JAGUARUNA";"Pista Escorregadia";"Tombamento";"Com Vítimas Feridas";"Amanhecer";"Crescente";"Chuva";"Dupla";"Reta";"Não";1;0;1;0;0;0;1;1;-28,6049;-49,05593;"SR-SC";"DEL8/2";"UOP01/SC"
267419;2020-02-06;"quinta-feira";"05:30:00";"SC";101;205,2;"SAO JOSE";"Ingestão de Álcool";"Saída de leito carroçável";"Com Vítimas Feridas";"Amanhecer";"Crescente";"Chuva";"Dupla";"Curva";"Sim";1;0;1;0;0;0;1;1;-27,58313;-48,61533;"SR-SC";"DEL8/1";"UOP01/SC"
267420;2020-02-06;"quinta-feira";"05:40:00";"GO";50;196;"CAMPO ALEGRE DE GOIAS";"Defeito Mecânico no Veículo";"Tombamento";"Com Vítimas Feridas";"Amanhecer";"Decrescente";"Garoa/Chuvisco";"Dupla";"Reta";"Não";2;0;2;0;0;0;2;1;-17,5457;-47,8303;"SR-GO";"DEL1/6";"UOP01/GO"
267422;2020-02-05;"quarta-feira";"09:50:00";"SC";101;44;"JOINVILLE";"Falta de Atenção à Condução";"Colisão traseira";"Com Vítimas Feridas";"Pleno dia";"Decrescente";"Chuva";"Simples";"Reta";"Sim";3;0;1;0;2;0;1;2;-26,31239;-48,87459;"SR-SC";"DEL8/3";"UOP01/SC"
267423;2020-02-05;"quarta-feira";"23:10:00";"MG";116;269,2;"TEOFILO OTONI";"Velocidade Incompatível";"Tombamento";"Com Vítimas Feridas";"Plena Noite";"Crescente";"Céu Claro";"Simples";"Curva";"Não";1;0;1;0;0;0;1;1;-17,79509;-41,50201;"SR-MG";"DEL4/11";"UOP01/MG"
267424;2020-02-05;"quarta-feira";"23:40:00";"MG";267;242;"SERITINGA";"Velocidade Incompatível";"Colisão frontal";"Com Vítimas Fatais";"Plena Noite";"Crescente";"Chuva";"Simples";"Curva";"Não";6;4;1;0;1;0;1;2;-21,91991;-44,42208;"SR-MG";"DEL5";"UOP03/MG"
267425;2020-02-06;"quinta-feira";"06:40:00";"RJ";116;106;"GUAPIMIRIM";"Defeito Mecânico no Veículo";"Tombamento";"Com Vítimas Feridas";"Pleno dia";"Crescente";"Chuva";"Dupla";"Reta";"Não";2;0;2;0;0;0;2;1;-22,52195;-43,0007;"SR-RJ";"UOP02";"DEL04"
267427;2020-02-06;"quinta-feira";"06:10:00";"PR";469;12;"FOZ DO IGUACU";"Desobediência às normas de trânsito pelo condutor";"Colisão transversal";"Sem Vítimas";"Pleno dia";"Crescente";"Céu Claro";"Dupla";"Interseção de vias";"Sim";2;0;0;0;2;0;0;2;-25,5754;-54,5489;"SR-PR";"DEL7/5";"UOP04/PR"
267428;2020-02-06;"quinta-feira";"06:46:00";"SP";153;62;"SAO JOSE DO RIO PRETO";"Não guardar distância de segurança";"Colisão lateral";"Com Vítimas Feridas";"Pleno dia";"Decrescente";"Céu Claro";"Dupla";"Reta";"Sim";3;0;1;0;2;0;1;2;-20,81325;-49,35676;"SR-SP";"DEL6/9";"UOP01/SP"
267429;2020-02-06;"quinta-feira";"06:20:00";"GO";153;663;"GOIATUBA";"Velocidade Incompatível";"Colisão traseira";"Com Vítimas Fatais";"Amanhecer";"Decrescente";"Nublado";"Dupla";"Reta";"Não";2;1;0;0;1;0;0;2;-18,0812;-49,271;"SR-GO";"DEL1/3";"UOP02/GO"
267430;2020-02-06;"quinta-feira";"05:28:00";"DF";40;2,8;"BRASILIA";"Falta de Atenção à Condução";"Colisão lateral";"Com Vítimas Feridas";"Pleno dia";"Decrescente";"Céu Claro";"Dupla";"Reta";"Sim";3;0;2;0;1;0;2;2;-16,00007;-47,98454;"SR-DF";"UOP01";"DEL01"
267431;2020-02-05;"quarta-feira";"18:37:00";"PR";277;309,2;"GUARAPUAVA";"Falta de Atenção à Condução";"Colisão traseira";"Sem Vítimas";"Pleno dia";"Decrescente";"Céu Claro";"Simples";"Não Informado";"Não";2;0;0;0;1;1;0;2;-25,30764;-51,20994;"SR-PR";"DEL7/3";"UOP02/PR"
267432;2020-02-06;"quinta-feira";"07:30:00";"GO";153;498,6;"GOIANIA";"Não guardar distância de segurança";"Colisão traseira";"Com Vítimas Feridas";"Pleno dia";"Crescente";"Chuva";"Dupla";"Não Informado";"Sim";3;0;1;0;2;0;1;3;-16,6939;-49,2321;"SR-GO";"DEL1/1";"UOP01/GO"
267433;2020-02-06;"quinta-feira";"06:50:00";"MG";381;496;"BETIM";"Falta de Atenção à Condução";"Tombamento";"Com Vítimas Feridas";"Pleno dia";"Decrescente";"Céu Claro";"Dupla";"Reta";"Sim";2;0;2;0;0;0;2;1;-19,99676;-44,20959;"SR-MG";"DEL4/1";"UOP03/MG"
267434;2020-02-06;"quinta-feira";"06:55:00";"MG";40;552;"NOVA LIMA";"Falta de Atenção à Condução";"Colisão lateral";"Sem Vítimas";"Pleno dia";"Crescente";"Nublado";"Simples";"Reta";"Sim";2;0;0;0;2;0;0;2;-20,06084;-43,97716;"SR-MG";"DEL4/1";"UOP02/MG"
267435;2020-02-06;"quinta-feira";"06:50:00";"CE";116;24;"ITAITINGA";"Desobediência às normas de trânsito pelo condutor";"Colisão lateral";"Sem Vítimas";"Pleno dia";"Decrescente";"Céu Claro";"Dupla";"Reta";"Não";2;0;0;0;2;0;0;2;-3,95798;-38,51311;"SR-CE";"DEL16/1";"UOP02/CE"
267437;2020-02-06;"quinta-feira";"07:30:00";"RS";290;105;"ELDORADO DO SUL";"Não guardar distância de segurança";"Colisão traseira";"Com Vítimas Feridas";"Pleno dia";"Decrescente";"Sol";"Dupla";"Reta";"Não";2;0;1;0;1;0;1;2;-29,99608;-51,28502;"SR-RS";"DEL9/2";"UOP01/RS"
267439;2020-02-06;"quinta-feira";"07:40:00";"SC";101;202;"SAO JOSE";"Falta de Atenção à Condução";"Queda de ocupante de veículo";"Com Vítimas Feridas";"Pleno dia";"Crescente";"Nublado";"Dupla";"Reta";"Sim";1;0;1;0;0;0;1;1;-27,55712;-48,61898;"SR-SC";"DEL8/1";"UOP01/SC"
267440;2020-02-06;"quinta-feira";"07:45:00";"RJ";40;112;"DUQUE DE CAXIAS";"Falta de Atenção à Condução";"Colisão lateral";"Sem Vítimas";"Pleno dia";"Decrescente";"Céu Claro";"Múltipla";"Reta";"Sim";3;0;0;0;3;0;0;3;-22,69521;-43,28851;"SR-RJ";"DEL5/1";"UOP01/RJ"
267441;2020-02-06;"quinta-feira";"08:10:00";"PR";476;141;"CURITIBA";"Falta de Atenção à Condução";"Engavetamento";"Sem Vítimas";"Pleno dia";"Crescente";"Céu Claro";"Dupla";"Reta";"Sim";3;0;0;0;3;0;0;3;-25,52861;-49,2988;"SR-PR";"DEL7/1";"UOP03/PR"
267443;2020-02-06;"quinta-feira";"08:10:00";"PE";101;84,5;"JABOATAO DOS GUARARAPES";"Não guardar distância de segurança";"Colisão traseira";"Com Vítimas Feridas";"Pleno dia";"Crescente";"Céu Claro";"Simples";"Reta";"Sim";3;0;2;0;1;0;2;2;-8,239642;-35,00335;"SR-PE";"DEL11/1";"UOP03/PE"
267444;2020-02-06;"quinta-feira";"07:05:00";"MG";381;503,5;"BETIM";"Não guardar distância de segurança";"Colisão traseira";"Com Vítimas Feridas";"Pleno dia";"Decrescente";"Nublado";"Dupla";"Não Informado";"Sim";3;0;1;0;2;0;1;2;-20,03855;-44,25495;"SR-MG";"DEL4/1";"UOP03/MG"
267445;2020-02-06;"quinta-feira";"07:30:00";"SP";116;219;"GUARULHOS";"Não guardar distância de segurança";"Colisão lateral";"Com Vítimas Feridas";"Pleno dia";"Crescente";"Nublado";"Múltipla";"Reta";"Sim";1;0;1;0;0;0;1;1;-23,46144;-46,48885;"SR-SP";"DEL6/1";"UOP01/SP"
267446;2020-02-06;"quinta-feira";"06:50:00";"SC";280;139;"RIO NEGRINHO";"Não guardar distância de segurança";"Colisão traseira";"Com Vítimas Feridas";"Pleno dia";"Crescente";"Céu Claro";"Simples";"Reta";"Não";3;0;2;0;1;0;2;2;-26,25483;-49,60312;"SR-SC";"DEL8/6";"UOP03/SC"
267447;2020-02-06;"quinta-feira";"08:15:00";"PR";369;161;"CAMBE";"Falta de Atenção à Condução";"Colisão traseira";"Com Vítimas Feridas";"Pleno dia";"Crescente";"Céu Claro";"Simples";"Reta";"Sim";2;0;1;0;1;0;1;2;-23,28613;-51,2598;"SR-PR";"DEL7/7";"UOP01/PR"
267448;2020-02-06;"quinta-feira";"07:40:00";"BA";324;622;"SALVADOR";"Não guardar distância de segurança";"Colisão lateral";"Com Vítimas Feridas";"Pleno dia";"Decrescente";"Nublado";"Múltipla";"Reta";"Não";2;0;1;0;1;0;1;2;-12,91889;-38,46502;"SR-BA";"DEL10/1";"UOP01/BA"
267449;2020-02-06;"quinta-feira";"07:00:00";"CE";116;42;"HORIZONTE";"Desobediência às normas de trânsito pelo condutor";"Colisão transversal";"Com Vítimas Feridas";"Pleno dia";"Crescente";"Nublado";"Dupla";"Reta";"Sim";2;0;0;1;1;0;1;2;-4,108579;-38,49422;"SR-CE";"DEL16/1";"UOP02/CE"
267450;2020-02-06;"quinta-feira";"07:45:00";"SC";101;217;"PALHOCA";"Falta de Atenção à Condução";"Engavetamento";"Com Vítimas Feridas";"Pleno dia";"Decrescente";"Chuva";"Múltipla";"Não Informado";"Não";4;0;2;0;2;0;2;3;-27,66779;-48,67394;"SR-SC";"DEL8/1";"UOP02/SC"
267452;2020-02-06;"quinta-feira";"08:05:00";"SC";101;216,9;"PALHOCA";"Não guardar distância de segurança";"Colisão lateral";"Com Vítimas Feridas";"Pleno dia";"Decrescente";"Garoa/Chuvisco";"Múltipla";"Reta";"Sim";3;0;1;0;2;0;1;2;-27,65981;-48,67748;"SR-SC";"DEL8/1";"UOP02/SC"
267453;2020-01-26;"domingo";"15:40:00";"SP";116;51,4;"LORENA";"Falta de Atenção à Condução";"Engavetamento";"Com Vítimas Feridas";"Pleno dia";"Decrescente";"Céu Claro";"Dupla";"Reta";"Sim";10;0;2;2;6;0;4;3;-22,74158;-45,09206;"SR-SP";"DEL6/8";"UOP02/SP"
267454;2020-02-06;"quinta-feira";"08:55:00";"SC";280;55,2;"GUARAMIRIM";"Falta de Atenção à Condução";"Colisão transversal";"Com Vítimas Feridas";"Pleno dia";"Decrescente";"Nublado";"Simples";"Reta";"Não";2;0;1;0;1;0;1;2;-26,47584;-48,99379;"SR-SC";"DEL8/3";"UOP03/SC"
267455;2020-02-06;"quinta-feira";"08:30:00";"PR";277;582,2;"CASCAVEL";"Falta de Atenção à Condução";"Colisão traseira";"Sem Vítimas";"Pleno dia";"Decrescente";"Nublado";"Dupla";"Reta";"Não";3;0;0;0;3;0;0;2;-24,97675;-53,38623;"SR-PR";"DEL7/4";"UOP01/PR"
267456;2020-02-06;"quinta-feira";"08:35:00";"PR";476;142;"CURITIBA";"Não guardar distância de segurança";"Colisão traseira";"Com Vítimas Feridas";"Pleno dia";"Decrescente";"Nublado";"Dupla";"Reta";"Sim";2;0;1;0;1;0;1;2;-25,53716;-49,30163;"SR-PR";"DEL7/1";"UOP03/PR"
267457;2020-02-06;"quinta-feira";"09:20:00";"SC";470;163;"POUSO REDONDO";"Desobediência às normas de trânsito pelo condutor";"Colisão lateral";"Com Vítimas Feridas";"Pleno dia";"Crescente";"Nublado";"Simples";"Reta";"Não";2;0;1;0;1;0;1;2;-27,27898;-49,826;"SR-SC";"DEL8/4";"UOP02/SC"
267458;2020-02-06;"quinta-feira";"08:15:00";"SC";282;385;"JOACABA";"Defeito Mecânico no Veículo";"Saída de leito carroçável";"Com Vítimas Feridas";"Pleno dia";"Crescente";"Sol";"Simples";"Desvio Temporário";"Não";1;0;1;0;0;0;1;1;-27,19443;-51,51587;"SR-SC";"DEL7";"UOP07/SC"