"id";"data_inversa";"dia_semana";"horario";"uf";"br";"km";"municipio";"causa_acidente";"tipo_acidente";"classificacao_acidente";"fase_dia";"sentido_via";"condicao_metereologica";"tipo_pista";"tracado_via";"uso_solo";"pessoas";"mortos";"feridos_leves";"feridos_graves";"ilesos";"ignorados";"feridos";"veiculos";"latitude";"longitude";"regional";"delegacia";"uop"
267459;2020-02-05;"quarta-feira";"17:21:00";"PI";135;545;"SAO GONCALO DO GURGUEIA";"Falta de Atenção à Condução";"Saída de leito carroçável";"Com Vítimas Feridas";"Pleno dia";"Decrescente";"Nublado";"Simples";"Curva";"Não";4;0;1;0;3;0;1;1;-10,0719;-45,27162;"SR-PI";"DEL17/3";"UOP02/PI"
267460;2020-02-06;"quinta-feira";"08:00:00";"SC";101;44,5;"JOINVILLE";"Falta de Atenção à Condução";"Saída de leito carroçável";"Com Vítimas Feridas";"Pleno dia";"Decrescente";"Chuva";"Dupla";"Reta";"Sim";2;0;1;0;1;0;1;1;-26,31239;-48,87459;"SR-SC";"DEL8/3";"UOP01/SC"
267462;2020-02-06;"quinta-feira";"05:25:00";"MT";174;289;"PONTES E LACERDA";"Falta de Atenção à Condução";"Atropelamento de Pedestre";"Com Vítimas Fatais";"Amanhecer";"Crescente";"Céu Claro";"Dupla";"Reta";"Sim";4;1;0;1;0;2;1;1;-15,22419;-59,3189;"SR-MT";"DEL2/7";"UOP01/MT"
267463;2020-02-06;"quinta-feira";"07:30:00";"PE";101;200,4;"PALMARES";"Falta de Atenção à Condução";"Saída de leito carroçável";"Com Vítimas Feridas";"Pleno dia";"Crescente";"Céu Claro";"Dupla";"Curva";"Não";1;0;0;1;0;0;1;1;-8,772341;-35,61856;"SR-PE";"DEL11/1";"UOP03/PE"
267464;2020-02-06;"quinta-feira";"09:40:00";"RJ";493;26;"MAGE";"Falta de Atenção à Condução";"Tombamento";"Com Vítimas Feridas";"Pleno dia";"Crescente";"Nublado";"Simples";"Curva";"Sim";2;0;2;0;0;0;2;1;-22,65667;-43,08841;"SR-RJ";"DEL5/4";"UOP02/RJ"
267465;2020-02-06;"quinta-feira";"09:20:00";"SC";101;355,3;"SANGAO";"Avarias e/ou desgaste excessivo no pneu";"Saída de leito carroçável";"Com Vítimas Feridas";"Pleno dia";"Crescente";"Chuva";"Dupla";"Reta";"Não";1;0;1;0;0;0;1;1;-28,64059;-49,07478;"SR-SC";"DEL8/2";"UOP01/SC"
267466;2020-02-06;"quinta-feira";"08:50:00";"RJ";101;488,4;"ANGRA DOS REIS";"Falta de Atenção à Condução";"Colisão transversal";"Com Vítimas Feridas";"Pleno dia";"Crescente";"Nublado";"Simples";"Reta";"Sim";1;0;1;0;0;0;1;1;-22,95699;-44,30723;"SR-RJ";"DEL5/3";"UOP02/RJ"
267467;2020-02-02;"domingo";"15:59:00";"SP";116;41;"CACHOEIRA PAULISTA";"Falta de Atenção à Condução";"Colisão traseira";"Sem Vítimas";"Pleno dia";"Crescente";"Chuva";"Dupla";"Não Informado";"Não";2;0;0;0;2;0;0;2;-22,68631;-45,01465;"SR-SP";"DEL6/8";"UOP01/SP"
267468;2020-02-06;"quinta-feira";"08:30:00";"MG";153;44;"CANAPOLIS";"Velocidade Incompatível";"Saída de leito carroçável";"Com Vítimas Feridas";"Pleno dia";"Crescente";"Chuva";"Dupla";"Reta";"Não";2;0;1;0;1;0;1;1;-18,77297;-49,07333;"SR-MG";"DEL4/15";"UOP03/MG"
267469;2020-02-06;"quinta-feira";"10:10:00";"CE";20;416;"MARACANAU";"Falta de Atenção à Condução";"Colisão traseira";"Com Vítimas Feridas";"Pleno dia";"Decrescente";"Nublado";"Dupla";"Reta";"Sim";2;0;0;1;1;0;1;2;-3,76999;-38,67006;"SR-CE";"DEL16/1";"UOP02/CE"
267473;2020-02-06;"quinta-feira";"10:25:00";"PR";277;725,3;"FOZ DO IGUACU";"Falta de Atenção à Condução";"Colisão traseira";"Sem Vítimas";"Pleno dia";"Crescente";"Céu Claro";"Dupla";"Reta";"Sim";2;0;0;0;2;0;0;2;-25,50824;-54,5462;"SR-PR";"DEL7/5";"UOP03/PR"
267474;2020-02-06;"quinta-feira";"10:30:00";"BA";116;417;"FEIRA DE SANTANA";"Desobediência às normas de trânsito pelo condutor";"Colisão transversal";"Com Vítimas Feridas";"Pleno dia";"Decrescente";"Céu Claro";"Simples";"Reta";"Sim";2;0;0;1;1;0;1;2;-12,18689;-38,96527;"SR-BA";"DEL10/2";"UOP01/BA"
267475;2020-02-06;"quinta-feira";"10:45:00";"SP";116;200,1;"ARUJA";"Defeito Mecânico no Veículo";"Queda de ocupante de veículo";"Com Vítimas Feridas";"Pleno dia";"Decrescente";"Céu Claro";"Simples";"Reta";"Não";1;0;1;0;0;0;1;1;-23,40281;-46,3211;"SR-SP";"DEL6/1";"UOP01/SP"
267476;2020-02-06;"quinta-feira";"11:00:00";"DF";20;46,6;"BRASILIA";"Pista Escorregadia";"Saída de leito carroçável";"Com Vítimas Feridas";"Pleno dia";"Crescente";"Chuva";"Dupla";"Não Informado";"Não";3;0;2;0;1;0;2;1;-15,58058;-47,45849;"SR-DF";"UOP01/DEL02/DF";""
267477;2020-02-06;"quinta-feira";"10:30:00";"PR";376;497,3;"PONTA GROSSA";"Falta de Atenção à Condução";"Colisão lateral";"Com Vítimas Feridas";"Pleno dia";"Crescente";"Céu Claro";"Dupla";"Reta";"Sim";4;0;1;2;1;0;3;2;-25,14709;-50,15038;"SR-PR";"DEL7/3";"UOP03/PR"
267478;2020-02-02;"domingo";"04:40:00";"AL";104;88,7;"RIO LARGO";"Desobediência às normas de trânsito pelo condutor";"Colisão frontal";"Com Vítimas Feridas";"Amanhecer";"Decrescente";"Céu Claro";"Dupla";"Reta";"Sim";3;0;0;1;2;0;1;2;-9,483752;-35,81816;"SR-AL";"DEL13/1";"UOP01/AL"
267479;2020-02-06;"quinta-feira";"11:20:00";"SP";116;223,3;"GUARULHOS";"Falta de Atenção à Condução";"Colisão lateral";"Com Vítimas Feridas";"Pleno dia";"Crescente";"Céu Claro";"Múltipla";"Reta";"Sim";2;0;1;0;1;0;1;2;-23,48176;-46,535;"SR-SP";"DEL6/1";"UOP01/SP"
267480;2020-02-06;"quinta-feira";"09:15:00";"RJ";40;123;"DUQUE DE CAXIAS";"Falta de Atenção à Condução";"Colisão transversal";"Sem Vítimas";"Pleno dia";"Decrescente";"Nublado";"Dupla";"Curva";"Sim";2;0;0;0;2;0;0;2;-22,79908;-43,29016;"SR-RJ";"DEL5/1";"UOP01/RJ"
267481;2020-02-06;"quinta-feira";"11:40:00";"SC";101;191;"BIGUACU";"Falta de Atenção à Condução";"Colisão com objeto estático";"Com Vítimas Feridas";"Pleno dia";"Decrescente";"Chuva";"Dupla";"Curva";"Sim";2;0;1;0;1;0;1;2;-27,4773;-48,64127;"SR-SC";"DEL8/1";"UOP01/SC"
267482;2020-02-06;"quinta-feira";"11:45:00";"SC";101;215,8;"PALHOCA";"Desobediência às normas de trânsito pelo condutor";"Colisão traseira";"Com Vítimas Feridas";"Pleno dia";"Decrescente";"Nublado";"Múltipla";"Não Informado";"Sim";2;0;1;0;1;0;1;2;-27,65185;-48,67605;"SR-SC";"DEL8/1";"UOP02/SC"
267483;2020-01-26;"domingo";"06:45:00";"MG";381;340;"BELA VISTA DE MINAS";"Condutor Dormindo";"Saída de leito carroçável";"Com Vítimas Feridas";"Amanhecer";"Crescente";"Nublado";"Simples";"Curva";"Não";1;0;1;0;0;0;1;1;-19,84087;-43,09635;"SR-MG";"DEL4/3";"UOP01/MG"
267485;2020-02-06;"quinta-feira";"09:50:00";"RO";364;218,3;"PIMENTA BUENO";"Animais na Pista";"Colisão traseira";"Com Vítimas Feridas";"Pleno dia";"Decrescente";"Nublado";"Simples";"Reta";"Não";4;0;1;0;3;0;1;2;-11,53984;-61,30596;"SR-RO";"DEL21/2";"UOP02/RO"
267486;2020-02-06;"quinta-feira";"11:20:00";"RS";386;440;"CANOAS";"Falta de Atenção à Condução";"Colisão traseira";"Sem Vítimas";"Pleno dia";"Decrescente";"Céu Claro";"Dupla";"Reta";"Sim";4;0;0;0;4;0;0;4;-29,87826;-51,24195;"SR-RS";"DEL9/4";"UOP02/RS"
267487;2020-02-06;"quinta-feira";"12:00:00";"SC";101;204;"SAO JOSE";"Falta de Atenção à Condução";"Colisão lateral";"Com Vítimas Feridas";"Pleno dia";"Crescente";"Chuva";"Dupla";"Reta";"Sim";2;0;1;0;1;0;1;2;-27,565;-48,6146;"SR-SC";"DEL8/1";"UOP01/SC"
267488;2020-02-06;"quinta-feira";"10:45:00";"MG";40;791,1;"JUIZ DE FORA";"Defeito Mecânico no Veículo";"Incêndio";"Sem Vítimas";"Pleno dia";"Decrescente";"Garoa/Chuvisco";"Dupla";"Reta";"Não";2;0;0;0;2;0;0;1;-21,77922;-43,42576;"SR-MG";"DEL5";"UOP01/MG"
267489;2020-02-06;"quinta-feira";"12:00:00";"MG";40;726;"OLIVEIRA FORTES";"Velocidade Incompatível";"Tombamento";"Com Vítimas Feridas";"Pleno dia";"Crescente";"Chuva";"Dupla";"Reta";"Não";1;0;0;1;0;0;1;1;-21,3106;-43,6038;"SR-MG";"DEL5";"UOP01/MG"
267490;2020-02-06;"quinta-feira";"12:40:00";"ES";262;5,5;"CARIACICA";"Falta de Atenção à Condução";"Colisão transversal";"Com Vítimas Feridas";"Pleno dia";"Crescente";"Nublado";"Múltipla";"Reta";"Sim";2;0;1;0;1;0;1;2;-20,33847;-40,39244;"SR-ES";"DEL12/1";"UOP01/ES"
267491;2020-02-06;"quinta-feira";"11:30:00";"PB";230;85,6;"CALDAS BRANDAO";"Falta de Atenção à Condução";"Capotamento";"Com Vítimas Feridas";"Pleno dia";"Decrescente";"Céu Claro";"Dupla";"Reta";"Não";3;0;3;0;0;0;3;1;-7,1652;-35,3534;"SR-PB";"DEL14/1";"UOP02/PB"
267492;2020-02-06;"quinta-feira";"12:00:00";"RS";448;11;"CANOAS";"Falta de Atenção à Condução";"Colisão traseira";"Com Vítimas Feridas";"Pleno dia";"Decrescente";"Céu Claro";"Múltipla";"Reta";"Não";7;0;1;0;5;1;1;3;-29,90917;-51,24125;"SR-RS";"DEL9/1";"UOP01/RS"
267493;2020-02-06;"quinta-feira";"12:25:00";"GO";60;40,9;"ALEXANIA";"Velocidade Incompatível";"Saída de leito carroçável";"Com Vítimas Feridas";"Pleno dia";"Decrescente";"Chuva";"Dupla";"Não Informado";"Não";2;0;0;2;0;0;2;1;-16,1107;-48,5646;"SR-DF";"UOP03/DF";""
267494;2020-02-06;"quinta-feira";"12:45:00";"RS";116;149;"CAXIAS DO SUL";"Falta de Atenção à Condução";"Colisão lateral";"Com Vítimas Feridas";"Pleno dia";"Crescente";"Sol";"Dupla";"Interseção de vias";"Sim";2;0;1;0;1;0;1;2;-29,15997;-51,15645;"SR-RS";"DEL9/5";"UOP01/RS"
267495;2020-02-06;"quinta-feira";"12:40:00";"GO";158;274;"JATAI";"Falta de Atenção à Condução";"Danos eventuais";"Sem Vítimas";"Pleno dia";"Crescente";"Sol";"Simples";"Não Informado";"Sim";1;0;0;0;0;1;0;1;-17,90674;-51,72604;"SR-GO";"DEL1/5";"UOP01/GO"
267496;2020-02-06;"quinta-feira";"12:35:00";"CE";20;423,5;"MARACANAU";"Falta de Atenção à Condução";"Colisão traseira";"Com Vítimas Feridas";"Pleno dia";"Crescente";"Sol";"Dupla";"Reta";"Sim";3;0;2;0;1;0;2;2;-3,76999;-38,67006;"SR-CE";"DEL16/1";"UOP02/CE"
267498;2020-02-06;"quinta-feira";"13:25:00";"GO";60;169,6;"GOIANIA";"Velocidade Incompatível";"Colisão lateral";"Com Vítimas Feridas";"Pleno dia";"Crescente";"Céu Claro";"Dupla";"Reta";"Não";2;0;0;2;0;0;2;1;-16,7305;-49,3908;"SR-GO";"DEL1/1";"UOP02/GO"
267499;2020-02-06;"quinta-feira";"13:30:00";"SC";101;94;"BARRA VELHA";"Velocidade Incompatível";"Colisão com objeto estático";"Com Vítimas Feridas";"Pleno dia";"Decrescente";"Chuva";"Dupla";"Reta";"Não";2;0;1;0;1;0;1;1;-26,6994;-48,69903;"SR-SC";"DEL8/3";"UOP02/SC"
267501;2020-02-06;"quinta-feira";"11:20:00";"PB";NA;NA;"QUEIMADAS";"Sinalização da via insuficiente ou inadequada";"Colisão lateral";"Sem Vítimas";"Pleno dia";"Não Informado";"Sol";"Simples";"Interseção de vias";"Sim";2;0;0;0;2;0;0;2;-7,361161;-35,90231;"SR-PB";"DEL14/2";"UOP01/PB"
267502;2020-01-27;"segunda-feira";"07:00:00";"PR";476;123;"CURITIBA";"Falta de Atenção à Condução";"Tombamento";"Com Vítimas Feridas";"Pleno dia";"Crescente";"Ignorado";"Dupla";"Reta";"Sim";1;0;1;0;0;0;1;1;-25,3929;-49,20956;"SR-PR";"DEL7/1";"UOP06/PR"
267504;2020-02-06;"quinta-feira";"13:55:00";"MG";381;349;"JOAO MONLEVADE";"Velocidade Incompatível";"Tombamento";"Com Vítimas Feridas";"Pleno dia";"Crescente";"Nublado";"Simples";"Reta";"Não";1;0;1;0;0;0;1;1;-19,8524;-43,11143;"SR-MG";"DEL4/3";"UOP01/MG"
267505;2020-02-06;"quinta-feira";"14:05:00";"MG";262;380,8;"JUATUBA";"Velocidade Incompatível";"Saída de leito carroçável";"Com Vítimas Feridas";"Pleno dia";"Decrescente";"Chuva";"Dupla";"Curva";"Não";1;0;1;0;0;0;1;1;-19,93538;-44,43645;"SR-MG";"DEL4/1";"UOP03/MG"
267506;2020-02-06;"quinta-feira";"12:40:00";"PR";116;4,8;"QUATRO BARRAS";"Avarias e/ou desgaste excessivo no pneu";"Queda de ocupante de veículo";"Com Vítimas Feridas";"Pleno dia";"Decrescente";"Nublado";"Dupla";"Reta";"Sim";1;0;1;0;0;0;1;1;-25,3629;-49,0822;"SR-PR";"DEL7/1";"UOP01/PR"
267507;2020-02-06;"quinta-feira";"13:30:00";"PR";277;27;"MORRETES";"Falta de Atenção à Condução";"Colisão traseira";"Com Vítimas Feridas";"Pleno dia";"Decrescente";"Nublado";"Dupla";"Reta";"Não";3;0;1;0;1;1;1;2;-25,5427;-48,77777;"SR-PR";"DEL7/1";"UOP07/PR"
267510;2020-02-06;"quinta-feira";"12:25:00";"PR";277;721,1;"FOZ DO IGUACU";"Desobediência às normas de trânsito pelo condutor";"Colisão transversal";"Com Vítimas Feridas";"Pleno dia";"Decrescente";"Céu Claro";"Dupla";"Não Informado";"Sim";2;0;1;0;1;0;1;2;-25,49115;-54,51185;"SR-PR";"DEL7/5";"UOP01/PR"
267511;2020-02-06;"quinta-feira";"08:13:00";"SC";282;52;"RANCHO QUEIMADO";"Velocidade Incompatível";"Saída de leito carroçável";"Com Vítimas Feridas";"Pleno dia";"Decrescente";"Chuva";"Simples";"Curva";"Não";1;0;1;0;0;0;1;1;-27,69694;-48,96414;"SR-SC";"DEL8/1";"UOP03/SC"
267512;2020-02-06;"quinta-feira";"14:20:00";"PR";376;108;"PARANAVAI";"Falta de Atenção à Condução";"Colisão com objeto estático";"Com Vítimas Feridas";"Pleno dia";"Crescente";"Céu Claro";"Dupla";"Viaduto";"Sim";1;0;1;0;0;0;1;1;-23,07493;-52,41721;"SR-PR";"DEL7/7";"UOP05/PR"
267513;2020-02-06;"quinta-feira";"11:20:00";"MT";364;458;"VARZEA GRANDE";"Velocidade Incompatível";"Saída de leito carroçável";"Sem Vítimas";"Pleno dia";"Crescente";"Chuva";"Simples";"Curva";"Não";1;0;0;0;1;0;0;1;-15,54446;-56,27419;"SR-MT";"DEL2/4";"UOP02/MT"
267514;2020-02-06;"quinta-feira";"14:30:00";"MG";40;456;"SETE LAGOAS";"Pista Escorregadia";"Saída de leito carroçável";"Com Vítimas Feridas";"Pleno dia";"Decrescente";"Chuva";"Dupla";"Reta";"Não";1;0;1;0;0;0;1;1;-19,36313;-44,33978;"SR-MG";"DEL4/2";"UOP01/MG"
267515;2020-02-06;"quinta-feira";"14:20:00";"GO";50;97,7;"CRISTALINA";"Desobediência às normas de trânsito pelo condutor";"Colisão transversal";"Com Vítimas Feridas";"Pleno dia";"Decrescente";"Garoa/Chuvisco";"Simples";"Interseção de vias";"Sim";2;0;1;0;1;0;1;2;-16,76661;-47,61621;"SR-DF";"UOP02/DF";""
267516;2020-02-06;"quinta-feira";"14:00:00";"MS";163;478,5;"CAMPO GRANDE";"Defeito Mecânico no Veículo";"Incêndio";"Sem Vítimas";"Pleno dia";"Decrescente";"Céu Claro";"Simples";"Reta";"Não";1;0;0;0;1;0;0;1;-20,4963;-54,55917;"SR-MS";"DEL3/1";"UOP01/MS"
267517;2020-02-06;"quinta-feira";"14:50:00";"RS";386;136,1;"SARANDI";"Ultrapassagem Indevida";"Colisão frontal";"Com Vítimas Feridas";"Pleno dia";"Decrescente";"Céu Claro";"Simples";"Curva";"Não";2;0;0;1;1;0;1;2;-27,9682;-52,90752;"SR-RS";"DEL08";"UOP01/RS"
267519;2020-02-06;"quinta-feira";"15:10:00";"PR";376;442;"TIBAGI";"Falta de Atenção à Condução";"Colisão traseira";"Com Vítimas Feridas";"Pleno dia";"Decrescente";"Nublado";"Dupla";"Reta";"Não";3;0;0;2;1;0;2;2;-24,87404;-50,44307;"SR-PR";"DEL7/3";"UOP05/PR"
267520;2020-02-06;"quinta-feira";"15:11:00";"RN";101;54,8;"CEARA-MIRIM";"Defeito na Via";"Colisão traseira";"Com Vítimas Feridas";"Pleno dia";"Crescente";"Sol";"Simples";"Reta";"Não";2;0;2;0;0;0;2;2;-5,560585;-35,30073;"SR-RN";"DEL15/2";"UOP01/RN"
267521;2020-02-06;"quinta-feira";"14:20:00";"SC";282;583;"PINHALZINHO";"Falta de Atenção à Condução";"Engavetamento";"Sem Vítimas";"Pleno dia";"Crescente";"Chuva";"Simples";"Reta";"Não";5;0;0;0;5;0;0;3;-26,83154;-53,01727;"SR-SC";"DEL7";"UOP02/SC"
267522;2020-01-01;"quarta-feira";"08:30:00";"RJ";101;504,7;"ANGRA DOS REIS";"Ingestão de Álcool";"Colisão frontal";"Com Vítimas Feridas";"Pleno dia";"Crescente";"Céu Claro";"Simples";"Reta";"Sim";2;0;2;0;0;0;2;2;-22,93156;-44,38812;"SR-RJ";"DEL5/3";"UOP03/RJ"
267523;2020-02-06;"quinta-feira";"13:15:00";"DF";80;19,8;"BRASILIA";"Não guardar distância de segurança";"Colisão traseira";"Com Vítimas Feridas";"Pleno dia";"Crescente";"Chuva";"Dupla";"Não Informado";"Sim";4;0;1;0;3;0;1;2;-15,67521;-48,20464;"SR-DF";"UOP06/DF";""
267524;2020-02-06;"quinta-feira";"15:00:00";"GO";158;273;"JATAI";"Desobediência às normas de trânsito pelo condutor";"Colisão transversal";"Com Vítimas Feridas";"Pleno dia";"Crescente";"Céu Claro";"Simples";"Reta";"Sim";2;0;0;1;1;0;1;2;-17,88983;-51,73733;"SR-GO";"DEL1/5";"UOP01/GO"
267525;2020-02-06;"quinta-feira";"12:56:00";"MT";364;277,8;"JACIARA";"Pista Escorregadia";"Saída de leito carroçável";"Com Vítimas Feridas";"Pleno dia";"Decrescente";"Chuva";"Dupla";"Curva";"Não";3;0;3;0;0;0;3;1;-15,95077;-54,99952;"SR-MT";"DEL2/1";"UOP02/MT"
267527;2020-02-06;"quinta-feira";"15:25:00";"MG";40;491;"ESMERALDAS";"Não guardar distância de segurança";"Colisão traseira";"Com Vítimas Feridas";"Pleno dia";"Crescente";"Chuva";"Dupla";"Reta";"Não";4;0;4;0;0;0;4;2;-19,6285;-44,20532;"SR-MG";"DEL4/2";"UOP01/MG"
267528;2020-02-06;"quinta-feira";"15:05:00";"SP";153;47,4;"SAO JOSE DO RIO PRETO";"Pista Escorregadia";"Colisão lateral";"Com Vítimas Feridas";"Pleno dia";"Crescente";"Chuva";"Simples";"Não Informado";"Não";3;0;1;0;2;0;1;2;-20,68199;-49,34016;"SR-SP";"DEL6/9";"UOP01/SP"
267531;2020-02-06;"quinta-feira";"15:30:00";"PR";376;601;"CURITIBA";"Falta de Atenção à Condução";"Colisão traseira";"Com Vítimas Feridas";"Pleno dia";"Decrescente";"Chuva";"Dupla";"Reta";"Sim";3;0;1;0;2;0;1;2;-25,54268;-49,30875;"SR-PR";"DEL7/1";"UOP04/PR"
267533;2020-02-06;"quinta-feira";"15:15:00";"BA";101;262;"SANTO ANTONIO DE JESUS";"Não guardar distância de segurança";"Colisão traseira";"Com Vítimas Feridas";"Pleno dia";"Decrescente";"Sol";"Múltipla";"Reta";"Sim";5;0;2;0;2;1;2;4;-12,97187;-39,27508;"SR-BA";"DEL10/1";"UOP02/BA"
267534;2020-02-06;"quinta-feira";"15:45:00";"RJ";40;33;"AREAL";"Condutor Dormindo";"Saída de leito carroçável";"Com Vítimas Feridas";"Pleno dia";"Decrescente";"Garoa/Chuvisco";"Dupla";"Curva";"Não";4;0;4;0;0;0;4;1;-22,20148;-43,1501;"SR-RJ";"DEL5/6";"UOP01/RJ"
267535;2020-02-06;"quinta-feira";"14:20:00";"BA";110;2;"PAULO AFONSO";"Falta de Atenção à Condução";"Colisão transversal";"Com Vítimas Feridas";"Pleno dia";"Decrescente";"Nublado";"Simples";"Reta";"Sim";2;0;1;0;1;0;1;2;-9,470993;-38,2072;"SR-BA";"DEL10/7";"UOP01/BA"
267537;2020-02-06;"quinta-feira";"11:35:00";"ES";101;433,7;"MIMOSO DO SUL";"Objeto estático sobre o leito carroçável";"Colisão com objeto em movimento";"Com Vítimas Feridas";"Pleno dia";"Decrescente";"Sol";"Simples";"Reta";"Não";2;0;0;1;0;1;1;1;-21,04218;-41,1839;"SR-ES";"DEL12/3";"UOP02/ES"
267538;2020-02-06;"quinta-feira";"10:50:00";"MG";381;697;"LAVRAS";"Velocidade Incompatível";"Colisão com objeto estático";"Com Vítimas Feridas";"Pleno dia";"Crescente";"Chuva";"Dupla";"Curva";"Não";1;0;1;0;0;0;1;1;-21,29043;-45,14792;"SR-MG";"DEL4/4";"UOP02/MG"
267539;2020-02-06;"quinta-feira";"15:55:00";"BA";116;424;"FEIRA DE SANTANA";"Falta de Atenção à Condução";"Colisão transversal";"Com Vítimas Feridas";"Pleno dia";"Crescente";"Nublado";"Simples";"Reta";"Sim";2;0;1;0;1;0;1;2;-12,24003;-38,98263;"SR-BA";"DEL10/2";"UOP01/BA"
267541;2020-02-06;"quinta-feira";"16:10:00";"DF";20;12,5;"BRASILIA";"Desobediência às normas de trânsito pelo pedestre";"Colisão transversal";"Com Vítimas Feridas";"Pleno dia";"Decrescente";"Chuva";"Dupla";"Reta";"Não";2;0;1;1;0;0;2;2;-15,64281;-47,75779;"SR-DF";"UOP01/DEL02/DF";""
267542;2020-02-06;"quinta-feira";"16:30:00";"PE";101;79,9;"JABOATAO DOS GUARARAPES";"Falta de Atenção à Condução";"Colisão transversal";"Com Vítimas Feridas";"Pleno dia";"Decrescente";"Céu Claro";"Dupla";"Reta";"Sim";5;0;3;0;2;0;3;2;-8,143661;-34,94723;"SR-PE";"DEL11/1";"UOP01/PE"
267543;2020-02-06;"quinta-feira";"15:45:00";"MG";262;388;"FLORESTAL";"Velocidade Incompatível";"Colisão traseira";"Com Vítimas Feridas";"Pleno dia";"Decrescente";"Chuva";"Dupla";"Curva";"Sim";3;0;1;1;1;0;2;2;-19,918;-44,49523;"SR-MG";"DEL4/1";"UOP03/MG"
267544;2020-02-06;"quinta-feira";"16:30:00";"PA";316;31;"SANTA IZABEL DO PARA";"Pista Escorregadia";"Saída de leito carroçável";"Com Vítimas Feridas";"Pleno dia";"Decrescente";"Chuva";"Dupla";"Curva";"Não";2;0;1;0;1;0;1;1;-1,302587;-48,19657;"SR-PA";"DEL19/1";"UOP01/PA"
267546;2020-02-06;"quinta-feira";"16:40:00";"RS";285;547,4;"SAO LUIZ GONZAGA";"Falta de Atenção à Condução";"Colisão frontal";"Com Vítimas Feridas";"Pleno dia";"Crescente";"Sol";"Simples";"Reta";"Não";3;0;1;0;2;0;1;2;-28,41345;-54,76296;"SR-RS";"DEL9/10";"UOP01/RS"
267547;2020-02-06;"quinta-feira";"16:30:00";"RS";472;156,4;"SANTA ROSA";"Desobediência às normas de trânsito pelo condutor";"Colisão transversal";"Com Vítimas Feridas";"Pleno dia";"Crescente";"Céu Claro";"Simples";"Interseção de vias";"Sim";4;0;1;1;2;0;2;2;-27,83631;-54,43075;"SR-RS";"DEL9/10";"UOP01/RS"
267548;2020-02-06;"quinta-feira";"15:35:00";"PR";277;37;"MORRETES";"Desobediência às normas de trânsito pelo condutor";"Colisão com objeto estático";"Sem Vítimas";"Pleno dia";"Decrescente";"Céu Claro";"Múltipla";"Desvio Temporário";"Não";1;0;0;0;1;0;0;1;-25,57472;-48,85121;"SR-PR";"UOP07";"DEL01"
267549;2020-02-06;"quinta-feira";"11:25:00";"MG";381;670;"PERDOES";"Condutor Dormindo";"Tombamento";"Sem Vítimas";"Pleno dia";"Decrescente";"Céu Claro";"Dupla";"Reta";"Não";1;0;0;0;1;0;0;1;-21,08238;-45,06247;"SR-MG";"DEL4/4";"UOP02/MG"
267550;2020-02-06;"quinta-feira";"17:10:00";"SC";282;213,8;"LAGES";"Velocidade Incompatível";"Colisão traseira";"Com Vítimas Feridas";"Pleno dia";"Crescente";"Chuva";"Simples";"Reta";"Não";6;0;3;1;2;0;4;2;-27,7853;-50,26192;"SR-SC";"DEL8/5";"UOP01/SC"
267551;2020-02-06;"quinta-feira";"16:00:00";"PA";316;30;"SANTA IZABEL DO PARA";"Pista Escorregadia";"Saída de leito carroçável";"Com Vítimas Feridas";"Pleno dia";"Decrescente";"Chuva";"Simples";"Curva";"Não";1;0;1;0;0;0;1;1;-1,30604;-48,20471;"SR-PA";"DEL19/1";"UOP01/PA"
267553;2020-02-06;"quinta-feira";"15:00:00";"BA";135;11;"FORMOSA DO RIO PRETO";"Falta de Atenção à Condução";"Colisão transversal";"Com Vítimas Feridas";"Pleno dia";"Decrescente";"Céu Claro";"Simples";"Interseção de vias";"Não";5;0;1;0;4;0;1;2;-10,92357;-45,17961;"SR-BA";"DEL10/10";"UOP01/BA"
267554;2020-02-06;"quinta-feira";"12:15:00";"SC";282;376;"HERVAL DOESTE";"Falta de Atenção à Condução";"Colisão transversal";"Sem Vítimas";"Pleno dia";"Decrescente";"Céu Claro";"Simples";"Reta";"Não";2;0;0;0;2;0;0;2;-27,2202;-51,46119;"SR-SC";"DEL7";"UOP07/SC"
267555;2020-02-06;"quinta-feira";"17:40:00";"GO";60;111,5;"GOIANAPOLIS";"Falta de Atenção à Condução";"Colisão traseira";"Com Vítimas Feridas";"Pleno dia";"Decrescente";"Céu Claro";"Dupla";"Curva";"Não";2;0;0;1;1;0;1;2;-16,451;-49,0409;"SR-GO";"DEL1/1";"UOP01/GO"
267557;2020-02-06;"quinta-feira";"16:20:00";"MG";381;532;"ITATIAIUCU";"Falta de Atenção à Condução";"Saída de leito carroçável";"Com Vítimas Feridas";"Pleno dia";"Crescente";"Chuva";"Dupla";"Curva";"Não";2;0;1;0;1;0;1;1;-20,19043;-44,38269;"SR-MG";"DEL4/4";"UOP03/MG"
267558;2020-02-06;"quinta-feira";"18:00:00";"MG";381;924,5;"CAMANDUCAIA";"Velocidade Incompatível";"Saída de leito carroçável";"Com Vítimas Feridas";"Anoitecer";"Crescente";"Chuva";"Dupla";"Curva";"Não";2;0;1;0;1;0;1;1;-22,7705;-46,23491;"SR-MG";"DEL09";"UOP03/MG"
267559;2020-02-06;"quinta-feira";"17:25:00";"PR";277;579,4;"CASCAVEL";"Desobediência às normas de trânsito pelo condutor";"Colisão transversal";"Com Vítimas Feridas";"Pleno dia";"Crescente";"Céu Claro";"Simples";"Reta";"Não";3;0;1;0;1;1;1;2;-24,98339;-53,36339;"SR-PR";"DEL7/4";"UOP01/PR"
267560;2020-02-06;"quinta-feira";"17:40:00";"PA";163;980;"SANTAREM";"Falta de Atenção à Condução";"Colisão traseira";"Com Vítimas Feridas";"Pleno dia";"Decrescente";"Céu Claro";"Simples";"Reta";"Não";2;0;1;0;1;0;1;2;-2,634822;-54,74836;"SR-PA";"DEL19/5";"UOP01/PA"