"id";"data_inversa";"dia_semana";"horario";"uf";"br";"km";"municipio";"causa_acidente";"tipo_acidente";"classificacao_acidente";"fase_dia";"sentido_via";"condicao_metereologica";"tipo_pista";"tracado_via";"uso_solo";"pessoas";"mortos";"feridos_leves";"feridos_graves";"ilesos";"ignorados";"feridos";"veiculos";"latitude";"longitude";"regional";"delegacia";"uop"
267561;2020-02-06;"quinta-feira";"12:45:00";"MG";381;548,5;"RIO MANSO";"Velocidade Incompatível";"Saída de leito carroçável";"Sem Vítimas";"Pleno dia";"Crescente";"Chuva";"Dupla";"Não Informado";"Não";1;0;0;0;1;0;0;1;-20,31021;-44,44993;"SR-MG";"DEL4/4";"UOP03/MG"
267562;2020-02-06;"quinta-feira";"18:20:00";"BA";116;830,4;"VITORIA DA CONQUISTA";"Falta de Atenção à Condução";"Tombamento";"Com Vítimas Feridas";"Anoitecer";"Decrescente";"Céu Claro";"Simples";"Reta";"Sim";1;0;1;0;0;0;1;1;-14,91719;-40,87882;"SR-BA";"DEL10/8";"UOP01/BA"
267563;2020-02-06;"quinta-feira";"18:40:00";"RS";116;493,9;"PELOTAS";"Falta de Atenção à Condução";"Atropelamento de Pedestre";"Com Vítimas Feridas";"Pleno dia";"Crescente";"Céu Claro";"Dupla";"Reta";"Não";2;0;1;0;1;0;1;1;-31,49557;-52,21614;"SR-RS";"DEL9/7";"UOP01/RS"
267564;2020-02-06;"quinta-feira";"13:10:00";"PE";232;440,3;"SERRA TALHADA";"Desobediência às normas de trânsito pelo condutor";"Tombamento";"Com Vítimas Feridas";"Pleno dia";"Crescente";"Céu Claro";"Simples";"Curva";"Não";3;0;2;0;1;0;2;1;-8,012414;-38,55922;"SR-PE";"DEL11/4";"UOP01/PE"
267565;2020-02-06;"quinta-feira";"18:20:00";"PE";232;175,8;"BELO JARDIM";"Animais na Pista";"Atropelamento de Animal";"Com Vítimas Feridas";"Plena Noite";"Crescente";"Vento";"Simples";"Reta";"Não";1;0;0;1;0;0;1;1;-8,341009;-36,3871;"SR-PE";"DEL11/2";"UOP02/PE"
267566;2020-02-06;"quinta-feira";"17:30:00";"ES";101;262;"SERRA";"Desobediência às normas de trânsito pelo condutor";"Engavetamento";"Com Vítimas Feridas";"Pleno dia";"Decrescente";"Céu Claro";"Simples";"Desvio Temporário";"Sim";7;0;2;0;2;3;2;6;-20,15723;-40,27678;"SR-ES";"DEL12/2";"UOP01/ES"
267576;2020-02-06;"quinta-feira";"08:00:00";"RJ";101;144;"MACAE";"Velocidade Incompatível";"Colisão com objeto estático";"Com Vítimas Feridas";"Pleno dia";"Crescente";"Céu Claro";"Dupla";"Curva";"Sim";3;0;1;0;0;2;1;1;-22,21328;-41,75427;"SR-RJ";"DEL5/2";"UOP03/RJ"
267584;2020-02-06;"quinta-feira";"17:30:00";"PI";343;344,2;"TERESINA";"Defeito Mecânico no Veículo";"Engavetamento";"Sem Vítimas";"Pleno dia";"Crescente";"Céu Claro";"Simples";"Reta";"Sim";4;0;0;0;4;0;0;4;-5,094729;-42,76277;"SR-PI";"UOP01";"DEL01"
267587;2020-02-06;"quinta-feira";"18:10:00";"SC";101;208;"SAO JOSE";"Pista Escorregadia";"Tombamento";"Com Vítimas Feridas";"Amanhecer";"Decrescente";"Chuva";"Dupla";"Desvio Temporário";"Sim";1;0;1;0;0;0;1;1;-27,60328;-48,63202;"SR-SC";"DEL8/1";"UOP01/SC"
267601;2020-02-06;"quinta-feira";"16:45:00";"PA";10;258;"AURORA DO PARA";"Velocidade Incompatível";"Tombamento";"Sem Vítimas";"Pleno dia";"Crescente";"Nublado";"Simples";"Reta";"Não";2;0;0;0;2;0;0;2;-2,17744;-47,56125;"SR-PA";"DEL19/2";"UOP02/PA"
267604;2020-02-06;"quinta-feira";"16:30:00";"MA";135;21;"SAO LUIS";"Defeito Mecânico no Veículo";"Colisão transversal";"Com Vítimas Feridas";"Pleno dia";"Crescente";"Nublado";"Dupla";"Reta";"Sim";3;0;0;2;1;0;2;2;-2,738702;-44,33699;"SR-MA";"DEL18/1";"UOP01/MA"
267605;2020-02-06;"quinta-feira";"19:00:00";"AL";316;221,7;"ATALAIA";"Desobediência às normas de trânsito pelo condutor";"Colisão transversal";"Com Vítimas Feridas";"Plena Noite";"Crescente";"Céu Claro";"Simples";"Curva";"Não";3;0;3;0;0;0;3;2;-9,468471;-36,18913;"SR-AL";"DEL13/1";"UOP01/AL"
267607;2020-02-06;"quinta-feira";"19:30:00";"GO";60;135;"GOIANIA";"Velocidade Incompatível";"Saída de leito carroçável";"Com Vítimas Feridas";"Plena Noite";"Crescente";"Chuva";"Dupla";"Desvio Temporário";"Não";2;0;1;0;1;0;1;1;-16,589;-49,1945;"SR-GO";"DEL1/1";"UOP01/GO"
267608;2020-02-06;"quinta-feira";"19:45:00";"MG";40;508;"RIBEIRAO DAS NEVES";"Falta de Atenção do Pedestre";"Colisão traseira";"Com Vítimas Feridas";"Plena Noite";"Crescente";"Chuva";"Dupla";"Reta";"Sim";2;0;1;0;1;0;1;2;-19,76061;-44,13475;"SR-MG";"DEL4/2";"UOP01/MG"
267609;2020-02-06;"quinta-feira";"19:20:00";"SP";116;222;"GUARULHOS";"Não guardar distância de segurança";"Colisão traseira";"Com Vítimas Feridas";"Plena Noite";"Crescente";"Nublado";"Múltipla";"Reta";"Sim";4;0;0;1;2;1;1;4;-23,47093;-46,51631;"SR-SP";"DEL6/1";"UOP01/SP"
267610;2020-02-06;"quinta-feira";"19:00:00";"PB";101;98;"CONDE";"Desobediência às normas de trânsito pelo condutor";"Colisão transversal";"Sem Vítimas";"Plena Noite";"Decrescente";"Céu Claro";"Dupla";"Reta";"Sim";5;0;0;0;2;3;0;2;-7,246923;-34,93114;"SR-PB";"DEL14/1";"UOP01/PB"
267611;2020-02-06;"quinta-feira";"16:00:00";"GO";452;85,4;"BOM JESUS DE GOIAS";"Falta de Atenção à Condução";"Colisão transversal";"Com Vítimas Feridas";"Pleno dia";"Decrescente";"Céu Claro";"Simples";"Reta";"Não";3;0;2;0;1;0;2;2;-18,07841;-50,13128;"SR-GO";"DEL1/3";"UOP02/GO"
267612;2020-02-06;"quinta-feira";"19:45:00";"PI";343;22,5;"PARNAIBA";"Ingestão de álcool e/ou substâncias psicoativas pelo pedestre";"Atropelamento de Pedestre";"Com Vítimas Feridas";"Plena Noite";"Crescente";"Nublado";"Simples";"Reta";"Não";2;0;2;0;0;0;2;1;-2,998956;-41,76561;"SR-PI";"DEL17/5";"UOP01/PI"
267613;2020-02-06;"quinta-feira";"16:50:00";"MG";381;432,9;"SABARA";"Pista Escorregadia";"Colisão lateral";"Com Vítimas Feridas";"Pleno dia";"Decrescente";"Chuva";"Simples";"Curva";"Sim";6;0;4;0;2;0;4;5;-19,78646;-43,71367;"SR-MG";"DEL4/1";"UOP01/MG"
267614;2020-02-06;"quinta-feira";"15:30:00";"MA";226;516,2;"LAJEADO NOVO";"Defeito na Via";"Colisão traseira";"Com Vítimas Feridas";"Pleno dia";"Crescente";"Céu Claro";"Simples";"Reta";"Não";6;0;5;0;1;0;5;3;-6,148224;-46,94096;"SR-MA";"DEL18/4";"UOP02/MA"
267615;2020-02-06;"quinta-feira";"17:00:00";"BA";242;471;"IBITIARA";"Ultrapassagem Indevida";"Saída de leito carroçável";"Com Vítimas Feridas";"Pleno dia";"Decrescente";"Chuva";"Simples";"Reta";"Não";1;0;1;0;0;0;1;1;-12,46171;-42,23776;"SR-BA";"DEL10/6";"UOP01/BA"
267616;2020-02-06;"quinta-feira";"19:50:00";"RN";101;105;"PARNAMIRIM";"Falta de Atenção do Pedestre";"Atropelamento de Pedestre";"Sem Vítimas";"Plena Noite";"Crescente";"Céu Claro";"Dupla";"Reta";"Sim";1;0;0;0;1;0;0;1;-5,927345;-35,26489;"SR-RN";"DEL15/1";"UOP01/RN"
267617;2020-02-06;"quinta-feira";"17:10:00";"SC";163;1,9;"DIONISIO CERQUEIRA";"Velocidade Incompatível";"Atropelamento de Pedestre";"Com Vítimas Feridas";"Pleno dia";"Decrescente";"Nublado";"Simples";"Reta";"Não";2;0;0;1;1;0;1;1;-26,26979;-53,63234;"SR-SC";"DEL7";"UOP04/SC"
267619;2020-02-06;"quinta-feira";"16:15:00";"RJ";116;292,6;"PORTO REAL";"Defeito Mecânico no Veículo";"Colisão com objeto estático";"Sem Vítimas";"Pleno dia";"Decrescente";"Chuva";"Dupla";"Interseção de vias";"Não";1;0;0;0;1;0;0;1;-22,46512;-44,28491;"SR-RJ";"UOP02";"DEL07"
267620;2020-02-06;"quinta-feira";"12:20:00";"RO";364;8,4;"VILHENA";"Falta de Atenção à Condução";"Colisão com objeto estático";"Com Vítimas Fatais";"Pleno dia";"Decrescente";"Sol";"Simples";"Reta";"Não";1;1;0;0;0;0;0;1;-12,76679;-60,09631;"SR-RO";"DEL21/4";"UOP01/RO"
267621;2020-02-06;"quinta-feira";"20:50:00";"SP";116;224;"GUARULHOS";"Não guardar distância de segurança";"Tombamento";"Com Vítimas Feridas";"Plena Noite";"Decrescente";"Nublado";"Múltipla";"Reta";"Sim";1;0;1;0;0;0;1;1;-23,48072;-46,53272;"SR-SP";"DEL6/1";"UOP01/SP"
267622;2020-02-06;"quinta-feira";"21:20:00";"MG";40;756,2;"EWBANK DA CAMARA";"Desobediência às normas de trânsito pelo condutor";"Colisão frontal";"Com Vítimas Fatais";"Plena Noite";"Decrescente";"Chuva";"Simples";"Reta";"Não";2;1;0;0;1;0;0;2;-21,49532;-43,53514;"SR-MG";"DEL5";"UOP01/MG"
267623;2020-02-06;"quinta-feira";"21:00:00";"MG";40;598,9;"OURO PRETO";"Pista Escorregadia";"Colisão frontal";"Com Vítimas Feridas";"Plena Noite";"Decrescente";"Chuva";"Simples";"Curva";"Não";2;0;1;0;1;0;1;2;-20,42333;-43,86731;"SR-MG";"DEL5";"UOP02/MG"
267624;2020-02-06;"quinta-feira";"16:05:00";"BA";101;181,2;"SAO GONCALO DOS CAMPOS";"Falta de Atenção à Condução";"Colisão transversal";"Com Vítimas Feridas";"Pleno dia";"Crescente";"Céu Claro";"Simples";"Reta";"Não";5;0;3;2;0;0;5;2;-12,43606;-38,9164;"SR-BA";"DEL10/1";"UOP03/BA"
267625;2020-02-06;"quinta-feira";"20:00:00";"TO";153;638;"ALIANCA DO TOCANTINS";"Animais na Pista";"Queda de ocupante de veículo";"Com Vítimas Feridas";"Plena Noite";"Decrescente";"Chuva";"Simples";"Reta";"Não";2;0;1;1;0;0;2;1;-11,43029;-48,98546;"SR-TO";"UOP01/TO";""
267626;2020-02-06;"quinta-feira";"18:30:00";"MG";146;519,8;"POCOS DE CALDAS";"Desobediência às normas de trânsito pelo condutor";"Colisão traseira";"Sem Vítimas";"Plena Noite";"Crescente";"Chuva";"Simples";"Reta";"Sim";2;0;0;0;1;1;0;2;-21,80648;-46,49057;"SR-MG";"DEL09";"UOP04/MG"
267627;2020-02-06;"quinta-feira";"21:20:00";"RS";290;146,8;"ELDORADO DO SUL";"Defeito Mecânico no Veículo";"Incêndio";"Sem Vítimas";"Plena Noite";"Decrescente";"Céu Claro";"Simples";"Reta";"Não";1;0;0;0;1;0;0;1;-30,10741;-51,67385;"SR-RS";"DEL9/2";"UOP01/RS"
267628;2020-02-06;"quinta-feira";"20:55:00";"PR";376;176;"MARINGA";"Ingestão de Álcool";"Colisão traseira";"Sem Vítimas";"Pleno dia";"Decrescente";"Céu Claro";"Múltipla";"Reta";"Sim";2;0;0;0;2;0;0;2;-23,41269;-51,93158;"SR-PR";"DEL7/7";"UOP04/PR"
267630;2020-02-06;"quinta-feira";"22:15:00";"DF";70;1,6;"BRASILIA";"Desobediência às normas de trânsito pelo condutor";"Colisão transversal";"Com Vítimas Feridas";"Plena Noite";"Decrescente";"Garoa/Chuvisco";"Dupla";"Reta";"Sim";4;0;1;1;2;0;2;3;-15,79526;-48,0638;"SR-DF";"UOP06/DF";""
267631;2020-02-06;"quinta-feira";"17:50:00";"PR";373;175;"PONTA GROSSA";"Ingestão de Álcool";"Queda de ocupante de veículo";"Com Vítimas Feridas";"Pleno dia";"Crescente";"Céu Claro";"Múltipla";"Reta";"Sim";1;0;1;0;0;0;1;1;-25,06728;-50,21212;"SR-PR";"UOP01";"DEL03"
267632;2020-02-06;"quinta-feira";"22:00:00";"PR";469;17,3;"FOZ DO IGUACU";"Falta de Atenção à Condução";"Saída de leito carroçável";"Com Vítimas Feridas";"Plena Noite";"Crescente";"Céu Claro";"Simples";"Curva";"Não";1;0;1;0;0;0;1;1;-25,5906;-54,5172;"SR-PR";"DEL7/5";"UOP04/PR"
267634;2020-02-06;"quinta-feira";"21:50:00";"BA";101;875;"TEIXEIRA DE FREITAS";"Ingestão de Álcool";"Colisão transversal";"Com Vítimas Feridas";"Plena Noite";"Decrescente";"Nublado";"Dupla";"Interseção de vias";"Sim";2;0;0;1;1;0;1;2;-17,52446;-39,70799;"SR-BA";"DEL10/9";"UOP03/BA"
267636;2020-02-06;"quinta-feira";"20:30:00";"PR";373;462,3;"CORONEL VIVIDA";"Falta de Atenção do Pedestre";"Atropelamento de Pedestre";"Com Vítimas Feridas";"Plena Noite";"Decrescente";"Nublado";"Simples";"Reta";"Não";3;0;0;1;2;0;1;1;-25,95123;-52,40758;"SR-PR";"DEL7/2";"UOP01/PR"
267637;2020-02-06;"quinta-feira";"19:15:00";"RO";364;379,7;"OURO PRETO DO OESTE";"Objeto estático sobre o leito carroçável";"Colisão lateral";"Com Vítimas Feridas";"Plena Noite";"Decrescente";"Nublado";"Simples";"Não Informado";"Não";7;0;2;0;4;1;2;4;-10,74022;-62,22459;"SR-RO";"DEL21/2";"UOP01/RO"
267638;2020-02-06;"quinta-feira";"23:10:00";"SP";116;270;"TABOAO DA SERRA";"Falta de Atenção à Condução";"Tombamento";"Com Vítimas Feridas";"Plena Noite";"Crescente";"Nublado";"Múltipla";"Reta";"Sim";1;0;1;0;0;0;1;1;-23,618;-46,79678;"SR-SP";"DEL6/4";"UOP01/SP"
267639;2020-02-06;"quinta-feira";"21:40:00";"PE";428;130,2;"LAGOA GRANDE";"Animais na Pista";"Colisão com objeto estático";"Sem Vítimas";"Plena Noite";"Decrescente";"Nublado";"Simples";"Reta";"Não";2;0;0;0;2;0;0;2;-8,956017;-40,19017;"SR-PE";"UOP03";"DEL06"
267640;2020-02-06;"quinta-feira";"22:50:00";"RS";470;241,7;"BARAO";"Ingestão de álcool e/ou substâncias psicoativas pelo pedestre";"Saída de leito carroçável";"Sem Vítimas";"Plena Noite";"Crescente";"Céu Claro";"Simples";"Curva";"Não";1;0;0;0;1;0;0;1;-29,34599;-51,50898;"SR-RS";"DEL9/6";"UOP01/RS"
267641;2020-02-06;"quinta-feira";"21:30:00";"MG";365;69,5;"JEQUITAI";"Falta de Atenção à Condução";"Saída de leito carroçável";"Com Vítimas Feridas";"Plena Noite";"Crescente";"Céu Claro";"Simples";"Reta";"Não";2;0;1;0;1;0;1;2;-17,07223;-44,33953;"SR-MG";"DEL4/12";"UOP01/MG"
267642;2020-02-06;"quinta-feira";"23:55:00";"RJ";116;262,5;"BARRA MANSA";"Condutor Dormindo";"Colisão traseira";"Com Vítimas Feridas";"Plena Noite";"Decrescente";"Nublado";"Dupla";"Não Informado";"Sim";2;0;1;0;1;0;1;2;-22,58761;-44,05946;"SR-RJ";"DEL5/7";"UOP01/RJ"
267643;2020-02-06;"quinta-feira";"23:50:00";"SE";101;91;"NOSSA SENHORA DO SOCORRO";"Desobediência às normas de trânsito pelo condutor";"Colisão lateral";"Com Vítimas Feridas";"Plena Noite";"Crescente";"Céu Claro";"Dupla";"Reta";"Não";2;0;1;0;1;0;1;2;-10,90196;-37,13155;"SR-SE";"DEL20/1";"UOP01/SE"
267644;2020-02-08;"sábado";"00:01:00";"PB";230;5;"CABEDELO";"Ingestão de álcool e/ou substâncias psicoativas pelo pedestre";"Saída de leito carroçável";"Com Vítimas Feridas";"Plena Noite";"Crescente";"Céu Claro";"Dupla";"Reta";"Sim";2;0;0;2;0;0;2;1;-7,01;-34,8312;"SR-PB";"UOP01";"DEL01"
267645;2020-02-06;"quinta-feira";"23:50:00";"MG";40;599,8;"OURO PRETO";"Falta de Atenção à Condução";"Colisão frontal";"Com Vítimas Feridas";"Plena Noite";"Crescente";"Garoa/Chuvisco";"Simples";"Reta";"Não";4;0;4;0;0;0;4;4;-20,42265;-43,87103;"SR-MG";"DEL5";"UOP02/MG"
267646;2020-02-06;"quinta-feira";"23:40:00";"SP";116;273;"TABOAO DA SERRA";"Falta de Atenção à Condução";"Colisão com objeto estático";"Com Vítimas Feridas";"Plena Noite";"Decrescente";"Nublado";"Múltipla";"Reta";"Sim";2;0;1;1;0;0;2;1;-23,61094;-46,7743;"SR-SP";"DEL6/4";"UOP01/SP"
267648;2020-02-07;"sexta-feira";"00:15:00";"SP";116;88,4;"PINDAMONHANGABA";"Não guardar distância de segurança";"Engavetamento";"Com Vítimas Fatais";"Plena Noite";"Decrescente";"Nublado";"Dupla";"Reta";"Não";4;1;0;0;3;0;0;4;-22,93672;-45,37367;"SR-SP";"DEL6";"UOP01/SP"
267649;2020-02-06;"quinta-feira";"23:30:00";"PR";476;174;"CONTENDA";"Falta de Atenção do Pedestre";"Atropelamento de Pedestre";"Com Vítimas Feridas";"Plena Noite";"Crescente";"Nublado";"Dupla";"Não Informado";"Não";2;0;1;0;1;0;1;1;-25,68541;-49,53504;"SR-PR";"DEL7/1";"UOP04/PR"
267650;2020-02-06;"quinta-feira";"23:30:00";"SP";116;144;"SAO JOSE DOS CAMPOS";"Não guardar distância de segurança";"Colisão traseira";"Sem Vítimas";"Plena Noite";"Decrescente";"Céu Claro";"Múltipla";"Reta";"Sim";2;0;0;0;2;0;0;2;-23,18274;-45,84634;"SR-SP";"DEL6/2";"UOP01/SP"
267651;2020-02-06;"quinta-feira";"22:15:00";"SC";101;162;"TIJUCAS";"Falta de Atenção à Condução";"Colisão transversal";"Com Vítimas Feridas";"Plena Noite";"Crescente";"Nublado";"Dupla";"Reta";"Não";2;0;1;0;1;0;1;2;-27,22554;-48,62794;"SR-SC";"DEL8/4";"UOP03/SC"
267652;2020-02-07;"sexta-feira";"00:20:00";"PR";376;615;"SAO JOSE DOS PINHAIS";"Falta de Atenção à Condução";"Colisão traseira";"Com Vítimas Feridas";"Plena Noite";"Crescente";"Nublado";"Dupla";"Reta";"Não";5;0;3;0;2;0;3;2;-25,56924;-49,18373;"SR-PR";"DEL7/1";"UOP04/PR"
267653;2020-02-06;"quinta-feira";"23:55:00";"MG";381;426;"CAETE";"Condutor Dormindo";"Saída de leito carroçável";"Com Vítimas Feridas";"Plena Noite";"Crescente";"Chuva";"Simples";"Reta";"Não";1;0;1;0;0;0;1;1;-19,78686;-43,68925;"SR-MG";"DEL4/1";"UOP01/MG"
267654;2020-02-06;"quinta-feira";"23:45:00";"SC";101;50,9;"JOINVILLE";"Velocidade Incompatível";"Capotamento";"Com Vítimas Feridas";"Plena Noite";"Decrescente";"Chuva";"Dupla";"Curva";"Não";1;0;1;0;0;0;1;1;-26,37547;-48,8548;"SR-SC";"DEL8/3";"UOP01/SC"
267656;2020-02-07;"sexta-feira";"02:10:00";"SP";116;338;"JUQUITIBA";"Condutor Dormindo";"Colisão traseira";"Com Vítimas Feridas";"Plena Noite";"Crescente";"Ignorado";"Dupla";"Reta";"Não";2;0;1;0;1;0;1;2;-23,99013;-47,148;"SR-SP";"DEL6/4";"UOP01/SP"
267657;2020-02-06;"quinta-feira";"21:30:00";"MA";10;106,4;"ESTREITO";"Desobediência às normas de trânsito pelo condutor";"Colisão transversal";"Com Vítimas Fatais";"Plena Noite";"Decrescente";"Céu Claro";"Simples";"Reta";"Não";9;1;0;3;5;0;3;4;-6,74227;-47,45323;"SR-MA";"DEL18/4";"UOP02/MA"
267659;2020-02-07;"sexta-feira";"03:30:00";"RS";290;72;"GRAVATAI";"Falta de Atenção à Condução";"Tombamento";"Com Vítimas Feridas";"Plena Noite";"Crescente";"Céu Claro";"Dupla";"Reta";"Não";1;0;0;1;0;0;1;1;-29,95278;-50,97607;"SR-RS";"DEL9/3";"UOP01/RS"
267660;2020-02-07;"sexta-feira";"03:11:00";"SC";101;95;"BARRA VELHA";"Ingestão de Álcool";"Saída de leito carroçável";"Sem Vítimas";"Plena Noite";"Decrescente";"Chuva";"Simples";"Reta";"Sim";2;0;0;0;2;0;0;1;-26,70876;-48,70221;"SR-SC";"DEL8/3";"UOP02/SC"
267661;2020-02-07;"sexta-feira";"04:00:00";"PR";277;77;"CURITIBA";"Desobediência às normas de trânsito pelo pedestre";"Atropelamento de Pedestre";"Com Vítimas Feridas";"Plena Noite";"Decrescente";"Nublado";"Dupla";"Reta";"Sim";2;0;0;1;0;1;1;1;-25,48239;-49,19368;"SR-PR";"DEL7/1";"UOP01/PR"
267662;2020-02-06;"quinta-feira";"23:30:00";"SP";381;54;"MAIRIPORA";"Velocidade Incompatível";"Tombamento";"Com Vítimas Fatais";"Plena Noite";"Decrescente";"Nublado";"Dupla";"Curva";"Não";1;1;0;0;0;0;0;1;-23,24491;-46,59562;"SR-SP";"DEL6/3";"UOP02/SP"
267664;2020-02-07;"sexta-feira";"04:30:00";"PR";376;128,1;"ALTO PARANA";"Condutor Dormindo";"Saída de leito carroçável";"Com Vítimas Feridas";"Plena Noite";"Crescente";"Céu Claro";"Dupla";"Reta";"Não";1;0;1;0;0;0;1;1;-23,16688;-52,25152;"SR-PR";"DEL7/7";"UOP05/PR"
267665;2020-02-07;"sexta-feira";"05:25:00";"PR";277;299,8;"PRUDENTOPOLIS";"Falta de Atenção à Condução";"Colisão transversal";"Com Vítimas Feridas";"Plena Noite";"Crescente";"Nublado";"Simples";"Reta";"Sim";2;0;1;0;1;0;1;2;-25,30036;-51,14737;"SR-PR";"DEL7/3";"UOP02/PR"
267666;2020-02-07;"sexta-feira";"05:20:00";"PR";373;199;"IPIRANGA";"Ingestão de Álcool";"Saída de leito carroçável";"Com Vítimas Feridas";"Amanhecer";"Crescente";"Céu Claro";"Simples";"Curva";"Não";2;0;1;0;1;0;1;1;-25,08427;-50,4085;"SR-PR";"UOP01";"DEL03"
267667;2020-02-07;"sexta-feira";"01:25:00";"SC";101;55;"JOINVILLE";"Desobediência às normas de trânsito pelo condutor";"Capotamento";"Sem Vítimas";"Plena Noite";"Crescente";"Chuva";"Dupla";"Reta";"Não";1;0;0;0;0;1;0;1;-26,42281;-48,82977;"SR-SC";"DEL8/3";"UOP01/SC"
267668;2020-02-07;"sexta-feira";"03:50:00";"RN";101;105,9;"PARNAMIRIM";"Falta de Atenção do Pedestre";"Atropelamento de Pedestre";"Com Vítimas Fatais";"Amanhecer";"Decrescente";"Céu Claro";"Dupla";"Reta";"Sim";2;1;0;0;0;1;0;1;-5,901652;-35,25929;"SR-RN";"UOP01";"DEL01"
267669;2020-02-06;"quinta-feira";"21:10:00";"PE";316;266;"BELEM DE SAO FRANCISCO";"Animais na Pista";"Atropelamento de Animal";"Sem Vítimas";"Plena Noite";"Decrescente";"Nublado";"Simples";"Reta";"Não";3;0;0;0;3;0;0;1;-8,716307;-38,89424;"SR-PE";"DEL11/5";"UOP03/PE"
267670;2020-02-07;"sexta-feira";"05:00:00";"MT";163;746;"SORRISO";"Ingestão de Álcool";"Queda de ocupante de veículo";"Com Vítimas Feridas";"Amanhecer";"Crescente";"Nublado";"Dupla";"Rotatória";"Sim";1;0;1;0;0;0;1;1;-12,70074;-55,81389;"SR-MT";"DEL2/6";"UOP01/MT"
267672;2020-02-07;"sexta-feira";"06:20:00";"SC";101;213;"PALHOCA";"Falta de Atenção à Condução";"Queda de ocupante de veículo";"Com Vítimas Feridas";"Amanhecer";"Decrescente";"Céu Claro";"Múltipla";"Reta";"Não";2;0;1;1;0;0;2;2;-27,63697;-48,66514;"SR-SC";"DEL8/1";"UOP02/SC"
267673;2020-02-07;"sexta-feira";"06:35:00";"DF";70;17,4;"BRASILIA";"Não guardar distância de segurança";"Colisão lateral";"Com Vítimas Feridas";"Pleno dia";"Decrescente";"Chuva";"Dupla";"Reta";"Sim";6;0;1;0;5;0;1;2;-15,79413;-48,20209;"SR-DF";"UOP06/DF";""
267674;2020-02-07;"sexta-feira";"06:25:00";"RS";293;5;"PELOTAS";"Falta de Atenção à Condução";"Saída de leito carroçável";"Sem Vítimas";"Pleno dia";"Decrescente";"Céu Claro";"Simples";"Reta";"Não";1;0;0;0;0;1;0;1;-31,72728;-52,38253;"SR-RS";"DEL9/7";"UOP01/RS"
267676;2020-02-07;"sexta-feira";"06:40:00";"PR";376;312;"ORTIGUEIRA";"Falta de Atenção à Condução";"Tombamento";"Com Vítimas Feridas";"Pleno dia";"Decrescente";"Céu Claro";"Simples";"Curva";"Não";1;0;1;0;0;0;1;1;-23,97473;-51,10307;"SR-PR";"DEL7/7";"UOP02/PR"
267677;2020-02-07;"sexta-feira";"07:03:00";"TO";153;495;"PARAISO DO TOCANTINS";"Falta de Atenção à Condução";"Colisão transversal";"Com Vítimas Feridas";"Pleno dia";"Decrescente";"Nublado";"Simples";"Interseção de vias";"Sim";3;0;0;3;0;0;3;2;-10,18166;-48,8802;"SR-TO";"UOP02/TO";""
267678;2020-02-07;"sexta-feira";"07:10:00";"ES";262;93;"DOMINGOS MARTINS";"Falta de Atenção à Condução";"Colisão transversal";"Com Vítimas Feridas";"Pleno dia";"Crescente";"Céu Claro";"Simples";"Interseção de vias";"Não";2;0;1;0;1;0;1;2;-20,37908;-41,05048;"SR-ES";"UOP02";"DEL01"
267679;2020-02-03;"segunda-feira";"15:20:00";"RS";116;363;"TAPES";"Não guardar distância de segurança";"Engavetamento";"Sem Vítimas";"Pleno dia";"Crescente";"Céu Claro";"Simples";"Curva";"Sim";6;0;0;0;6;0;0;3;-30,63693;-51,5532;"SR-RS";"DEL9/2";"UOP02/RS"
267680;2020-02-07;"sexta-feira";"07:10:00";"RJ";101;536;"PARATY";"Falta de Atenção à Condução";"Colisão traseira";"Com Vítimas Feridas";"Pleno dia";"Decrescente";"Nublado";"Simples";"Reta";"Não";2;0;0;1;1;0;1;2;-23,0396;-44,56479;"SR-RJ";"DEL5/3";"UOP03/RJ"
267681;2020-02-07;"sexta-feira";"06:50:00";"SC";101;207;"SAO JOSE";"Pista Escorregadia";"Colisão traseira";"Com Vítimas Feridas";"Pleno dia";"Crescente";"Chuva";"Múltipla";"Não Informado";"Não";2;0;0;1;1;0;1;2;-27,60001;-48,62265;"SR-SC";"DEL8/1";"UOP01/SC"
267682;2020-02-07;"sexta-feira";"06:55:00";"PR";277;576;"CASCAVEL";"Falta de Atenção à Condução";"Colisão traseira";"Com Vítimas Feridas";"Pleno dia";"Crescente";"Céu Claro";"Simples";"Reta";"Não";2;0;1;0;1;0;1;2;-24,98693;-53,3303;"SR-PR";"DEL7/4";"UOP01/PR"
267683;2020-02-07;"sexta-feira";"04:20:00";"SP";116;224,7;"GUARULHOS";"Objeto estático sobre o leito carroçável";"Saída de leito carroçável";"Com Vítimas Feridas";"Plena Noite";"Decrescente";"Céu Claro";"Múltipla";"Reta";"Sim";6;0;3;0;3;0;3;2;-23,4857;-46,54103;"SR-SP";"DEL6/1";"UOP01/SP"
267684;2020-02-07;"sexta-feira";"06:45:00";"RJ";40;121,2;"DUQUE DE CAXIAS";"Falta de Atenção à Condução";"Colisão lateral";"Com Vítimas Feridas";"Pleno dia";"Crescente";"Nublado";"Múltipla";"Reta";"Sim";2;0;1;0;1;0;1;2;-22,78185;-43,28571;"SR-RJ";"DEL5/1";"UOP01/RJ"