"id";"data_inversa";"dia_semana";"horario";"uf";"br";"km";"municipio";"causa_acidente";"tipo_acidente";"classificacao_acidente";"fase_dia";"sentido_via";"condicao_metereologica";"tipo_pista";"tracado_via";"uso_solo";"pessoas";"mortos";"feridos_leves";"feridos_graves";"ilesos";"ignorados";"feridos";"veiculos";"latitude";"longitude";"regional";"delegacia";"uop"
267685;2020-02-07;"sexta-feira";"07:30:00";"PE";232;128;"CARUARU";"Desobediência às normas de trânsito pelo condutor";"Colisão transversal";"Com Vítimas Feridas";"Pleno dia";"Crescente";"Sol";"Simples";"Reta";"Sim";2;0;1;0;1;0;1;2;-8,303993;-35,97216;"SR-PE";"UOP02";"DEL02"
267686;2020-02-07;"sexta-feira";"06:50:00";"SP";116;213;"GUARULHOS";"Não guardar distância de segurança";"Colisão lateral";"Com Vítimas Feridas";"Pleno dia";"Crescente";"Céu Claro";"Múltipla";"Reta";"Sim";3;0;1;0;2;0;1;3;-23,43971;-46,43668;"SR-SP";"DEL6/1";"UOP01/SP"
267687;2020-02-07;"sexta-feira";"07:22:00";"PR";116;108;"CURITIBA";"Falta de Atenção à Condução";"Colisão lateral";"Com Vítimas Feridas";"Pleno dia";"Crescente";"Chuva";"Dupla";"Reta";"Não";4;0;0;2;2;0;2;3;-25,57147;-49,19761;"SR-PR";"DEL7/1";"UOP04/PR"
267688;2020-02-07;"sexta-feira";"07:00:00";"SP";116;219;"GUARULHOS";"Não guardar distância de segurança";"Colisão lateral";"Com Vítimas Feridas";"Pleno dia";"Crescente";"Céu Claro";"Múltipla";"Reta";"Sim";2;0;1;0;1;0;1;2;-23,46144;-46,48885;"SR-SP";"DEL6/1";"UOP01/SP"
267690;2020-02-07;"sexta-feira";"07:00:00";"RN";101;85,5;"NATAL";"Não guardar distância de segurança";"Colisão traseira";"Com Vítimas Feridas";"Pleno dia";"Decrescente";"Céu Claro";"Dupla";"Reta";"Sim";2;0;1;0;1;0;1;2;-5,777664;-35,24937;"SR-RN";"DEL15/2";"UOP01/RN"
267691;2020-02-07;"sexta-feira";"07:00:00";"SP";116;214;"GUARULHOS";"Não guardar distância de segurança";"Colisão traseira";"Com Vítimas Feridas";"Pleno dia";"Crescente";"Nublado";"Múltipla";"Reta";"Sim";3;0;1;0;2;0;1;2;-23,44333;-46,44531;"SR-SP";"DEL6/1";"UOP01/SP"
267692;2020-02-07;"sexta-feira";"06:40:00";"PR";376;601;"CURITIBA";"Desobediência às normas de trânsito pelo condutor";"Queda de ocupante de veículo";"Com Vítimas Feridas";"Pleno dia";"Decrescente";"Garoa/Chuvisco";"Dupla";"Reta";"Não";1;0;1;0;0;0;1;1;-25,53716;-49,30163;"SR-PR";"DEL7/1";"UOP04/PR"
267693;2020-02-07;"sexta-feira";"07:10:00";"BA";324;3;"FEIRA DE SANTANA";"Não guardar distância de segurança";"Colisão traseira";"Com Vítimas Feridas";"Pleno dia";"Decrescente";"Sol";"Dupla";"Reta";"Sim";2;0;0;1;1;0;1;2;-12,28499;-38,97469;"SR-BA";"UOP01";"DEL02"
267694;2020-01-26;"domingo";"13:40:00";"SP";116;41,1;"CACHOEIRA PAULISTA";"Falta de Atenção à Condução";"Colisão lateral";"Com Vítimas Feridas";"Pleno dia";"Crescente";"Sol";"Dupla";"Não Informado";"Não";3;0;2;0;1;0;2;2;-22,68631;-45,01465;"SR-SP";"DEL6/8";"UOP01/SP"
267695;2020-02-06;"quinta-feira";"21:50:00";"SC";116;159,6;"SANTA CECILIA";"Falta de Atenção à Condução";"Colisão transversal";"Com Vítimas Fatais";"Plena Noite";"Crescente";"Nublado";"Simples";"Reta";"Sim";2;1;1;0;0;0;1;2;-27,09961;-50,45374;"SR-SC";"DEL8/6";"UOP02/SC"
267696;2020-02-07;"sexta-feira";"06:30:00";"SC";470;244;"CURITIBANOS";"Ultrapassagem Indevida";"Colisão frontal";"Com Vítimas Fatais";"Pleno dia";"Crescente";"Céu Claro";"Simples";"Reta";"Sim";2;2;0;0;0;0;0;2;-27,31458;-50,51583;"SR-SC";"DEL8/5";"UOP03/SC"
267697;2020-02-07;"sexta-feira";"07:40:00";"PI";343;338;"TERESINA";"Desobediência às normas de trânsito pelo condutor";"Colisão transversal";"Com Vítimas Feridas";"Pleno dia";"Crescente";"Sol";"Simples";"Reta";"Sim";2;0;1;0;1;0;1;2;-5,063362;-42,72291;"SR-PI";"DEL17/1";"UOP01/PI"
267698;2020-02-07;"sexta-feira";"07:30:00";"AL";424;95,4;"COQUEIRO SECO";"Falta de Atenção à Condução";"Colisão traseira";"Com Vítimas Feridas";"Pleno dia";"Crescente";"Céu Claro";"Simples";"Reta";"Não";2;0;1;0;1;0;1;2;-9,613044;-35,87303;"SR-AL";"DEL13/2";"UOP01/AL"
267699;2020-02-07;"sexta-feira";"08:00:00";"SC";101;207;"SAO JOSE";"Falta de Atenção à Condução";"Queda de ocupante de veículo";"Com Vítimas Feridas";"Pleno dia";"Crescente";"Chuva";"Múltipla";"Reta";"Sim";1;0;1;0;0;0;1;1;-27,60001;-48,62265;"SR-SC";"DEL8/1";"UOP01/SC"
267700;2020-02-07;"sexta-feira";"08:00:00";"SC";101;40,5;"JOINVILLE";"Falta de Atenção à Condução";"Colisão traseira";"Com Vítimas Feridas";"Pleno dia";"Crescente";"Chuva";"Dupla";"Reta";"Sim";2;0;1;0;1;0;1;2;-26,27176;-48,89468;"SR-SC";"DEL8/3";"UOP01/SC"
267701;2020-02-07;"sexta-feira";"06:30:00";"PE";232;124,2;"CARUARU";"Defeito na Via";"Colisão com objeto estático";"Com Vítimas Feridas";"Pleno dia";"Crescente";"Céu Claro";"Dupla";"Reta";"Não";1;0;1;0;0;0;1;1;-8,306104;-35,93702;"SR-PE";"UOP02";"DEL02"
267702;2020-02-07;"sexta-feira";"08:40:00";"PR";277;659,9;"MATELANDIA";"Velocidade Incompatível";"Colisão com objeto estático";"Com Vítimas Feridas";"Pleno dia";"Decrescente";"Céu Claro";"Dupla";"Curva";"Não";2;0;0;2;0;0;2;1;-25,24664;-53,98335;"SR-PR";"DEL7/5";"UOP02/PR"
267703;2020-02-07;"sexta-feira";"07:15:00";"PR";158;529,8;"PATO BRANCO";"Falta de Atenção à Condução";"Colisão transversal";"Com Vítimas Feridas";"Pleno dia";"Crescente";"Céu Claro";"Simples";"Curva";"Sim";2;0;2;0;0;0;2;2;-26,18599;-52,66856;"SR-PR";"DEL7/2";"UOP01/PR"
267704;2020-02-07;"sexta-feira";"08:30:00";"SC";101;233,7;"PALHOCA";"Falta de Atenção à Condução";"Colisão com objeto estático";"Com Vítimas Feridas";"Pleno dia";"Crescente";"Garoa/Chuvisco";"Dupla";"Curva";"Não";1;0;1;0;0;0;1;1;-27,80376;-48,63826;"SR-SC";"DEL8/1";"UOP02/SC"
267706;2020-02-07;"sexta-feira";"07:00:00";"PR";476;133,6;"CURITIBA";"Falta de Atenção à Condução";"Colisão traseira";"Com Vítimas Feridas";"Pleno dia";"Decrescente";"Chuva";"Múltipla";"Reta";"Sim";3;0;1;0;2;0;1;3;-25,47396;-49,25746;"SR-PR";"DEL7/1";"UOP03/PR"
267707;2020-02-07;"sexta-feira";"06:50:00";"MT";70;522;"VARZEA GRANDE";"Falta de Atenção à Condução";"Colisão transversal";"Com Vítimas Feridas";"Pleno dia";"Decrescente";"Céu Claro";"Simples";"Reta";"Sim";2;0;1;0;1;0;1;2;-15,70144;-56,1596;"SR-MT";"DEL2/4";"UOP02/MT"
267708;2020-02-07;"sexta-feira";"08:40:00";"MG";40;776;"JUIZ DE FORA";"Falta de Atenção à Condução";"Atropelamento de Pedestre";"Com Vítimas Feridas";"Pleno dia";"Decrescente";"Nublado";"Dupla";"Viaduto";"Sim";2;0;0;1;1;0;1;1;-21,65017;-43,43482;"SR-MG";"DEL5";"UOP01/MG"
267709;2020-02-07;"sexta-feira";"08:00:00";"MG";40;511;"RIBEIRAO DAS NEVES";"Falta de Atenção à Condução";"Colisão traseira";"Com Vítimas Feridas";"Pleno dia";"Decrescente";"Nublado";"Dupla";"Reta";"Sim";2;0;1;0;1;0;1;2;-19,78164;-44,11733;"SR-MG";"DEL4/1";"UOP02/MG"
267710;2020-02-07;"sexta-feira";"09:00:00";"CE";116;249,1;"ALTO SANTO";"Desobediência às normas de trânsito pelo condutor";"Colisão transversal";"Com Vítimas Feridas";"Pleno dia";"Decrescente";"Sol";"Simples";"Interseção de vias";"Não";5;0;1;1;3;0;2;2;-5,483919;-38,39743;"SR-CE";"DEL16/5";"UOP02/CE"
267712;2020-02-07;"sexta-feira";"09:30:00";"ES";101;414,1;"ITAPEMIRIM";"Falta de Atenção à Condução";"Colisão traseira";"Sem Vítimas";"Pleno dia";"Decrescente";"Céu Claro";"Simples";"Interseção de vias";"Não";2;0;0;0;2;0;0;2;-20,92346;-41,07836;"SR-ES";"DEL12/3";"UOP02/ES"
267714;2020-02-07;"sexta-feira";"08:16:00";"GO";153;506,8;"GOIANIA";"Falta de Atenção à Condução";"Colisão traseira";"Com Vítimas Feridas";"Pleno dia";"Decrescente";"Chuva";"Dupla";"Reta";"Sim";2;0;1;0;1;0;1;2;-16,7633;-49,24;"SR-GO";"DEL1/1";"UOP01/GO"
267716;2020-02-07;"sexta-feira";"07:10:00";"PR";277;134;"BALSA NOVA";"Desobediência às normas de trânsito pelo condutor";"Saída de leito carroçável";"Com Vítimas Feridas";"Amanhecer";"Crescente";"Chuva";"Dupla";"Reta";"Não";2;0;1;0;1;0;1;1;-25,4744;-49,67485;"SR-PR";"DEL7/1";"UOP05/PR"
267717;2020-02-07;"sexta-feira";"09:00:00";"RJ";116;167;"SAO JOAO DE MERITI";"Falta de Atenção à Condução";"Tombamento";"Sem Vítimas";"Pleno dia";"Crescente";"Céu Claro";"Múltipla";"Reta";"Sim";1;0;0;0;1;0;0;1;-22,81804;-43,30787;"SR-RJ";"DEL5/1";"UOP02/RJ"
267718;2020-02-07;"sexta-feira";"08:20:00";"SP";381;89,7;"GUARULHOS";"Não guardar distância de segurança";"Colisão traseira";"Com Vítimas Feridas";"Pleno dia";"Crescente";"Céu Claro";"Dupla";"Reta";"Sim";5;0;3;0;2;0;3;4;-23,49214;-46,55946;"SR-SP";"DEL6/3";"UOP02/SP"
267719;2020-02-07;"sexta-feira";"10:00:00";"DF";20;4;"BRASILIA";"Falta de Atenção à Condução";"Colisão traseira";"Com Vítimas Feridas";"Pleno dia";"Decrescente";"Chuva";"Dupla";"Não Informado";"Não";3;0;1;0;2;0;1;2;-15,67548;-47,82376;"SR-DF";"UOP01/DEL02/DF";""
267720;2020-02-07;"sexta-feira";"10:10:00";"SP";101;50;"UBATUBA";"Falta de Atenção à Condução";"Colisão transversal";"Com Vítimas Feridas";"Pleno dia";"Decrescente";"Céu Claro";"Simples";"Reta";"Sim";2;0;1;0;1;0;1;2;-23,45019;-45,07744;"SR-SP";"DEL6";"UOP03/SP"
267721;2020-02-07;"sexta-feira";"10:25:00";"PR";277;730;"FOZ DO IGUACU";"Falta de Atenção do Pedestre";"Atropelamento de Pedestre";"Com Vítimas Feridas";"Pleno dia";"Decrescente";"Céu Claro";"Simples";"Curva";"Sim";2;0;1;0;1;0;1;1;-25,50826;-54,59239;"SR-PR";"DEL7/5";"UOP03/PR"
267722;2020-02-07;"sexta-feira";"10:00:00";"SP";116;210;"GUARULHOS";"Falta de Atenção à Condução";"Colisão lateral";"Com Vítimas Feridas";"Pleno dia";"Crescente";"Céu Claro";"Dupla";"Reta";"Sim";4;0;2;0;2;0;2;2;-23,4287;-46,41086;"SR-SP";"DEL6/1";"UOP01/SP"
267723;2020-02-07;"sexta-feira";"09:55:00";"GO";153;506,9;"GOIANIA";"Defeito Mecânico no Veículo";"Engavetamento";"Sem Vítimas";"Pleno dia";"Decrescente";"Céu Claro";"Dupla";"Reta";"Sim";3;0;0;0;3;0;0;3;-16,7633;-49,24;"SR-GO";"DEL1/1";"UOP01/GO"
267724;2020-02-07;"sexta-feira";"10:20:00";"PR";277;129;"BALSA NOVA";"Pista Escorregadia";"Saída de leito carroçável";"Com Vítimas Feridas";"Pleno dia";"Decrescente";"Garoa/Chuvisco";"Simples";"Não Informado";"Não";2;0;1;0;1;0;1;1;-25,46705;-49,62499;"SR-PR";"DEL7/1";"UOP05/PR"
267725;2020-02-07;"sexta-feira";"10:10:00";"MG";40;221,8;"JOAO PINHEIRO";"Pista Escorregadia";"Saída de leito carroçável";"Com Vítimas Feridas";"Pleno dia";"Decrescente";"Chuva";"Simples";"Reta";"Não";2;0;2;0;0;0;2;1;-17,96603;-45,64115;"SR-MG";"DEL4/14";"UOP02/MG"
267726;2020-02-07;"sexta-feira";"11:15:00";"PE";104;43;"CARUARU";"Mal Súbito";"Saída de leito carroçável";"Com Vítimas Feridas";"Pleno dia";"Crescente";"Céu Claro";"Dupla";"Interseção de vias";"Não";2;0;1;1;0;0;2;1;-8,107149;-36,02171;"SR-PE";"DEL11/2";"UOP01/PE"
267727;2020-02-07;"sexta-feira";"10:30:00";"RJ";116;79,7;"TERESOPOLIS";"Falta de Atenção à Condução";"Colisão transversal";"Com Vítimas Feridas";"Pleno dia";"Decrescente";"Céu Claro";"Simples";"Reta";"Sim";2;0;1;0;0;1;1;2;-22,3817;-42,95478;"SR-RJ";"DEL5/6";"UOP02/RJ"
267728;2020-02-07;"sexta-feira";"11:10:00";"ES";101;221;"IBIRACU";"Pista Escorregadia";"Danos eventuais";"Com Vítimas Feridas";"Pleno dia";"Crescente";"Chuva";"Dupla";"Reta";"Sim";1;0;1;0;0;0;1;1;-19,86696;-40,40056;"SR-ES";"DEL12/2";"UOP01/ES"
267730;2020-02-07;"sexta-feira";"09:47:00";"MG";50;50;"ARAGUARI";"Velocidade Incompatível";"Capotamento";"Com Vítimas Feridas";"Pleno dia";"Crescente";"Céu Claro";"Dupla";"Reta";"Não";4;0;1;0;3;0;1;1;-18,73632;-48,22708;"SR-MG";"DEL4/15";"UOP02/MG"
267731;2020-02-07;"sexta-feira";"11:15:00";"PB";230;164,4;"CAMPINA GRANDE";"Desobediência às normas de trânsito pelo condutor";"Colisão transversal";"Com Vítimas Feridas";"Pleno dia";"Crescente";"Céu Claro";"Simples";"Reta";"Sim";2;0;1;0;1;0;1;2;-7,213136;-35,94945;"SR-PB";"DEL14/2";"UOP01/PB"
267732;2020-02-07;"sexta-feira";"11:30:00";"GO";40;94,4;"CRISTALINA";"Falta de Atenção à Condução";"Colisão traseira";"Com Vítimas Feridas";"Pleno dia";"Crescente";"Chuva";"Simples";"Reta";"Sim";2;0;0;1;1;0;1;2;-16,74367;-47,61337;"SR-DF";"UOP02/DF";""
267733;2020-02-07;"sexta-feira";"08:40:00";"RO";364;430;"JARU";"Falta de Atenção à Condução";"Tombamento";"Com Vítimas Feridas";"Pleno dia";"Decrescente";"Garoa/Chuvisco";"Simples";"Rotatória";"Não";2;0;2;0;0;0;2;1;-10,40718;-62,51553;"SR-RO";"DEL21/3";"UOP02/RO"
267734;2020-02-07;"sexta-feira";"11:45:00";"PR";277;643,8;"CEU AZUL";"Ingestão de Álcool";"Colisão traseira";"Sem Vítimas";"Pleno dia";"Decrescente";"Céu Claro";"Simples";"Reta";"Não";4;0;0;0;4;0;0;4;-25,17676;-53,87753;"SR-PR";"DEL7/5";"UOP02/PR"
267735;2020-02-07;"sexta-feira";"11:00:00";"MG";381;477,5;"CONTAGEM";"Falta de Atenção à Condução";"Colisão lateral";"Com Vítimas Feridas";"Pleno dia";"Decrescente";"Nublado";"Dupla";"Reta";"Sim";2;0;1;0;1;0;1;2;-19,95856;-44,03142;"SR-MG";"DEL4/1";"UOP03/MG"
267736;2020-02-07;"sexta-feira";"09:00:00";"RJ";101;136;"CONCEICAO DE MACABU";"Falta de Atenção à Condução";"Colisão traseira";"Com Vítimas Feridas";"Pleno dia";"Crescente";"Chuva";"Dupla";"Reta";"Não";3;0;1;0;2;0;1;2;-22,15018;-41,73133;"SR-RJ";"DEL5/2";"UOP03/RJ"
267737;2020-02-07;"sexta-feira";"11:40:00";"AL";101;149,3;"JEQUIA DA PRAIA";"Falta de Atenção à Condução";"Tombamento";"Com Vítimas Fatais";"Pleno dia";"Crescente";"Céu Claro";"Dupla";"Curva";"Não";1;1;0;0;0;0;0;1;-9,894027;-36,1411;"SR-AL";"DEL13/2";"UOP02/AL"
267738;2020-02-07;"sexta-feira";"11:40:00";"CE";116;64,2;"CHOROZINHO";"Falta de Atenção à Condução";"Colisão transversal";"Com Vítimas Feridas";"Pleno dia";"Crescente";"Céu Claro";"Simples";"Interseção de vias";"Sim";2;0;0;1;1;0;1;2;-4,281252;-38,49424;"SR-CE";"DEL16/3";"UOP02/CE"
267739;2020-02-07;"sexta-feira";"11:50:00";"SC";101;206;"SAO JOSE";"Falta de Atenção à Condução";"Colisão lateral";"Sem Vítimas";"Pleno dia";"Decrescente";"Sol";"Múltipla";"Reta";"Sim";2;0;0;0;2;0;0;2;-27,59194;-48,61825;"SR-SC";"DEL8/1";"UOP01/SC"
267740;2020-02-07;"sexta-feira";"09:53:00";"AC";364;136;"RIO BRANCO";"Falta de Atenção à Condução";"Colisão lateral";"Com Vítimas Feridas";"Pleno dia";"Crescente";"Céu Claro";"Dupla";"Não Informado";"Não";2;0;1;0;0;1;1;2;-9,977578;-67,8489;"SR-AC";"UOP01/AC";""
267741;2020-02-07;"sexta-feira";"12:10:00";"SE";101;89;"NOSSA SENHORA DO SOCORRO";"Pista Escorregadia";"Tombamento";"Com Vítimas Feridas";"Pleno dia";"Decrescente";"Céu Claro";"Dupla";"Retorno Regulamentado";"Não";2;0;2;0;0;0;2;1;-10,88051;-37,13356;"SR-SE";"DEL20/1";"UOP01/SE"
267742;2020-02-07;"sexta-feira";"12:15:00";"PE";101;69,1;"RECIFE";"Não guardar distância de segurança";"Colisão traseira";"Com Vítimas Feridas";"Pleno dia";"Crescente";"Nublado";"Múltipla";"Reta";"Sim";3;0;2;0;1;0;2;2;-8,060326;-34,94586;"SR-PE";"DEL11/1";"UOP01/PE"
267743;2020-02-07;"sexta-feira";"10:25:00";"PR";369;97,6;"CORNELIO PROCOPIO";"Desobediência às normas de trânsito pelo condutor";"Colisão lateral";"Com Vítimas Feridas";"Pleno dia";"Decrescente";"Céu Claro";"Simples";"Reta";"Não";3;0;2;0;1;0;2;2;-23,24011;-50,69503;"SR-PR";"DEL7/7";"UOP06/PR"
267744;2020-02-07;"sexta-feira";"11:55:00";"PI";343;12;"PARNAIBA";"Não guardar distância de segurança";"Colisão traseira";"Com Vítimas Feridas";"Pleno dia";"Decrescente";"Sol";"Dupla";"Reta";"Sim";3;0;0;1;2;0;1;3;-2,910035;-41,75366;"SR-PI";"UOP01";"DEL05"
267745;2020-02-07;"sexta-feira";"10:30:00";"RJ";40;123;"DUQUE DE CAXIAS";"Desobediência às normas de trânsito pelo condutor";"Colisão com objeto estático";"Com Vítimas Feridas";"Pleno dia";"Decrescente";"Céu Claro";"Múltipla";"Reta";"Sim";1;0;1;0;0;0;1;1;-22,79908;-43,29016;"SR-RJ";"DEL5/1";"UOP01/RJ"
267746;2020-02-07;"sexta-feira";"11:30:00";"MA";135;23,3;"SAO LUIS";"Falta de Atenção à Condução";"Colisão transversal";"Com Vítimas Feridas";"Pleno dia";"Crescente";"Céu Claro";"Dupla";"Retorno Regulamentado";"Sim";2;0;1;0;1;0;1;2;-2,551321;-44,30679;"SR-MA";"DEL18/1";"UOP01/MA"
267747;2020-02-07;"sexta-feira";"05:40:00";"PA";316;24;"BENEVIDES";"Falta de Atenção do Pedestre";"Colisão traseira";"Sem Vítimas";"Amanhecer";"Crescente";"Céu Claro";"Dupla";"Reta";"Sim";5;0;0;0;5;0;0;2;-1,339357;-48,24358;"SR-PA";"DEL19/1";"UOP01/PA"
267749;2020-02-07;"sexta-feira";"11:15:00";"PR";116;22;"ANTONINA";"Falta de Atenção à Condução";"Saída de leito carroçável";"Com Vítimas Feridas";"Pleno dia";"Crescente";"Chuva";"Dupla";"Curva";"Não";2;0;1;0;1;0;1;1;-25,10923;-48,7466;"SR-PR";"DEL7/1";"UOP02/PR"
267750;2020-02-07;"sexta-feira";"13:29:00";"AL";101;147;"JEQUIA DA PRAIA";"Falta de Atenção à Condução";"Colisão lateral";"Sem Vítimas";"Pleno dia";"Crescente";"Céu Claro";"Dupla";"Retorno Regulamentado";"Não";2;0;0;0;2;0;0;2;-9,882482;-36,1372;"SR-AL";"DEL13/2";"UOP01/AL"
267751;2020-02-07;"sexta-feira";"13:10:00";"BA";20;209,9;"LUIS EDUARDO MAGALHAES";"Falta de Atenção à Condução";"Colisão frontal";"Com Vítimas Feridas";"Pleno dia";"Decrescente";"Nublado";"Simples";"Reta";"Sim";3;0;1;0;2;0;1;3;-12,1245;-45,81301;"SR-BA";"DEL10/10";"UOP01/BA"
267752;2020-02-03;"segunda-feira";"16:30:00";"GO";60;165,1;"GOIANIA";"Falta de Atenção à Condução";"Colisão traseira";"Com Vítimas Feridas";"Pleno dia";"Decrescente";"Nublado";"Múltipla";"Reta";"Sim";2;0;1;0;1;0;1;2;-16,7084;-49,3503;"SR-GO";"DEL1/1";"UOP02/GO"
267753;2020-02-07;"sexta-feira";"12:00:00";"BA";242;732;"CRISTOPOLIS";"Pista Escorregadia";"Saída de leito carroçável";"Sem Vítimas";"Pleno dia";"Decrescente";"Chuva";"Simples";"Desvio Temporário";"Não";2;0;0;0;2;0;0;1;-12,22287;-44,28993;"SR-BA";"DEL10/10";"UOP01/BA"
267754;2020-01-18;"sábado";"20:10:00";"MS";158;198,7;"SELVIRIA";"Falta de Atenção à Condução";"Colisão transversal";"Com Vítimas Feridas";"Plena Noite";"Crescente";"Céu Claro";"Simples";"Reta";"Sim";2;0;1;1;0;0;2;2;-20,371;-51,434;"SR-MS";"DEL3/7";"UOP01/MS"
267755;2020-02-07;"sexta-feira";"08:10:00";"PR";277;78;"PIRAQUARA";"Pista Escorregadia";"Queda de ocupante de veículo";"Com Vítimas Feridas";"Pleno dia";"Decrescente";"Chuva";"Dupla";"Reta";"Não";1;0;1;0;0;0;1;1;-25,51328;-49,12433;"SR-PR";"DEL7/1";"UOP01/PR"
267756;2020-02-07;"sexta-feira";"12:00:00";"MA";222;679,1;"ACAILANDIA";"Desobediência às normas de trânsito pelo condutor";"Colisão traseira";"Com Vítimas Feridas";"Pleno dia";"Decrescente";"Chuva";"Simples";"Curva";"Sim";2;0;1;0;1;0;1;2;-4,956194;-47,49235;"SR-MA";"DEL18/4";"UOP03/MA"
267757;2020-02-07;"sexta-feira";"13:45:00";"PR";277;641,8;"CEU AZUL";"Falta de Atenção à Condução";"Colisão frontal";"Com Vítimas Feridas";"Pleno dia";"Crescente";"Chuva";"Simples";"Curva";"Não";2;0;1;0;1;0;1;2;-25,1829;-53,87111;"SR-PR";"DEL7/5";"UOP02/PR"
267758;2020-02-07;"sexta-feira";"08:45:00";"MG";262;87,1;"ABRE CAMPO";"Desobediência às normas de trânsito pelo condutor";"Colisão transversal";"Com Vítimas Feridas";"Pleno dia";"Crescente";"Nublado";"Simples";"Curva";"Não";2;0;0;1;1;0;1;2;-20,33321;-42,43716;"SR-MG";"DEL4/3";"UOP03/MG"
267759;2020-02-07;"sexta-feira";"13:20:00";"PR";158;538,8;"PATO BRANCO";"Falta de Atenção à Condução";"Saída de leito carroçável";"Com Vítimas Feridas";"Pleno dia";"Decrescente";"Nublado";"Simples";"Curva";"Não";2;0;2;0;0;0;2;1;-26,25603;-52,70878;"SR-PR";"DEL7/2";"UOP01/PR"
267760;2020-01-16;"quinta-feira";"11:05:00";"MG";381;850;"POUSO ALEGRE";"Desobediência às normas de trânsito pelo condutor";"Colisão traseira";"Com Vítimas Feridas";"Pleno dia";"Decrescente";"Céu Claro";"Múltipla";"Reta";"Não";2;0;0;1;1;0;1;2;-22,27869;-45,89472;"SR-MG";"DEL09";"UOP01/MG"
267761;2020-02-07;"sexta-feira";"13:30:00";"MG";116;415;"GOVERNADOR VALADARES";"Desobediência às normas de trânsito pelo condutor";"Colisão transversal";"Com Vítimas Feridas";"Pleno dia";"Decrescente";"Céu Claro";"Simples";"Reta";"Sim";2;0;1;0;1;0;1;2;-18,88401;-41,94924;"SR-MG";"DEL4/6";"UOP01/MG"
267762;2020-02-07;"sexta-feira";"13:00:00";"RO";364;168,3;"PIMENTA BUENO";"Avarias e/ou desgaste excessivo no pneu";"Saída de leito carroçável";"Com Vítimas Feridas";"Pleno dia";"Crescente";"Chuva";"Simples";"Reta";"Não";1;0;1;0;0;0;1;1;-11,86186;-61,00623;"SR-RO";"DEL21/2";"UOP02/RO"
267763;2020-02-07;"sexta-feira";"14:10:00";"ES";101;130;"LINHARES";"Falta de Atenção à Condução";"Colisão lateral";"Com Vítimas Feridas";"Pleno dia";"Crescente";"Chuva";"Simples";"Desvio Temporário";"Não";2;0;1;0;1;0;1;2;-19,22995;-40,09267;"SR-ES";"DEL12/4";"UOP01/ES"
267764;2020-02-07;"sexta-feira";"13:40:00";"RJ";116;172;"SAO JOAO DE MERITI";"Ingestão de álcool e/ou substâncias psicoativas pelo pedestre";"Atropelamento de Pedestre";"Com Vítimas Feridas";"Pleno dia";"Crescente";"Céu Claro";"Múltipla";"Reta";"Sim";2;0;1;0;1;0;1;1;-22,80188;-43,35044;"SR-RJ";"DEL5/1";"UOP02/RJ"
267765;2020-02-07;"sexta-feira";"14:15:00";"PR";376;653;"TIJUCAS DO SUL";"Falta de Atenção à Condução";"Colisão traseira";"Com Vítimas Feridas";"Pleno dia";"Decrescente";"Garoa/Chuvisco";"Dupla";"Curva";"Não";3;0;1;0;2;0;1;2;-25,8442;-49,06044;"SR-PR";"DEL7/1";"UOP08/PR"
267766;2020-02-07;"sexta-feira";"13:20:00";"MS";163;93;"ITAQUIRAI";"Falta de Atenção à Condução";"Colisão lateral";"Com Vítimas Feridas";"Pleno dia";"Crescente";"Céu Claro";"Simples";"Não Informado";"Não";3;0;2;0;1;0;2;2;-23,34327;-54,21699;"SR-MS";"DEL3/09";"UOP01/MS"
267767;2020-02-07;"sexta-feira";"14:00:00";"MG";40;545;"NOVA LIMA";"Velocidade Incompatível";"Saída de leito carroçável";"Com Vítimas Fatais";"Pleno dia";"Decrescente";"Céu Claro";"Múltipla";"Curva";"Sim";1;1;0;0;0;0;0;1;-20,0067;-43,96419;"SR-MG";"DEL4/1";"UOP02/MG"
267770;2020-02-07;"sexta-feira";"10:40:00";"GO";60;163,6;"GOIANIA";"Fenômenos da Natureza";"Incêndio";"Sem Vítimas";"Pleno dia";"Decrescente";"Nublado";"Dupla";"Reta";"Sim";1;0;0;0;1;0;0;1;-16,7002;-49,3335;"SR-GO";"DEL1/1";"UOP02/GO"
267771;2020-02-07;"sexta-feira";"14:00:00";"MG";116;268,1;"TEOFILO OTONI";"Não guardar distância de segurança";"Colisão traseira";"Com Vítimas Feridas";"Pleno dia";"Decrescente";"Garoa/Chuvisco";"Simples";"Não Informado";"Não";2;0;2;0;0;0;2;1;-17,78709;-41,49977;"SR-MG";"DEL4/11";"UOP01/MG"
267773;2020-02-07;"sexta-feira";"05:40:00";"MG";116;42,2;"PEDRA AZUL";"Animais na Pista";"Atropelamento de Animal";"Sem Vítimas";"Amanhecer";"Crescente";"Céu Claro";"Simples";"Reta";"Não";2;0;0;0;2;0;0;1;-15,99954;-41,40842;"SR-MG";"DEL4/11";"UOP02/MG"
267774;2020-02-07;"sexta-feira";"14:45:00";"RS";386;301,5;"POUSO NOVO";"Desobediência às normas de trânsito pelo condutor";"Colisão frontal";"Com Vítimas Feridas";"Pleno dia";"Crescente";"Céu Claro";"Simples";"Curva";"Não";6;0;6;0;0;0;6;2;-29,17062;-52,21611;"SR-RS";"DEL9/4";"UOP01/RS"
267775;2020-02-07;"sexta-feira";"13:55:00";"MG";459;65,9;"SENADOR JOSE BENTO";"Carga excessiva e/ou mal acondicionada";"Tombamento";"Com Vítimas Feridas";"Pleno dia";"Crescente";"Céu Claro";"Simples";"Curva";"Não";1;0;1;0;0;0;1;1;-22,11518;-46,1799;"SR-MG";"DEL09";"UOP04/MG"