"id";"data_inversa";"dia_semana";"horario";"uf";"br";"km";"municipio";"causa_acidente";"tipo_acidente";"classificacao_acidente";"fase_dia";"sentido_via";"condicao_metereologica";"tipo_pista";"tracado_via";"uso_solo";"pessoas";"mortos";"feridos_leves";"feridos_graves";"ilesos";"ignorados";"feridos";"veiculos";"latitude";"longitude";"regional";"delegacia";"uop"
267776;2020-02-07;"sexta-feira";"14:15:00";"PR";369;153;"LONDRINA";"Ingestão de Álcool";"Colisão traseira";"Sem Vítimas";"Pleno dia";"Crescente";"Chuva";"Dupla";"Não Informado";"Sim";4;0;0;0;3;1;0;2;-23,29789;-51,19657;"SR-PR";"DEL7/7";"UOP01/PR"
267777;2020-02-07;"sexta-feira";"12:10:00";"PA";308;188;"TRACUATEUA";"Desobediência às normas de trânsito pelo condutor";"Colisão transversal";"Com Vítimas Feridas";"Pleno dia";"Decrescente";"Nublado";"Simples";"Reta";"Não";2;0;1;0;1;0;1;2;-1,084954;-46,90016;"SR-PA";"DEL19/1";"UOP03/PA"
267778;2020-02-07;"sexta-feira";"14:15:00";"RS";470;217;"BENTO GONCALVES";"Falta de Atenção à Condução";"Colisão transversal";"Com Vítimas Feridas";"Pleno dia";"Crescente";"Céu Claro";"Simples";"Retorno Regulamentado";"Sim";2;0;1;0;1;0;1;2;-29,16463;-51,52552;"SR-RS";"DEL9/6";"UOP01/RS"
267780;2020-02-07;"sexta-feira";"14:40:00";"RS";116;524,9;"PELOTAS";"Falta de Atenção à Condução";"Colisão lateral";"Com Vítimas Feridas";"Pleno dia";"Crescente";"Céu Claro";"Simples";"Interseção de vias";"Não";3;0;1;0;2;0;1;2;-31,72864;-52,38747;"SR-RS";"DEL9/7";"UOP01/RS"
267781;2020-02-07;"sexta-feira";"15:00:00";"SP";116;278,1;"EMBU DAS ARTES";"Desobediência às normas de trânsito pelo pedestre";"Atropelamento de Pedestre";"Com Vítimas Feridas";"Pleno dia";"Decrescente";"Chuva";"Dupla";"Reta";"Sim";3;0;0;1;1;1;1;1;-23,65508;-46,84919;"SR-SP";"DEL6/4";"UOP01/SP"
267782;2020-02-07;"sexta-feira";"14:20:00";"RN";101;97,3;"NATAL";"Falta de Atenção à Condução";"Colisão traseira";"Sem Vítimas";"Pleno dia";"Decrescente";"Céu Claro";"Dupla";"Viaduto";"Sim";4;0;0;0;4;0;0;4;-5,857589;-35,21271;"SR-RN";"DEL15/1";"UOP01/RN"
267783;2020-02-07;"sexta-feira";"15:10:00";"PR";476;154,3;"ARAUCARIA";"Velocidade Incompatível";"Colisão lateral";"Com Vítimas Feridas";"Pleno dia";"Decrescente";"Nublado";"Dupla";"Reta";"Sim";5;0;2;0;3;0;2;3;-25,58422;-49,40138;"SR-PR";"DEL7/1";"UOP04/PR"
267784;2020-02-07;"sexta-feira";"15:30:00";"SC";470;92;"ASCURRA";"Falta de Atenção à Condução";"Colisão transversal";"Com Vítimas Feridas";"Pleno dia";"Decrescente";"Céu Claro";"Simples";"Reta";"Não";4;0;1;0;3;0;1;3;-26,98592;-49,37305;"SR-SC";"DEL8/4";"UOP01/SC"
267785;2020-02-07;"sexta-feira";"15:50:00";"SC";470;54,2;"BLUMENAU";"Desobediência às normas de trânsito pelo condutor";"Colisão transversal";"Com Vítimas Feridas";"Pleno dia";"Decrescente";"Nublado";"Simples";"Curva";"Sim";2;0;2;0;0;0;2;2;-26,87158;-49,11194;"SR-SC";"DEL8/4";"UOP01/SC"
267786;2020-02-07;"sexta-feira";"13:45:00";"RJ";101;317;"SAO GONCALO";"Falta de Atenção à Condução";"Colisão traseira";"Sem Vítimas";"Pleno dia";"Decrescente";"Chuva";"Dupla";"Reta";"Sim";2;0;0;0;2;0;0;2;-22,83708;-43,09492;"SR-RJ";"UOP01";"DEL02"
267787;2020-02-07;"sexta-feira";"15:15:00";"PR";376;80;"GUAIRACA";"Defeito Mecânico no Veículo";"Colisão com objeto em movimento";"Com Vítimas Feridas";"Pleno dia";"Crescente";"Céu Claro";"Simples";"Reta";"Não";2;0;1;0;1;0;1;2;-22,96001;-52,64982;"SR-PR";"DEL7/7";"UOP05/PR"
267789;2020-02-07;"sexta-feira";"15:09:00";"PR";376;496,5;"PONTA GROSSA";"Defeito Mecânico no Veículo";"Saída de leito carroçável";"Sem Vítimas";"Pleno dia";"Decrescente";"Céu Claro";"Dupla";"Reta";"Sim";1;0;0;0;1;0;0;1;-25,17703;-50,10051;"SR-PR";"DEL7/3";"UOP03/PR"
267790;2020-02-07;"sexta-feira";"12:30:00";"MG";354;741,9;"POUSO ALTO";"Velocidade Incompatível";"Saída de leito carroçável";"Com Vítimas Fatais";"Pleno dia";"Decrescente";"Nublado";"Simples";"Curva";"Não";7;1;5;0;1;0;5;2;-22,22349;-44,93262;"SR-MG";"DEL5";"UOP03/MG"
267791;2020-02-07;"sexta-feira";"16:15:00";"SC";470;59,9;"BLUMENAU";"Desobediência às normas de trânsito pelo condutor";"Colisão transversal";"Com Vítimas Feridas";"Pleno dia";"Crescente";"Nublado";"Simples";"Reta";"Sim";2;0;1;0;1;0;1;2;-26,88122;-49,16514;"SR-SC";"DEL8/4";"UOP01/SC"
267792;2020-02-07;"sexta-feira";"14:30:00";"MT";364;402;"CUIABA";"Desobediência às normas de trânsito pelo condutor";"Colisão transversal";"Sem Vítimas";"Pleno dia";"Crescente";"Céu Claro";"Dupla";"Reta";"Não";2;0;0;0;2;0;0;2;-15,66855;-55,95477;"SR-MT";"DEL2/1";"UOP01/MT"
267793;2020-02-07;"sexta-feira";"16:15:00";"SC";101;148,5;"ITAPEMA";"Falta de Atenção à Condução";"Colisão traseira";"Com Vítimas Feridas";"Pleno dia";"Crescente";"Nublado";"Simples";"Reta";"Sim";2;0;1;0;1;0;1;2;-27,10124;-48,61808;"SR-SC";"DEL8/4";"UOP03/SC"
267794;2020-02-07;"sexta-feira";"16:00:00";"SC";101;137;"BALNEARIO CAMBORIU";"Pista Escorregadia";"Tombamento";"Com Vítimas Feridas";"Pleno dia";"Decrescente";"Nublado";"Dupla";"Desvio Temporário";"Sim";2;0;1;0;1;0;1;2;-27,01572;-48,61193;"SR-SC";"DEL8/4";"UOP03/SC"
267795;2020-02-07;"sexta-feira";"16:00:00";"PR";116;100,2;"SAO JOSE DOS PINHAIS";"Defeito Mecânico no Veículo";"Saída de leito carroçável";"Com Vítimas Fatais";"Pleno dia";"Crescente";"Nublado";"Dupla";"Reta";"Sim";1;1;0;0;0;0;0;1;-25,53379;-49,14664;"SR-PR";"DEL7/1";"UOP01/PR"
267797;2020-01-13;"segunda-feira";"04:00:00";"RJ";493;0,7;"ITABORAI";"Pista Escorregadia";"Colisão com objeto estático";"Com Vítimas Fatais";"Plena Noite";"Crescente";"Garoa/Chuvisco";"Simples";"Não Informado";"Sim";1;1;0;0;0;0;0;1;-22,77062;-42,92223;"SR-RJ";"DEL5/2";"UOP01/RJ"
267798;2020-02-07;"sexta-feira";"14:00:00";"PR";116;208;"RIO NEGRO";"Não guardar distância de segurança";"Queda de ocupante de veículo";"Com Vítimas Feridas";"Pleno dia";"Crescente";"Nublado";"Simples";"Desvio Temporário";"Sim";1;0;1;0;0;0;1;1;-26,07336;-49,74366;"SR-SC";"DEL8/6";"UOP01/SC"
267800;2020-02-07;"sexta-feira";"16:15:00";"PR";376;250,4;"APUCARANA";"Avarias e/ou desgaste excessivo no pneu";"Saída de leito carroçável";"Com Vítimas Feridas";"Pleno dia";"Decrescente";"Céu Claro";"Dupla";"Curva";"Não";1;0;1;0;0;0;1;1;-23,63346;-51,378;"SR-PR";"DEL7/7";"UOP03/PR"
267801;2020-02-07;"sexta-feira";"15:00:00";"RO";319;63,1;"PORTO VELHO";"Falta de Atenção à Condução";"Colisão transversal";"Com Vítimas Feridas";"Pleno dia";"Decrescente";"Sol";"Dupla";"Reta";"Sim";3;0;0;1;2;0;1;2;-8,766685;-63,88405;"SR-RO";"DEL21/1";"UOP01/RO"
267802;2020-02-07;"sexta-feira";"15:10:00";"SC";280;122,1;"RIO NEGRINHO";"Falta de Atenção à Condução";"Colisão transversal";"Com Vítimas Feridas";"Pleno dia";"Crescente";"Céu Claro";"Simples";"Reta";"Não";2;0;1;0;1;0;1;2;-26,24416;-49,46594;"SR-SC";"DEL8/6";"UOP03/SC"
267803;2020-02-07;"sexta-feira";"16:30:00";"RS";290;36,4;"SANTO ANTONIO DA PATRULHA";"Não guardar distância de segurança";"Colisão traseira";"Com Vítimas Feridas";"Pleno dia";"Decrescente";"Céu Claro";"Múltipla";"Reta";"Não";7;0;1;0;6;0;1;3;-29,88476;-50,61729;"SR-RS";"DEL9/3";"UOP01/RS"
267804;2020-02-07;"sexta-feira";"16:55:00";"RJ";101;390;"RIO DE JANEIRO";"Velocidade Incompatível";"Colisão com objeto estático";"Com Vítimas Feridas";"Pleno dia";"Crescente";"Chuva";"Dupla";"Curva";"Não";1;0;0;1;0;0;1;1;-22,89347;-43,67543;"SR-RJ";"PMRJ";""
267805;2020-02-07;"sexta-feira";"17:00:00";"BA";324;575;"SAO SEBASTIAO DO PASSE";"Desobediência às normas de trânsito pelo condutor";"Queda de ocupante de veículo";"Com Vítimas Feridas";"Pleno dia";"Crescente";"Nublado";"Dupla";"Reta";"Não";1;0;1;0;0;0;1;1;-12,57298;-38,54513;"SR-BA";"DEL10/1";"UOP01/BA"
267806;2020-02-07;"sexta-feira";"16:00:00";"MG";50;130;"UBERABA";"Falta de Atenção à Condução";"Colisão lateral";"Com Vítimas Feridas";"Pleno dia";"Decrescente";"Nublado";"Dupla";"Reta";"Não";3;0;1;0;2;0;1;2;-19,3899;-48,07678;"SR-MG";"DEL13";"UOP01/MG"
267807;2020-02-07;"sexta-feira";"16:50:00";"PE";101;29,9;"ITAPISSUMA";"Animais na Pista";"Atropelamento de Animal";"Com Vítimas Feridas";"Pleno dia";"Decrescente";"Céu Claro";"Dupla";"Reta";"Sim";2;0;2;0;0;0;2;1;-7,729397;-34,94186;"SR-PE";"DEL11/1";"UOP02/PE"
267808;2020-02-07;"sexta-feira";"17:29:00";"GO";60;97,1;"ANAPOLIS";"Falta de Atenção à Condução";"Colisão lateral";"Com Vítimas Feridas";"Pleno dia";"Crescente";"Céu Claro";"Dupla";"Não Informado";"Sim";2;0;1;0;1;0;1;2;-16,3774;-48,9483;"SR-GO";"UOP01";"DEL02"
267809;2020-02-07;"sexta-feira";"16:45:00";"SC";280;49,4;"GUARAMIRIM";"Falta de Atenção à Condução";"Colisão transversal";"Com Vítimas Feridas";"Pleno dia";"Decrescente";"Chuva";"Simples";"Reta";"Sim";5;0;3;0;2;0;3;2;-26,4585;-48,93693;"SR-SC";"DEL8/3";"UOP03/SC"
267810;2020-02-07;"sexta-feira";"17:35:00";"PB";230;19,9;"JOAO PESSOA";"Desobediência às normas de trânsito pelo condutor";"Atropelamento de Pedestre";"Com Vítimas Feridas";"Pleno dia";"Decrescente";"Nublado";"Dupla";"Interseção de vias";"Sim";3;0;2;1;0;0;3;1;-7,137345;-34,85378;"SR-PB";"DEL14/1";"UOP01/PB"
267811;2020-02-07;"sexta-feira";"17:10:00";"CE";20;417;"MARACANAU";"Desobediência às normas de trânsito pelo condutor";"Colisão transversal";"Com Vítimas Feridas";"Anoitecer";"Crescente";"Nublado";"Dupla";"Reta";"Não";2;0;0;1;1;0;1;2;-3,76999;-38,67006;"SR-CE";"DEL16/1";"UOP02/CE"
267813;2020-02-07;"sexta-feira";"17:40:00";"ES";262;135,8;"BREJETUBA";"Falta de Atenção à Condução";"Colisão transversal";"Com Vítimas Feridas";"Pleno dia";"Decrescente";"Nublado";"Simples";"Reta";"Não";2;0;0;1;1;0;1;2;-20,24186;-41,33713;"SR-ES";"DEL12/1";"UOP02/ES"
267814;2020-02-07;"sexta-feira";"17:35:00";"SC";282;20,4;"SANTO AMARO DA IMPERATRIZ";"Falta de Atenção à Condução";"Colisão traseira";"Sem Vítimas";"Pleno dia";"Crescente";"Chuva";"Simples";"Não Informado";"Sim";3;0;0;0;3;0;0;3;-27,68396;-48,71006;"SR-SC";"DEL8/1";"UOP02/SC"
267815;2020-02-07;"sexta-feira";"15:25:00";"GO";153;58;"PORANGATU";"Defeito Mecânico no Veículo";"Colisão com objeto estático";"Com Vítimas Feridas";"Pleno dia";"Decrescente";"Garoa/Chuvisco";"Simples";"Desvio Temporário";"Não";2;0;1;0;1;0;1;2;-13,31946;-49,11843;"SR-GO";"DEL1/7";"UOP01/GO"
267817;2020-02-07;"sexta-feira";"17:30:00";"SP";116;277,9;"EMBU DAS ARTES";"Falta de Atenção à Condução";"Colisão lateral";"Com Vítimas Feridas";"Anoitecer";"Crescente";"Nublado";"Dupla";"Não Informado";"Sim";3;0;1;1;1;0;2;2;-23,64871;-46,84395;"SR-SP";"UOP01";"DEL04"
267818;2020-02-07;"sexta-feira";"18:15:00";"MG";50;192;"UBERABA";"Falta de Atenção à Condução";"Colisão lateral";"Com Vítimas Feridas";"Pleno dia";"Decrescente";"Nublado";"Dupla";"Reta";"Não";2;0;1;0;1;0;1;2;-19,87188;-47,85892;"SR-MG";"DEL13";"UOP01/MG"
267819;2020-02-07;"sexta-feira";"17:15:00";"BA";116;896;"CANDIDO SALES";"Falta de Atenção à Condução";"Saída de leito carroçável";"Com Vítimas Feridas";"Pleno dia";"Crescente";"Nublado";"Simples";"Reta";"Não";4;0;2;0;2;0;2;1;-15,33382;-41,15847;"SR-BA";"DEL10/8";"UOP03/BA"
267820;2020-02-07;"sexta-feira";"18:10:00";"ES";101;271,9;"SERRA";"Não guardar distância de segurança";"Colisão traseira";"Com Vítimas Feridas";"Pleno dia";"Decrescente";"Céu Claro";"Dupla";"Reta";"Sim";2;0;1;0;1;0;1;2;-20,23267;-40,27658;"SR-ES";"DEL12/2";"UOP01/ES"
267821;2020-02-07;"sexta-feira";"10:50:00";"MG";365;788;"ITUIUTABA";"Falta de Atenção à Condução";"Saída de leito carroçável";"Com Vítimas Feridas";"Pleno dia";"Crescente";"Nublado";"Simples";"Desvio Temporário";"Não";1;0;1;0;0;0;1;1;-18,93496;-49,79865;"SR-MG";"DEL4/15";"UOP03/MG"
267822;2020-02-07;"sexta-feira";"17:00:00";"ES";101;256,6;"SERRA";"Desobediência às normas de trânsito pelo condutor";"Colisão transversal";"Com Vítimas Feridas";"Pleno dia";"Decrescente";"Nublado";"Simples";"Interseção de vias";"Sim";3;0;1;0;0;2;1;2;-20,1229;-40,30524;"SR-ES";"DEL12/2";"UOP01/ES"
267823;2020-02-07;"sexta-feira";"17:15:00";"GO";60;96,9;"ANAPOLIS";"Desobediência às normas de trânsito pelo condutor";"Colisão frontal";"Com Vítimas Feridas";"Pleno dia";"Decrescente";"Céu Claro";"Simples";"Interseção de vias";"Sim";2;0;1;0;1;0;1;2;-16,371;-48,9422;"SR-GO";"DEL1/2";"UOP01/GO"
267824;2020-02-07;"sexta-feira";"18:40:00";"RS";386;360,7;"ESTRELA";"Defeito Mecânico no Veículo";"Colisão traseira";"Com Vítimas Feridas";"Pleno dia";"Decrescente";"Céu Claro";"Dupla";"Reta";"Não";2;0;1;0;1;0;1;2;-29,5476;-51,90814;"SR-RS";"DEL9/4";"UOP02/RS"
267825;2020-02-07;"sexta-feira";"18:10:00";"PB";230;49;"SANTA RITA";"Condutor Dormindo";"Saída de leito carroçável";"Com Vítimas Feridas";"Anoitecer";"Crescente";"Céu Claro";"Dupla";"Reta";"Não";4;0;1;2;1;0;3;2;-7,1803;-35,0485;"SR-PB";"DEL14/1";"UOP02/PB"
267826;2020-02-07;"sexta-feira";"18:15:00";"RS";116;143,9;"CAXIAS DO SUL";"Pista Escorregadia";"Colisão traseira";"Com Vítimas Feridas";"Pleno dia";"Crescente";"Garoa/Chuvisco";"Dupla";"Curva";"Sim";2;0;1;0;1;0;1;2;-29,12017;-51,12261;"SR-RS";"DEL9/5";"UOP01/RS"
267827;2020-02-07;"sexta-feira";"17:20:00";"MT";163;40;"ITIQUIRA";"Desobediência às normas de trânsito pelo condutor";"Tombamento";"Com Vítimas Feridas";"Pleno dia";"Decrescente";"Céu Claro";"Dupla";"Reta";"Não";1;0;1;0;0;0;1;1;-17,16413;-54,75833;"SR-MT";"DEL2/2";"UOP02/MT"
267828;2020-02-07;"sexta-feira";"18:20:00";"PB";101;108;"ALHANDRA";"Falta de Atenção à Condução";"Queda de ocupante de veículo";"Com Vítimas Feridas";"Plena Noite";"Crescente";"Céu Claro";"Dupla";"Não Informado";"Sim";1;0;1;0;0;0;1;1;-7,334549;-34,94758;"SR-PB";"DEL14/1";"UOP01/PB"
267829;2020-02-07;"sexta-feira";"16:25:00";"PR";376;345,5;"ORTIGUEIRA";"Pista Escorregadia";"Saída de leito carroçável";"Sem Vítimas";"Pleno dia";"Decrescente";"Chuva";"Simples";"Curva";"Não";1;0;0;0;1;0;0;1;-24,21686;-50,93665;"SR-PR";"DEL7/7";"UOP02/PR"
267830;2020-02-07;"sexta-feira";"17:50:00";"ES";262;0,2;"VILA VELHA";"Falta de Atenção à Condução";"Colisão lateral";"Com Vítimas Feridas";"Anoitecer";"Crescente";"Céu Claro";"Dupla";"Reta";"Sim";3;0;1;0;1;1;1;3;-20,32079;-40,35332;"SR-ES";"DEL12/1";"UOP01/ES"
267831;2020-02-07;"sexta-feira";"18:40:00";"ES";101;268,1;"SERRA";"Não guardar distância de segurança";"Colisão traseira";"Com Vítimas Feridas";"Plena Noite";"Crescente";"Nublado";"Múltipla";"Reta";"Sim";2;0;1;0;1;0;1;2;-20,20842;-40,2694;"SR-ES";"DEL12/2";"UOP01/ES"
267832;2020-02-07;"sexta-feira";"17:40:00";"PE";423;73,2;"JUPI";"Falta de Atenção à Condução";"Colisão transversal";"Sem Vítimas";"Anoitecer";"Crescente";"Chuva";"Simples";"Reta";"Sim";2;0;0;0;2;0;0;2;-8,709851;-36,41926;"SR-PE";"DEL11/3";"UOP01/PE"
267833;2020-02-07;"sexta-feira";"14:55:00";"SC";282;601;"MARAVILHA";"Desobediência às normas de trânsito pelo condutor";"Colisão transversal";"Sem Vítimas";"Pleno dia";"Crescente";"Céu Claro";"Simples";"Reta";"Não";2;0;0;0;2;0;0;2;-26,809;-53,1694;"SR-SC";"DEL7";"UOP02/SC"
267834;2020-02-07;"sexta-feira";"18:45:00";"SC";101;213,5;"PALHOCA";"Falta de Atenção à Condução";"Colisão transversal";"Com Vítimas Feridas";"Anoitecer";"Crescente";"Chuva";"Dupla";"Reta";"Sim";3;0;1;0;2;0;1;2;-27,63697;-48,66514;"SR-SC";"UOP02";"DEL01"
267835;2020-02-07;"sexta-feira";"19:00:00";"PR";116;98,8;"SAO JOSE DOS PINHAIS";"Desobediência às normas de trânsito pelo condutor";"Colisão traseira";"Com Vítimas Feridas";"Plena Noite";"Crescente";"Garoa/Chuvisco";"Dupla";"Reta";"Não";2;0;0;1;1;0;1;2;-25,51973;-49,13432;"SR-PR";"DEL7/1";"UOP01/PR"
267836;2020-01-25;"sábado";"01:24:00";"GO";40;0;"VALPARAISO DE GOIAS";"Ingestão de Álcool";"Saída de leito carroçável";"Com Vítimas Feridas";"Plena Noite";"Crescente";"Chuva";"Dupla";"Reta";"Sim";3;0;3;0;0;0;3;1;-16,05067;-47,98164;"SR-DF";"UOP01/DF";""
267837;2020-02-07;"sexta-feira";"17:40:00";"PR";369;147;"LONDRINA";"Desobediência às normas de trânsito pelo pedestre";"Atropelamento de Pedestre";"Com Vítimas Feridas";"Anoitecer";"Crescente";"Nublado";"Dupla";"Reta";"Sim";2;0;1;0;1;0;1;1;-23,29297;-51,14056;"SR-PR";"DEL7/7";"UOP01/PR"
267839;2020-02-07;"sexta-feira";"18:00:00";"RO";364;13;"VILHENA";"Desobediência às normas de trânsito pelo condutor";"Atropelamento de Pedestre";"Com Vítimas Feridas";"Anoitecer";"Decrescente";"Nublado";"Dupla";"Reta";"Sim";4;0;1;1;0;2;2;1;-12,7414;-60,13026;"SR-RO";"DEL21/4";"UOP01/RO"
267840;2020-02-07;"sexta-feira";"18:00:00";"GO";40;20,4;"LUZIANIA";"Não guardar distância de segurança";"Colisão traseira";"Sem Vítimas";"Plena Noite";"Decrescente";"Nublado";"Dupla";"Reta";"Sim";2;0;0;0;2;0;0;2;-16,21849;-47,91548;"SR-DF";"UOP01/DF";""
267841;2020-02-07;"sexta-feira";"19:50:00";"RN";101;108;"PARNAMIRIM";"Ingestão de Álcool";"Colisão lateral";"Sem Vítimas";"Plena Noite";"Crescente";"Céu Claro";"Dupla";"Reta";"Sim";2;0;0;0;2;0;0;2;-5,928251;-35,26466;"SR-RN";"DEL15/1";"UOP01/RN"
267842;2020-02-07;"sexta-feira";"19:50:00";"SE";235;54,6;"ITABAIANA";"Desobediência às normas de trânsito pelo condutor";"Colisão transversal";"Com Vítimas Feridas";"Plena Noite";"Crescente";"Céu Claro";"Simples";"Reta";"Sim";3;0;2;1;0;0;3;2;-10,67605;-37,44328;"SR-SE";"DEL20/1";"UOP02/SE"
267843;2020-02-07;"sexta-feira";"18:40:00";"MT";364;345;"SANTO ANTONIO DO LEVERGER";"Mal Súbito";"Saída de leito carroçável";"Com Vítimas Feridas";"Anoitecer";"Crescente";"Nublado";"Simples";"Reta";"Não";1;0;0;1;0;0;1;1;-15,79754;-55,5479;"SR-MT";"DEL2/1";"UOP01/MT"
267844;2020-02-07;"sexta-feira";"19:40:00";"SC";101;214,5;"PALHOCA";"Falta de Atenção à Condução";"Colisão lateral";"Com Vítimas Feridas";"Plena Noite";"Decrescente";"Chuva";"Dupla";"Reta";"Sim";2;0;1;0;1;0;1;2;-27,64443;-48,67057;"SR-SC";"DEL8/1";"UOP02/SC"
267845;2020-02-07;"sexta-feira";"17:20:00";"PI";230;294;"FLORIANO";"Velocidade Incompatível";"Colisão frontal";"Com Vítimas Feridas";"Pleno dia";"Decrescente";"Céu Claro";"Simples";"Reta";"Não";4;0;2;0;2;0;2;2;-6,845063;-42,89192;"SR-PI";"DEL17/3";"UOP01/PI"
267846;2020-02-07;"sexta-feira";"19:50:00";"RN";110;45,9;"MOSSORO";"Ingestão de Álcool";"Colisão frontal";"Com Vítimas Feridas";"Plena Noite";"Crescente";"Céu Claro";"Simples";"Reta";"Sim";2;0;0;1;1;0;1;2;-5,19258;-37,31115;"SR-RN";"DEL15/4";"UOP01/RN"
267847;2020-02-07;"sexta-feira";"19:00:00";"CE";222;123;"ITAPAJE";"Desobediência às normas de trânsito pelo condutor";"Colisão transversal";"Com Vítimas Feridas";"Plena Noite";"Crescente";"Vento";"Simples";"Reta";"Sim";3;0;2;0;1;0;2;2;-3,694553;-39,58168;"SR-CE";"DEL16/4";"UOP03/CE"
267848;2020-02-07;"sexta-feira";"18:30:00";"PR";476;140;"CURITIBA";"Falta de Atenção à Condução";"Colisão transversal";"Com Vítimas Feridas";"Anoitecer";"Decrescente";"Chuva";"Múltipla";"Reta";"Sim";2;0;0;1;1;0;1;2;-25,52339;-49,29535;"SR-PR";"DEL7/1";"UOP03/PR"
267849;2020-02-07;"sexta-feira";"19:50:00";"BA";101;222;"CRUZ DAS ALMAS";"Restrição de Visibilidade";"Colisão traseira";"Com Vítimas Feridas";"Plena Noite";"Decrescente";"Céu Claro";"Simples";"Reta";"Não";3;0;2;0;1;0;2;2;-12,6746;-39,13545;"SR-BA";"DEL10/1";"UOP02/BA"
267850;2020-02-07;"sexta-feira";"20:10:00";"PE";101;65,8;"RECIFE";"Falta de Atenção à Condução";"Tombamento";"Com Vítimas Feridas";"Plena Noite";"Crescente";"Céu Claro";"Múltipla";"Interseção de vias";"Sim";2;0;1;0;1;0;1;2;-8,024786;-34,94277;"SR-PE";"DEL11/1";"UOP01/PE"
267852;2020-02-07;"sexta-feira";"17:30:00";"RO";364;419;"JARU";"Ultrapassagem Indevida";"Colisão transversal";"Com Vítimas Feridas";"Pleno dia";"Crescente";"Chuva";"Simples";"Reta";"Não";3;0;0;2;1;0;2;2;-10,48263;-62,44173;"SR-RO";"UOP02";"DEL03"
267853;2020-02-07;"sexta-feira";"20:40:00";"MG";50;78,7;"UBERLANDIA";"Defeito Mecânico no Veículo";"Colisão traseira";"Com Vítimas Fatais";"Plena Noite";"Crescente";"Garoa/Chuvisco";"Dupla";"Reta";"Não";6;1;2;1;2;0;3;4;-18,95077;-48,21769;"SR-MG";"DEL4/15";"UOP01/MG"
267854;2020-02-07;"sexta-feira";"20:55:00";"PR";476;124;"CURITIBA";"Falta de Atenção à Condução";"Colisão traseira";"Sem Vítimas";"Plena Noite";"Crescente";"Chuva";"Múltipla";"Reta";"Sim";2;0;0;0;2;0;0;2;-25,39984;-49,21585;"SR-PR";"DEL7/1";"UOP06/PR"
267855;2020-02-07;"sexta-feira";"21:10:00";"SC";282;175,6;"BOCAINA DO SUL";"Ingestão de Álcool";"Colisão traseira";"Com Vítimas Feridas";"Plena Noite";"Decrescente";"Nublado";"Simples";"Reta";"Não";5;0;1;3;1;0;4;3;-27,74057;-49,89843;"SR-SC";"DEL8/5";"UOP01/SC"
267856;2020-02-07;"sexta-feira";"21:10:00";"RJ";116;113,1;"MAGE";"Condutor Dormindo";"Saída de leito carroçável";"Sem Vítimas";"Plena Noite";"Decrescente";"Nublado";"Dupla";"Reta";"Não";1;0;0;0;1;0;0;1;-22,57214;-43,00729;"SR-RJ";"DEL5/4";"UOP02/RJ"
267857;2020-02-07;"sexta-feira";"21:00:00";"PI";316;307,5;"PICOS";"Falta de Atenção à Condução";"Colisão transversal";"Com Vítimas Feridas";"Plena Noite";"Crescente";"Céu Claro";"Simples";"Reta";"Não";3;0;0;2;1;0;2;2;-7,078273;-41,50175;"SR-PI";"DEL17/4";"UOP01/PI"
267858;2020-02-07;"sexta-feira";"21:00:00";"SP";381;44;"ATIBAIA";"Desobediência às normas de trânsito pelo condutor";"Colisão frontal";"Com Vítimas Feridas";"Plena Noite";"Crescente";"Chuva";"Dupla";"Curva";"Não";3;0;1;0;1;1;1;2;-23,16459;-46,57419;"SR-SP";"DEL6/3";"UOP02/SP"
267859;2020-02-07;"sexta-feira";"19:20:00";"RO";364;532;"ALTO PARAISO";"Ingestão de Álcool";"Saída de leito carroçável";"Com Vítimas Feridas";"Plena Noite";"Decrescente";"Céu Claro";"Simples";"Reta";"Não";1;0;1;0;0;0;1;1;-9,780549;-63,09049;"SR-RO";"DEL21/3";"UOP01/RO"
267861;2020-02-07;"sexta-feira";"20:20:00";"ES";262;165,2;"IBATIBA";"Falta de Atenção do Pedestre";"Atropelamento de Pedestre";"Com Vítimas Fatais";"Plena Noite";"Crescente";"Nublado";"Simples";"Curva";"Não";3;1;0;2;0;0;2;1;-20,24911;-41,55151;"SR-ES";"DEL12/1";"UOP02/ES"
267862;2020-02-07;"sexta-feira";"20:50:00";"PE";101;56,8;"RECIFE";"Falta de Atenção à Condução";"Colisão traseira";"Sem Vítimas";"Plena Noite";"Crescente";"Céu Claro";"Múltipla";"Reta";"Sim";4;0;0;0;4;0;0;2;-7,955451;-34,91141;"SR-PE";"DEL11/1";"UOP02/PE"
267863;2020-02-07;"sexta-feira";"21:10:00";"MG";262;448,9;"NOVA SERRANA";"Ingestão de Álcool";"Colisão frontal";"Com Vítimas Feridas";"Plena Noite";"Decrescente";"Chuva";"Simples";"Reta";"Não";4;0;3;0;1;0;3;2;-19,87174;-44,96984;"SR-MG";"UOP03";"DEL08"
267864;2020-01-28;"terça-feira";"19:10:00";"MS";158;92;"PARANAIBA";"Animais na Pista";"Danos eventuais";"Sem Vítimas";"Anoitecer";"Decrescente";"Céu Claro";"Dupla";"Reta";"Sim";4;0;0;0;3;1;0;1;-19,65815;-51,20417;"SR-MS";"DEL3/8";"UOP01/MS"