"id";"data_inversa";"dia_semana";"horario";"uf";"br";"km";"municipio";"causa_acidente";"tipo_acidente";"classificacao_acidente";"fase_dia";"sentido_via";"condicao_metereologica";"tipo_pista";"tracado_via";"uso_solo";"pessoas";"mortos";"feridos_leves";"feridos_graves";"ilesos";"ignorados";"feridos";"veiculos";"latitude";"longitude";"regional";"delegacia";"uop"
267865;2020-02-07;"sexta-feira";"20:47:00";"MG";381;688;"LAVRAS";"Desobediência às normas de trânsito pelo condutor";"Colisão traseira";"Sem Vítimas";"Plena Noite";"Crescente";"Nublado";"Múltipla";"Não Informado";"Não";5;0;0;0;5;0;0;4;-21,20874;-45,12333;"SR-MG";"DEL4/4";"UOP02/MG"
267866;2020-02-07;"sexta-feira";"21:12:00";"SC";101;118,9;"ITAJAI";"Falta de Atenção à Condução";"Colisão traseira";"Com Vítimas Feridas";"Plena Noite";"Crescente";"Nublado";"Dupla";"Reta";"Sim";3;0;3;0;0;0;3;2;-26,89586;-48,71903;"SR-SC";"DEL8/4";"UOP04/SC"
267867;2020-02-07;"sexta-feira";"09:20:00";"SC";282;21,4;"PALHOCA";"Desobediência às normas de trânsito pelo condutor";"Colisão transversal";"Sem Vítimas";"Plena Noite";"Crescente";"Chuva";"Simples";"Curva";"Sim";2;0;0;0;2;0;0;2;-27,68907;-48,71754;"SR-SC";"DEL8/1";"UOP02/SC"
267868;2020-02-07;"sexta-feira";"21:10:00";"ES";101;31,7;"CONCEICAO DA BARRA";"Desobediência às normas de trânsito pelo condutor";"Colisão transversal";"Com Vítimas Feridas";"Plena Noite";"Crescente";"Céu Claro";"Simples";"Desvio Temporário";"Não";2;0;0;2;0;0;2;2;-18,4255;-39,93487;"SR-ES";"DEL12/4";"UOP02/ES"
267869;2020-02-07;"sexta-feira";"18:30:00";"SC";116;198;"PONTE ALTA";"Desobediência às normas de trânsito pelo condutor";"Colisão traseira";"Com Vítimas Feridas";"Anoitecer";"Crescente";"Céu Claro";"Dupla";"Reta";"Não";2;0;1;0;1;0;1;2;-27,41378;-50,4168;"SR-SC";"DEL8/5";"UOP03/SC"
267870;2020-02-07;"sexta-feira";"21:50:00";"MG";40;475,7;"SETE LAGOAS";"Falta de Atenção à Condução";"Colisão traseira";"Com Vítimas Feridas";"Plena Noite";"Decrescente";"Céu Claro";"Dupla";"Reta";"Sim";2;0;1;0;1;0;1;2;-19,50552;-44,27423;"SR-MG";"DEL4/2";"UOP01/MG"
267871;2020-02-07;"sexta-feira";"17:50:00";"SC";282;445,7;"PONTE SERRADA";"Velocidade Incompatível";"Colisão lateral";"Sem Vítimas";"Pleno dia";"Crescente";"Nublado";"Simples";"Curva";"Não";4;0;0;0;4;0;0;4;-26,91534;-51,90525;"SR-SC";"DEL7";"UOP05/SC"
267872;2020-02-07;"sexta-feira";"10:45:00";"PR";369;143,4;"LONDRINA";"Falta de Atenção à Condução";"Colisão lateral";"Com Vítimas Feridas";"Pleno dia";"Decrescente";"Céu Claro";"Dupla";"Reta";"Sim";2;0;0;1;0;1;1;2;-23,29294;-51,09761;"SR-PR";"DEL7/7";"UOP01/PR"
267873;2020-02-07;"sexta-feira";"15:25:00";"RO";364;107,4;"CHUPINGUAIA";"Falta de Atenção do Pedestre";"Atropelamento de Pedestre";"Com Vítimas Feridas";"Pleno dia";"Decrescente";"Garoa/Chuvisco";"Simples";"Reta";"Não";2;0;1;0;1;0;1;1;-12,22849;-60,6866;"SR-RO";"DEL21/4";"UOP01/RO"
267874;2020-02-07;"sexta-feira";"20:20:00";"MA";230;402;"BALSAS";"Falta de Atenção do Pedestre";"Atropelamento de Pedestre";"Com Vítimas Fatais";"Plena Noite";"Crescente";"Céu Claro";"Simples";"Reta";"Não";2;1;0;0;1;0;0;1;-7,508571;-46,03159;"SR-MA";"DEL18/5";"UOP01/MA"
267875;2020-02-07;"sexta-feira";"20:40:00";"PR";153;336,5;"IRATI";"Falta de Atenção à Condução";"Colisão transversal";"Com Vítimas Feridas";"Plena Noite";"Crescente";"Nublado";"Simples";"Reta";"Sim";4;0;2;1;1;0;3;2;-25,49754;-50,64816;"SR-PR";"DEL7/3";"UOP04/PR"
267876;2020-02-07;"sexta-feira";"20:40:00";"MG";354;753,7;"ITAMONTE";"Falta de Atenção à Condução";"Colisão lateral";"Com Vítimas Feridas";"Plena Noite";"Crescente";"Ignorado";"Simples";"Reta";"Sim";2;0;0;1;1;0;1;2;-22,30074;-44,86209;"SR-MG";"DEL5";"UOP03/MG"
267877;2020-02-07;"sexta-feira";"22:10:00";"RN";304;8,1;"MOSSORO";"Falta de Atenção à Condução";"Tombamento";"Com Vítimas Feridas";"Plena Noite";"Decrescente";"Céu Claro";"Simples";"Reta";"Sim";1;0;1;0;0;0;1;1;-4,941129;-37,40833;"SR-RN";"DEL15/4";"UOP02/RN"
267878;2020-02-07;"sexta-feira";"21:50:00";"CE";222;3,8;"CAUCAIA";"Não guardar distância de segurança";"Colisão traseira";"Com Vítimas Feridas";"Plena Noite";"Decrescente";"Céu Claro";"Múltipla";"Reta";"Sim";2;0;2;0;0;0;2;2;-3,740377;-38,59569;"SR-CE";"DEL16/1";"UOP01/CE"
267879;2020-01-02;"quinta-feira";"20:00:00";"PR";369;16;"CAMBARA";"Falta de Atenção à Condução";"Colisão traseira";"Com Vítimas Feridas";"Plena Noite";"Crescente";"Céu Claro";"Simples";"Não Informado";"Não";3;0;1;1;1;0;2;3;-23,02729;-50,04148;"SR-PR";"DEL7/7";"UOP06/PR"
267880;2020-02-07;"sexta-feira";"22:40:00";"SC";101;129,1;"BALNEARIO CAMBORIU";"Falta de Atenção à Condução";"Capotamento";"Com Vítimas Feridas";"Plena Noite";"Decrescente";"Garoa/Chuvisco";"Dupla";"Reta";"Não";3;0;3;0;0;0;3;1;-26,98064;-48,67907;"SR-SC";"DEL8/4";"UOP03/SC"
267881;2020-02-07;"sexta-feira";"18:30:00";"MA";316;608,3;"TIMON";"Avarias e/ou desgaste excessivo no pneu";"Saída de leito carroçável";"Com Vítimas Feridas";"Anoitecer";"Decrescente";"Nublado";"Simples";"Não Informado";"Não";1;0;0;1;0;0;1;1;-5,060935;-42,89229;"SR-MA";"DEL18/3";"UOP02/MA"
267882;2020-02-07;"sexta-feira";"20:05:00";"RS";470;224;"GARIBALDI";"Não guardar distância de segurança";"Colisão traseira";"Com Vítimas Feridas";"Plena Noite";"Decrescente";"Céu Claro";"Simples";"Reta";"Não";8;0;5;0;3;0;5;3;-29,21556;-51,51744;"SR-RS";"DEL9/6";"UOP01/RS"
267883;2020-02-07;"sexta-feira";"22:45:00";"SP";116;157,9;"JACAREI";"Defeito Mecânico no Veículo";"Tombamento";"Com Vítimas Feridas";"Plena Noite";"Decrescente";"Nublado";"Dupla";"Reta";"Não";1;0;1;0;0;0;1;1;-23,26072;-45,95179;"SR-SP";"DEL6/2";"UOP01/SP"
267884;2020-02-07;"sexta-feira";"22:40:00";"SC";101;117;"ITAJAI";"Falta de Atenção à Condução";"Colisão transversal";"Com Vítimas Feridas";"Plena Noite";"Decrescente";"Chuva";"Simples";"Interseção de vias";"Não";3;0;1;0;2;0;1;2;-26,88747;-48,72253;"SR-SC";"DEL8/4";"UOP04/SC"
267885;2020-02-07;"sexta-feira";"23:10:00";"PR";369;165;"CAMBE";"Falta de Atenção à Condução";"Colisão traseira";"Com Vítimas Feridas";"Plena Noite";"Crescente";"Nublado";"Dupla";"Não Informado";"Não";3;0;1;0;2;0;1;2;-23,29517;-51,30318;"SR-PR";"DEL7/7";"UOP01/PR"
267886;2020-02-07;"sexta-feira";"21:50:00";"PB";104;106,6;"SAO SEBASTIAO DE LAGOA DE  ROCA";"Desobediência às normas de trânsito pelo condutor";"Colisão transversal";"Com Vítimas Feridas";"Plena Noite";"Crescente";"Céu Claro";"Simples";"Não Informado";"Sim";2;0;0;1;1;0;1;2;-7,095698;-35,86106;"SR-PB";"DEL14/2";"UOP04/PB"
267887;2020-02-07;"sexta-feira";"23:40:00";"MG";365;377,5;"PATOS DE MINAS";"Velocidade Incompatível";"Saída de leito carroçável";"Sem Vítimas";"Plena Noite";"Decrescente";"Chuva";"Simples";"Não Informado";"Não";1;0;0;0;1;0;0;1;-18,54022;-46,20553;"SR-MG";"DEL4/10";"UOP01/MG"
267889;2020-02-07;"sexta-feira";"19:00:00";"AL";101;149,2;"JEQUIA DA PRAIA";"Falta de Atenção à Condução";"Colisão lateral";"Sem Vítimas";"Plena Noite";"Crescente";"Céu Claro";"Dupla";"Curva";"Não";2;0;0;0;2;0;0;2;-9,894027;-36,1411;"SR-AL";"UOP02";"DEL02"
267890;2020-02-07;"sexta-feira";"20:10:00";"RS";116;423,4;"CRISTAL";"Ultrapassagem Indevida";"Colisão frontal";"Com Vítimas Feridas";"Plena Noite";"Crescente";"Céu Claro";"Simples";"Reta";"Não";3;0;3;0;0;0;3;2;-30,97351;-52,00383;"SR-RS";"DEL9/2";"UOP02/RS"
267891;2020-02-07;"sexta-feira";"22:00:00";"RO";364;344,5;"JI-PARANA";"Desobediência às normas de trânsito pelo condutor";"Colisão transversal";"Com Vítimas Feridas";"Plena Noite";"Crescente";"Garoa/Chuvisco";"Dupla";"Interseção de vias";"Não";2;0;1;0;1;0;1;2;-10,87025;-61,95774;"SR-RO";"DEL21/2";"UOP01/RO"
267892;2020-02-07;"sexta-feira";"22:30:00";"PR";277;710,2;"SANTA TEREZINHA DE ITAIPU";"Falta de Atenção à Condução";"Colisão traseira";"Com Vítimas Feridas";"Plena Noite";"Crescente";"Céu Claro";"Dupla";"Não Informado";"Sim";3;0;0;2;0;1;2;2;-25,45043;-54,41349;"SR-PR";"DEL7/5";"UOP01/PR"
267893;2020-02-08;"sábado";"00:10:00";"SP";116;555,2;"BARRA DO TURVO";"Pista Escorregadia";"Colisão com objeto estático";"Com Vítimas Feridas";"Plena Noite";"Crescente";"Garoa/Chuvisco";"Dupla";"Curva";"Não";2;0;2;0;0;0;2;1;-24,97552;-48,50554;"SR-SP";"DEL6/5";"UOP03/SP"
267894;2020-02-07;"sexta-feira";"23:30:00";"SC";101;186;"BIGUACU";"Pista Escorregadia";"Colisão com objeto estático";"Com Vítimas Feridas";"Plena Noite";"Crescente";"Chuva";"Dupla";"Curva";"Não";1;0;1;0;0;0;1;1;-27,43411;-48,62567;"SR-SC";"DEL8/1";"UOP01/SC"
267895;2020-02-07;"sexta-feira";"22:35:00";"PR";369;173,5;"ROLANDIA";"Desobediência às normas de trânsito pelo condutor";"Colisão transversal";"Com Vítimas Feridas";"Plena Noite";"Crescente";"Nublado";"Simples";"Não Informado";"Sim";3;0;2;0;0;1;2;2;-23,31293;-51,37283;"SR-PR";"DEL7/7";"UOP01/PR"
267896;2020-02-07;"sexta-feira";"22:35:00";"SC";282;466;"PONTE SERRADA";"Ultrapassagem Indevida";"Colisão frontal";"Com Vítimas Feridas";"Plena Noite";"Crescente";"Nublado";"Simples";"Curva";"Não";3;0;2;0;1;0;2;3;-26,85458;-52,08676;"SR-SC";"DEL7";"UOP05/SC"
267897;2020-02-08;"sábado";"00:20:00";"SC";282;24,7;"SANTO AMARO DA IMPERATRIZ";"Falta de Atenção à Condução";"Colisão frontal";"Com Vítimas Feridas";"Plena Noite";"Decrescente";"Chuva";"Simples";"Interseção de vias";"Sim";2;0;0;1;1;0;1;2;-27,68268;-48,74461;"SR-SC";"DEL8/1";"UOP03/SC"
267899;2020-02-07;"sexta-feira";"22:00:00";"RO";364;432;"JARU";"Falta de Atenção à Condução";"Tombamento";"Com Vítimas Feridas";"Plena Noite";"Decrescente";"Chuva";"Simples";"Desvio Temporário";"Não";2;0;1;1;0;0;2;1;-10,39357;-62,53542;"SR-RO";"DEL21/3";"UOP02/RO"
267900;2020-02-07;"sexta-feira";"19:45:00";"RO";319;58;"PORTO VELHO";"Desobediência às normas de trânsito pelo condutor";"Colisão lateral";"Com Vítimas Feridas";"Plena Noite";"Crescente";"Nublado";"Simples";"Curva";"Sim";3;0;0;1;1;1;1;2;-8,7375;-63,91748;"SR-RO";"DEL21/1";"UOP01/RO"
267901;2020-02-08;"sábado";"01:20:00";"SC";282;0,2;"FLORIANOPOLIS";"Ingestão de Álcool";"Saída de leito carroçável";"Sem Vítimas";"Plena Noite";"Decrescente";"Chuva";"Múltipla";"Curva";"Não";1;0;0;0;1;0;0;1;-27,59845;-48,572;"SR-SC";"DEL8/1";"UOP01/SC"
267902;2020-02-07;"sexta-feira";"22:50:00";"CE";116;236,9;"ALTO SANTO";"Animais na Pista";"Atropelamento de Animal";"Com Vítimas Feridas";"Plena Noite";"Crescente";"Céu Claro";"Simples";"Reta";"Não";1;0;1;0;0;0;1;1;-5,424283;-38,29657;"SR-CE";"DEL16/3";"UOP01/CE"
267903;2020-02-08;"sábado";"01:00:00";"MG";381;500;"BETIM";"Falta de Atenção à Condução";"Colisão traseira";"Com Vítimas Feridas";"Plena Noite";"Crescente";"Nublado";"Dupla";"Reta";"Sim";3;0;2;0;1;0;2;2;-20,02513;-44,23113;"SR-MG";"DEL4/1";"UOP03/MG"
267904;2020-02-08;"sábado";"00:20:00";"PR";116;125;"FAZENDA RIO GRANDE";"Pista Escorregadia";"Saída de leito carroçável";"Sem Vítimas";"Plena Noite";"Crescente";"Garoa/Chuvisco";"Dupla";"Reta";"Sim";1;0;0;0;1;0;0;1;-25,59505;-49,31631;"SR-PR";"DEL7/1";"UOP03/PR"
267905;2020-02-08;"sábado";"01:35:00";"MG";50;84;"UBERLANDIA";"Falta de Atenção à Condução";"Colisão com objeto em movimento";"Sem Vítimas";"Pleno dia";"Decrescente";"Céu Claro";"Dupla";"Reta";"Não";1;0;0;0;1;0;0;1;-18,9959;-48,21049;"SR-MG";"UOP01";"DEL15"
267906;2020-02-08;"sábado";"00:10:00";"SC";470;176,3;"POUSO REDONDO";"Falta de Atenção à Condução";"Colisão lateral";"Com Vítimas Feridas";"Pleno dia";"Decrescente";"Chuva";"Simples";"Curva";"Não";2;0;1;0;1;0;1;2;-27,25424;-49,94866;"SR-SC";"UOP02";"DEL04"
267907;2020-02-07;"sexta-feira";"21:55:00";"RO";364;426,4;"JARU";"Falta de Atenção à Condução";"Colisão com objeto estático";"Com Vítimas Feridas";"Plena Noite";"Crescente";"Garoa/Chuvisco";"Simples";"Interseção de vias";"Sim";2;0;0;1;1;0;1;2;-10,43039;-62,48248;"SR-RO";"DEL21/3";"UOP02/RO"
267908;2020-02-08;"sábado";"00:20:00";"SC";101;93;"BARRA VELHA";"Velocidade Incompatível";"Colisão lateral";"Com Vítimas Feridas";"Plena Noite";"Crescente";"Chuva";"Dupla";"Reta";"Não";4;0;2;0;2;0;2;2;-26,6899;-48,69664;"SR-SC";"DEL8/3";"UOP02/SC"
267909;2020-02-08;"sábado";"02:35:00";"GO";153;506,9;"APARECIDA DE GOIANIA";"Ingestão de Álcool";"Saída de leito carroçável";"Sem Vítimas";"Plena Noite";"Crescente";"Chuva";"Dupla";"Não Informado";"Sim";1;0;0;0;1;0;0;1;-16,7633;-49,24;"SR-GO";"DEL1/1";"UOP01/GO"
267910;2020-02-07;"sexta-feira";"22:30:00";"MA";135;15,2;"SAO LUIS";"Defeito na Via";"Colisão com objeto estático";"Sem Vítimas";"Plena Noite";"Crescente";"Chuva";"Simples";"Não Informado";"Sim";1;0;0;0;1;0;0;1;-2,564564;-44,36206;"SR-MA";"UOP01";"DEL01"
267911;2020-02-08;"sábado";"02:45:00";"PE";104;82,5;"AGRESTINA";"Condutor Dormindo";"Colisão frontal";"Com Vítimas Fatais";"Plena Noite";"Crescente";"Nublado";"Dupla";"Reta";"Não";5;3;0;2;0;0;2;2;-8,414513;-35,9671;"SR-PE";"UOP01";"DEL02"
267912;2020-02-08;"sábado";"02:45:00";"PR";476;151,9;"ARAUCARIA";"Ingestão de Álcool";"Colisão frontal";"Com Vítimas Feridas";"Plena Noite";"Decrescente";"Céu Claro";"Dupla";"Reta";"Sim";2;0;1;0;1;0;1;2;-25,56761;-49,38183;"SR-PR";"DEL7/1";"UOP04/PR"
267913;2020-02-08;"sábado";"01:50:00";"RJ";116;304,5;"RESENDE";"Defeito Mecânico no Veículo";"Incêndio";"Sem Vítimas";"Plena Noite";"Decrescente";"Chuva";"Simples";"Reta";"Sim";2;0;0;0;2;0;0;2;-22,45504;-44,3865;"SR-RJ";"DEL5/7";"UOP02/RJ"
267914;2020-02-08;"sábado";"03:25:00";"AL";101;51,3;"FLEXEIRAS";"Velocidade Incompatível";"Tombamento";"Sem Vítimas";"Plena Noite";"Crescente";"Céu Claro";"Dupla";"Desvio Temporário";"Não";1;0;0;0;1;0;0;1;-9,241987;-35,76001;"SR-AL";"UOP02";"DEL01"
267915;2020-02-07;"sexta-feira";"16:30:00";"RO";364;907;"PORTO VELHO";"Mal Súbito";"Saída de leito carroçável";"Com Vítimas Feridas";"Pleno dia";"Decrescente";"Céu Claro";"Simples";"Reta";"Não";1;0;0;1;0;0;1;1;-9,7138;-65,18766;"SR-RO";"DEL21/1";"UOP02/RO"
267916;2020-02-08;"sábado";"03:35:00";"PR";116;98,7;"SAO JOSE DOS PINHAIS";"Desobediência às normas de trânsito pelo condutor";"Colisão frontal";"Com Vítimas Feridas";"Plena Noite";"Decrescente";"Nublado";"Dupla";"Curva";"Sim";2;0;0;1;1;0;1;2;-25,55845;-49,15003;"SR-PR";"DEL7/1";"UOP01/PR"
267917;2020-02-08;"sábado";"02:35:00";"RS";470;197;"BENTO GONCALVES";"Velocidade Incompatível";"Saída de leito carroçável";"Sem Vítimas";"Plena Noite";"Crescente";"Céu Claro";"Simples";"Curva";"Não";1;0;0;0;0;1;0;1;-29,05391;-51,59564;"SR-RS";"UOP02";"DEL06"
267918;2020-02-08;"sábado";"03:30:00";"RS";116;320,8;"BARRA DO RIBEIRO";"Falta de Atenção à Condução";"Tombamento";"Com Vítimas Feridas";"Plena Noite";"Decrescente";"Céu Claro";"Simples";"Não Informado";"Sim";2;0;2;0;0;0;2;1;-30,29045;-51,4155;"SR-RS";"DEL9/2";"UOP01/RS"
267920;2020-02-08;"sábado";"01:00:00";"MG";262;548,5;"LUZ";"Velocidade Incompatível";"Tombamento";"Com Vítimas Feridas";"Plena Noite";"Decrescente";"Nublado";"Simples";"Não Informado";"Não";2;0;1;1;0;0;2;1;-19,73163;-45,8631;"SR-MG";"UOP02";"DEL08"
267921;2020-02-08;"sábado";"04:30:00";"DF";40;3;"BRASILIA";"Ingestão de Álcool";"Saída de leito carroçável";"Com Vítimas Feridas";"Pleno dia";"Crescente";"Céu Claro";"Dupla";"Reta";"Sim";1;0;1;0;0;0;1;1;-16,00314;-47,98394;"SR-DF";"UOP01/DF";""
267922;2020-02-08;"sábado";"04:15:00";"SP";381;35;"ATIBAIA";"Falta de Atenção à Condução";"Capotamento";"Com Vítimas Feridas";"Plena Noite";"Crescente";"Garoa/Chuvisco";"Múltipla";"Curva";"Sim";1;0;1;0;0;0;1;1;-23,08859;-46,5718;"SR-SP";"DEL6/3";"UOP02/SP"
267923;2020-02-08;"sábado";"03:40:00";"RJ";493;14,5;"GUAPIMIRIM";"Defeito na Via";"Capotamento";"Sem Vítimas";"Plena Noite";"Decrescente";"Céu Claro";"Simples";"Reta";"Não";1;0;0;0;1;0;0;1;-22,67034;-42,98256;"SR-RJ";"DEL5/4";"UOP02/RJ"
267924;2020-02-08;"sábado";"02:30:00";"AC";317;290;"EPITACIOLANDIA";"Animais na Pista";"Atropelamento de Animal";"Sem Vítimas";"Plena Noite";"Crescente";"Céu Claro";"Simples";"Curva";"Sim";2;0;0;0;2;0;0;1;-11,03783;-68,7167;"SR-AC";"UOP02/AC";""
267925;2020-02-08;"sábado";"04:25:00";"SC";470;142;"RIO DO SUL";"Falta de Atenção à Condução";"Colisão frontal";"Com Vítimas Feridas";"Plena Noite";"Decrescente";"Nublado";"Simples";"Reta";"Sim";3;0;0;1;1;1;1;2;-27,2298;-49,6693;"SR-SC";"UOP02";"DEL04"
267926;2020-02-08;"sábado";"04:20:00";"PR";277;601,1;"CASCAVEL";"Desobediência às normas de trânsito pelo condutor";"Capotamento";"Com Vítimas Fatais";"Plena Noite";"Crescente";"Céu Claro";"Dupla";"Reta";"Sim";2;1;0;1;0;0;1;1;-25,01834;-53,54357;"SR-PR";"DEL7/4";"UOP01/PR"
267927;2020-02-08;"sábado";"04:30:00";"PR";116;125,8;"FAZENDA RIO GRANDE";"Falta de Atenção à Condução";"Colisão transversal";"Com Vítimas Feridas";"Plena Noite";"Decrescente";"Nublado";"Múltipla";"Não Informado";"Sim";3;0;1;0;2;0;1;2;-25,63704;-49,31312;"SR-PR";"DEL7/1";"UOP03/PR"
267928;2020-02-08;"sábado";"05:00:00";"RS";386;440;"CANOAS";"Animais na Pista";"Atropelamento de Animal";"Com Vítimas Feridas";"Plena Noite";"Decrescente";"Ignorado";"Dupla";"Não Informado";"Não";1;0;1;0;0;0;1;1;-29,87826;-51,24195;"SR-RS";"DEL9/4";"UOP02/RS"
267929;2020-02-08;"sábado";"03:30:00";"SC";101;392,4;"CRICIUMA";"Ingestão de álcool e/ou substâncias psicoativas pelo pedestre";"Colisão com objeto estático";"Com Vítimas Feridas";"Plena Noite";"Decrescente";"Nublado";"Dupla";"Curva";"Não";3;0;1;2;0;0;3;1;-28,8049;-49,37122;"SR-SC";"UOP02";"DEL02"
267930;2020-02-08;"sábado";"01:30:00";"CE";20;190,9;"BOA VIAGEM";"Animais na Pista";"Atropelamento de Animal";"Com Vítimas Feridas";"Plena Noite";"Decrescente";"Céu Claro";"Simples";"Reta";"Não";1;0;1;0;0;0;1;1;-5,213634;-39,79944;"SR-CE";"DEL16/2";"UOP02/CE"
267931;2020-02-08;"sábado";"03:30:00";"RO";319;63;"PORTO VELHO";"Não guardar distância de segurança";"Colisão traseira";"Com Vítimas Feridas";"Plena Noite";"Crescente";"Nublado";"Dupla";"Reta";"Sim";2;0;1;0;1;0;1;2;-8,766685;-63,88405;"SR-RO";"UOP01";"DEL01"
267932;2020-02-08;"sábado";"05:00:00";"MG";381;694,4;"LAVRAS";"Objeto estático sobre o leito carroçável";"Colisão com objeto estático";"Sem Vítimas";"Amanhecer";"Crescente";"Nublado";"Dupla";"Reta";"Não";1;0;0;0;1;0;0;1;-21,26844;-45,13722;"SR-MG";"DEL4/4";"UOP02/MG"
267933;2020-02-08;"sábado";"06:00:00";"PR";280;279,1;"FLOR DA SERRA DO SUL";"Falta de Atenção à Condução";"Saída de leito carroçável";"Com Vítimas Feridas";"Pleno dia";"Crescente";"Céu Claro";"Simples";"Curva";"Não";2;0;1;0;1;0;1;1;-26,24889;-53,21482;"SR-PR";"DEL7/2";"UOP01/PR"
267935;2020-02-07;"sexta-feira";"23:00:00";"MG";153;23;"CENTRALINA";"Defeito Mecânico no Veículo";"Saída de leito carroçável";"Sem Vítimas";"Plena Noite";"Decrescente";"Chuva";"Dupla";"Curva";"Não";2;0;0;0;2;0;0;1;-18,62303;-49,18751;"SR-MG";"DEL4/15";"UOP03/MG"
267936;2020-02-08;"sábado";"06:10:00";"SP";101;47,3;"UBATUBA";"Desobediência às normas de trânsito pelo condutor";"Colisão transversal";"Com Vítimas Feridas";"Pleno dia";"Crescente";"Sol";"Simples";"Reta";"Sim";2;0;1;0;0;1;1;2;-23,4299;-45,08244;"SR-SP";"DEL6";"UOP03/SP"
267937;2020-02-07;"sexta-feira";"22:30:00";"PR";369;178,7;"ARAPONGAS";"Ingestão de Álcool";"Saída de leito carroçável";"Com Vítimas Feridas";"Plena Noite";"Crescente";"Chuva";"Simples";"Reta";"Sim";1;0;1;0;0;0;1;1;-23,3769;-51,4153;"SR-PR";"DEL7/7";"UOP01/PR"
267938;2020-02-08;"sábado";"06:00:00";"SC";282;49;"AGUAS MORNAS";"Velocidade Incompatível";"Saída de leito carroçável";"Com Vítimas Feridas";"Pleno dia";"Decrescente";"Chuva";"Simples";"Curva";"Não";4;0;2;0;2;0;2;1;-27,71293;-48,94374;"SR-SC";"DEL8/1";"UOP03/SC"
267939;2020-02-08;"sábado";"06:00:00";"RS";290;171,2;"BUTIA";"Condutor Dormindo";"Colisão frontal";"Com Vítimas Feridas";"Pleno dia";"Crescente";"Céu Claro";"Simples";"Reta";"Não";2;0;0;1;1;0;1;2;-30,12581;-51,92056;"SR-RS";"DEL9/2";"UOP03/RS"
267940;2020-02-08;"sábado";"06:29:00";"DF";20;10;"BRASILIA";"Falta de Atenção à Condução";"Colisão lateral";"Com Vítimas Feridas";"Pleno dia";"Decrescente";"Garoa/Chuvisco";"Dupla";"Reta";"Sim";3;0;1;0;2;0;1;3;-15,65024;-47,77387;"SR-DF";"UOP01/DEL02/DF";""
267941;2020-02-08;"sábado";"03:40:00";"SC";282;472,9;"VARGEAO";"Ingestão de álcool e/ou substâncias psicoativas pelo pedestre";"Colisão lateral";"Com Vítimas Feridas";"Pleno dia";"Crescente";"Céu Claro";"Simples";"Reta";"Não";3;0;1;1;1;0;2;2;-26,86862;-52,13773;"SR-SC";"DEL7";"UOP01/SC"
267942;2020-02-08;"sábado";"05:25:00";"GO";60;98;"ANAPOLIS";"Ingestão de Álcool";"Saída de leito carroçável";"Sem Vítimas";"Amanhecer";"Crescente";"Chuva";"Dupla";"Reta";"Sim";1;0;0;0;1;0;0;1;-16,3846;-48,9541;"SR-GO";"DEL1/2";"UOP01/GO"
267943;2020-02-08;"sábado";"02:30:00";"PI";343;456,7;"SAO PEDRO DO PIAUI";"Objeto estático sobre o leito carroçável";"Colisão transversal";"Com Vítimas Feridas";"Plena Noite";"Crescente";"Céu Claro";"Simples";"Reta";"Não";5;0;1;1;3;0;2;2;-5,95983;-42,72741;"SR-PI";"UOP02";"DEL01"
267945;2020-02-07;"sexta-feira";"18:20:00";"GO";153;504;"GOIANIA";"Falta de Atenção à Condução";"Colisão traseira";"Sem Vítimas";"Anoitecer";"Decrescente";"Chuva";"Dupla";"Reta";"Sim";3;0;0;0;3;0;0;3;-16,7451;-49,2408;"SR-GO";"DEL1/1";"UOP01/GO"
267946;2020-02-08;"sábado";"04:45:00";"MS";267;430;"MARACAJU";"Falta de Atenção à Condução";"Saída de leito carroçável";"Com Vítimas Feridas";"Amanhecer";"Crescente";"Céu Claro";"Simples";"Reta";"Não";1;0;1;0;0;0;1;1;-21,53256;-55,7267;"SR-MS";"DEL3/5";"UOP01/MS"
267947;2020-02-08;"sábado";"06:40:00";"GO";20;55,7;"FORMOSA";"Falta de Atenção à Condução";"Colisão frontal";"Com Vítimas Fatais";"Amanhecer";"Decrescente";"Chuva";"Simples";"Reta";"Não";5;1;3;1;0;0;4;2;-15,28908;-47,15141;"SR-DF";"UOP01/DEL02/DF";""
267948;2020-02-08;"sábado";"06:40:00";"PR";277;722;"FOZ DO IGUACU";"Ingestão de Álcool";"Colisão lateral";"Com Vítimas Feridas";"Pleno dia";"Decrescente";"Céu Claro";"Dupla";"Reta";"Sim";7;0;2;0;4;1;2;2;-25,49566;-54,52085;"SR-PR";"DEL7/5";"UOP01/PR"
267949;2020-02-08;"sábado";"06:00:00";"MG";40;481,5;"SETE LAGOAS";"Falta de Atenção à Condução";"Capotamento";"Com Vítimas Feridas";"Amanhecer";"Crescente";"Céu Claro";"Dupla";"Curva";"Não";1;0;1;0;0;0;1;1;-19,55113;-44,24459;"SR-MG";"DEL4/2";"UOP01/MG"
267950;2020-02-08;"sábado";"06:45:00";"PE";232;8;"RECIFE";"Falta de Atenção à Condução";"Colisão traseira";"Sem Vítimas";"Pleno dia";"Decrescente";"Céu Claro";"Dupla";"Reta";"Não";2;0;0;0;2;0;0;2;-8,075837;-34,97016;"SR-PE";"DEL11/1";"UOP01/PE"
267951;2020-02-08;"sábado";"04:30:00";"BA";116;802,1;"VITORIA DA CONQUISTA";"Velocidade Incompatível";"Saída de leito carroçável";"Com Vítimas Feridas";"Plena Noite";"Crescente";"Garoa/Chuvisco";"Simples";"Reta";"Não";1;0;1;0;0;0;1;1;-14,7553;-40,68752;"SR-BA";"DEL10/8";"UOP01/BA"