"id";"data_inversa";"dia_semana";"horario";"uf";"br";"km";"municipio";"causa_acidente";"tipo_acidente";"classificacao_acidente";"fase_dia";"sentido_via";"condicao_metereologica";"tipo_pista";"tracado_via";"uso_solo";"pessoas";"mortos";"feridos_leves";"feridos_graves";"ilesos";"ignorados";"feridos";"veiculos";"latitude";"longitude";"regional";"delegacia";"uop"
267952;2020-02-08;"sábado";"05:19:00";"AC";317;256;"EPITACIOLANDIA";"Defeito na Via";"Tombamento";"Com Vítimas Feridas";"Amanhecer";"Crescente";"Nublado";"Simples";"Não Informado";"Não";1;0;1;0;0;0;1;1;-10,86251;-68,49198;"SR-AC";"UOP02/AC";""
267954;2020-02-08;"sábado";"07:30:00";"PR";376;181;"MARINGA";"Falta de Atenção à Condução";"Queda de ocupante de veículo";"Com Vítimas Feridas";"Pleno dia";"Decrescente";"Sol";"Dupla";"Reta";"Sim";2;0;2;0;0;0;2;1;-23,42864;-51,8928;"SR-PR";"DEL7/7";"UOP04/PR"
267955;2020-02-08;"sábado";"07:15:00";"CE";20;423;"FORTALEZA";"Defeito na Via";"Tombamento";"Com Vítimas Feridas";"Pleno dia";"Crescente";"Céu Claro";"Dupla";"Reta";"Não";1;0;1;0;0;0;1;1;-3,76999;-38,67006;"SR-CE";"DEL16/1";"UOP02/CE"
267956;2020-02-08;"sábado";"08:00:00";"RS";386;36,2;"FREDERICO WESTPHALEN";"Desobediência às normas de trânsito pelo condutor";"Colisão transversal";"Com Vítimas Feridas";"Pleno dia";"Crescente";"Sol";"Simples";"Reta";"Sim";2;0;1;0;1;0;1;2;-27,37338;-53,39772;"SR-RS";"DEL08";"UOP02/RS"
267957;2020-02-08;"sábado";"04:40:00";"MA";135;31;"BACABEIRA";"Desobediência às normas de trânsito pelo condutor";"Colisão traseira";"Com Vítimas Feridas";"Amanhecer";"Decrescente";"Chuva";"Simples";"Reta";"Não";7;0;5;1;1;0;6;2;-2,813078;-44,37432;"SR-MA";"UOP01";"DEL01"
267958;2020-02-08;"sábado";"06:35:00";"SE";101;96,9;"SAO CRISTOVAO";"Velocidade Incompatível";"Capotamento";"Sem Vítimas";"Pleno dia";"Decrescente";"Céu Claro";"Dupla";"Reta";"Não";1;0;0;0;0;1;0;1;-10,91774;-37,16729;"SR-SE";"DEL20/2";"UOP01/SE"
267959;2020-02-08;"sábado";"07:15:00";"GO";153;429;"ANAPOLIS";"Defeito na Via";"Capotamento";"Com Vítimas Feridas";"Pleno dia";"Crescente";"Chuva";"Dupla";"Não Informado";"Não";1;0;1;0;0;0;1;1;-16,24542;-49,0014;"SR-GO";"DEL1/2";"UOP01/GO"
267960;2020-02-08;"sábado";"08:30:00";"GO";70;315;"JUSSARA";"Velocidade Incompatível";"Saída de leito carroçável";"Com Vítimas Feridas";"Pleno dia";"Crescente";"Chuva";"Dupla";"Reta";"Sim";1;0;1;0;0;0;1;1;-15,87455;-50,86355;"SR-GO";"DEL1/4";"UOP01/GO"
267961;2020-02-08;"sábado";"05:30:00";"CE";116;5,7;"FORTALEZA";"Ingestão de Álcool";"Colisão com objeto estático";"Sem Vítimas";"Amanhecer";"Decrescente";"Garoa/Chuvisco";"Dupla";"Viaduto";"Sim";1;0;0;0;1;0;0;1;-3,798426;-38,50458;"SR-CE";"DEL16/1";"UOP02/CE"
267962;2020-02-08;"sábado";"08:45:00";"SC";101;413;"ARARANGUA";"Desobediência às normas de trânsito pelo condutor";"Colisão transversal";"Sem Vítimas";"Pleno dia";"Decrescente";"Céu Claro";"Simples";"Rotatória";"Sim";2;0;0;0;2;0;0;2;-28,94606;-49,50428;"SR-SC";"DEL8/2";"UOP02/SC"
267963;2020-02-08;"sábado";"07:30:00";"RS";290;26;"SANTO ANTONIO DA PATRULHA";"Desobediência às normas de trânsito pelo condutor";"Colisão lateral";"Sem Vítimas";"Pleno dia";"Decrescente";"Céu Claro";"Dupla";"Reta";"Não";2;0;0;0;2;0;0;2;-29,88013;-50,5143;"SR-RS";"UOP01";"DEL03"
267964;2020-02-08;"sábado";"07:55:00";"MT";364;240;"JUSCIMEIRA";"Defeito na Via";"Saída de leito carroçável";"Com Vítimas Feridas";"Pleno dia";"Crescente";"Sol";"Dupla";"Reta";"Não";5;0;2;0;3;0;2;1;-16,17914;-54,78905;"SR-MT";"DEL2/2";"UOP01/MT"
267965;2020-02-08;"sábado";"08:30:00";"RJ";116;173;"MESQUITA";"Ingestão de Álcool";"Colisão traseira";"Sem Vítimas";"Pleno dia";"Decrescente";"Céu Claro";"Múltipla";"Reta";"Não";2;0;0;0;2;0;0;2;-22,7981;-43,35727;"SR-RJ";"DEL5/1";"UOP02/RJ"
267966;2020-02-08;"sábado";"08:45:00";"SP";116;273;"TABOAO DA SERRA";"Falta de Atenção à Condução";"Engavetamento";"Com Vítimas Feridas";"Pleno dia";"Decrescente";"Céu Claro";"Dupla";"Reta";"Sim";5;0;2;0;3;0;2;3;-23,6281;-46,8187;"SR-SP";"DEL6/4";"UOP01/SP"
267967;2020-02-08;"sábado";"08:15:00";"PR";376;502;"PONTA GROSSA";"Ingestão de Álcool";"Colisão traseira";"Sem Vítimas";"Pleno dia";"Crescente";"Sol";"Dupla";"Não Informado";"Sim";3;0;0;0;2;1;0;2;-25,21605;-50,05798;"SR-PR";"DEL7/3";"UOP03/PR"
267968;2020-02-08;"sábado";"07:00:00";"BA";242;862;"BARREIRAS";"Falta de Atenção à Condução";"Atropelamento de Pedestre";"Com Vítimas Fatais";"Amanhecer";"Crescente";"Ignorado";"Simples";"Reta";"Não";2;1;0;0;0;1;0;1;-12,0932;-45,39732;"SR-BA";"DEL10/10";"UOP01/BA"
267969;2020-02-08;"sábado";"09:30:00";"CE";222;5;"CAUCAIA";"Falta de Atenção à Condução";"Colisão lateral";"Com Vítimas Feridas";"Pleno dia";"Crescente";"Sol";"Múltipla";"Reta";"Sim";2;0;1;0;1;0;1;2;-3,742969;-38,61331;"SR-CE";"DEL16/1";"UOP01/CE"
267970;2020-02-08;"sábado";"08:40:00";"RJ";101;294;"ITABORAI";"Não guardar distância de segurança";"Tombamento";"Com Vítimas Feridas";"Pleno dia";"Decrescente";"Céu Claro";"Dupla";"Reta";"Sim";1;0;1;0;0;0;1;1;-22,75844;-42,89502;"SR-RJ";"DEL5/2";"UOP02/RJ"
267971;2020-02-08;"sábado";"09:15:00";"SP";116;43,1;"CANAS";"Condutor Dormindo";"Saída de leito carroçável";"Com Vítimas Feridas";"Pleno dia";"Crescente";"Céu Claro";"Dupla";"Reta";"Não";1;0;1;0;0;0;1;1;-22,69797;-45,03103;"SR-SP";"UOP01";"DEL08"
267972;2020-02-08;"sábado";"08:00:00";"SP";153;58;"SAO JOSE DO RIO PRETO";"Falta de Atenção à Condução";"Colisão traseira";"Sem Vítimas";"Pleno dia";"Crescente";"Céu Claro";"Simples";"Reta";"Sim";2;0;0;0;1;1;0;2;-20,77838;-49,35301;"SR-SP";"UOP01";"DEL09"
267974;2020-02-08;"sábado";"09:20:00";"BA";324;514;"FEIRA DE SANTANA";"Desobediência às normas de trânsito pelo condutor";"Colisão transversal";"Com Vítimas Feridas";"Pleno dia";"Crescente";"Céu Claro";"Simples";"Reta";"Sim";2;0;1;0;1;0;1;2;-12,23229;-38,95215;"SR-BA";"DEL10/2";"UOP01/BA"
267975;2020-02-08;"sábado";"10:15:00";"PB";230;15,2;"JOAO PESSOA";"Não guardar distância de segurança";"Colisão traseira";"Com Vítimas Feridas";"Pleno dia";"Decrescente";"Céu Claro";"Dupla";"Desvio Temporário";"Sim";3;0;2;0;1;0;2;2;-7,093;-34,8482;"SR-PB";"DEL14/1";"UOP01/PB"
267976;2020-02-08;"sábado";"08:30:00";"ES";262;110,9;"VENDA NOVA DO IMIGRANTE";"Falta de Atenção à Condução";"Colisão transversal";"Com Vítimas Feridas";"Pleno dia";"Decrescente";"Céu Claro";"Simples";"Não Informado";"Sim";2;0;0;1;1;0;1;2;-20,33643;-41,18082;"SR-ES";"DEL12/1";"UOP02/ES"
267977;2020-02-08;"sábado";"10:40:00";"ES";101;142;"LINHARES";"Pista Escorregadia";"Queda de ocupante de veículo";"Com Vítimas Feridas";"Pleno dia";"Decrescente";"Céu Claro";"Dupla";"Reta";"Sim";1;0;1;0;0;0;1;1;-19,33459;-40,06755;"SR-ES";"DEL12/4";"UOP01/ES"
267978;2020-02-08;"sábado";"10:50:00";"SC";470;154,3;"AGRONOMICA";"Não guardar distância de segurança";"Colisão traseira";"Com Vítimas Feridas";"Pleno dia";"Crescente";"Chuva";"Simples";"Curva";"Não";4;0;2;2;0;0;4;2;-27,27541;-49,74299;"SR-SC";"DEL8/4";"UOP02/SC"
267979;2020-02-08;"sábado";"03:20:00";"CE";20;190,9;"BOA VIAGEM";"Animais na Pista";"Colisão com objeto estático";"Com Vítimas Fatais";"Plena Noite";"Decrescente";"Céu Claro";"Simples";"Reta";"Não";1;1;0;0;0;0;0;1;-5,213695;-39,79957;"SR-CE";"DEL16/2";"UOP02/CE"
267980;2020-02-08;"sábado";"03:30:00";"CE";20;190,8;"BOA VIAGEM";"Animais na Pista";"Colisão com objeto estático";"Sem Vítimas";"Plena Noite";"Decrescente";"Céu Claro";"Simples";"Reta";"Não";1;0;0;0;1;0;0;1;-5,213917;-39,79974;"SR-CE";"DEL16/2";"UOP02/CE"
267981;2020-02-08;"sábado";"10:40:00";"MG";262;195,9;"JOAO MONLEVADE";"Desobediência às normas de trânsito pelo condutor";"Colisão lateral";"Com Vítimas Feridas";"Pleno dia";"Crescente";"Céu Claro";"Simples";"Interseção de vias";"Não";2;0;1;0;1;0;1;2;-19,86091;-43,11663;"SR-MG";"DEL4/3";"UOP01/MG"
267982;2020-02-08;"sábado";"10:45:00";"PR";116;43,2;"CAMPINA GRANDE DO SUL";"Falta de Atenção à Condução";"Queda de ocupante de veículo";"Com Vítimas Feridas";"Pleno dia";"Decrescente";"Céu Claro";"Dupla";"Curva";"Não";1;0;1;0;0;0;1;1;-25,18101;-48,88196;"SR-PR";"DEL7/1";"UOP02/PR"
267983;2020-02-08;"sábado";"10:30:00";"GO";153;218,1;"URUACU";"Defeito na Via";"Saída de leito carroçável";"Com Vítimas Feridas";"Pleno dia";"Crescente";"Chuva";"Simples";"Não Informado";"Não";3;0;1;0;2;0;1;1;-14,67266;-49,20064;"SR-GO";"DEL1/7";"UOP01/GO"
267984;2020-02-08;"sábado";"04:50:00";"GO";153;577;"PROFESSOR JAMIL";"Defeito na Via";"Saída de leito carroçável";"Sem Vítimas";"Amanhecer";"Decrescente";"Chuva";"Dupla";"Reta";"Não";1;0;0;0;1;0;0;1;-17,362;-49,2477;"SR-GO";"DEL1/3";"UOP01/GO"
267985;2020-02-08;"sábado";"10:50:00";"MG";381;695;"LAVRAS";"Falta de Atenção à Condução";"Colisão traseira";"Com Vítimas Feridas";"Pleno dia";"Decrescente";"Ignorado";"Dupla";"Curva";"Não";2;0;1;0;1;0;1;2;-21,2764;-45,13914;"SR-MG";"DEL4/4";"UOP02/MG"
267986;2020-02-08;"sábado";"10:25:00";"RJ";465;19;"SEROPEDICA";"Desobediência às normas de trânsito pelo condutor";"Colisão transversal";"Com Vítimas Feridas";"Pleno dia";"Crescente";"Céu Claro";"Simples";"Reta";"Sim";3;0;2;0;1;0;2;2;-22,83918;-43,61045;"SR-RJ";"DEL5/1";"UOP03/RJ"
267987;2020-02-08;"sábado";"12:00:00";"PR";373;172;"PONTA GROSSA";"Falta de Atenção à Condução";"Engavetamento";"Com Vítimas Feridas";"Pleno dia";"Decrescente";"Céu Claro";"Múltipla";"Reta";"Sim";5;0;2;0;3;0;2;4;-25,0814;-50,19201;"SR-PR";"DEL7/3";"UOP01/PR"
267989;2020-02-08;"sábado";"12:25:00";"MG";40;52;"PARACATU";"Condutor Dormindo";"Saída de leito carroçável";"Com Vítimas Feridas";"Pleno dia";"Decrescente";"Nublado";"Simples";"Reta";"Não";1;0;1;0;0;0;1;1;-17,25178;-46,78868;"SR-MG";"DEL4/14";"UOP01/MG"
267990;2020-02-08;"sábado";"12:55:00";"SP";116;278;"EMBU DAS ARTES";"Falta de Atenção à Condução";"Saída de leito carroçável";"Com Vítimas Feridas";"Pleno dia";"Decrescente";"Sol";"Dupla";"Curva";"Sim";2;0;2;0;0;0;2;1;-23,65508;-46,84919;"SR-SP";"DEL6/4";"UOP01/SP"
267993;2020-02-04;"terça-feira";"16:00:00";"SC";101;203,9;"SAO JOSE";"Falta de Atenção à Condução";"Colisão transversal";"Sem Vítimas";"Pleno dia";"Decrescente";"Chuva";"Dupla";"Interseção de vias";"Sim";2;0;0;0;2;0;0;2;-27,57225;-48,61342;"SR-SC";"DEL8/1";"UOP01/SC"
267994;2020-02-08;"sábado";"12:25:00";"GO";20;158;"ALVORADA DO NORTE";"Falta de Atenção à Condução";"Capotamento";"Com Vítimas Feridas";"Pleno dia";"Crescente";"Chuva";"Simples";"Reta";"Não";2;0;2;0;0;0;2;1;-14,63262;-46,62237;"SR-DF";"UOP02/DEL02/DF";""
267995;2020-02-08;"sábado";"13:20:00";"SP";116;230,6;"SAO PAULO";"Defeito Mecânico no Veículo";"Queda de ocupante de veículo";"Com Vítimas Feridas";"Pleno dia";"Crescente";"Céu Claro";"Simples";"Reta";"Não";1;0;1;0;0;0;1;1;-23,52785;-46,58982;"SR-SP";"DEL6/1";"UOP01/SP"
267996;2020-02-04;"terça-feira";"20:15:00";"MS";262;109,5;"AGUA CLARA";"Pista Escorregadia";"Saída de leito carroçável";"Com Vítimas Feridas";"Plena Noite";"Crescente";"Chuva";"Simples";"Reta";"Não";3;0;3;0;0;0;3;1;-20,53532;-52,57249;"SR-MS";"DEL3/7";"UOP02/MS"
267997;2020-02-08;"sábado";"13:15:00";"RS";116;521;"PELOTAS";"Desobediência às normas de trânsito pelo condutor";"Colisão transversal";"Com Vítimas Feridas";"Pleno dia";"Crescente";"Céu Claro";"Dupla";"Rotatória";"Sim";3;0;1;1;1;0;2;2;-31,70752;-52,36801;"SR-RS";"DEL9/7";"UOP01/RS"
267998;2020-02-08;"sábado";"10:30:00";"MG";116;558,2;"MANHUACU";"Velocidade Incompatível";"Saída de leito carroçável";"Com Vítimas Feridas";"Pleno dia";"Decrescente";"Céu Claro";"Simples";"Curva";"Não";3;0;2;0;1;0;2;1;-20,01158;-42,16081;"SR-MG";"DEL4/6";"UOP04/MG"
268000;2020-02-08;"sábado";"12:05:00";"RJ";40;56;"PETROPOLIS";"Desobediência às normas de trânsito pelo condutor";"Colisão transversal";"Com Vítimas Feridas";"Pleno dia";"Decrescente";"Céu Claro";"Dupla";"Retorno Regulamentado";"Não";5;0;3;0;2;0;3;2;-22,36182;-43,12634;"SR-RJ";"DEL5/6";"UOP01/RJ"
268001;2020-02-08;"sábado";"14:10:00";"PR";369;187,8;"ARAPONGAS";"Desobediência às normas de trânsito pelo condutor";"Colisão frontal";"Com Vítimas Feridas";"Pleno dia";"Crescente";"Céu Claro";"Simples";"Reta";"Sim";2;0;1;0;1;0;1;2;-23,43033;-51,42273;"SR-PR";"DEL7/7";"UOP03/PR"
268002;2020-02-08;"sábado";"12:40:00";"SC";470;99,7;"APIUNA";"Não guardar distância de segurança";"Colisão traseira";"Com Vítimas Feridas";"Pleno dia";"Decrescente";"Nublado";"Simples";"Reta";"Não";7;0;4;0;3;0;4;4;-27,03796;-49,39342;"SR-SC";"DEL8/4";"UOP01/SC"
268003;2020-02-08;"sábado";"12:55:00";"GO";20;189;"SIMOLANDIA";"Falta de Atenção à Condução";"Saída de leito carroçável";"Com Vítimas Feridas";"Pleno dia";"Crescente";"Chuva";"Simples";"Reta";"Não";3;0;1;0;2;0;1;1;-14,40825;-46,45252;"SR-DF";"UOP02/DEL02/DF";""
268004;2020-02-08;"sábado";"08:30:00";"SC";282;503,8;"XANXERE";"Velocidade Incompatível";"Saída de leito carroçável";"Com Vítimas Feridas";"Pleno dia";"Decrescente";"Céu Claro";"Dupla";"Curva";"Sim";2;0;1;0;1;0;1;1;-26,88492;-52,39979;"SR-SC";"DEL7";"UOP01/SC"
268005;2020-02-08;"sábado";"14:00:00";"SP";101;31,1;"UBATUBA";"Defeito Mecânico no Veículo";"Incêndio";"Sem Vítimas";"Pleno dia";"Decrescente";"Céu Claro";"Simples";"Reta";"Não";1;0;0;0;1;0;0;1;-23,3863;-44,97747;"SR-SP";"DEL6";"UOP03/SP"
268006;2020-02-08;"sábado";"13:30:00";"BA";324;624;"SALVADOR";"Falta de Atenção à Condução";"Colisão traseira";"Com Vítimas Feridas";"Pleno dia";"Crescente";"Céu Claro";"Múltipla";"Curva";"Sim";2;0;1;0;1;0;1;2;-12,93384;-38,47191;"SR-BA";"DEL10/1";"UOP01/BA"
268007;2020-02-08;"sábado";"12:00:00";"GO";40;98;"CRISTALINA";"Velocidade Incompatível";"Saída de leito carroçável";"Sem Vítimas";"Pleno dia";"Decrescente";"Chuva";"Simples";"Reta";"Não";1;0;0;0;0;1;0;1;-16,77163;-47,58986;"SR-DF";"UOP02/DF";""
268008;2020-02-08;"sábado";"11:00:00";"GO";50;119;"CRISTALINA";"Velocidade Incompatível";"Saída de leito carroçável";"Com Vítimas Feridas";"Pleno dia";"Decrescente";"Chuva";"Dupla";"Curva";"Não";1;0;1;0;0;0;1;1;-16,92626;-47,70576;"SR-DF";"UOP02/DF";""
268009;2020-02-08;"sábado";"13:25:00";"RO";364;242;"CACOAL";"Desobediência às normas de trânsito pelo condutor";"Queda de ocupante de veículo";"Com Vítimas Feridas";"Pleno dia";"Decrescente";"Nublado";"Simples";"Interseção de vias";"Sim";2;0;1;0;0;1;1;2;-11,44085;-61,48768;"SR-RO";"DEL21/2";"UOP02/RO"
268011;2020-02-08;"sábado";"14:00:00";"ES";101;295,2;"CARIACICA";"Falta de Atenção à Condução";"Colisão transversal";"Com Vítimas Feridas";"Pleno dia";"Decrescente";"Céu Claro";"Múltipla";"Interseção de vias";"Sim";2;0;1;0;1;0;1;2;-20,33224;-40,40005;"SR-ES";"DEL12/1";"UOP01/ES"
268012;2020-02-08;"sábado";"13:50:00";"BA";101;301;"VALENCA";"Desobediência às normas de trânsito pelo condutor";"Colisão frontal";"Com Vítimas Fatais";"Pleno dia";"Crescente";"Chuva";"Simples";"Reta";"Não";2;1;0;0;1;0;0;2;-13,28758;-39,32562;"SR-BA";"DEL10/1";"UOP02/BA"
268013;2020-02-08;"sábado";"15:15:00";"RJ";101;432;"MANGARATIBA";"Velocidade Incompatível";"Tombamento";"Com Vítimas Feridas";"Pleno dia";"Crescente";"Céu Claro";"Simples";"Curva";"Não";2;0;0;2;0;0;2;1;-22,93437;-44,02919;"SR-RJ";"DEL5/3";"UOP01/RJ"
268014;2020-02-08;"sábado";"14:40:00";"PR";116;147;"MANDIRITUBA";"Ultrapassagem Indevida";"Saída de leito carroçável";"Sem Vítimas";"Pleno dia";"Decrescente";"Sol";"Simples";"Não Informado";"Não";2;0;0;0;2;0;0;2;-25,79054;-49,32744;"SR-PR";"DEL7/1";"UOP03/PR"
268015;2020-02-08;"sábado";"14:50:00";"PR";277;655,8;"MATELANDIA";"Ingestão de Álcool";"Colisão frontal";"Com Vítimas Feridas";"Pleno dia";"Crescente";"Nublado";"Dupla";"Reta";"Não";4;0;0;3;1;0;3;2;-25,23079;-53,95279;"SR-PR";"DEL7/5";"UOP02/PR"
268016;2020-02-08;"sábado";"15:15:00";"SC";101;140,9;"BALNEARIO CAMBORIU";"Não guardar distância de segurança";"Colisão traseira";"Com Vítimas Feridas";"Pleno dia";"Decrescente";"Nublado";"Dupla";"Reta";"Não";3;0;1;0;2;0;1;3;-27,03881;-48,60025;"SR-SC";"DEL8/4";"UOP03/SC"
268017;2020-02-08;"sábado";"13:55:00";"RJ";116;142;"DUQUE DE CAXIAS";"Falta de Atenção à Condução";"Colisão traseira";"Com Vítimas Fatais";"Pleno dia";"Crescente";"Céu Claro";"Dupla";"Reta";"Sim";3;1;0;1;1;0;1;2;-22,64876;-43,23032;"SR-RJ";"DEL5/4";"UOP02/RJ"
268019;2020-02-08;"sábado";"14:50:00";"SP";381;44,4;"ATIBAIA";"Falta de Atenção à Condução";"Saída de leito carroçável";"Com Vítimas Feridas";"Pleno dia";"Decrescente";"Nublado";"Dupla";"Reta";"Sim";3;0;3;0;0;0;3;1;-23,16459;-46,57419;"SR-SP";"DEL6/3";"UOP02/SP"
268020;2020-02-08;"sábado";"15:40:00";"RN";110;49,3;"MOSSORO";"Ingestão de Álcool";"Colisão traseira";"Com Vítimas Feridas";"Pleno dia";"Decrescente";"Sol";"Dupla";"Interseção de vias";"Sim";3;0;3;0;0;0;3;2;-5,21646;-37,32927;"SR-RN";"DEL15/4";"UOP01/RN"
268021;2020-02-08;"sábado";"10:00:00";"MA";402;45;"MORROS";"Defeito Mecânico no Veículo";"Capotamento";"Com Vítimas Feridas";"Pleno dia";"Crescente";"Céu Claro";"Simples";"Reta";"Não";2;0;0;1;0;1;1;1;-2,854461;-43,99038;"SR-MA";"DEL18/1";"UOP01/MA"
268022;2020-02-08;"sábado";"13:45:00";"PR";476;122;"CURITIBA";"Falta de Atenção à Condução";"Colisão lateral";"Sem Vítimas";"Pleno dia";"Crescente";"Nublado";"Dupla";"Reta";"Sim";2;0;0;0;1;1;0;2;-25,39349;-49,21005;"SR-PR";"DEL7/1";"UOP06/PR"
268024;2020-02-08;"sábado";"14:00:00";"SP";116;392;"MIRACATU";"Desobediência às normas de trânsito pelo pedestre";"Atropelamento de Pedestre";"Com Vítimas Feridas";"Pleno dia";"Crescente";"Chuva";"Dupla";"Reta";"Não";2;0;1;0;1;0;1;1;-24,28236;-47,43303;"SR-SP";"DEL6/4";"UOP03/SP"
268025;2020-02-08;"sábado";"12:00:00";"BA";101;51;"ENTRE RIOS";"Falta de Atenção à Condução";"Danos eventuais";"Sem Vítimas";"Pleno dia";"Decrescente";"Céu Claro";"Simples";"Reta";"Não";1;0;0;0;1;0;0;1;-11,92235;-38,04889;"SR-BA";"DEL10/1";"UOP04/BA"
268026;2020-02-08;"sábado";"14:50:00";"RJ";40;120,3;"DUQUE DE CAXIAS";"Avarias e/ou desgaste excessivo no pneu";"Queda de ocupante de veículo";"Com Vítimas Feridas";"Pleno dia";"Decrescente";"Céu Claro";"Múltipla";"Reta";"Sim";1;0;1;0;0;0;1;1;-22,77281;-43,28627;"SR-RJ";"DEL5/1";"UOP01/RJ"
268027;2020-02-08;"sábado";"15:40:00";"PR";376;494,8;"PONTA GROSSA";"Condutor Dormindo";"Colisão traseira";"Com Vítimas Feridas";"Pleno dia";"Crescente";"Sol";"Dupla";"Não Informado";"Sim";2;0;1;0;1;0;1;2;-25,16567;-50,11641;"SR-PR";"DEL7/3";"UOP03/PR"
268028;2020-02-08;"sábado";"15:00:00";"MG";381;4;"BETIM";"Condutor Dormindo";"Colisão lateral";"Com Vítimas Feridas";"Pleno dia";"Decrescente";"Nublado";"Dupla";"Curva";"Não";3;0;2;0;1;0;2;2;-19,96825;-44,19871;"SR-MG";"DEL4/1";"UOP03/MG"
268029;2020-02-08;"sábado";"16:20:00";"RS";158;198,8;"CRUZ ALTA";"Defeito Mecânico no Veículo";"Saída de leito carroçável";"Sem Vítimas";"Pleno dia";"Crescente";"Garoa/Chuvisco";"Simples";"Interseção de vias";"Não";2;0;0;0;2;0;0;1;-28,6687;-53,59154;"SR-RS";"DEL9/10";"UOP02/RS"
268030;2020-02-08;"sábado";"14:00:00";"BA";235;355;"JUAZEIRO";"Não guardar distância de segurança";"Colisão transversal";"Com Vítimas Feridas";"Pleno dia";"Decrescente";"Céu Claro";"Simples";"Reta";"Sim";2;0;1;0;1;0;1;2;-9,439706;-40,49601;"SR-BA";"DEL10/4";"UOP01/BA"
268032;2020-02-08;"sábado";"13:00:00";"RS";290;46;"GLORINHA";"Falta de Atenção à Condução";"Saída de leito carroçável";"Com Vítimas Feridas";"Pleno dia";"Crescente";"Céu Claro";"Múltipla";"Reta";"Não";1;0;1;0;0;0;1;1;-29,89018;-50,70386;"SR-RS";"DEL9/3";"UOP01/RS"
268033;2020-02-08;"sábado";"16:40:00";"BA";407;5;"JUAZEIRO";"Ingestão de Álcool";"Colisão traseira";"Com Vítimas Feridas";"Pleno dia";"Crescente";"Céu Claro";"Simples";"Rotatória";"Sim";3;0;0;1;2;0;1;2;-9,449;-40,49025;"SR-BA";"DEL10/4";"UOP01/BA"
268034;2020-02-08;"sábado";"10:00:00";"RJ";116;114;"MAGE";"Desobediência às normas de trânsito pelo condutor";"Queda de ocupante de veículo";"Com Vítimas Feridas";"Pleno dia";"Crescente";"Céu Claro";"Simples";"Reta";"Não";2;0;0;1;0;1;1;2;-22,5801;-43,0115;"SR-RJ";"DEL5/4";"UOP02/RJ"
268036;2020-02-08;"sábado";"13:25:00";"MG";146;603,5;"POCOS DE CALDAS";"Velocidade Incompatível";"Saída de leito carroçável";"Com Vítimas Feridas";"Pleno dia";"Decrescente";"Chuva";"Simples";"Curva";"Não";1;0;1;0;0;0;1;1;-21,78989;-46,4425;"SR-MG";"DEL09";"UOP04/MG"
268037;2020-02-08;"sábado";"17:15:00";"SP";101;49,4;"UBATUBA";"Falta de Atenção à Condução";"Colisão transversal";"Com Vítimas Feridas";"Pleno dia";"Crescente";"Céu Claro";"Simples";"Reta";"Sim";3;0;1;0;2;0;1;2;-23,44651;-45,08137;"SR-SP";"DEL6";"UOP03/SP"
268038;2020-02-08;"sábado";"16:01:00";"GO";153;577;"PROFESSOR JAMIL";"Não guardar distância de segurança";"Colisão traseira";"Com Vítimas Feridas";"Pleno dia";"Crescente";"Céu Claro";"Dupla";"Não Informado";"Não";4;0;1;0;3;0;1;3;-17,362;-49,2477;"SR-GO";"DEL1/3";"UOP01/GO"
268039;2020-02-08;"sábado";"16:30:00";"RS";285;208,5;"LAGOA VERMELHA";"Falta de Atenção à Condução";"Colisão transversal";"Com Vítimas Feridas";"Pleno dia";"Decrescente";"Céu Claro";"Simples";"Interseção de vias";"Não";8;0;1;2;5;0;3;2;-28,22011;-51,58871;"SR-RS";"DEL08";"UOP05/RS"
268040;2020-02-08;"sábado";"17:05:00";"SC";101;116;"ITAJAI";"Falta de Atenção à Condução";"Colisão com objeto estático";"Com Vítimas Feridas";"Pleno dia";"Decrescente";"Céu Claro";"Dupla";"Reta";"Não";2;0;1;0;0;1;1;2;-26,87906;-48,72604;"SR-SC";"DEL8/4";"UOP04/SC"
268041;2020-02-08;"sábado";"15:40:00";"AC";364;137;"RIO BRANCO";"Falta de Atenção à Condução";"Colisão transversal";"Com Vítimas Feridas";"Pleno dia";"Crescente";"Sol";"Dupla";"Rotatória";"Não";3;0;1;0;2;0;1;2;-9,969354;-67,85265;"SR-AC";"UOP01/AC";""
268042;2020-02-08;"sábado";"18:15:00";"SP";381;79;"SAO PAULO";"Velocidade Incompatível";"Queda de ocupante de veículo";"Com Vítimas Feridas";"Anoitecer";"Crescente";"Céu Claro";"Dupla";"Curva";"Sim";1;0;0;1;0;0;1;1;-23,4032;-46,57565;"SR-SP";"DEL6/3";"UOP02/SP"
268043;2020-02-08;"sábado";"16:45:00";"MA";10;251;"IMPERATRIZ";"Não guardar distância de segurança";"Colisão lateral";"Com Vítimas Feridas";"Anoitecer";"Crescente";"Nublado";"Simples";"Reta";"Sim";4;0;0;2;0;2;2;2;-5,543249;-47,46445;"SR-MA";"DEL18/4";"UOP01/MA"
268044;2020-02-05;"quarta-feira";"18:00:00";"SC";282;202,9;"LAGES";"Velocidade Incompatível";"Saída de leito carroçável";"Com Vítimas Feridas";"Pleno dia";"Crescente";"Chuva";"Simples";"Reta";"Não";2;0;1;0;1;0;1;1;-27,76339;-50,15287;"SR-SC";"DEL8/5";"UOP01/SC"
268045;2020-02-08;"sábado";"14:50:00";"SC";280;82,1;"CORUPA";"Falta de Atenção à Condução";"Colisão traseira";"Com Vítimas Feridas";"Pleno dia";"Crescente";"Sol";"Simples";"Não Informado";"Sim";4;0;3;0;1;0;3;2;-26,44009;-49,22605;"SR-SC";"DEL8/6";"UOP03/SC"