"id";"data_inversa";"dia_semana";"horario";"uf";"br";"km";"municipio";"causa_acidente";"tipo_acidente";"classificacao_acidente";"fase_dia";"sentido_via";"condicao_metereologica";"tipo_pista";"tracado_via";"uso_solo";"pessoas";"mortos";"feridos_leves";"feridos_graves";"ilesos";"ignorados";"feridos";"veiculos";"latitude";"longitude";"regional";"delegacia";"uop"
268046;2020-02-08;"sábado";"17:30:00";"SC";101;137;"BALNEARIO CAMBORIU";"Falta de Atenção à Condução";"Colisão com objeto em movimento";"Sem Vítimas";"Anoitecer";"Decrescente";"Nublado";"Múltipla";"Reta";"Sim";3;0;0;0;3;0;0;3;-27,01572;-48,61193;"SR-SC";"DEL8/4";"UOP03/SC"
268047;2020-02-08;"sábado";"18:24:00";"PR";116;18;"CAMPINA GRANDE DO SUL";"Falta de Atenção à Condução";"Colisão com objeto estático";"Com Vítimas Feridas";"Anoitecer";"Crescente";"Garoa/Chuvisco";"Dupla";"Curva";"Não";3;0;2;0;1;0;2;1;-25,10397;-48,71079;"SR-PR";"DEL7/1";"UOP02/PR"
268048;2020-02-08;"sábado";"18:30:00";"DF";70;14,8;"BRASILIA";"Desobediência às normas de trânsito pelo condutor";"Queda de ocupante de veículo";"Com Vítimas Feridas";"Anoitecer";"Decrescente";"Céu Claro";"Dupla";"Curva";"Sim";5;0;4;0;1;0;4;1;-15,79739;-48,17547;"SR-DF";"UOP06/DF";""
268049;2020-02-08;"sábado";"15:45:00";"RJ";465;19,8;"NOVA IGUACU";"Desobediência às normas de trânsito pelo condutor";"Colisão lateral";"Com Vítimas Fatais";"Pleno dia";"Decrescente";"Céu Claro";"Simples";"Reta";"Sim";4;2;0;0;2;0;0;3;-22,83918;-43,61045;"SR-RJ";"DEL5/1";"UOP03/RJ"
268052;2020-02-08;"sábado";"17:25:00";"PE";428;184,9;"PETROLINA";"Falta de Atenção à Condução";"Colisão transversal";"Com Vítimas Feridas";"Anoitecer";"Crescente";"Nublado";"Simples";"Reta";"Sim";2;0;2;0;0;0;2;2;-9,332112;-40,46621;"SR-PE";"DEL11/6";"UOP01/PE"
268053;2020-02-08;"sábado";"19:00:00";"PB";427;37,6;"POMBAL";"Desobediência às normas de trânsito pelo condutor";"Colisão transversal";"Com Vítimas Feridas";"Plena Noite";"Decrescente";"Nublado";"Simples";"Reta";"Sim";4;0;1;0;0;3;1;2;-6,764051;-37,7891;"SR-PB";"DEL14/3";"UOP02/PB"
268054;2020-02-08;"sábado";"18:30:00";"SP";116;225;"GUARULHOS";"Não guardar distância de segurança";"Tombamento";"Com Vítimas Feridas";"Anoitecer";"Decrescente";"Céu Claro";"Múltipla";"Reta";"Sim";2;0;1;0;0;1;1;2;-23,48587;-46,54075;"SR-SP";"DEL6/1";"UOP01/SP"
268055;2020-02-08;"sábado";"19:05:00";"SP";116;200;"ARUJA";"Falta de Atenção à Condução";"Colisão lateral";"Com Vítimas Feridas";"Plena Noite";"Decrescente";"Céu Claro";"Dupla";"Reta";"Sim";4;0;1;0;3;0;1;2;-23,40273;-46,32282;"SR-SP";"DEL6/1";"UOP01/SP"
268056;2020-02-08;"sábado";"18:45:00";"RN";101;146,8;"GOIANINHA";"Falta de Atenção à Condução";"Colisão frontal";"Com Vítimas Feridas";"Plena Noite";"Crescente";"Céu Claro";"Dupla";"Interseção de vias";"Sim";2;0;1;0;1;0;1;2;-6,262554;-35,21147;"SR-RN";"DEL15/1";"UOP01/RN"
268057;2020-02-08;"sábado";"18:50:00";"RJ";116;294;"PORTO REAL";"Falta de Atenção à Condução";"Colisão lateral";"Com Vítimas Feridas";"Plena Noite";"Decrescente";"Céu Claro";"Dupla";"Reta";"Não";2;0;1;0;1;0;1;2;-22,45429;-44,30084;"SR-RJ";"DEL5/7";"UOP02/RJ"
268058;2020-02-08;"sábado";"12:30:00";"SP";381;68,8;"MAIRIPORA";"Desobediência às normas de trânsito pelo condutor";"Danos eventuais";"Sem Vítimas";"Pleno dia";"Crescente";"Céu Claro";"Simples";"Curva";"Não";3;0;0;0;0;3;0;2;-23,34498;-46,56998;"SR-SP";"DEL6/3";"UOP02/SP"
268059;2020-02-08;"sábado";"19:00:00";"PA";10;346;"SANTA MARIA DO PARA";"Velocidade Incompatível";"Saída de leito carroçável";"Com Vítimas Feridas";"Plena Noite";"Crescente";"Garoa/Chuvisco";"Simples";"Reta";"Não";2;0;2;0;0;0;2;1;-1,416206;-47,55292;"SR-PA";"DEL19/1";"UOP02/PA"
268060;2020-02-08;"sábado";"19:00:00";"DF";40;3,5;"BRASILIA";"Defeito Mecânico no Veículo";"Queda de ocupante de veículo";"Com Vítimas Feridas";"Plena Noite";"Decrescente";"Chuva";"Dupla";"Reta";"Sim";2;0;1;0;1;0;1;1;-16,00314;-47,98394;"SR-DF";"UOP01/DF";""
268061;2020-02-08;"sábado";"19:20:00";"SC";101;216,5;"PALHOCA";"Falta de Atenção à Condução";"Colisão traseira";"Sem Vítimas";"Plena Noite";"Crescente";"Nublado";"Simples";"Interseção de vias";"Sim";2;0;0;0;2;0;0;2;-27,65981;-48,67748;"SR-SC";"DEL8/1";"UOP02/SC"
268062;2020-02-08;"sábado";"17:40:00";"SC";470;327,1;"CAMPOS NOVOS";"Falta de Atenção à Condução";"Colisão transversal";"Com Vítimas Fatais";"Pleno dia";"Crescente";"Céu Claro";"Simples";"Reta";"Não";4;1;1;1;1;0;2;2;-27,46564;-51,26857;"SR-SC";"DEL7";"UOP08/SC"
268063;2020-02-08;"sábado";"18:30:00";"MS";262;772,2;"CORUMBA";"Falta de Atenção à Condução";"Colisão traseira";"Com Vítimas Fatais";"Plena Noite";"Crescente";"Céu Claro";"Simples";"Reta";"Sim";2;1;0;0;0;1;0;2;-19,04112;-57,64158;"SR-MS";"OMT/MS";""
268064;2020-02-08;"sábado";"19:35:00";"MG";40;638,1;"CONSELHEIRO LAFAIETE";"Desobediência às normas de trânsito pelo condutor";"Colisão transversal";"Com Vítimas Feridas";"Plena Noite";"Crescente";"Chuva";"Simples";"Reta";"Não";6;0;3;1;2;0;4;2;-20,72342;-43,80027;"SR-MG";"DEL5";"UOP02/MG"
268065;2020-02-08;"sábado";"19:50:00";"MG";262;444,2;"NOVA SERRANA";"Velocidade Incompatível";"Colisão traseira";"Com Vítimas Fatais";"Plena Noite";"Decrescente";"Céu Claro";"Dupla";"Reta";"Sim";2;1;0;0;0;1;0;2;-19,88113;-44,9315;"SR-MG";"DEL4/8";"UOP03/MG"
268066;2020-02-08;"sábado";"19:00:00";"MG";381;945,8;"EXTREMA";"Falta de Atenção à Condução";"Colisão traseira";"Com Vítimas Feridas";"Anoitecer";"Crescente";"Céu Claro";"Dupla";"Curva";"Não";2;0;1;0;0;1;1;2;-22,85894;-46,33882;"SR-MG";"DEL09";"UOP03/MG"
268067;2020-02-08;"sábado";"20:15:00";"CE";116;40;"HORIZONTE";"Ingestão de Álcool";"Colisão lateral";"Com Vítimas Feridas";"Plena Noite";"Decrescente";"Céu Claro";"Dupla";"Não Informado";"Sim";3;0;1;0;2;0;1;3;-4,09497;-38,50352;"SR-CE";"DEL16/1";"UOP02/CE"
268068;2020-02-08;"sábado";"19:00:00";"TO";153;334;"GUARAI";"Desobediência às normas de trânsito pelo condutor";"Colisão lateral";"Com Vítimas Feridas";"Plena Noite";"Crescente";"Nublado";"Dupla";"Interseção de vias";"Sim";5;0;3;0;2;0;3;2;-8,835718;-48,51212;"SR-TO";"UOP03/TO";""
268069;2020-02-08;"sábado";"19:45:00";"DF";60;1;"BRASILIA";"Falta de Atenção do Pedestre";"Atropelamento de Pedestre";"Com Vítimas Feridas";"Pleno dia";"Crescente";"Chuva";"Simples";"Reta";"Sim";2;0;0;1;1;0;1;1;-15,88509;-48,06895;"SR-DF";"UOP03/DF";""
268070;2020-02-08;"sábado";"20:00:00";"DF";40;0,8;"BRASILIA";"Ingestão de álcool e/ou substâncias psicoativas pelo pedestre";"Colisão traseira";"Sem Vítimas";"Plena Noite";"Crescente";"Nublado";"Dupla";"Reta";"Sim";2;0;0;0;2;0;0;2;-15,9769;-47,99013;"SR-DF";"UOP01";"DEL01"
268071;2020-02-08;"sábado";"20:20:00";"SC";101;140;"BALNEARIO CAMBORIU";"Falta de Atenção à Condução";"Tombamento";"Com Vítimas Feridas";"Plena Noite";"Crescente";"Céu Claro";"Múltipla";"Não Informado";"Não";1;0;0;1;0;0;1;1;-27,03881;-48,60025;"SR-SC";"DEL8/4";"UOP03/SC"
268072;2020-02-08;"sábado";"20:30:00";"RN";304;284,8;"MACAIBA";"Ingestão de Álcool";"Colisão frontal";"Com Vítimas Feridas";"Plena Noite";"Decrescente";"Céu Claro";"Simples";"Reta";"Sim";2;0;1;0;1;0;1;2;-5,879122;-35,4551;"SR-RN";"DEL15/1";"UOP02/RN"
268073;2020-02-08;"sábado";"20:40:00";"PI";316;2,3;"TERESINA";"Não guardar distância de segurança";"Colisão traseira";"Com Vítimas Feridas";"Plena Noite";"Crescente";"Nublado";"Simples";"Reta";"Sim";2;0;1;0;1;0;1;2;-5,124775;-42,79848;"SR-PI";"DEL17/1";"UOP02/PI"
268074;2020-02-08;"sábado";"20:30:00";"SP";381;78,8;"SAO PAULO";"Falta de Atenção do Pedestre";"Atropelamento de Pedestre";"Com Vítimas Fatais";"Plena Noite";"Crescente";"Céu Claro";"Dupla";"Curva";"Não";2;1;0;0;1;0;0;1;-23,39621;-46,57355;"SR-SP";"DEL6/3";"UOP02/SP"
268075;2020-02-08;"sábado";"20:50:00";"PR";376;619;"SAO JOSE DOS PINHAIS";"Falta de Atenção à Condução";"Colisão traseira";"Com Vítimas Feridas";"Plena Noite";"Crescente";"Céu Claro";"Simples";"Reta";"Sim";2;0;1;0;1;0;1;2;-25,60035;-49,17356;"SR-PR";"DEL7/1";"UOP01/PR"
268076;2020-02-08;"sábado";"19:50:00";"PR";277;78,5;"SAO JOSE DOS PINHAIS";"Ingestão de Álcool";"Colisão com objeto estático";"Com Vítimas Feridas";"Plena Noite";"Decrescente";"Céu Claro";"Dupla";"Reta";"Sim";1;0;1;0;0;0;1;1;-25,51328;-49,12433;"SR-PR";"DEL7/1";"UOP01/PR"
268077;2020-02-08;"sábado";"20:00:00";"GO";452;46;"SANTA HELENA DE GOIAS";"Falta de Atenção à Condução";"Colisão transversal";"Com Vítimas Feridas";"Plena Noite";"Crescente";"Céu Claro";"Simples";"Interseção de vias";"Não";2;0;1;0;1;0;1;2;-17,95112;-50,51071;"SR-GO";"DEL1/4";"UOP01/GO"
268078;2020-02-08;"sábado";"21:20:00";"SC";470;69,1;"INDAIAL";"Desobediência às normas de trânsito pelo pedestre";"Atropelamento de Pedestre";"Com Vítimas Feridas";"Plena Noite";"Decrescente";"Garoa/Chuvisco";"Simples";"Reta";"Não";2;0;2;0;0;0;2;1;-26,88375;-49,2467;"SR-SC";"UOP01";"DEL04"
268079;2020-02-08;"sábado";"18:00:00";"SP";116;506;"CAJATI";"Condutor Dormindo";"Tombamento";"Com Vítimas Feridas";"Anoitecer";"Crescente";"Céu Claro";"Simples";"Não Informado";"Não";3;0;1;0;2;0;1;1;-24,79705;-48,21452;"SR-SP";"DEL6/5";"UOP03/SP"
268080;2020-02-08;"sábado";"20:40:00";"GO";153;499,9;"GOIANIA";"Ingestão de Álcool";"Colisão com objeto estático";"Com Vítimas Feridas";"Plena Noite";"Crescente";"Chuva";"Dupla";"Reta";"Sim";2;0;2;0;0;0;2;1;-16,7118;-49,2324;"SR-GO";"DEL1/1";"UOP01/GO"
268081;2020-02-08;"sábado";"21:00:00";"RS";158;333;"SANTA MARIA";"Ingestão de Álcool";"Colisão lateral";"Sem Vítimas";"Plena Noite";"Crescente";"Céu Claro";"Simples";"Interseção de vias";"Sim";3;0;0;0;2;1;0;3;-29,70847;-53,86426;"SR-RS";"DEL9/9";"UOP01/RS"
268082;2020-02-08;"sábado";"20:10:00";"MG";116;521,8;"CARATINGA";"Objeto estático sobre o leito carroçável";"Colisão com objeto estático";"Com Vítimas Feridas";"Plena Noite";"Crescente";"Céu Claro";"Simples";"Curva";"Não";5;0;2;0;2;1;2;2;-19,7341;-42,13265;"SR-MG";"DEL4/6";"UOP02/MG"
268083;2020-02-08;"sábado";"20:30:00";"ES";101;264;"SERRA";"Falta de Atenção à Condução";"Colisão transversal";"Com Vítimas Feridas";"Plena Noite";"Decrescente";"Céu Claro";"Dupla";"Reta";"Sim";3;0;0;2;1;0;2;2;-20,17293;-40,26736;"SR-ES";"DEL12/2";"UOP01/ES"
268084;2020-02-08;"sábado";"21:00:00";"SP";116;210;"GUARULHOS";"Avarias e/ou desgaste excessivo no pneu";"Saída de leito carroçável";"Com Vítimas Feridas";"Plena Noite";"Crescente";"Nublado";"Múltipla";"Curva";"Sim";1;0;1;0;0;0;1;1;-23,43071;-46,4161;"SR-SP";"DEL6/1";"UOP01/SP"
268085;2020-02-08;"sábado";"19:00:00";"RJ";101;417;"MANGARATIBA";"Falta de Atenção à Condução";"Saída de leito carroçável";"Sem Vítimas";"Plena Noite";"Crescente";"Céu Claro";"Simples";"Desvio Temporário";"Não";1;0;0;0;0;1;0;1;-22,91677;-43,90919;"SR-RJ";"DEL5/3";"UOP01/RJ"
268087;2020-02-08;"sábado";"20:00:00";"PR";277;42,4;"MORRETES";"Falta de Atenção à Condução";"Colisão com objeto estático";"Com Vítimas Feridas";"Plena Noite";"Decrescente";"Nublado";"Dupla";"Desvio Temporário";"Não";2;0;2;0;0;0;2;1;-25,57361;-48,8447;"SR-PR";"DEL7/1";"UOP06/PR"
268088;2020-02-08;"sábado";"21:50:00";"RN";101;125;"SAO JOSE DE MIPIBU";"Falta de Atenção do Pedestre";"Atropelamento de Pedestre";"Com Vítimas Feridas";"Plena Noite";"Decrescente";"Céu Claro";"Dupla";"Curva";"Não";2;0;0;2;0;0;2;1;-6,078156;-35,23412;"SR-RN";"DEL15/1";"UOP01/RN"
268089;2020-02-08;"sábado";"16:40:00";"RS";101;37;"TRES FORQUILHAS";"Falta de Atenção à Condução";"Saída de leito carroçável";"Com Vítimas Feridas";"Pleno dia";"Crescente";"Chuva";"Dupla";"Reta";"Não";2;0;0;1;0;1;1;1;-29,52949;-50,00468;"SR-RS";"DEL9/3";"UOP02/RS"
268090;2020-02-08;"sábado";"22:00:00";"RJ";101;487;"ANGRA DOS REIS";"Desobediência às normas de trânsito pelo condutor";"Colisão transversal";"Com Vítimas Feridas";"Plena Noite";"Crescente";"Céu Claro";"Dupla";"Reta";"Sim";2;0;0;1;1;0;1;2;-22,96829;-44,29865;"SR-RJ";"DEL5/3";"UOP02/RJ"
268091;2020-02-08;"sábado";"22:15:00";"SC";101;140,3;"BALNEARIO CAMBORIU";"Animais na Pista";"Atropelamento de Animal";"Com Vítimas Feridas";"Plena Noite";"Crescente";"Nublado";"Dupla";"Não Informado";"Não";2;0;2;0;0;0;2;1;-27,03881;-48,60025;"SR-SC";"DEL8/4";"UOP03/SC"
268092;2020-02-08;"sábado";"19:30:00";"SC";280;67,6;"JARAGUA DO SUL";"Ingestão de Álcool";"Colisão frontal";"Com Vítimas Feridas";"Plena Noite";"Crescente";"Nublado";"Simples";"Reta";"Sim";2;0;1;0;1;0;1;2;-26,47751;-49,10364;"SR-SC";"DEL8/3";"UOP03/SC"
268093;2020-02-08;"sábado";"22:00:00";"CE";222;9;"CAUCAIA";"Falta de Atenção à Condução";"Colisão transversal";"Com Vítimas Feridas";"Plena Noite";"Crescente";"Céu Claro";"Simples";"Reta";"Sim";2;0;0;1;1;0;1;2;-3,730353;-38,722;"SR-CE";"DEL16/1";"UOP01/CE"
268094;2020-02-08;"sábado";"18:30:00";"MG";262;27,5;"REDUTO";"Ingestão de Álcool";"Colisão lateral";"Sem Vítimas";"Plena Noite";"Crescente";"Nublado";"Simples";"Curva";"Não";3;0;0;0;1;2;0;2;-20,24057;-41,96631;"SR-MG";"DEL4/6";"UOP04/MG"
268095;2020-02-08;"sábado";"22:00:00";"PR";277;729;"FOZ DO IGUACU";"Ingestão de Álcool";"Saída de leito carroçável";"Sem Vítimas";"Plena Noite";"Crescente";"Céu Claro";"Dupla";"Reta";"Sim";1;0;0;0;1;0;0;1;-25,5075;-54,5838;"SR-PR";"DEL7/5";"UOP03/PR"
268096;2020-02-08;"sábado";"22:20:00";"MG";40;422,3;"CURVELO";"Falta de Atenção à Condução";"Saída de leito carroçável";"Com Vítimas Feridas";"Plena Noite";"Crescente";"Nublado";"Simples";"Reta";"Sim";2;0;1;0;1;0;1;1;-19,15367;-44,54359;"SR-MG";"DEL4/2";"UOP01/MG"
268097;2020-02-08;"sábado";"18:30:00";"MG";381;945,9;"EXTREMA";"Condutor Dormindo";"Saída de leito carroçável";"Com Vítimas Feridas";"Plena Noite";"Crescente";"Nublado";"Dupla";"Reta";"Não";2;0;2;0;0;0;2;1;-22,87479;-46,36656;"SR-MG";"DEL09";"UOP03/MG"
268098;2020-02-08;"sábado";"22:00:00";"PR";476;141;"CURITIBA";"Falta de Atenção do Pedestre";"Atropelamento de Pedestre";"Com Vítimas Feridas";"Plena Noite";"Decrescente";"Nublado";"Dupla";"Reta";"Sim";3;0;0;1;2;0;1;1;-25,52861;-49,2988;"SR-PR";"DEL7/1";"UOP03/PR"
268099;2020-02-08;"sábado";"22:00:00";"BA";324;605;"SIMOES FILHO";"Falta de Atenção à Condução";"Colisão lateral";"Com Vítimas Feridas";"Plena Noite";"Crescente";"Céu Claro";"Dupla";"Reta";"Não";2;0;2;0;0;0;2;2;-12,78605;-38,40973;"SR-BA";"DEL10/1";"UOP01/BA"
268100;2020-02-08;"sábado";"20:30:00";"RS";116;145;"CAXIAS DO SUL";"Desobediência às normas de trânsito pelo condutor";"Colisão lateral";"Sem Vítimas";"Plena Noite";"Decrescente";"Chuva";"Simples";"Curva";"Sim";2;0;0;0;1;1;0;2;-29,13502;-51,13028;"SR-RS";"DEL9/5";"UOP01/RS"
268101;2020-02-08;"sábado";"22:00:00";"MS";163;486;"CAMPO GRANDE";"Desobediência às normas de trânsito pelo condutor";"Atropelamento de Pedestre";"Com Vítimas Feridas";"Plena Noite";"Decrescente";"Céu Claro";"Simples";"Reta";"Não";2;0;2;0;0;0;2;1;-20,43364;-54,54377;"SR-MS";"DEL3/1";"UOP02/MS"
268102;2020-02-08;"sábado";"19:30:00";"MA";135;72;"MIRANDA DO NORTE";"Falta de Atenção à Condução";"Colisão frontal";"Com Vítimas Fatais";"Plena Noite";"Crescente";"Garoa/Chuvisco";"Simples";"Reta";"Sim";3;2;0;0;1;0;0;2;-3,572379;-44,58102;"SR-MA";"DEL18/1";"UOP02/MA"
268103;2020-02-08;"sábado";"23:00:00";"SC";101;161;"PORTO BELO";"Defeito Mecânico no Veículo";"Queda de ocupante de veículo";"Com Vítimas Feridas";"Plena Noite";"Crescente";"Chuva";"Múltipla";"Reta";"Sim";1;0;1;0;0;0;1;1;-27,21674;-48,62442;"SR-SC";"DEL8/4";"UOP03/SC"
268104;2020-02-08;"sábado";"23:30:00";"PR";116;0;"QUATRO BARRAS";"Desobediência às normas de trânsito pelo condutor";"Colisão com objeto estático";"Com Vítimas Feridas";"Plena Noite";"Decrescente";"Céu Claro";"Dupla";"Retorno Regulamentado";"Sim";1;0;0;1;0;0;1;1;-25,3478;-49,0493;"SR-PR";"DEL7/1";"UOP01/PR"
268105;2020-02-08;"sábado";"22:20:00";"DF";60;9,4;"BRASILIA";"Ingestão de Álcool";"Queda de ocupante de veículo";"Com Vítimas Feridas";"Plena Noite";"Crescente";"Garoa/Chuvisco";"Dupla";"Reta";"Sim";1;0;1;0;0;0;1;1;-15,90629;-48,13996;"SR-DF";"UOP03/DF";""
268106;2020-02-08;"sábado";"21:45:00";"SC";282;572;"NOVA ERECHIM";"Falta de Atenção à Condução";"Colisão traseira";"Com Vítimas Feridas";"Plena Noite";"Decrescente";"Céu Claro";"Simples";"Reta";"Não";1;0;1;0;0;0;1;1;-26,87933;-52,94942;"SR-SC";"DEL7";"UOP02/SC"
268107;2020-02-08;"sábado";"22:30:00";"CE";116;5;"FORTALEZA";"Desobediência às normas de trânsito pelo condutor";"Colisão traseira";"Sem Vítimas";"Plena Noite";"Crescente";"Céu Claro";"Dupla";"Reta";"Sim";3;0;0;0;3;0;0;3;-3,794671;-38,50773;"SR-CE";"DEL16/1";"UOP02/CE"
268108;2020-02-08;"sábado";"18:30:00";"BA";330;799,9;"JEQUIE";"Falta de Atenção à Condução";"Colisão com objeto em movimento";"Com Vítimas Feridas";"Plena Noite";"Decrescente";"Nublado";"Simples";"Curva";"Não";3;0;1;2;0;0;3;2;-13,94705;-39,9766;"SR-BA";"DEL10/3";"UOP01/BA"
268109;2020-02-08;"sábado";"20:00:00";"GO";153;451,1;"ANAPOLIS";"Ingestão de Álcool";"Colisão com objeto estático";"Sem Vítimas";"Plena Noite";"Crescente";"Céu Claro";"Dupla";"Rotatória";"Sim";1;0;0;0;1;0;0;1;-16,39513;-48,9615;"SR-GO";"DEL1/2";"UOP01/GO"
268110;2020-02-08;"sábado";"23:40:00";"SE";101;105,2;"SAO CRISTOVAO";"Velocidade Incompatível";"Capotamento";"Sem Vítimas";"Plena Noite";"Decrescente";"Céu Claro";"Dupla";"Reta";"Não";1;0;0;0;0;1;0;1;-10,95818;-37,23595;"SR-SE";"DEL20/2";"UOP01/SE"
268111;2020-02-08;"sábado";"22:15:00";"PR";153;22;"CAMBARA";"Falta de Atenção à Condução";"Colisão traseira";"Com Vítimas Feridas";"Plena Noite";"Decrescente";"Nublado";"Simples";"Reta";"Não";3;0;1;1;1;0;2;2;-23,04244;-50,10167;"SR-PR";"DEL7/7";"UOP07/PR"
268112;2020-02-09;"domingo";"00:05:00";"PR";373;172,6;"PONTA GROSSA";"Ingestão de Álcool";"Colisão traseira";"Sem Vítimas";"Plena Noite";"Crescente";"Nublado";"Múltipla";"Reta";"Sim";2;0;0;0;1;1;0;2;-25,0814;-50,19201;"SR-PR";"DEL7/3";"UOP01/PR"
268114;2020-02-08;"sábado";"21:50:00";"PE";423;100,9;"GARANHUNS";"Ingestão de Álcool";"Colisão frontal";"Com Vítimas Fatais";"Plena Noite";"Crescente";"Céu Claro";"Simples";"Reta";"Não";4;2;0;1;0;1;1;2;-8,874771;-36,52085;"SR-PE";"DEL11/3";"UOP01/PE"
268115;2020-02-08;"sábado";"23:50:00";"PB";230;156,6;"CAMPINA GRANDE";"Animais na Pista";"Atropelamento de Animal";"Com Vítimas Feridas";"Plena Noite";"Crescente";"Céu Claro";"Simples";"Reta";"Sim";1;0;1;0;0;0;1;1;-7,2693;-35,9138;"SR-PB";"DEL14/2";"UOP01/PB"
268116;2020-02-08;"sábado";"23:00:00";"SC";470;22,9;"ILHOTA";"Ingestão de Álcool";"Colisão com objeto estático";"Com Vítimas Fatais";"Plena Noite";"Decrescente";"Nublado";"Dupla";"Reta";"Não";4;1;2;1;0;0;3;1;-26,88007;-48,83622;"SR-SC";"DEL8/4";"UOP04/SC"
268117;2020-02-08;"sábado";"11:45:00";"PR";116;163;"QUITANDINHA";"Condutor Dormindo";"Colisão traseira";"Com Vítimas Feridas";"Plena Noite";"Decrescente";"Nublado";"Simples";"Reta";"Não";4;0;2;0;2;0;2;2;-25,86442;-49,41795;"SR-PR";"DEL7/1";"UOP03/PR"
268118;2020-02-09;"domingo";"01:00:00";"PR";376;175,5;"MARINGA";"Falta de Atenção à Condução";"Colisão traseira";"Com Vítimas Feridas";"Plena Noite";"Crescente";"Céu Claro";"Dupla";"Não Informado";"Sim";2;0;1;0;1;0;1;2;-23,41136;-51,94078;"SR-PR";"DEL7/7";"UOP04/PR"
268119;2020-02-08;"sábado";"21:45:00";"RN";405;2,1;"MOSSORO";"Ingestão de Álcool";"Colisão traseira";"Com Vítimas Feridas";"Plena Noite";"Crescente";"Céu Claro";"Dupla";"Não Informado";"Sim";2;0;1;0;1;0;1;2;-5,192891;-37,3723;"SR-RN";"DEL15/4";"UOP02/RN"
268120;2020-02-09;"domingo";"01:50:00";"SP";153;68,3;"SAO JOSE DO RIO PRETO";"Falta de Atenção à Condução";"Tombamento";"Com Vítimas Feridas";"Plena Noite";"Decrescente";"Nublado";"Dupla";"Desvio Temporário";"Não";1;0;1;0;0;0;1;1;-20,85058;-49,38379;"SR-SP";"DEL6/9";"UOP01/SP"
268121;2020-02-09;"domingo";"01:30:00";"PB";230;28;"JOAO PESSOA";"Velocidade Incompatível";"Saída de leito carroçável";"Sem Vítimas";"Plena Noite";"Crescente";"Nevoeiro/Neblina";"Dupla";"Curva";"Sim";1;0;0;0;1;0;0;1;-7,1651;-34,8941;"SR-PB";"DEL14/1";"UOP01/PB"
268122;2020-02-08;"sábado";"23:32:00";"PE";232;122,2;"CARUARU";"Animais na Pista";"Atropelamento de Animal";"Sem Vítimas";"Plena Noite";"Decrescente";"Céu Claro";"Dupla";"Reta";"Não";1;0;0;0;1;0;0;1;-8,302177;-35,91947;"SR-PE";"DEL11/2";"UOP02/PE"
268123;2020-02-08;"sábado";"19:30:00";"MT";70;74;"GENERAL CARNEIRO";"Velocidade Incompatível";"Saída de leito carroçável";"Com Vítimas Fatais";"Plena Noite";"Crescente";"Chuva";"Simples";"Não Informado";"Não";2;1;1;0;0;0;1;1;-15,66552;-52,79926;"SR-MT";"DEL2/8";"UOP01/MT"
268124;2020-02-09;"domingo";"00:20:00";"SC";480;127;"CHAPECO";"Falta de Atenção à Condução";"Saída de leito carroçável";"Sem Vítimas";"Plena Noite";"Crescente";"Céu Claro";"Simples";"Não Informado";"Sim";1;0;0;0;0;1;0;1;-27,02886;-52,6338;"SR-SC";"UOP01";"DEL07"
268125;2020-02-08;"sábado";"23:52:00";"PE";232;120,9;"CARUARU";"Falta de Atenção à Condução";"Colisão lateral";"Sem Vítimas";"Plena Noite";"Decrescente";"Céu Claro";"Dupla";"Reta";"Não";2;0;0;0;1;1;0;2;-8,298267;-35,90192;"SR-PE";"UOP02";"DEL02"
268126;2020-02-09;"domingo";"01:20:00";"AP";210;1,8;"MACAPA";"Velocidade Incompatível";"Saída de leito carroçável";"Sem Vítimas";"Plena Noite";"Crescente";"Chuva";"Múltipla";"Reta";"Sim";1;0;0;0;0;1;0;1;0,07816717;-51,06999;"SR-AP";"UOP01/AP";""
268127;2020-02-09;"domingo";"00:40:00";"PE";232;122,2;"CARUARU";"Ingestão de Álcool";"Colisão lateral";"Com Vítimas Feridas";"Plena Noite";"Crescente";"Céu Claro";"Dupla";"Reta";"Não";2;0;1;0;1;0;1;2;-8,302177;-35,91947;"SR-PE";"UOP02";"DEL02"
268128;2020-02-09;"domingo";"02:00:00";"RS";386;355,5;"ESTRELA";"Falta de Atenção à Condução";"Saída de leito carroçável";"Com Vítimas Feridas";"Plena Noite";"Decrescente";"Garoa/Chuvisco";"Dupla";"Curva";"Não";1;0;1;0;0;0;1;1;-29,51507;-51,94008;"SR-RS";"DEL9/4";"UOP02/RS"
268129;2020-02-09;"domingo";"00:50:00";"DF";20;22,3;"BRASILIA";"Falta de Atenção à Condução";"Colisão lateral";"Com Vítimas Feridas";"Plena Noite";"Decrescente";"Chuva";"Dupla";"Não Informado";"Sim";5;0;1;0;4;0;1;2;-15,5971;-47,67378;"SR-DF";"UOP01";"DEL02"
268130;2020-02-09;"domingo";"00:50:00";"CE";222;88,9;"UMIRIM";"Animais na Pista";"Atropelamento de Animal";"Com Vítimas Fatais";"Plena Noite";"Crescente";"Céu Claro";"Simples";"Reta";"Sim";1;1;0;0;0;0;0;1;-3,672559;-39,32995;"SR-CE";"DEL16/4";"UOP03/CE"
268132;2020-02-09;"domingo";"01:00:00";"RJ";116;132;"MAGE";"Falta de Atenção do Pedestre";"Atropelamento de Pedestre";"Com Vítimas Feridas";"Plena Noite";"Crescente";"Nublado";"Dupla";"Reta";"Não";2;0;0;1;0;1;1;1;-22,64887;-43,1797;"SR-RJ";"DEL5/4";"UOP02/RJ"