"id";"data_inversa";"dia_semana";"horario";"uf";"br";"km";"municipio";"causa_acidente";"tipo_acidente";"classificacao_acidente";"fase_dia";"sentido_via";"condicao_metereologica";"tipo_pista";"tracado_via";"uso_solo";"pessoas";"mortos";"feridos_leves";"feridos_graves";"ilesos";"ignorados";"feridos";"veiculos";"latitude";"longitude";"regional";"delegacia";"uop"
268600;2020-02-11;"terça-feira";"13:15:00";"PA";230;121,6;"MARABA";"Falta de Atenção à Condução";"Colisão traseira";"Sem Vítimas";"Pleno dia";"Crescente";"Sol";"Dupla";"Ponte";"Sim";2;0;0;0;2;0;0;2;-5,357281;-49,12331;"SR-PA";"UOP01";"DEL03"
268601;2020-02-11;"terça-feira";"12:45:00";"SP";116;269,3;"TABOAO DA SERRA";"Falta de Atenção à Condução";"Colisão lateral";"Com Vítimas Feridas";"Pleno dia";"Decrescente";"Nublado";"Dupla";"Curva";"Sim";2;0;1;0;1;0;1;2;-23,60867;-46,7549;"SR-SP";"DEL6/4";"UOP01/SP"
268602;2020-02-11;"terça-feira";"13:00:00";"ES";262;3,8;"CARIACICA";"Falta de Atenção à Condução";"Colisão lateral";"Com Vítimas Feridas";"Pleno dia";"Crescente";"Chuva";"Múltipla";"Retorno Regulamentado";"Sim";2;0;1;0;1;0;1;2;-20,33374;-40,36911;"SR-ES";"DEL12/1";"UOP01/ES"
268603;2020-02-11;"terça-feira";"11:40:00";"PR";277;597,2;"CASCAVEL";"Falta de Atenção à Condução";"Colisão transversal";"Com Vítimas Feridas";"Pleno dia";"Crescente";"Céu Claro";"Simples";"Interseção de vias";"Não";2;0;1;0;1;0;1;2;-24,99514;-53,51419;"SR-PR";"DEL7/4";"UOP01/PR"
268604;2020-02-11;"terça-feira";"13:30:00";"MG";381;503,4;"BETIM";"Avarias e/ou desgaste excessivo no pneu";"Colisão com objeto estático";"Com Vítimas Feridas";"Pleno dia";"Decrescente";"Chuva";"Dupla";"Curva";"Sim";2;0;1;0;1;0;1;1;-20,03855;-44,25495;"SR-MG";"DEL4/1";"UOP03/MG"
268605;2020-02-11;"terça-feira";"13:20:00";"GO";452;8;"RIO VERDE";"Falta de Atenção à Condução";"Colisão traseira";"Com Vítimas Feridas";"Pleno dia";"Crescente";"Nublado";"Simples";"Não Informado";"Não";2;0;1;0;1;0;1;2;-17,82422;-50,83685;"SR-GO";"UOP01";"DEL04"
268606;2020-02-11;"terça-feira";"10:00:00";"MA";316;550,2;"CAXIAS";"Não guardar distância de segurança";"Colisão traseira";"Com Vítimas Feridas";"Pleno dia";"Decrescente";"Sol";"Simples";"Reta";"Sim";2;0;1;0;0;1;1;2;-4,886773;-43,36251;"SR-MA";"UOP02";"DEL03"
268607;2020-02-11;"terça-feira";"09:40:00";"RS";158;534,2;"SANTANA DO LIVRAMENTO";"Defeito Mecânico no Veículo";"Colisão traseira";"Com Vítimas Feridas";"Pleno dia";"Crescente";"Céu Claro";"Simples";"Reta";"Não";3;0;1;0;2;0;1;2;-30,79258;-55,20905;"SR-RS";"DEL9/11";"UOP01/RS"
268608;2020-02-11;"terça-feira";"12:50:00";"MG";381;359;"JOAO MONLEVADE";"Desobediência às normas de trânsito pelo condutor";"Colisão traseira";"Sem Vítimas";"Pleno dia";"Crescente";"Nublado";"Simples";"Curva";"Sim";2;0;0;0;2;0;0;2;-19,85515;-43,22402;"SR-MG";"DEL4/3";"UOP01/MG"
268610;2020-02-11;"terça-feira";"13:00:00";"MG";459;52,7;"SANTA RITA DE CALDAS";"Fenômenos da Natureza";"Saída de leito carroçável";"Com Vítimas Feridas";"Pleno dia";"Crescente";"Chuva";"Simples";"Reta";"Não";1;0;1;0;0;0;1;1;-22,06538;-46,27326;"SR-MG";"DEL09";"UOP04/MG"
268611;2020-02-11;"terça-feira";"13:15:00";"MG";40;468,8;"SETE LAGOAS";"Pista Escorregadia";"Colisão com objeto estático";"Sem Vítimas";"Pleno dia";"Decrescente";"Chuva";"Dupla";"Reta";"Não";1;0;0;0;1;0;0;1;-19,4563;-44,30942;"SR-MG";"DEL4/2";"UOP01/MG"
268612;2020-02-11;"terça-feira";"09:30:00";"MT";364;350;"SANTO ANTONIO DO LEVERGER";"Velocidade Incompatível";"Tombamento";"Sem Vítimas";"Pleno dia";"Decrescente";"Céu Claro";"Dupla";"Desvio Temporário";"Não";1;0;0;0;1;0;0;1;-15,80518;-55,55687;"SR-MT";"DEL2/1";"UOP01/MT"
268613;2020-02-11;"terça-feira";"13:45:00";"CE";402;276,1;"ITAPIPOCA";"Desobediência às normas de trânsito pelo condutor";"Colisão frontal";"Com Vítimas Fatais";"Pleno dia";"Decrescente";"Nublado";"Simples";"Reta";"Não";2;1;0;0;1;0;0;2;-3,521564;-39,49106;"SR-CE";"UOP03";"DEL01"
268614;2020-02-11;"terça-feira";"13:30:00";"MG";381;713;"CARMO DA CACHOEIRA";"Pista Escorregadia";"Saída de leito carroçável";"Com Vítimas Feridas";"Pleno dia";"Crescente";"Chuva";"Dupla";"Reta";"Não";2;0;2;0;0;0;2;1;-21,40376;-45,2109;"SR-MG";"DEL4/4";"UOP02/MG"
268615;2020-02-11;"terça-feira";"14:20:00";"PR";376;176;"MARINGA";"Falta de Atenção à Condução";"Colisão traseira";"Com Vítimas Feridas";"Pleno dia";"Decrescente";"Céu Claro";"Múltipla";"Reta";"Sim";3;0;2;0;1;0;2;2;-23,41269;-51,93158;"SR-PR";"UOP01";"DEL09"
268616;2020-02-11;"terça-feira";"14:25:00";"SC";101;20,7;"JOINVILLE";"Falta de Atenção à Condução";"Colisão traseira";"Com Vítimas Feridas";"Pleno dia";"Crescente";"Chuva";"Dupla";"Reta";"Sim";2;0;1;0;1;0;1;2;-26,14068;-48,90299;"SR-SC";"DEL8/3";"UOP01/SC"
268617;2020-02-11;"terça-feira";"14:15:00";"MG";381;502;"BETIM";"Ingestão de Álcool";"Colisão frontal";"Com Vítimas Feridas";"Pleno dia";"Crescente";"Chuva";"Múltipla";"Reta";"Sim";4;0;1;0;3;0;1;3;-20,02338;-44,22951;"SR-MG";"UOP03";"DEL01"
268618;2020-02-11;"terça-feira";"14:39:00";"MG";50;70;"UBERLANDIA";"Falta de Atenção à Condução";"Colisão traseira";"Com Vítimas Feridas";"Pleno dia";"Crescente";"Céu Claro";"Dupla";"Reta";"Sim";2;0;1;0;1;0;1;2;-18,8514;-48,25346;"SR-MG";"DEL4/15";"UOP01/MG"
268619;2020-02-11;"terça-feira";"14:50:00";"SC";280;4;"SAO FRANCISCO DO SUL";"Falta de Atenção à Condução";"Colisão traseira";"Com Vítimas Feridas";"Pleno dia";"Crescente";"Chuva";"Simples";"Reta";"Não";4;0;0;2;2;0;2;3;-26,2533;-48,61916;"SR-SC";"UOP03";"DEL03"
268620;2020-02-11;"terça-feira";"07:25:00";"PR";116;209;"RIO NEGRO";"Desobediência às normas de trânsito pelo condutor";"Colisão transversal";"Com Vítimas Feridas";"Pleno dia";"Decrescente";"Céu Claro";"Simples";"Interseção de vias";"Sim";3;0;1;0;2;0;1;2;-26,07148;-49,76108;"SR-SC";"UOP01";"DEL06"
268621;2020-02-11;"terça-feira";"14:00:00";"MS";158;297;"TRES LAGOAS";"Defeito Mecânico no Veículo";"Colisão lateral";"Sem Vítimas";"Pleno dia";"Crescente";"Céu Claro";"Simples";"Não Informado";"Não";2;0;0;0;2;0;0;2;-20,93468;-51,82783;"SR-MS";"UOP01";"DEL07"
268622;2020-01-06;"segunda-feira";"16:10:00";"GO";251;11;"CRISTALINA";"Falta de Atenção à Condução";"Colisão frontal";"Com Vítimas Fatais";"Pleno dia";"Crescente";"Céu Claro";"Simples";"Reta";"Não";2;1;1;0;0;0;1;2;-16,20915;-47,42139;"SR-DF";"UOP01/DF";""
268623;2020-02-11;"terça-feira";"13:59:00";"MG";116;414;"GOVERNADOR VALADARES";"Desobediência às normas de trânsito pelo condutor";"Colisão transversal";"Com Vítimas Feridas";"Pleno dia";"Decrescente";"Chuva";"Simples";"Reta";"Sim";5;0;1;0;4;0;1;2;-18,88103;-41,95911;"SR-MG";"DEL4/6";"UOP01/MG"
268624;2020-02-11;"terça-feira";"12:20:00";"RO";364;343;"JI-PARANA";"Desobediência às normas de trânsito pelo pedestre";"Atropelamento de Pedestre";"Com Vítimas Feridas";"Pleno dia";"Decrescente";"Céu Claro";"Múltipla";"Reta";"Sim";2;0;1;0;1;0;1;1;-10,87879;-61,94499;"SR-RO";"DEL21/2";"UOP01/RO"
268625;2020-02-11;"terça-feira";"11:45:00";"AC";364;109;"RIO BRANCO";"Pista Escorregadia";"Saída de leito carroçável";"Com Vítimas Feridas";"Pleno dia";"Decrescente";"Garoa/Chuvisco";"Simples";"Reta";"Não";4;0;2;0;2;0;2;1;-10,01588;-67,65648;"SR-AC";"UOP01/AC";""
268626;2020-02-11;"terça-feira";"13:50:00";"MS";60;134;"PARAISO DAS AGUAS";"Defeito na Via";"Capotamento";"Com Vítimas Feridas";"Pleno dia";"Decrescente";"Céu Claro";"Simples";"Reta";"Não";1;0;1;0;0;0;1;1;-19,35302;-53,52518;"SR-MS";"UOP02";"DEL06"
268627;2020-02-11;"terça-feira";"14:50:00";"BA";116;889,8;"CANDIDO SALES";"Defeito Mecânico no Veículo";"Incêndio";"Sem Vítimas";"Pleno dia";"Crescente";"Céu Claro";"Simples";"Reta";"Não";1;0;0;0;1;0;0;1;-15,34946;-41,16756;"SR-BA";"DEL10/8";"UOP03/BA"
268628;2020-02-11;"terça-feira";"15:30:00";"SC";470;69,7;"INDAIAL";"Falta de Atenção à Condução";"Colisão transversal";"Com Vítimas Feridas";"Pleno dia";"Crescente";"Céu Claro";"Simples";"Reta";"Não";2;0;1;0;1;0;1;2;-26,88375;-49,2467;"SR-SC";"DEL8/4";"UOP01/SC"
268630;2020-02-11;"terça-feira";"15:45:00";"TO";153;385;"RIO DOS BOIS";"Defeito Mecânico no Veículo";"Saída de leito carroçável";"Com Vítimas Feridas";"Pleno dia";"Decrescente";"Garoa/Chuvisco";"Simples";"Não Informado";"Não";3;0;2;0;1;0;2;1;-9,287067;-48,55351;"SR-TO";"UOP03/TO";""
268631;2020-02-11;"terça-feira";"14:20:00";"RJ";101;333;"RIO DE JANEIRO";"Falta de Atenção à Condução";"Colisão traseira";"Com Vítimas Feridas";"Pleno dia";"Decrescente";"Chuva";"Dupla";"Reta";"Não";3;0;1;0;2;0;1;2;-22,87828;-43,21054;"SR-RJ";"UOP01";"DEL02"
268632;2020-02-11;"terça-feira";"15:50:00";"MA";10;251,1;"IMPERATRIZ";"Desobediência às normas de trânsito pelo condutor";"Colisão transversal";"Com Vítimas Feridas";"Pleno dia";"Decrescente";"Céu Claro";"Simples";"Reta";"Sim";2;0;0;1;1;0;1;2;-5,543249;-47,46445;"SR-MA";"DEL18/4";"UOP01/MA"
268634;2020-02-11;"terça-feira";"09:30:00";"MA";10;377;"ITINGA DO MARANHAO";"Falta de Atenção do Pedestre";"Colisão lateral";"Com Vítimas Feridas";"Pleno dia";"Decrescente";"Céu Claro";"Simples";"Reta";"Sim";3;0;1;0;1;1;1;2;-4,456727;-47,52631;"SR-MA";"DEL18/4";"UOP03/MA"
268636;2020-02-11;"terça-feira";"12:50:00";"MT";174;3;"PONTES E LACERDA";"Falta de Atenção à Condução";"Colisão transversal";"Com Vítimas Feridas";"Pleno dia";"Crescente";"Céu Claro";"Simples";"Reta";"Sim";3;0;2;0;1;0;2;2;-15,23846;-59,33854;"SR-MT";"DEL2/7";"UOP01/MT"
268637;2020-02-11;"terça-feira";"15:40:00";"PR";116;39;"CAMPINA GRANDE DO SUL";"Falta de Atenção à Condução";"Saída de leito carroçável";"Com Vítimas Feridas";"Pleno dia";"Crescente";"Chuva";"Dupla";"Curva";"Não";1;0;1;0;0;0;1;1;-25,15617;-48,86134;"SR-PR";"DEL7/1";"UOP02/PR"
268639;2020-02-11;"terça-feira";"15:55:00";"SC";101;326,7;"CAPIVARI DE BAIXO";"Desobediência às normas de trânsito pelo condutor";"Colisão transversal";"Com Vítimas Feridas";"Pleno dia";"Decrescente";"Céu Claro";"Dupla";"Não Informado";"Sim";3;0;1;1;1;0;2;2;-28,42524;-48,94303;"SR-SC";"DEL8/2";"UOP01/SC"
268640;2020-02-11;"terça-feira";"16:50:00";"BA";324;608;"SIMOES FILHO";"Falta de Atenção à Condução";"Colisão traseira";"Com Vítimas Feridas";"Pleno dia";"Crescente";"Céu Claro";"Dupla";"Reta";"Sim";2;0;2;0;0;0;2;1;-12,81183;-38,40479;"SR-BA";"DEL10/1";"UOP01/BA"
268641;2020-02-11;"terça-feira";"16:10:00";"MT";163;970;"TERRA NOVA DO NORTE";"Pista Escorregadia";"Saída de leito carroçável";"Com Vítimas Feridas";"Pleno dia";"Crescente";"Chuva";"Dupla";"Não Informado";"Não";2;0;1;0;1;0;1;1;-10,65228;-55,13017;"SR-MT";"UOP02";"DEL06"
268643;2020-02-11;"terça-feira";"15:55:00";"MG";381;536;"ITATIAIUCU";"Falta de Atenção à Condução";"Tombamento";"Com Vítimas Feridas";"Pleno dia";"Decrescente";"Nublado";"Simples";"Curva";"Não";2;0;2;0;0;0;2;1;-20,22443;-44,39531;"SR-MG";"DEL4/4";"UOP03/MG"
268644;2020-02-11;"terça-feira";"17:20:00";"BA";324;512,9;"FEIRA DE SANTANA";"Falta de Atenção à Condução";"Colisão traseira";"Com Vítimas Feridas";"Pleno dia";"Crescente";"Céu Claro";"Dupla";"Reta";"Sim";3;0;3;0;0;0;3;2;-12,23062;-38,96162;"SR-BA";"DEL10/2";"UOP01/BA"
268645;2020-02-11;"terça-feira";"16:00:00";"BA";101;251;"CONCEICAO DO ALMEIDA";"Desobediência às normas de trânsito pelo condutor";"Colisão traseira";"Com Vítimas Feridas";"Pleno dia";"Decrescente";"Céu Claro";"Simples";"Reta";"Sim";2;0;1;0;1;0;1;2;-12,99277;-39,28802;"SR-BA";"DEL10/1";"UOP02/BA"
268646;2020-02-11;"terça-feira";"17:00:00";"PR";476;156,5;"ARAUCARIA";"Desobediência às normas de trânsito pelo condutor";"Saída de leito carroçável";"Com Vítimas Feridas";"Pleno dia";"Decrescente";"Sol";"Dupla";"Reta";"Não";1;0;1;0;0;0;1;1;-25,59916;-49,41774;"SR-PR";"DEL7/1";"UOP04/PR"
268647;2020-02-11;"terça-feira";"16:15:00";"SP";116;280,9;"EMBU DAS ARTES";"Velocidade Incompatível";"Colisão traseira";"Com Vítimas Feridas";"Pleno dia";"Decrescente";"Nublado";"Dupla";"Reta";"Não";2;0;1;0;1;0;1;2;-23,66996;-46,85591;"SR-SP";"UOP01";"DEL04"
268648;2020-02-11;"terça-feira";"16:30:00";"ES";262;163,8;"IBATIBA";"Não guardar distância de segurança";"Colisão traseira";"Com Vítimas Feridas";"Pleno dia";"Decrescente";"Nublado";"Simples";"Não Informado";"Não";3;0;1;0;2;0;1;3;-20,24682;-41,54873;"SR-ES";"DEL12/1";"UOP02/ES"
268649;2020-02-11;"terça-feira";"17:20:00";"RJ";101;319;"SAO GONCALO";"Não guardar distância de segurança";"Colisão lateral";"Com Vítimas Feridas";"Anoitecer";"Decrescente";"Chuva";"Dupla";"Reta";"Sim";3;0;0;1;2;0;1;3;-22,85412;-43,1018;"SR-RJ";"UOP01";"DEL02"
268650;2020-02-11;"terça-feira";"17:15:00";"ES";262;107,3;"VENDA NOVA DO IMIGRANTE";"Ingestão de Álcool";"Colisão lateral";"Com Vítimas Feridas";"Pleno dia";"Crescente";"Chuva";"Simples";"Reta";"Sim";2;0;1;0;1;0;1;2;-20,3308;-41,1557;"SR-ES";"UOP02";"DEL01"
268651;2020-02-11;"terça-feira";"17:14:00";"GO";153;500,8;"GOIANIA";"Falta de Atenção à Condução";"Colisão lateral";"Com Vítimas Feridas";"Pleno dia";"Crescente";"Céu Claro";"Dupla";"Curva";"Não";2;0;1;0;1;0;1;2;-16,7118;-49,2324;"SR-GO";"DEL1/1";"UOP01/GO"
268652;2020-02-11;"terça-feira";"17:15:00";"SC";280;126,1;"RIO NEGRINHO";"Não guardar distância de segurança";"Colisão traseira";"Com Vítimas Feridas";"Pleno dia";"Crescente";"Nublado";"Simples";"Reta";"Sim";2;0;1;0;1;0;1;2;-26,2378;-49,49427;"SR-SC";"DEL8/6";"UOP03/SC"
268653;2020-02-11;"terça-feira";"17:40:00";"SP";116;148;"SAO JOSE DOS CAMPOS";"Falta de Atenção à Condução";"Engavetamento";"Com Vítimas Feridas";"Pleno dia";"Decrescente";"Nublado";"Dupla";"Reta";"Sim";3;0;1;0;2;0;1;3;-23,20067;-45,8795;"SR-SP";"UOP01";"DEL02"
268654;2020-02-11;"terça-feira";"17:40:00";"SE";235;1;"ARACAJU";"Falta de Atenção à Condução";"Colisão traseira";"Com Vítimas Feridas";"Pleno dia";"Crescente";"Céu Claro";"Dupla";"Reta";"Sim";3;0;0;2;1;0;2;2;-10,9073;-37,0947;"SR-SE";"DEL20/1";"UOP01/SE"
268655;2020-02-11;"terça-feira";"17:45:00";"MG";50;174,3;"UBERABA";"Falta de Atenção à Condução";"Colisão traseira";"Com Vítimas Feridas";"Pleno dia";"Decrescente";"Céu Claro";"Dupla";"Reta";"Sim";2;0;0;1;0;1;1;2;-19,77082;-47,97343;"SR-MG";"DEL13";"UOP01/MG"
268656;2020-02-11;"terça-feira";"13:30:00";"RS";293;68,5;"PIRATINI";"Falta de Atenção à Condução";"Colisão traseira";"Sem Vítimas";"Pleno dia";"Decrescente";"Sol";"Simples";"Não Informado";"Não";2;0;0;0;2;0;0;2;-31,69509;-53,00571;"SR-RS";"DEL9/7";"UOP01/RS"
268658;2020-02-11;"terça-feira";"17:50:00";"SC";101;129;"BALNEARIO CAMBORIU";"Avarias e/ou desgaste excessivo no pneu";"Tombamento";"Com Vítimas Feridas";"Anoitecer";"Crescente";"Nublado";"Dupla";"Reta";"Sim";2;0;2;0;0;0;2;2;-26,98064;-48,67907;"SR-SC";"UOP03";"DEL04"
268659;2020-02-11;"terça-feira";"17:15:00";"PR";376;177,5;"MARINGA";"Falta de Atenção à Condução";"Tombamento";"Com Vítimas Feridas";"Pleno dia";"Decrescente";"Sol";"Dupla";"Reta";"Sim";1;0;0;1;0;0;1;1;-23,41505;-51,92542;"SR-PR";"DEL7/7";"UOP04/PR"
268660;2020-02-11;"terça-feira";"17:15:00";"MT";163;112;"RONDONOPOLIS";"Avarias e/ou desgaste excessivo no pneu";"Saída de leito carroçável";"Sem Vítimas";"Pleno dia";"Crescente";"Chuva";"Dupla";"Reta";"Não";2;0;0;0;2;0;0;1;-16,56185;-54,67931;"SR-MT";"DEL2/2";"UOP01/MT"
268661;2020-02-11;"terça-feira";"16:40:00";"RJ";116;293,7;"PORTO REAL";"Desobediência às normas de trânsito pelo condutor";"Colisão lateral";"Sem Vítimas";"Pleno dia";"Crescente";"Chuva";"Dupla";"Reta";"Sim";2;0;0;0;2;0;0;2;-22,4503;-44,33344;"SR-RJ";"DEL5/7";"UOP02/RJ"
268662;2020-02-11;"terça-feira";"17:40:00";"MG";365;690;"MONTE ALEGRE DE MINAS";"Desobediência às normas de trânsito pelo condutor";"Colisão transversal";"Com Vítimas Feridas";"Pleno dia";"Crescente";"Nublado";"Dupla";"Interseção de vias";"Sim";2;0;0;1;1;0;1;2;-18,87624;-48,87959;"SR-MG";"DEL4/15";"UOP03/MG"
268663;2020-02-11;"terça-feira";"18:30:00";"PR";376;180;"MARINGA";"Agressão Externa";"Colisão com objeto estático";"Com Vítimas Feridas";"Pleno dia";"Crescente";"Céu Claro";"Dupla";"Viaduto";"Sim";2;0;2;0;0;0;2;1;-23,42725;-51,89512;"SR-PR";"UOP01";"DEL09"
268664;2020-02-11;"terça-feira";"18:00:00";"RJ";493;1;"ITABORAI";"Sinalização da via insuficiente ou inadequada";"Atropelamento de Pedestre";"Com Vítimas Feridas";"Anoitecer";"Decrescente";"Chuva";"Simples";"Reta";"Sim";2;0;1;0;1;0;1;1;-22,76399;-42,92732;"SR-RJ";"DEL5/2";"UOP01/RJ"
268666;2020-02-11;"terça-feira";"18:20:00";"PR";163;35,3;"SANTO ANTONIO DO SUDOESTE";"Desobediência às normas de trânsito pelo condutor";"Colisão frontal";"Com Vítimas Feridas";"Pleno dia";"Crescente";"Céu Claro";"Simples";"Reta";"Sim";6;0;4;0;2;0;4;2;-26,10527;-53,7031;"SR-PR";"DEL7/2";"UOP04/PR"
268667;2020-02-11;"terça-feira";"18:30:00";"PE";428;187,8;"PETROLINA";"Mal Súbito";"Queda de ocupante de veículo";"Com Vítimas Feridas";"Plena Noite";"Crescente";"Céu Claro";"Simples";"Reta";"Sim";1;0;1;0;0;0;1;1;-9,356043;-40,47854;"SR-PE";"DEL11/6";"UOP01/PE"
268669;2020-02-11;"terça-feira";"15:45:00";"BA";101;690,6;"EUNAPOLIS";"Ultrapassagem Indevida";"Colisão frontal";"Com Vítimas Feridas";"Pleno dia";"Decrescente";"Céu Claro";"Simples";"Curva";"Não";3;0;0;2;1;0;2;2;-16,33256;-39,58174;"SR-BA";"DEL10/9";"UOP01/BA"
268670;2020-02-11;"terça-feira";"19:00:00";"CE";116;14,1;"FORTALEZA";"Falta de Atenção do Pedestre";"Atropelamento de Pedestre";"Com Vítimas Feridas";"Plena Noite";"Decrescente";"Nublado";"Dupla";"Reta";"Não";2;0;1;0;1;0;1;1;-3,869734;-38,49827;"SR-CE";"DEL16/1";"UOP02/CE"
268671;2020-01-05;"domingo";"14:30:00";"MG";40;459;"CAETANOPOLIS";"Falta de Atenção à Condução";"Colisão traseira";"Com Vítimas Feridas";"Pleno dia";"Crescente";"Nublado";"Dupla";"Reta";"Sim";3;0;1;1;1;0;2;2;-19,38892;-44,33546;"SR-MG";"DEL4/2";"UOP01/MG"
268672;2020-02-11;"terça-feira";"19:00:00";"SP";116;230,2;"SAO PAULO";"Não guardar distância de segurança";"Colisão traseira";"Com Vítimas Feridas";"Anoitecer";"Crescente";"Nublado";"Múltipla";"Reta";"Não";3;0;1;0;1;1;1;3;-23,52252;-46,58557;"SR-SP";"DEL6/1";"UOP01/SP"
268673;2020-02-11;"terça-feira";"19:00:00";"GO";158;272,3;"JATAI";"Falta de Atenção à Condução";"Colisão frontal";"Com Vítimas Feridas";"Plena Noite";"Crescente";"Nublado";"Simples";"Interseção de vias";"Sim";2;0;1;0;1;0;1;2;-17,88152;-51,73317;"SR-GO";"DEL1/5";"UOP01/GO"
268674;2020-02-11;"terça-feira";"12:30:00";"SC";101;61;"ARAQUARI";"Velocidade Incompatível";"Saída de leito carroçável";"Com Vítimas Feridas";"Pleno dia";"Decrescente";"Chuva";"Dupla";"Curva";"Não";3;0;2;0;1;0;2;1;-26,45474;-48,77699;"SR-SC";"DEL8/3";"UOP02/SC"
268675;2020-02-11;"terça-feira";"17:10:00";"MG";116;712;"MURIAE";"Defeito Mecânico no Veículo";"Tombamento";"Sem Vítimas";"Pleno dia";"Decrescente";"Céu Claro";"Simples";"Curva";"Não";1;0;0;0;1;0;0;1;-21,1905;-42,36842;"SR-MG";"UOP02";"DEL07"
268676;2020-02-11;"terça-feira";"18:00:00";"RO";364;342,5;"JI-PARANA";"Falta de Atenção à Condução";"Colisão transversal";"Com Vítimas Feridas";"Anoitecer";"Crescente";"Céu Claro";"Simples";"Reta";"Sim";2;0;2;0;0;0;2;2;-10,88381;-61,93741;"SR-RO";"DEL21/2";"UOP01/RO"
268677;2020-02-11;"terça-feira";"18:25:00";"MG";116;275,7;"TEOFILO OTONI";"Desobediência às normas de trânsito pelo condutor";"Colisão traseira";"Com Vítimas Feridas";"Plena Noite";"Decrescente";"Céu Claro";"Simples";"Reta";"Sim";2;0;2;0;0;0;2;2;-17,84235;-41,5141;"SR-MG";"DEL4/11";"UOP01/MG"
268678;2020-02-11;"terça-feira";"19:00:00";"PA";230;122;"MARABA";"Desobediência às normas de trânsito pelo condutor";"Colisão transversal";"Com Vítimas Feridas";"Anoitecer";"Decrescente";"Céu Claro";"Dupla";"Interseção de vias";"Sim";2;0;1;0;1;0;1;2;-5,361375;-49,12376;"SR-PA";"DEL19/3";"UOP01/PA"
268679;2020-02-11;"terça-feira";"19:00:00";"CE";116;1;"FORTALEZA";"Desobediência às normas de trânsito pelo condutor";"Tombamento";"Com Vítimas Feridas";"Plena Noite";"Decrescente";"Céu Claro";"Múltipla";"Reta";"Sim";1;0;0;1;0;0;1;1;-3,761599;-38,51901;"SR-CE";"DEL16/1";"UOP02/CE"
268681;2020-02-11;"terça-feira";"18:15:00";"SC";470;134;"RIO DO SUL";"Falta de Atenção à Condução";"Colisão transversal";"Com Vítimas Feridas";"Anoitecer";"Decrescente";"Nublado";"Simples";"Reta";"Sim";2;0;1;0;1;0;1;2;-27,18185;-49,60013;"SR-SC";"UOP02";"DEL04"
268682;2020-02-11;"terça-feira";"19:45:00";"PR";376;649;"TIJUCAS DO SUL";"Velocidade Incompatível";"Colisão com objeto estático";"Com Vítimas Feridas";"Plena Noite";"Crescente";"Garoa/Chuvisco";"Dupla";"Curva";"Não";1;0;1;0;0;0;1;1;-25,84592;-49,09776;"SR-PR";"UOP05";"DEL01"
268683;2020-02-11;"terça-feira";"18:30:00";"SE";101;96;"SAO CRISTOVAO";"Desobediência às normas de trânsito pelo pedestre";"Atropelamento de Pedestre";"Com Vítimas Feridas";"Plena Noite";"Decrescente";"Céu Claro";"Dupla";"Reta";"Não";2;0;1;0;0;1;1;1;-10,91916;-37,16977;"SR-SE";"DEL20/2";"UOP01/SE"
268684;2020-02-11;"terça-feira";"19:10:00";"PA";163;1002;"SANTAREM";"Falta de Atenção à Condução";"Colisão transversal";"Com Vítimas Feridas";"Plena Noite";"Crescente";"Céu Claro";"Simples";"Rotatória";"Sim";2;0;1;0;1;0;1;2;-2,45567;-54,72855;"SR-PA";"UOP01";"DEL05"
268685;2020-02-11;"terça-feira";"19:10:00";"SP";116;282;"ITAPECERICA DA SERRA";"Falta de Atenção à Condução";"Colisão lateral";"Com Vítimas Feridas";"Plena Noite";"Crescente";"Nublado";"Dupla";"Reta";"Sim";3;0;1;0;2;0;1;3;-23,6857;-46,85971;"SR-SP";"UOP01";"DEL04"
268686;2020-02-03;"segunda-feira";"05:50:00";"PB";101;84;"BAYEUX";"Não guardar distância de segurança";"Colisão traseira";"Sem Vítimas";"Pleno dia";"Crescente";"Sol";"Dupla";"Reta";"Sim";3;0;0;0;2;1;0;3;-7,139579;-34,92313;"SR-PB";"DEL14/1";"UOP01/PB"
268687;2020-02-11;"terça-feira";"19:55:00";"MG";381;478;"CONTAGEM";"Velocidade Incompatível";"Engavetamento";"Com Vítimas Feridas";"Plena Noite";"Crescente";"Chuva";"Dupla";"Reta";"Sim";4;0;1;1;2;0;2;3;-19,96199;-44,03923;"SR-MG";"UOP03";"DEL01"
268688;2020-02-11;"terça-feira";"19:00:00";"RJ";101;493;"ANGRA DOS REIS";"Desobediência às normas de trânsito pelo condutor";"Colisão com objeto estático";"Com Vítimas Feridas";"Plena Noite";"Crescente";"Chuva";"Simples";"Curva";"Não";1;0;1;0;0;0;1;1;-22,94375;-44,32522;"SR-RJ";"DEL5/3";"UOP03/RJ"
268689;2020-02-11;"terça-feira";"18:40:00";"MA";316;550,8;"CAXIAS";"Desobediência às normas de trânsito pelo condutor";"Colisão transversal";"Com Vítimas Fatais";"Plena Noite";"Decrescente";"Céu Claro";"Simples";"Reta";"Sim";2;1;0;0;0;1;0;2;-4,887025;-43,36549;"SR-MA";"UOP02";"DEL03"
268690;2020-02-11;"terça-feira";"15:55:00";"PR";153;496,5;"GENERAL CARNEIRO";"Velocidade Incompatível";"Colisão traseira";"Sem Vítimas";"Pleno dia";"Decrescente";"Céu Claro";"Simples";"Reta";"Não";2;0;0;0;2;0;0;2;-26,50875;-51,35293;"SR-PR";"DEL7/2";"UOP02/PR"