"id";"data_inversa";"dia_semana";"horario";"uf";"br";"km";"municipio";"causa_acidente";"tipo_acidente";"classificacao_acidente";"fase_dia";"sentido_via";"condicao_metereologica";"tipo_pista";"tracado_via";"uso_solo";"pessoas";"mortos";"feridos_leves";"feridos_graves";"ilesos";"ignorados";"feridos";"veiculos";"latitude";"longitude";"regional";"delegacia";"uop"
268888;2020-02-12;"quarta-feira";"20:25:00";"PR";373;199,7;"IPIRANGA";"Velocidade Incompatível";"Saída de leito carroçável";"Com Vítimas Feridas";"Plena Noite";"Crescente";"Céu Claro";"Simples";"Interseção de vias";"Não";2;0;0;1;1;0;1;2;-25,08427;-50,4085;"SR-PR";"UOP01";"DEL03"
268889;2020-02-12;"quarta-feira";"17:50:00";"MT";163;749;"SORRISO";"Não guardar distância de segurança";"Colisão traseira";"Com Vítimas Feridas";"Anoitecer";"Decrescente";"Céu Claro";"Dupla";"Reta";"Sim";3;0;1;0;2;0;1;3;-12,68057;-55,79602;"SR-MT";"DEL2/6";"UOP01/MT"
268890;2020-02-12;"quarta-feira";"10:45:00";"BA";116;420;"FEIRA DE SANTANA";"Falta de Atenção à Condução";"Colisão lateral";"Sem Vítimas";"Pleno dia";"Decrescente";"Céu Claro";"Dupla";"Reta";"Sim";1;0;0;0;1;0;0;1;-12,21174;-38,9655;"SR-BA";"DEL10/2";"UOP01/BA"
268891;2020-02-12;"quarta-feira";"20:10:00";"RJ";116;164,3;"RIO DE JANEIRO";"Condutor Dormindo";"Colisão traseira";"Com Vítimas Feridas";"Plena Noite";"Crescente";"Garoa/Chuvisco";"Dupla";"Reta";"Sim";2;0;1;0;1;0;1;2;-22,81074;-43,28844;"SR-RJ";"DEL5/1";"UOP02/RJ"
268893;2020-02-12;"quarta-feira";"20:10:00";"MG";262;363;"JUATUBA";"Falta de Atenção à Condução";"Colisão traseira";"Com Vítimas Feridas";"Plena Noite";"Crescente";"Chuva";"Dupla";"Reta";"Não";2;0;1;0;1;0;1;2;-19,98333;-44,23572;"SR-MG";"DEL4/1";"UOP03/MG"
268895;2020-02-12;"quarta-feira";"12:10:00";"PR";277;270;"PRUDENTOPOLIS";"Ultrapassagem Indevida";"Saída de leito carroçável";"Com Vítimas Feridas";"Pleno dia";"Decrescente";"Céu Claro";"Simples";"Reta";"Não";5;0;3;2;0;0;5;1;-25,38828;-50,82724;"SR-PR";"DEL7/3";"UOP04/PR"
268896;2020-02-12;"quarta-feira";"19:50:00";"RS";386;276,6;"SAO JOSE DO HERVAL";"Falta de Atenção à Condução";"Colisão traseira";"Com Vítimas Feridas";"Plena Noite";"Crescente";"Céu Claro";"Simples";"Curva";"Não";13;0;8;2;3;0;10;3;-29,00722;-52,33866;"SR-RS";"UOP03";"DEL04"
268897;2020-02-12;"quarta-feira";"22:10:00";"SP";116;271;"TABOAO DA SERRA";"Não guardar distância de segurança";"Tombamento";"Com Vítimas Feridas";"Plena Noite";"Crescente";"Nublado";"Dupla";"Reta";"Sim";1;0;1;0;0;0;1;1;-23,61809;-46,80556;"SR-SP";"DEL6/4";"UOP01/SP"
268898;2020-02-12;"quarta-feira";"21:50:00";"RS";290;86,3;"PORTO ALEGRE";"Desobediência às normas de trânsito pelo condutor";"Colisão traseira";"Com Vítimas Feridas";"Plena Noite";"Crescente";"Céu Claro";"Dupla";"Interseção de vias";"Não";2;0;1;0;1;0;1;2;-29,96802;-51,11965;"SR-RS";"DEL9/1";"UOP01/RS"
268899;2020-02-12;"quarta-feira";"22:30:00";"PI";343;12,4;"PARNAIBA";"Falta de Atenção à Condução";"Colisão traseira";"Com Vítimas Feridas";"Plena Noite";"Crescente";"Céu Claro";"Dupla";"Reta";"Sim";2;0;1;0;1;0;1;2;-2,910035;-41,75366;"SR-PI";"UOP01";"DEL05"
268900;2020-02-12;"quarta-feira";"07:50:00";"MG";116;410;"GOVERNADOR VALADARES";"Falta de Atenção à Condução";"Colisão transversal";"Com Vítimas Feridas";"Pleno dia";"Decrescente";"Céu Claro";"Dupla";"Reta";"Não";2;0;1;0;1;0;1;2;-18,85562;-41,97562;"SR-MG";"DEL4/6";"UOP01/MG"
268901;2020-02-12;"quarta-feira";"23:00:00";"SC";470;2;"NAVEGANTES";"Ingestão de Álcool";"Colisão transversal";"Com Vítimas Feridas";"Plena Noite";"Crescente";"Nublado";"Simples";"Reta";"Sim";2;0;0;1;0;1;1;2;-26,86855;-48,67483;"SR-SC";"UOP04";"DEL04"
268902;2020-02-12;"quarta-feira";"21:10:00";"RJ";116;175,9;"NOVA IGUACU";"Falta de Atenção do Pedestre";"Atropelamento de Pedestre";"Com Vítimas Feridas";"Plena Noite";"Decrescente";"Chuva";"Múltipla";"Reta";"Sim";2;0;0;1;0;1;1;1;-22,78924;-43,37275;"SR-RJ";"UOP02";"DEL01"
268903;2020-02-12;"quarta-feira";"22:30:00";"SC";470;62,5;"INDAIAL";"Falta de Atenção à Condução";"Saída de leito carroçável";"Com Vítimas Feridas";"Plena Noite";"Decrescente";"Nublado";"Simples";"Reta";"Não";1;0;1;0;0;0;1;1;-26,87452;-49,18294;"SR-SC";"UOP01";"DEL04"
268904;2020-02-12;"quarta-feira";"23:00:00";"RJ";40;123;"RIO DE JANEIRO";"Pista Escorregadia";"Tombamento";"Com Vítimas Feridas";"Plena Noite";"Crescente";"Chuva";"Dupla";"Curva";"Sim";2;0;2;0;0;0;2;1;-22,79908;-43,29016;"SR-RJ";"DEL5/1";"UOP01/RJ"
268905;2020-02-12;"quarta-feira";"21:30:00";"RN";427;93,9;"CAICO";"Condutor Dormindo";"Colisão com objeto estático";"Sem Vítimas";"Plena Noite";"Crescente";"Nublado";"Simples";"Rotatória";"Sim";1;0;0;0;1;0;0;1;-6,483329;-37,05411;"SR-RN";"DEL15/3";"UOP01/RN"
268906;2020-02-12;"quarta-feira";"23:10:00";"RJ";465;16;"NOVA IGUACU";"Defeito Mecânico no Veículo";"Colisão traseira";"Com Vítimas Feridas";"Plena Noite";"Decrescente";"Garoa/Chuvisco";"Dupla";"Reta";"Sim";4;0;1;0;3;0;1;2;-22,81554;-43,62456;"SR-RJ";"UOP03";"DEL01"
268907;2020-02-12;"quarta-feira";"21:41:00";"MG";153;58,2;"MONTE ALEGRE DE MINAS";"Defeito Mecânico no Veículo";"Tombamento";"Sem Vítimas";"Plena Noite";"Crescente";"Chuva";"Dupla";"Rotatória";"Sim";1;0;0;0;1;0;0;1;-18,87839;-49,05664;"SR-MG";"UOP03";"DEL15"
268909;2020-02-13;"quinta-feira";"00:45:00";"PB";101;85,6;"BAYEUX";"Falta de Atenção à Condução";"Colisão traseira";"Sem Vítimas";"Plena Noite";"Crescente";"Céu Claro";"Múltipla";"Não Informado";"Sim";2;0;0;0;1;1;0;2;-7,148874;-34,91275;"SR-PB";"DEL14/1";"UOP01/PB"
268910;2020-02-13;"quinta-feira";"00:05:00";"CE";222;5,8;"CAUCAIA";"Ingestão de Álcool";"Tombamento";"Com Vítimas Feridas";"Plena Noite";"Decrescente";"Nublado";"Dupla";"Curva";"Sim";1;0;1;0;0;0;1;1;-3,742969;-38,61331;"SR-CE";"DEL16/1";"UOP01/CE"
268911;2020-01-11;"sábado";"17:20:00";"MG";365;741,8;"ITUIUTABA";"Não guardar distância de segurança";"Colisão traseira";"Com Vítimas Feridas";"Pleno dia";"Decrescente";"Céu Claro";"Simples";"Reta";"Não";3;0;1;0;2;0;1;2;-18,91363;-49,38246;"SR-MG";"DEL4/15";"UOP03/MG"
268912;2020-02-01;"sábado";"10:50:00";"AL";423;15,6;"CANAPI";"Falta de Atenção à Condução";"Colisão transversal";"Com Vítimas Feridas";"Pleno dia";"Crescente";"Céu Claro";"Simples";"Reta";"Não";2;0;0;1;1;0;1;2;-9,164319;-37,42516;"SR-AL";"DEL13/3";"UOP02/AL"
268913;2020-02-13;"quinta-feira";"00:20:00";"RJ";116;167;"SAO JOAO DE MERITI";"Defeito Mecânico no Veículo";"Colisão com objeto estático";"Com Vítimas Feridas";"Plena Noite";"Crescente";"Chuva";"Múltipla";"Reta";"Sim";4;0;1;0;3;0;1;4;-22,80055;-43,35281;"SR-RJ";"DEL5/1";"UOP02/RJ"
268914;2020-02-12;"quarta-feira";"23:30:00";"SC";101;332,5;"TUBARAO";"Falta de Atenção à Condução";"Colisão com objeto estático";"Com Vítimas Feridas";"Plena Noite";"Crescente";"Nublado";"Dupla";"Curva";"Sim";3;0;0;1;0;2;1;1;-28,46748;-49,0004;"SR-SC";"DEL8/2";"UOP01/SC"
268915;2020-02-13;"quinta-feira";"00:30:00";"TO";153;472,4;"BARROLANDIA";"Ingestão de Álcool";"Colisão lateral";"Com Vítimas Feridas";"Plena Noite";"Decrescente";"Nublado";"Simples";"Reta";"Não";2;0;1;0;1;0;1;2;-10,01369;-48,77147;"SR-TO";"UOP02";"DEL02"
268916;2020-02-13;"quinta-feira";"02:03:00";"SP";116;79,2;"ROSEIRA";"Defeito Mecânico no Veículo";"Tombamento";"Com Vítimas Feridas";"Plena Noite";"Decrescente";"Garoa/Chuvisco";"Dupla";"Reta";"Não";2;0;1;0;1;0;1;1;-22,89421;-45,29471;"SR-SP";"UOP01";"DEL06"
268918;2020-02-13;"quinta-feira";"02:00:00";"SC";101;146;"ITAPEMA";"Falta de Atenção à Condução";"Colisão com objeto estático";"Sem Vítimas";"Plena Noite";"Decrescente";"Garoa/Chuvisco";"Dupla";"Reta";"Sim";1;0;0;0;1;0;0;1;-27,08667;-48,60956;"SR-SC";"DEL8/4";"UOP03/SC"
268919;2020-02-13;"quinta-feira";"02:30:00";"MG";40;668,2;"CARANDAI";"Fenômenos da Natureza";"Saída de leito carroçável";"Com Vítimas Feridas";"Plena Noite";"Decrescente";"Chuva";"Simples";"Reta";"Não";2;0;2;0;0;0;2;1;-20,95233;-43,79297;"SR-MG";"UOP02";"DEL05"
268920;2020-02-13;"quinta-feira";"02:15:00";"MT";163;939;"ITAUBA";"Condutor Dormindo";"Saída de leito carroçável";"Sem Vítimas";"Plena Noite";"Decrescente";"Nublado";"Simples";"Desvio Temporário";"Não";1;0;0;0;1;0;0;1;-11,09628;-55,29549;"SR-MT";"UOP02";"DEL06"
268921;2020-02-13;"quinta-feira";"04:00:00";"SC";101;199,1;"SAO JOSE";"Condutor Dormindo";"Colisão traseira";"Com Vítimas Feridas";"Pleno dia";"Decrescente";"Céu Claro";"Múltipla";"Reta";"Sim";2;0;1;0;1;0;1;2;-27,53414;-48,63003;"SR-SC";"UOP01";"DEL01"
268922;2020-02-13;"quinta-feira";"02:50:00";"PR";476;312,8;"SAO MATEUS DO SUL";"Ingestão de Álcool";"Capotamento";"Com Vítimas Feridas";"Plena Noite";"Decrescente";"Céu Claro";"Simples";"Curva";"Não";1;0;0;1;0;0;1;1;-26,02461;-50,67159;"SR-PR";"UOP05";"DEL03"
268923;2020-02-13;"quinta-feira";"04:20:00";"SC";101;328,9;"TUBARAO";"Condutor Dormindo";"Saída de leito carroçável";"Com Vítimas Feridas";"Plena Noite";"Decrescente";"Céu Claro";"Dupla";"Ponte";"Sim";1;0;1;0;0;0;1;1;-28,43648;-48,95989;"SR-SC";"UOP01";"DEL02"
268924;2020-02-13;"quinta-feira";"05:00:00";"SP";381;75,7;"SAO PAULO";"Defeito Mecânico no Veículo";"Incêndio";"Sem Vítimas";"Amanhecer";"Decrescente";"Nublado";"Dupla";"Curva";"Não";1;0;0;0;1;0;0;1;-23,3766;-46,5641;"SR-SP";"UOP01";"DEL03"
268925;2020-02-13;"quinta-feira";"05:40:00";"SC";101;200,6;"SAO JOSE";"Falta de Atenção à Condução";"Colisão traseira";"Com Vítimas Feridas";"Amanhecer";"Decrescente";"Nublado";"Dupla";"Reta";"Sim";2;0;0;1;0;1;1;2;-27,54019;-48,62288;"SR-SC";"UOP01";"DEL01"
268926;2020-02-13;"quinta-feira";"05:45:00";"GO";60;137,5;"GOIANIA";"Animais na Pista";"Atropelamento de Animal";"Com Vítimas Feridas";"Amanhecer";"Crescente";"Nublado";"Dupla";"Reta";"Sim";3;0;2;0;0;1;2;1;-16,603;-49,2023;"SR-GO";"UOP01";"DEL01"
268927;2020-02-13;"quinta-feira";"04:10:00";"MS";163;52;"ELDORADO";"Ingestão de Álcool";"Saída de leito carroçável";"Sem Vítimas";"Amanhecer";"Crescente";"Céu Claro";"Simples";"Reta";"Não";1;0;0;0;1;0;0;1;-23,68712;-54,26664;"SR-MS";"DEL3/09";"UOP02/MS"
268928;2020-02-13;"quinta-feira";"04:50:00";"PE";101;55;"PAULISTA";"Falta de Atenção à Condução";"Colisão com objeto estático";"Com Vítimas Feridas";"Amanhecer";"Decrescente";"Chuva";"Dupla";"Curva";"Não";1;0;1;0;0;0;1;1;-7,948066;-34,90621;"SR-PE";"UOP02";"DEL01"
268929;2020-02-13;"quinta-feira";"06:20:00";"SC";101;111;"NAVEGANTES";"Falta de Atenção à Condução";"Colisão lateral";"Com Vítimas Feridas";"Pleno dia";"Crescente";"Céu Claro";"Dupla";"Reta";"Não";2;0;0;1;0;1;1;2;-26,83956;-48,71418;"SR-SC";"DEL8/4";"UOP04/SC"
268930;2020-02-13;"quinta-feira";"06:00:00";"CE";222;4,8;"CAUCAIA";"Falta de Atenção do Pedestre";"Atropelamento de Pedestre";"Com Vítimas Feridas";"Pleno dia";"Crescente";"Chuva";"Múltipla";"Não Informado";"Sim";2;0;0;1;1;0;1;1;-3,742714;-38,61325;"SR-CE";"UOP01";"DEL01"
268931;2020-02-13;"quinta-feira";"06:50:00";"DF";20;8,4;"BRASILIA";"Desobediência às normas de trânsito pelo pedestre";"Atropelamento de Pedestre";"Com Vítimas Feridas";"Pleno dia";"Decrescente";"Céu Claro";"Dupla";"Reta";"Sim";4;0;1;2;0;1;3;1;-15,65839;-47,79153;"SR-DF";"UOP01";"DEL02"
268932;2020-02-13;"quinta-feira";"05:45:00";"MG";40;282,9;"TRES MARIAS";"Falta de Atenção à Condução";"Colisão transversal";"Com Vítimas Feridas";"Pleno dia";"Crescente";"Céu Claro";"Simples";"Curva";"Sim";3;0;1;0;2;0;1;2;-18,24924;-45,20221;"SR-MG";"DEL4/14";"UOP02/MG"
268933;2020-02-13;"quinta-feira";"06:15:00";"SC";282;165;"BOCAINA DO SUL";"Velocidade Incompatível";"Saída de leito carroçável";"Com Vítimas Feridas";"Amanhecer";"Decrescente";"Céu Claro";"Simples";"Reta";"Não";2;0;1;1;0;0;2;1;-27,73837;-49,80121;"SR-SC";"UOP01";"DEL05"
268934;2020-02-13;"quinta-feira";"07:45:00";"SC";470;50;"BLUMENAU";"Desobediência às normas de trânsito pelo condutor";"Colisão transversal";"Com Vítimas Feridas";"Pleno dia";"Crescente";"Céu Claro";"Simples";"Reta";"Sim";2;0;0;1;1;0;1;2;-26,85977;-49,07449;"SR-SC";"UOP01";"DEL04"
268935;2020-02-13;"quinta-feira";"07:50:00";"PR";277;82;"CURITIBA";"Não guardar distância de segurança";"Colisão lateral";"Com Vítimas Feridas";"Pleno dia";"Crescente";"Nublado";"Dupla";"Reta";"Sim";3;0;1;0;0;2;1;2;-25,45815;-49,22184;"SR-PR";"UOP04";"DEL01"
268936;2020-02-13;"quinta-feira";"07:00:00";"RJ";493;17;"GUAPIMIRIM";"Defeito na Via";"Saída de leito carroçável";"Sem Vítimas";"Pleno dia";"Decrescente";"Céu Claro";"Simples";"Reta";"Não";1;0;0;0;1;0;0;1;-22,66791;-43,00903;"SR-RJ";"UOP02";"DEL04"
268937;2020-02-13;"quinta-feira";"05:00:00";"MG";153;216,8;"FRUTAL";"Carga excessiva e/ou mal acondicionada";"Saída de leito carroçável";"Com Vítimas Feridas";"Amanhecer";"Crescente";"Garoa/Chuvisco";"Simples";"Reta";"Não";2;0;2;0;0;0;2;1;-20,11996;-49,10215;"SR-MG";"UOP02";"DEL13"
268938;2020-02-13;"quinta-feira";"08:00:00";"GO";153;494;"GOIANIA";"Não guardar distância de segurança";"Colisão traseira";"Com Vítimas Feridas";"Pleno dia";"Decrescente";"Sol";"Dupla";"Reta";"Sim";3;0;1;0;1;1;1;2;-16,6614;-49,2218;"SR-GO";"UOP01";"DEL01"
268939;2020-02-13;"quinta-feira";"07:20:00";"PR";376;183;"SARANDI";"Falta de Atenção à Condução";"Colisão traseira";"Com Vítimas Feridas";"Pleno dia";"Crescente";"Céu Claro";"Dupla";"Reta";"Sim";3;0;1;0;0;2;1;2;-23,44159;-51,87067;"SR-PR";"DEL7/7";"UOP04/PR"
268940;2020-02-13;"quinta-feira";"08:30:00";"PE";428;184,9;"PETROLINA";"Falta de Atenção à Condução";"Colisão transversal";"Com Vítimas Feridas";"Pleno dia";"Crescente";"Céu Claro";"Simples";"Reta";"Sim";3;0;2;0;1;0;2;2;-9,352487;-40,47667;"SR-PE";"UOP01";"DEL06"
268941;2020-02-13;"quinta-feira";"06:30:00";"RO";364;613;"ITAPUA DO OESTE";"Defeito Mecânico no Veículo";"Incêndio";"Sem Vítimas";"Pleno dia";"Crescente";"Chuva";"Simples";"Reta";"Não";3;0;0;0;3;0;0;1;-9,128943;-63,25161;"SR-RO";"UOP03";"DEL03"
268942;2020-02-12;"quarta-feira";"20:40:00";"MG";153;234;"FRONTEIRA";"Defeito Mecânico no Veículo";"Tombamento";"Com Vítimas Feridas";"Plena Noite";"Crescente";"Chuva";"Simples";"Reta";"Não";2;0;2;0;0;0;2;1;-20,26155;-49,1785;"SR-MG";"UOP02";"DEL13"
268943;2020-02-13;"quinta-feira";"08:20:00";"DF";40;3,4;"BRASILIA";"Falta de Atenção à Condução";"Colisão traseira";"Sem Vítimas";"Pleno dia";"Decrescente";"Céu Claro";"Dupla";"Reta";"Sim";2;0;0;0;2;0;0;2;-16,00314;-47,98394;"SR-DF";"UOP01";"DEL01"
268944;2020-02-13;"quinta-feira";"08:45:00";"PR";116;116;"CURITIBA";"Falta de Atenção à Condução";"Colisão lateral";"Com Vítimas Feridas";"Pleno dia";"Decrescente";"Céu Claro";"Dupla";"Reta";"Sim";2;0;1;0;1;0;1;2;-25,55468;-49,27402;"SR-PR";"UOP03";"DEL01"
268945;2020-02-13;"quinta-feira";"08:45:00";"PR";116;95;"SAO JOSE DOS PINHAIS";"Falta de Atenção à Condução";"Queda de ocupante de veículo";"Com Vítimas Feridas";"Pleno dia";"Decrescente";"Céu Claro";"Dupla";"Reta";"Sim";1;0;1;0;0;0;1;1;-25,4972;-49,11762;"SR-PR";"UOP01";"DEL01"
268946;2020-02-13;"quinta-feira";"08:35:00";"PB";101;58,3;"SANTA RITA";"Avarias e/ou desgaste excessivo no pneu";"Saída de leito carroçável";"Com Vítimas Feridas";"Pleno dia";"Crescente";"Chuva";"Dupla";"Reta";"Não";1;0;1;0;0;0;1;1;-6,98565;-35,07335;"SR-PB";"UOP03";"DEL01"
268947;2020-02-13;"quinta-feira";"08:20:00";"RS";448;2;"ESTEIO";"Desobediência às normas de trânsito pelo condutor";"Colisão com objeto estático";"Com Vítimas Feridas";"Pleno dia";"Crescente";"Céu Claro";"Dupla";"Reta";"Não";1;0;1;0;0;0;1;1;-29,84409;-51,19248;"SR-RS";"DEL9/1";"UOP02/RS"
268948;2020-02-13;"quinta-feira";"09:00:00";"GO";153;499,7;"GOIANIA";"Ultrapassagem Indevida";"Capotamento";"Com Vítimas Feridas";"Pleno dia";"Decrescente";"Nublado";"Dupla";"Não Informado";"Sim";3;0;1;0;0;2;1;1;-16,7033;-49,2311;"SR-GO";"UOP01";"DEL01"
268949;2020-02-13;"quinta-feira";"07:40:00";"PR";116;10,3;"CAMPINA GRANDE DO SUL";"Defeito Mecânico no Veículo";"Saída de leito carroçável";"Sem Vítimas";"Pleno dia";"Crescente";"Chuva";"Dupla";"Curva";"Não";1;0;0;0;1;0;0;1;-25,08357;-48,64281;"SR-PR";"UOP02";"DEL01"
268950;2020-02-13;"quinta-feira";"08:40:00";"PR";153;53;"SANTO ANTONIO DA PLATINA";"Defeito Mecânico no Veículo";"Colisão com objeto em movimento";"Sem Vítimas";"Pleno dia";"Decrescente";"Céu Claro";"Simples";"Reta";"Não";2;0;0;0;2;0;0;2;-23,39022;-50,05832;"SR-PR";"UOP05";"DEL07"
268952;2020-02-13;"quinta-feira";"08:25:00";"PR";116;18,6;"CAMPINA GRANDE DO SUL";"Velocidade Incompatível";"Colisão com objeto estático";"Sem Vítimas";"Pleno dia";"Decrescente";"Chuva";"Dupla";"Curva";"Não";3;0;0;0;3;0;0;1;-25,10536;-48,71646;"SR-PR";"UOP02";"DEL01"
268953;2020-02-13;"quinta-feira";"06:40:00";"MG";381;435,8;"SABARA";"Falta de Atenção à Condução";"Colisão transversal";"Com Vítimas Feridas";"Pleno dia";"Decrescente";"Chuva";"Simples";"Reta";"Não";3;0;1;0;2;0;1;2;-19,78497;-43,72312;"SR-MG";"UOP01";"DEL01"
268954;2020-02-13;"quinta-feira";"10:00:00";"RS";116;258;"ESTEIO";"Desobediência às normas de trânsito pelo condutor";"Colisão transversal";"Com Vítimas Feridas";"Pleno dia";"Decrescente";"Céu Claro";"Simples";"Reta";"Sim";3;0;1;0;1;1;1;2;-29,86151;-51,18092;"SR-RS";"UOP02";"DEL01"
268955;2020-02-13;"quinta-feira";"09:00:00";"RN";101;110;"PARNAMIRIM";"Não guardar distância de segurança";"Colisão traseira";"Com Vítimas Feridas";"Pleno dia";"Decrescente";"Chuva";"Dupla";"Reta";"Sim";2;0;1;0;0;1;1;2;-5,946376;-35,26485;"SR-RN";"UOP01";"DEL01"
268956;2020-02-10;"segunda-feira";"08:00:00";"RJ";40;38;"AREAL";"Pista Escorregadia";"Colisão com objeto estático";"Sem Vítimas";"Pleno dia";"Decrescente";"Chuva";"Dupla";"Curva";"Não";1;0;0;0;1;0;0;1;-22,22751;-43,11963;"SR-RJ";"DEL5/6";"UOP01/RJ"
268957;2020-02-13;"quinta-feira";"09:40:00";"MS";463;104,6;"PONTA PORA";"Desobediência às normas de trânsito pelo condutor";"Colisão traseira";"Com Vítimas Feridas";"Pleno dia";"Crescente";"Céu Claro";"Simples";"Reta";"Não";3;0;1;0;2;0;1;2;-22,60783;-55,65013;"SR-MS";"UOP03";"DEL04"
268958;2020-02-13;"quinta-feira";"07:30:00";"SC";470;68,1;"INDAIAL";"Falta de Atenção à Condução";"Tombamento";"Com Vítimas Feridas";"Pleno dia";"Crescente";"Nublado";"Simples";"Ponte";"Não";1;0;1;0;0;0;1;1;-26,87761;-49,23923;"SR-SC";"DEL8/4";"UOP01/SC"
268959;2020-02-13;"quinta-feira";"10:20:00";"RJ";101;318,1;"SAO GONCALO";"Falta de Atenção à Condução";"Colisão traseira";"Com Vítimas Feridas";"Pleno dia";"Crescente";"Nublado";"Dupla";"Reta";"Sim";2;0;1;0;1;0;1;2;-22,84563;-43,09841;"SR-RJ";"UOP01";"DEL02"
268961;2020-02-13;"quinta-feira";"10:45:00";"RS";116;265;"CANOAS";"Falta de Atenção à Condução";"Colisão traseira";"Com Vítimas Feridas";"Pleno dia";"Decrescente";"Céu Claro";"Dupla";"Reta";"Sim";2;0;1;0;1;0;1;2;-29,92342;-51,17781;"SR-RS";"UOP01";"DEL01"
268962;2020-02-13;"quinta-feira";"08:00:00";"RO";364;418;"JARU";"Falta de Atenção à Condução";"Colisão traseira";"Com Vítimas Feridas";"Pleno dia";"Crescente";"Chuva";"Simples";"Interseção de vias";"Não";2;0;1;0;1;0;1;2;-10,4934;-62,42678;"SR-RO";"UOP02";"DEL03"
268963;2020-02-13;"quinta-feira";"10:45:00";"PR";476;125;"CURITIBA";"Velocidade Incompatível";"Colisão traseira";"Com Vítimas Feridas";"Pleno dia";"Decrescente";"Nublado";"Múltipla";"Interseção de vias";"Sim";2;0;1;0;1;0;1;2;-25,4083;-49,21966;"SR-PR";"DEL7/1";"UOP06/PR"
268964;2020-02-13;"quinta-feira";"10:40:00";"RJ";116;295,7;"PORTO REAL";"Falta de Atenção à Condução";"Engavetamento";"Sem Vítimas";"Pleno dia";"Crescente";"Céu Claro";"Simples";"Reta";"Não";3;0;0;0;3;0;0;3;-22,45013;-44,31074;"SR-RJ";"UOP02";"DEL07"
268966;2020-02-13;"quinta-feira";"11:00:00";"PB";230;124,7;"MASSARANDUBA";"Velocidade Incompatível";"Saída de leito carroçável";"Com Vítimas Feridas";"Pleno dia";"Decrescente";"Chuva";"Simples";"Curva";"Não";2;0;2;0;0;0;2;1;-7,2465;-35,6751;"SR-PB";"UOP01";"DEL02"
268967;2020-02-13;"quinta-feira";"11:45:00";"AL";101;148;"JEQUIA DA PRAIA";"Condutor Dormindo";"Colisão com objeto estático";"Com Vítimas Fatais";"Pleno dia";"Crescente";"Nublado";"Dupla";"Não Informado";"Não";1;1;0;0;0;0;0;1;-9,889389;-36,13498;"SR-AL";"UOP01";"DEL02"
268968;2020-02-13;"quinta-feira";"10:00:00";"AM";174;990;"PRESIDENTE FIGUEIREDO";"Falta de Atenção à Condução";"Tombamento";"Com Vítimas Feridas";"Pleno dia";"Crescente";"Céu Claro";"Dupla";"Rotatória";"Sim";1;0;1;0;0;0;1;1;-2,055151;-60,02283;"SR-AM";"UOP02";"DEL01"
268969;2020-02-13;"quinta-feira";"11:40:00";"RS";392;27;"RIO GRANDE";"Velocidade Incompatível";"Colisão traseira";"Com Vítimas Feridas";"Pleno dia";"Decrescente";"Sol";"Simples";"Curva";"Sim";2;0;1;0;1;0;1;2;-32,07483;-52,26117;"SR-RS";"UOP02";"DEL07"
268970;2020-02-13;"quinta-feira";"09:35:00";"RS";293;28;"CAPAO DO LEAO";"Defeito Mecânico no Veículo";"Colisão com objeto estático";"Sem Vítimas";"Pleno dia";"Decrescente";"Céu Claro";"Simples";"Não Informado";"Não";3;0;0;0;3;0;0;1;-31,73284;-52,64339;"SR-RS";"UOP01";"DEL07"
268971;2020-02-13;"quinta-feira";"12:25:00";"AL";104;87,6;"RIO LARGO";"Não guardar distância de segurança";"Colisão traseira";"Com Vítimas Feridas";"Pleno dia";"Crescente";"Céu Claro";"Dupla";"Reta";"Sim";3;0;2;0;1;0;2;2;-9,47598;-35,82127;"SR-AL";"UOP01";"DEL01"
268972;2020-02-13;"quinta-feira";"12:00:00";"MG";459;95,7;"POUSO ALEGRE";"Falta de Atenção à Condução";"Colisão traseira";"Com Vítimas Feridas";"Pleno dia";"Decrescente";"Nublado";"Simples";"Curva";"Não";2;0;1;0;1;0;1;2;-22,18978;-45,98303;"SR-MG";"UOP01";"DEL09"
268974;2020-02-13;"quinta-feira";"10:10:00";"MT";163;618;"NOVA MUTUM";"Desobediência às normas de trânsito pelo condutor";"Colisão transversal";"Com Vítimas Feridas";"Pleno dia";"Crescente";"Céu Claro";"Simples";"Reta";"Não";2;0;1;0;1;0;1;2;-13,75259;-56,05355;"SR-MT";"UOP01";"DEL01"
268975;2020-02-13;"quinta-feira";"12:50:00";"RJ";116;182;"NOVA IGUACU";"Animais na Pista";"Atropelamento de Animal";"Com Vítimas Feridas";"Pleno dia";"Decrescente";"Céu Claro";"Dupla";"Reta";"Sim";1;0;1;0;0;0;1;1;-22,75678;-43,43107;"SR-RJ";"UOP02";"DEL01"
268976;2020-02-13;"quinta-feira";"08:35:00";"SC";282;578,8;"PINHALZINHO";"Falta de Atenção à Condução";"Colisão transversal";"Com Vítimas Feridas";"Pleno dia";"Decrescente";"Céu Claro";"Simples";"Reta";"Sim";2;0;0;1;1;0;1;2;-26,83836;-52,98528;"SR-SC";"UOP02";"DEL07"
268977;2020-02-13;"quinta-feira";"13:00:00";"DF";20;22;"BRASILIA";"Falta de Atenção à Condução";"Colisão lateral";"Com Vítimas Feridas";"Pleno dia";"Decrescente";"Nublado";"Dupla";"Não Informado";"Sim";4;0;1;0;3;0;1;2;-15,59834;-47,67619;"SR-DF";"UOP01";"DEL02"
268978;2020-02-13;"quinta-feira";"13:00:00";"RJ";40;43;"AREAL";"Defeito na Via";"Capotamento";"Com Vítimas Feridas";"Pleno dia";"Decrescente";"Nublado";"Dupla";"Curva";"Não";4;0;2;0;2;0;2;1;-22,26514;-43,10851;"SR-RJ";"UOP01";"DEL06"