"id";"data_inversa";"dia_semana";"horario";"uf";"br";"km";"municipio";"causa_acidente";"tipo_acidente";"classificacao_acidente";"fase_dia";"sentido_via";"condicao_metereologica";"tipo_pista";"tracado_via";"uso_solo";"pessoas";"mortos";"feridos_leves";"feridos_graves";"ilesos";"ignorados";"feridos";"veiculos";"latitude";"longitude";"regional";"delegacia";"uop"
268979;2020-02-13;"quinta-feira";"12:30:00";"RN";101;146,5;"GOIANINHA";"Não guardar distância de segurança";"Colisão traseira";"Sem Vítimas";"Pleno dia";"Decrescente";"Nublado";"Dupla";"Reta";"Sim";2;0;0;0;2;0;0;2;-6,260345;-35,21212;"SR-RN";"UOP01";"DEL01"
268980;2020-02-13;"quinta-feira";"13:00:00";"CE";116;10;"FORTALEZA";"Falta de Atenção à Condução";"Colisão traseira";"Com Vítimas Feridas";"Pleno dia";"Decrescente";"Chuva";"Múltipla";"Reta";"Sim";2;0;1;0;1;0;1;2;-3,836038;-38,50273;"SR-CE";"UOP02";"DEL01"
268981;2020-02-13;"quinta-feira";"11:05:00";"CE";116;309,2;"JAGUARIBE";"Desobediência às normas de trânsito pelo condutor";"Colisão transversal";"Com Vítimas Feridas";"Pleno dia";"Decrescente";"Céu Claro";"Simples";"Reta";"Sim";2;0;0;2;0;0;2;2;-5,904069;-38,62355;"SR-CE";"UOP02";"DEL05"
268982;2020-02-13;"quinta-feira";"12:30:00";"RS";285;114,5;"VACARIA";"Falta de Atenção à Condução";"Colisão lateral";"Com Vítimas Feridas";"Pleno dia";"Crescente";"Céu Claro";"Simples";"Reta";"Não";2;0;1;0;1;0;1;2;-28,51078;-50,87729;"SR-RS";"UOP03";"DEL05"
268983;2020-02-13;"quinta-feira";"13:30:00";"RN";101;109;"PARNAMIRIM";"Falta de Atenção à Condução";"Colisão transversal";"Com Vítimas Feridas";"Pleno dia";"Decrescente";"Chuva";"Dupla";"Reta";"Não";2;0;1;0;1;0;1;2;-5,946376;-35,26485;"SR-RN";"UOP01";"DEL01"
268985;2020-02-13;"quinta-feira";"13:45:00";"GO";40;5,2;"VALPARAISO DE GOIAS";"Falta de Atenção do Pedestre";"Atropelamento de Pedestre";"Com Vítimas Feridas";"Pleno dia";"Crescente";"Céu Claro";"Dupla";"Reta";"Não";2;0;0;1;1;0;1;1;-16,09313;-47,98224;"SR-DF";"UOP01";"DEL01"
268986;2020-02-13;"quinta-feira";"12:30:00";"SE";235;27,8;"AREIA BRANCA";"Pista Escorregadia";"Capotamento";"Com Vítimas Feridas";"Pleno dia";"Crescente";"Garoa/Chuvisco";"Múltipla";"Curva";"Não";2;0;2;0;0;0;2;1;-10,79896;-37,27292;"SR-SE";"UOP02";"DEL01"
268987;2020-02-13;"quinta-feira";"13:10:00";"BA";20;135;"SAO DESIDERIO";"Desobediência às normas de trânsito pelo condutor";"Colisão traseira";"Com Vítimas Feridas";"Pleno dia";"Crescente";"Céu Claro";"Simples";"Reta";"Sim";3;0;0;1;2;0;1;2;-12,71287;-45,93527;"SR-BA";"UOP01";"DEL10"
268989;2020-02-13;"quinta-feira";"13:55:00";"RJ";40;39;"AREAL";"Velocidade Incompatível";"Capotamento";"Com Vítimas Feridas";"Pleno dia";"Crescente";"Nublado";"Dupla";"Curva";"Não";1;0;1;0;0;0;1;1;-22,23332;-43,11414;"SR-RJ";"UOP01";"DEL06"
268990;2020-02-13;"quinta-feira";"13:30:00";"RS";386;440;"CANOAS";"Falta de Atenção à Condução";"Derramamento de carga";"Sem Vítimas";"Pleno dia";"Decrescente";"Céu Claro";"Dupla";"Interseção de vias";"Não";1;0;0;0;1;0;0;1;-29,87826;-51,24195;"SR-RS";"UOP02";"DEL04"
268993;2020-02-13;"quinta-feira";"13:20:00";"SP";153;229,9;"MARILIA";"Falta de Atenção à Condução";"Colisão transversal";"Com Vítimas Feridas";"Pleno dia";"Crescente";"Céu Claro";"Simples";"Reta";"Não";2;0;0;1;1;0;1;2;-22,07665;-49,90128;"SR-SP";"UOP02";"DEL07"
268994;2020-02-13;"quinta-feira";"14:10:00";"RN";110;47,5;"MOSSORO";"Desobediência às normas de trânsito pelo condutor";"Colisão transversal";"Com Vítimas Feridas";"Pleno dia";"Decrescente";"Chuva";"Simples";"Interseção de vias";"Sim";2;0;1;0;1;0;1;2;-5,206198;-37,32942;"SR-RN";"UOP01";"DEL04"
268995;2020-02-13;"quinta-feira";"14:00:00";"AP";210;1;"MACAPA";"Não guardar distância de segurança";"Colisão traseira";"Com Vítimas Feridas";"Pleno dia";"Crescente";"Nublado";"Dupla";"Reta";"Sim";5;0;2;0;3;0;2;2;0,07816717;-51,06999;"SR-AP";"UOP01";"DEL01"
268996;2020-02-13;"quinta-feira";"14:50:00";"PR";376;153,9;"MANDAGUACU";"Falta de Atenção à Condução";"Saída de leito carroçável";"Com Vítimas Feridas";"Pleno dia";"Crescente";"Céu Claro";"Dupla";"Não Informado";"Não";1;0;1;0;0;0;1;1;-23,32035;-52,11016;"SR-PR";"UOP01";"DEL09"
268997;2020-02-13;"quinta-feira";"14:30:00";"MG";381;495,5;"BETIM";"Não guardar distância de segurança";"Colisão traseira";"Com Vítimas Feridas";"Pleno dia";"Decrescente";"Nublado";"Dupla";"Reta";"Não";2;0;1;0;1;0;1;2;-19,98891;-44,20522;"SR-MG";"UOP03";"DEL01"
268998;2020-02-13;"quinta-feira";"14:10:00";"GO";60;25,5;"ALEXANIA";"Pista Escorregadia";"Saída de leito carroçável";"Com Vítimas Feridas";"Pleno dia";"Crescente";"Chuva";"Dupla";"Curva";"Não";4;0;4;0;0;0;4;1;-16,0963;-48,5202;"SR-DF";"UOP02";"DEL01"
268999;2020-01-16;"quinta-feira";"18:50:00";"PI";343;335,1;"TERESINA";"Não guardar distância de segurança";"Colisão traseira";"Com Vítimas Feridas";"Plena Noite";"Decrescente";"Nublado";"Simples";"Reta";"Sim";3;0;1;0;2;0;1;3;-5,057786;-42,68854;"SR-PI";"DEL17/1";"UOP01/PI"
269000;2020-02-12;"quarta-feira";"21:00:00";"MG";116;219,8;"CATUJI";"Defeito Mecânico no Veículo";"Saída de leito carroçável";"Sem Vítimas";"Plena Noite";"Crescente";"Ignorado";"Simples";"Curva";"Não";1;0;0;0;1;0;0;1;-17,39927;-41,51977;"SR-MG";"UOP01";"DEL11"
269001;2020-02-13;"quinta-feira";"15:00:00";"PE";101;57,5;"RECIFE";"Falta de Atenção à Condução";"Tombamento";"Sem Vítimas";"Anoitecer";"Crescente";"Nublado";"Dupla";"Reta";"Não";1;0;0;0;1;0;0;1;-7,963462;-34,91513;"SR-PE";"UOP02";"DEL01"
269002;2020-02-13;"quinta-feira";"14:45:00";"MG";365;151,7;"PIRAPORA";"Avarias e/ou desgaste excessivo no pneu";"Colisão com objeto estático";"Com Vítimas Feridas";"Pleno dia";"Crescente";"Nublado";"Simples";"Reta";"Não";1;0;0;1;0;0;1;1;-17,292;-44,88405;"SR-MG";"UOP01";"DEL12"
269003;2020-02-13;"quinta-feira";"13:50:00";"GO";60;382;"RIO VERDE";"Ingestão de álcool e/ou substâncias psicoativas pelo pedestre";"Atropelamento de Pedestre";"Com Vítimas Feridas";"Pleno dia";"Crescente";"Céu Claro";"Dupla";"Reta";"Sim";2;0;1;0;1;0;1;1;-17,779;-50,8933;"SR-GO";"UOP01";"DEL04"
269004;2020-02-13;"quinta-feira";"14:35:00";"SC";101;308;"LAGUNA";"Falta de Atenção à Condução";"Colisão traseira";"Com Vítimas Feridas";"Pleno dia";"Crescente";"Sol";"Dupla";"Reta";"Não";2;0;0;1;1;0;1;2;-28,39962;-48,7854;"SR-SC";"UOP01";"DEL02"
269005;2020-02-13;"quinta-feira";"14:30:00";"RJ";493;61;"NOVA IGUACU";"Condutor Dormindo";"Saída de leito carroçável";"Com Vítimas Feridas";"Pleno dia";"Crescente";"Nublado";"Dupla";"Curva";"Não";3;0;0;1;0;2;1;1;-22,66305;-43,34415;"SR-RJ";"UOP03";"DEL01"
269006;2020-02-13;"quinta-feira";"15:30:00";"GO";153;525;"HIDROLANDIA";"Falta de Atenção à Condução";"Colisão lateral";"Sem Vítimas";"Pleno dia";"Crescente";"Céu Claro";"Dupla";"Reta";"Não";2;0;0;0;2;0;0;2;-16,9288;-49,2518;"SR-GO";"UOP03";"DEL01"
269007;2020-02-13;"quinta-feira";"15:00:00";"RJ";116;249;"PIRAI";"Falta de Atenção à Condução";"Colisão traseira";"Com Vítimas Feridas";"Pleno dia";"Decrescente";"Chuva";"Dupla";"Reta";"Não";3;0;1;1;1;0;2;2;-22,59967;-43,95006;"SR-RJ";"UOP01";"DEL07"
269008;2020-01-24;"sexta-feira";"14:00:00";"GO";40;5;"VALPARAISO DE GOIAS";"Desobediência às normas de trânsito pelo condutor";"Colisão com objeto em movimento";"Com Vítimas Feridas";"Pleno dia";"Crescente";"Nublado";"Dupla";"Reta";"Não";2;0;1;0;0;1;1;2;-16,09313;-47,98224;"SR-DF";"UOP01/DF";""
269009;2020-02-13;"quinta-feira";"14:50:00";"MG";50;20;"UBERLANDIA";"Velocidade Incompatível";"Colisão frontal";"Sem Vítimas";"Pleno dia";"Crescente";"Chuva";"Dupla";"Reta";"Não";3;0;0;0;1;2;0;2;-18,92119;-48,1829;"SR-MG";"UOP02";"DEL15"
269010;2020-02-13;"quinta-feira";"16:00:00";"ES";101;266,3;"SERRA";"Desobediência às normas de trânsito pelo condutor";"Colisão transversal";"Com Vítimas Feridas";"Pleno dia";"Crescente";"Céu Claro";"Dupla";"Interseção de vias";"Sim";2;0;0;1;1;0;1;2;-20,19247;-40,26873;"SR-ES";"UOP01";"DEL02"
269011;2020-02-13;"quinta-feira";"14:20:00";"AL";104;22;"UNIAO DOS PALMARES";"Pista Escorregadia";"Saída de leito carroçável";"Sem Vítimas";"Pleno dia";"Crescente";"Chuva";"Simples";"Curva";"Não";1;0;0;0;1;0;0;1;-9,073717;-36,03703;"SR-AL";"UOP02";"DEL01"
269012;2020-02-13;"quinta-feira";"16:10:00";"PI";343;346,1;"TERESINA";"Falta de Atenção à Condução";"Atropelamento de Pedestre";"Com Vítimas Feridas";"Pleno dia";"Decrescente";"Céu Claro";"Múltipla";"Reta";"Sim";2;0;1;0;1;0;1;1;-5,111152;-42,77135;"SR-PI";"UOP01";"DEL01"
269013;2020-02-13;"quinta-feira";"15:15:00";"CE";20;429;"FORTALEZA";"Pista Escorregadia";"Colisão com objeto estático";"Sem Vítimas";"Pleno dia";"Crescente";"Chuva";"Dupla";"Reta";"Sim";1;0;0;0;1;0;0;1;-3,87087;-38,50092;"SR-CE";"UOP02";"DEL01"
269014;2020-02-13;"quinta-feira";"14:50:00";"RJ";40;6;"COMENDADOR LEVY GASPARIAN";"Defeito Mecânico no Veículo";"Tombamento";"Com Vítimas Feridas";"Pleno dia";"Crescente";"Chuva";"Dupla";"Reta";"Sim";6;0;2;0;3;1;2;1;-22,02617;-43,23147;"SR-RJ";"UOP01";"DEL06"
269015;2020-02-13;"quinta-feira";"15:30:00";"BA";116;823,5;"VITORIA DA CONQUISTA";"Desobediência às normas de trânsito pelo condutor";"Colisão transversal";"Com Vítimas Feridas";"Pleno dia";"Decrescente";"Céu Claro";"Dupla";"Interseção de vias";"Sim";3;0;2;0;1;0;2;2;-14,80799;-40,78877;"SR-BA";"UOP01";"DEL08"
269016;2020-02-13;"quinta-feira";"15:30:00";"MS";262;201,9;"RIBAS DO RIO PARDO";"Pista Escorregadia";"Saída de leito carroçável";"Com Vítimas Feridas";"Pleno dia";"Decrescente";"Chuva";"Simples";"Reta";"Não";1;0;1;0;0;0;1;1;-20,46423;-53,39505;"SR-MS";"UOP02";"DEL07"
269017;2020-02-13;"quinta-feira";"15:00:00";"PR";476;133;"CURITIBA";"Defeito Mecânico no Veículo";"Colisão com objeto estático";"Com Vítimas Feridas";"Pleno dia";"Decrescente";"Céu Claro";"Múltipla";"Não Informado";"Sim";2;0;1;0;1;0;1;2;-25,46922;-49,25414;"SR-PR";"UOP03";"DEL01"
269019;2020-02-13;"quinta-feira";"16:35:00";"PR";376;176,1;"MARINGA";"Falta de Atenção à Condução";"Atropelamento de Pedestre";"Com Vítimas Feridas";"Pleno dia";"Crescente";"Céu Claro";"Dupla";"Não Informado";"Sim";2;0;2;0;0;0;2;1;-23,41269;-51,93158;"SR-PR";"UOP01";"DEL09"
269020;2020-02-13;"quinta-feira";"16:45:00";"PR";369;165,3;"CAMBE";"Velocidade Incompatível";"Colisão traseira";"Com Vítimas Feridas";"Pleno dia";"Decrescente";"Céu Claro";"Dupla";"Reta";"Sim";4;0;1;1;2;0;2;2;-23,29547;-51,2941;"SR-PR";"UOP01";"DEL07"
269021;2020-02-13;"quinta-feira";"14:00:00";"CE";222;297,3;"TIANGUA";"Pista Escorregadia";"Colisão frontal";"Com Vítimas Feridas";"Pleno dia";"Crescente";"Chuva";"Simples";"Curva";"Não";3;0;1;0;2;0;1;2;-3,658261;-40,92483;"SR-CE";"UOP02";"DEL04"
269022;2020-02-13;"quinta-feira";"16:45:00";"SC";470;178,1;"POUSO REDONDO";"Falta de Atenção à Condução";"Colisão traseira";"Com Vítimas Feridas";"Pleno dia";"Crescente";"Céu Claro";"Simples";"Reta";"Não";2;0;1;0;1;0;1;2;-27,24839;-49,96708;"SR-SC";"UOP02";"DEL04"
269023;2020-02-13;"quinta-feira";"13:50:00";"PR";376;299;"MAUA DA SERRA";"Falta de Atenção à Condução";"Colisão frontal";"Com Vítimas Feridas";"Pleno dia";"Decrescente";"Céu Claro";"Dupla";"Curva";"Não";4;0;1;3;0;0;4;2;-23,9359;-51,13894;"SR-PR";"UOP02";"DEL07"
269024;2020-02-13;"quinta-feira";"16:40:00";"SC";101;212,5;"PALHOCA";"Falta de Atenção à Condução";"Colisão lateral";"Com Vítimas Feridas";"Pleno dia";"Decrescente";"Nublado";"Dupla";"Reta";"Não";2;0;1;0;1;0;1;2;-27,62997;-48,65904;"SR-SC";"UOP02";"DEL01"
269025;2020-02-13;"quinta-feira";"16:55:00";"PR";277;584,7;"CASCAVEL";"Velocidade Incompatível";"Colisão frontal";"Com Vítimas Fatais";"Pleno dia";"Decrescente";"Céu Claro";"Dupla";"Reta";"Sim";22;1;0;0;21;0;0;3;-24,96489;-53,40306;"SR-PR";"UOP01";"DEL04"
269026;2020-02-13;"quinta-feira";"17:30:00";"PR";277;79,4;"CURITIBA";"Restrição de Visibilidade";"Colisão transversal";"Com Vítimas Feridas";"Pleno dia";"Crescente";"Nublado";"Dupla";"Não Informado";"Sim";2;0;0;1;1;0;1;2;-25,47826;-49,20304;"SR-PR";"UOP01";"DEL01"
269027;2020-02-13;"quinta-feira";"16:40:00";"MG";116;275,1;"TEOFILO OTONI";"Falta de Atenção à Condução";"Colisão transversal";"Com Vítimas Feridas";"Pleno dia";"Decrescente";"Céu Claro";"Simples";"Reta";"Não";2;0;1;0;1;0;1;2;-17,84235;-41,5141;"SR-MG";"UOP01";"DEL11"
269028;2020-02-13;"quinta-feira";"17:00:00";"RJ";101;395,2;"RIO DE JANEIRO";"Pista Escorregadia";"Saída de leito carroçável";"Com Vítimas Feridas";"Pleno dia";"Crescente";"Chuva";"Simples";"Curva";"Não";1;0;1;0;0;0;1;1;-22,87815;-43,73133;"SR-RJ";"UOP01";"DEL03"
269029;2020-02-13;"quinta-feira";"17:00:00";"RS";116;262;"CANOAS";"Desobediência às normas de trânsito pelo condutor";"Colisão lateral";"Com Vítimas Feridas";"Pleno dia";"Decrescente";"Sol";"Múltipla";"Reta";"Não";2;0;1;0;1;0;1;2;-29,89397;-51,17659;"SR-RS";"UOP01";"DEL01"
269030;2020-02-13;"quinta-feira";"16:40:00";"ES";259;48,8;"COLATINA";"Falta de Atenção à Condução";"Tombamento";"Com Vítimas Feridas";"Pleno dia";"Decrescente";"Céu Claro";"Simples";"Interseção de vias";"Sim";1;0;1;0;0;0;1;1;-19,52285;-40,59357;"SR-ES";"UOP01";"DEL02"
269031;2020-02-01;"sábado";"19:00:00";"MG";381;440;"SABARA";"Deficiência ou não Acionamento do Sistema de Iluminação/Sinalização do Veículo";"Colisão transversal";"Com Vítimas Feridas";"Plena Noite";"Decrescente";"Céu Claro";"Simples";"Não Informado";"Não";2;0;0;1;1;0;1;2;-19,8116;-43,79604;"SR-MG";"DEL4/1";"UOP01/MG"
269032;2020-02-13;"quinta-feira";"18:00:00";"SP";116;273;"TABOAO DA SERRA";"Ingestão de Álcool";"Colisão traseira";"Sem Vítimas";"Anoitecer";"Decrescente";"Nublado";"Dupla";"Reta";"Sim";2;0;0;0;2;0;0;2;-23,6281;-46,8187;"SR-SP";"UOP01";"DEL04"
269034;2020-02-13;"quinta-feira";"17:33:00";"SC";280;22,2;"ARAQUARI";"Mal Súbito";"Colisão lateral";"Com Vítimas Feridas";"Pleno dia";"Crescente";"Nublado";"Simples";"Reta";"Não";2;0;1;0;1;0;1;2;-26,371;-48,70282;"SR-SC";"UOP03";"DEL03"
269035;2020-02-13;"quinta-feira";"16:50:00";"PR";376;149,7;"PRESIDENTE CASTELO BRANCO";"Falta de Atenção à Condução";"Saída de leito carroçável";"Com Vítimas Feridas";"Pleno dia";"Decrescente";"Céu Claro";"Dupla";"Reta";"Não";1;0;0;1;0;0;1;1;-23,29627;-52,11835;"SR-PR";"UOP01";"DEL09"
269036;2020-02-13;"quinta-feira";"17:50:00";"RS";116;242;"SAO LEOPOLDO";"Falta de Atenção à Condução";"Colisão traseira";"Com Vítimas Feridas";"Pleno dia";"Crescente";"Céu Claro";"Dupla";"Reta";"Sim";2;0;1;0;1;0;1;2;-29,72297;-51,14859;"SR-RS";"UOP02";"DEL01"
269037;2020-02-13;"quinta-feira";"18:03:00";"SC";101;124,2;"ITAJAI";"Velocidade Incompatível";"Colisão traseira";"Com Vítimas Feridas";"Pleno dia";"Crescente";"Chuva";"Dupla";"Reta";"Sim";3;0;1;0;2;0;1;3;-26,94335;-48,69199;"SR-SC";"UOP04";"DEL04"
269038;2020-02-12;"quarta-feira";"19:00:00";"RO";364;378;"OURO PRETO DO OESTE";"Ultrapassagem Indevida";"Colisão lateral";"Com Vítimas Feridas";"Plena Noite";"Crescente";"Chuva";"Simples";"Curva";"Não";2;0;1;0;0;1;1;2;-10,74229;-62,20887;"SR-RO";"UOP01";"DEL02"
269039;2020-02-13;"quinta-feira";"18:25:00";"SC";470;53,7;"BLUMENAU";"Desobediência às normas de trânsito pelo condutor";"Colisão transversal";"Com Vítimas Feridas";"Pleno dia";"Decrescente";"Nublado";"Simples";"Curva";"Não";2;0;1;0;1;0;1;2;-26,86712;-49,10207;"SR-SC";"UOP01";"DEL04"
269040;2020-02-13;"quinta-feira";"18:00:00";"MG";40;247,2;"SAO GONCALO DO ABAETE";"Velocidade Incompatível";"Saída de leito carroçável";"Com Vítimas Feridas";"Anoitecer";"Decrescente";"Chuva";"Simples";"Desvio Temporário";"Não";1;0;0;1;0;0;1;1;-18,10887;-45,46577;"SR-MG";"UOP02";"DEL14"
269041;2020-02-13;"quinta-feira";"17:40:00";"SC";101;350,2;"JAGUARUNA";"Falta de Atenção à Condução";"Colisão traseira";"Com Vítimas Feridas";"Pleno dia";"Crescente";"Céu Claro";"Simples";"Interseção de vias";"Sim";2;0;1;0;1;0;1;2;-28,60039;-49,05151;"SR-SC";"UOP01";"DEL02"
269042;2020-02-13;"quinta-feira";"17:40:00";"PE";101;80;"JABOATAO DOS GUARARAPES";"Falta de Atenção do Pedestre";"Atropelamento de Pedestre";"Com Vítimas Feridas";"Anoitecer";"Decrescente";"Nublado";"Dupla";"Reta";"Sim";2;0;1;0;1;0;1;1;-8,151126;-34,94289;"SR-PE";"UOP03";"DEL01"
269043;2020-02-13;"quinta-feira";"18:00:00";"RS";386;354,7;"ESTRELA";"Ingestão de Álcool";"Colisão com objeto estático";"Com Vítimas Feridas";"Pleno dia";"Decrescente";"Sol";"Dupla";"Ponte";"Sim";1;0;1;0;0;0;1;1;-29,51273;-51,94067;"SR-RS";"UOP02";"DEL04"
269044;2020-02-13;"quinta-feira";"18:25:00";"PE";101;55,6;"PAULISTA";"Falta de Atenção à Condução";"Colisão traseira";"Com Vítimas Feridas";"Plena Noite";"Decrescente";"Céu Claro";"Dupla";"Reta";"Não";2;0;0;1;1;0;1;2;-7,948066;-34,90621;"SR-PE";"UOP02";"DEL01"
269045;2020-02-13;"quinta-feira";"14:00:00";"PR";116;28;"CAMPINA GRANDE DO SUL";"Pista Escorregadia";"Colisão com objeto estático";"Sem Vítimas";"Pleno dia";"Decrescente";"Chuva";"Dupla";"Não Informado";"Sim";1;0;0;0;1;0;0;1;-25,1067;-48,80406;"SR-PR";"UOP02";"DEL01"
269046;2020-02-13;"quinta-feira";"18:30:00";"RJ";393;178,2;"PARAIBA DO SUL";"Desobediência às normas de trânsito pelo condutor";"Colisão frontal";"Com Vítimas Fatais";"Anoitecer";"Crescente";"Céu Claro";"Simples";"Reta";"Sim";2;1;1;0;0;0;1;2;-22,12634;-43,22812;"SR-RJ";"UOP01";"DEL05"
269047;2020-02-13;"quinta-feira";"19:00:00";"ES";101;198;"JOAO NEIVA";"Falta de Atenção à Condução";"Colisão traseira";"Com Vítimas Feridas";"Plena Noite";"Crescente";"Céu Claro";"Simples";"Reta";"Não";2;0;1;0;1;0;1;2;-19,71699;-40,34091;"SR-ES";"UOP01";"DEL04"
269048;2020-02-13;"quinta-feira";"18:30:00";"MG";40;513,7;"RIBEIRAO DAS NEVES";"Velocidade Incompatível";"Colisão lateral";"Com Vítimas Feridas";"Plena Noite";"Decrescente";"Chuva";"Dupla";"Reta";"Não";3;0;2;0;1;0;2;2;-19,79705;-44,10805;"SR-MG";"UOP02";"DEL01"
269049;2020-02-13;"quinta-feira";"18:20:00";"CE";222;6;"CAUCAIA";"Falta de Atenção à Condução";"Colisão transversal";"Com Vítimas Feridas";"Plena Noite";"Crescente";"Nublado";"Simples";"Reta";"Sim";3;0;2;0;1;0;2;2;-3,736507;-38,65337;"SR-CE";"UOP01";"DEL01"
269050;2020-02-13;"quinta-feira";"18:40:00";"SE";235;50;"ITABAIANA";"Falta de Atenção à Condução";"Colisão lateral";"Com Vítimas Feridas";"Plena Noite";"Decrescente";"Céu Claro";"Dupla";"Reta";"Sim";2;0;1;0;1;0;1;2;-10,70788;-37,42606;"SR-SE";"UOP02";"DEL01"
269051;2020-02-13;"quinta-feira";"18:00:00";"SC";470;3;"NAVEGANTES";"Defeito Mecânico no Veículo";"Tombamento";"Sem Vítimas";"Pleno dia";"Decrescente";"Nublado";"Simples";"Reta";"Sim";1;0;0;0;1;0;0;1;-26,86194;-48,68162;"SR-SC";"UOP04";"DEL04"
269052;2020-02-13;"quinta-feira";"08:30:00";"RO";429;51;"PRESIDENTE MEDICI";"Defeito na Via";"Queda de ocupante de veículo";"Com Vítimas Feridas";"Amanhecer";"Decrescente";"Chuva";"Simples";"Reta";"Não";1;0;1;0;0;0;1;1;-11,20031;-61,99144;"SR-RO";"UOP03";"DEL02"
269054;2020-02-13;"quinta-feira";"18:20:00";"MG";381;365;"SAO GONCALO DO RIO ABAIXO";"Desobediência às normas de trânsito pelo condutor";"Colisão frontal";"Com Vítimas Fatais";"Anoitecer";"Decrescente";"Chuva";"Simples";"Não Informado";"Não";2;1;0;0;1;0;0;2;-19,85487;-43,22694;"SR-MG";"UOP01";"DEL03"
269055;2020-02-13;"quinta-feira";"19:20:00";"SC";101;231;"PALHOCA";"Animais na Pista";"Atropelamento de Animal";"Com Vítimas Feridas";"Plena Noite";"Crescente";"Céu Claro";"Dupla";"Não Informado";"Não";1;0;1;0;0;0;1;1;-27,7867;-48,63564;"SR-SC";"UOP02";"DEL01"
269056;2020-02-13;"quinta-feira";"18:30:00";"PR";476;142;"CURITIBA";"Falta de Atenção à Condução";"Colisão lateral";"Com Vítimas Feridas";"Plena Noite";"Crescente";"Nublado";"Dupla";"Reta";"Sim";2;0;1;0;1;0;1;2;-25,53716;-49,30163;"SR-PR";"UOP03";"DEL01"
269057;2020-02-13;"quinta-feira";"17:20:00";"SC";470;108,5;"IBIRAMA";"Objeto estático sobre o leito carroçável";"Colisão com objeto em movimento";"Com Vítimas Feridas";"Pleno dia";"Crescente";"Nublado";"Simples";"Reta";"Sim";2;0;2;0;0;0;2;2;-27,08395;-49,44833;"SR-SC";"UOP02";"DEL04"
269058;2020-02-13;"quinta-feira";"16:00:00";"MA";316;205;"ZE DOCA";"Defeito na Via";"Tombamento";"Com Vítimas Feridas";"Pleno dia";"Decrescente";"Nublado";"Simples";"Reta";"Não";2;0;2;0;0;0;2;1;-3,340662;-45,662;"SR-MA";"UOP01";"DEL02"
269059;2020-02-13;"quinta-feira";"20:15:00";"SC";470;6;"ITAJAI";"Defeito Mecânico no Veículo";"Colisão frontal";"Com Vítimas Feridas";"Plena Noite";"Crescente";"Nublado";"Dupla";"Reta";"Sim";4;0;0;1;3;0;1;2;-26,85224;-48,70954;"SR-SC";"UOP04";"DEL04"
269060;2020-02-13;"quinta-feira";"17:30:00";"RS";116;143,7;"CAXIAS DO SUL";"Desobediência às normas de trânsito pelo condutor";"Colisão lateral";"Com Vítimas Feridas";"Pleno dia";"Decrescente";"Céu Claro";"Dupla";"Curva";"Não";3;0;1;0;2;0;1;2;-29,12017;-51,12261;"SR-RS";"UOP01";"DEL05"
269061;2020-02-13;"quinta-feira";"19:30:00";"MG";381;494;"BETIM";"Velocidade Incompatível";"Colisão traseira";"Com Vítimas Feridas";"Plena Noite";"Crescente";"Chuva";"Dupla";"Interseção de vias";"Sim";3;0;1;0;2;0;1;2;-19,98556;-44,20318;"SR-MG";"UOP03";"DEL01"
269062;2020-02-13;"quinta-feira";"20:05:00";"PI";316;311;"PICOS";"Falta de Atenção à Condução";"Colisão com objeto estático";"Sem Vítimas";"Plena Noite";"Crescente";"Chuva";"Dupla";"Reta";"Sim";3;0;0;0;3;0;0;1;-7,076331;-41,46596;"SR-PI";"UOP01";"DEL04"
269063;2020-02-13;"quinta-feira";"20:00:00";"PE";101;98,1;"CABO DE SANTO AGOSTINHO";"Falta de Atenção do Pedestre";"Atropelamento de Pedestre";"Com Vítimas Feridas";"Plena Noite";"Crescente";"Nublado";"Dupla";"Reta";"Sim";2;0;0;2;0;0;2;1;-8,256534;-35,03812;"SR-PE";"UOP03";"DEL01"
269064;2020-02-13;"quinta-feira";"10:50:00";"MA";316;436,2;"PERITORO";"Defeito na Via";"Saída de leito carroçável";"Com Vítimas Feridas";"Pleno dia";"Decrescente";"Chuva";"Simples";"Curva";"Não";1;0;1;0;0;0;1;1;-4,413616;-44,2411;"SR-MA";"UOP01";"DEL03"
269065;2020-02-13;"quinta-feira";"20:40:00";"PB";427;22,9;"PAULISTA";"Falta de Atenção à Condução";"Colisão frontal";"Com Vítimas Feridas";"Plena Noite";"Crescente";"Céu Claro";"Simples";"Curva";"Não";2;0;0;2;0;0;2;2;-6,72656;-37,66767;"SR-PB";"UOP02";"DEL03"
269066;2020-02-13;"quinta-feira";"19:20:00";"PR";469;12;"FOZ DO IGUACU";"Ingestão de Álcool";"Colisão transversal";"Com Vítimas Feridas";"Anoitecer";"Crescente";"Céu Claro";"Simples";"Rotatória";"Sim";2;0;1;0;1;0;1;2;-25,57421;-54,55186;"SR-PR";"UOP03";"DEL05"