"id";"data_inversa";"dia_semana";"horario";"uf";"br";"km";"municipio";"causa_acidente";"tipo_acidente";"classificacao_acidente";"fase_dia";"sentido_via";"condicao_metereologica";"tipo_pista";"tracado_via";"uso_solo";"pessoas";"mortos";"feridos_leves";"feridos_graves";"ilesos";"ignorados";"feridos";"veiculos";"latitude";"longitude";"regional";"delegacia";"uop"
269067;2020-02-13;"quinta-feira";"17:55:00";"MA";135;21,9;"SAO LUIS";"Desobediência às normas de trânsito pelo condutor";"Colisão transversal";"Com Vítimas Feridas";"Plena Noite";"Crescente";"Céu Claro";"Dupla";"Reta";"Sim";3;0;1;0;2;0;1;2;-2,560978;-44,31514;"SR-MA";"UOP01";"DEL01"
269068;2020-02-13;"quinta-feira";"20:10:00";"MS";163;262,5;"DOURADOS";"Desobediência às normas de trânsito pelo condutor";"Colisão frontal";"Com Vítimas Feridas";"Plena Noite";"Crescente";"Ignorado";"Dupla";"Reta";"Não";2;0;0;1;1;0;1;2;-22,23523;-54,75663;"SR-MS";"UOP01";"DEL04"
269069;2020-02-13;"quinta-feira";"20:00:00";"RJ";40;91;"PETROPOLIS";"Velocidade Incompatível";"Colisão com objeto estático";"Com Vítimas Feridas";"Plena Noite";"Crescente";"Nevoeiro/Neblina";"Simples";"Não Informado";"Não";3;0;2;0;1;0;2;1;-22,55029;-43,24477;"SR-RJ";"UOP03";"DEL06"
269070;2020-02-13;"quinta-feira";"21:20:00";"PE";101;194;"PALMARES";"Restrição de Visibilidade";"Tombamento";"Com Vítimas Feridas";"Plena Noite";"Crescente";"Céu Claro";"Dupla";"Curva";"Não";2;0;2;0;0;0;2;1;-8,730328;-35,6086;"SR-PE";"UOP03";"DEL01"
269071;2020-02-13;"quinta-feira";"19:40:00";"RO";425;121;"GUAJARA-MIRIM";"Animais na Pista";"Saída de leito carroçável";"Com Vítimas Feridas";"Plena Noite";"Crescente";"Nublado";"Simples";"Reta";"Não";2;0;2;0;0;0;2;1;-10,61409;-65,31977;"SR-RO";"UOP04";"DEL01"
269072;2020-02-13;"quinta-feira";"18:40:00";"PR";376;495,5;"PONTA GROSSA";"Falta de Atenção à Condução";"Queda de ocupante de veículo";"Com Vítimas Feridas";"Pleno dia";"Decrescente";"Céu Claro";"Dupla";"Curva";"Sim";1;0;1;0;0;0;1;1;-25,17135;-50,10846;"SR-PR";"UOP02";"DEL03"
269073;2020-02-13;"quinta-feira";"21:07:00";"PR";116;12;"COLOMBO";"Falta de Atenção à Condução";"Queda de ocupante de veículo";"Com Vítimas Feridas";"Plena Noite";"Crescente";"Céu Claro";"Dupla";"Curva";"Sim";1;0;1;0;0;0;1;1;-25,3755;-49,1496;"SR-PR";"UOP01";"DEL01"
269074;2020-02-13;"quinta-feira";"20:30:00";"RS";116;258;"ESTEIO";"Defeito Mecânico no Veículo";"Tombamento";"Com Vítimas Feridas";"Plena Noite";"Decrescente";"Nublado";"Múltipla";"Reta";"Sim";1;0;1;0;0;0;1;1;-29,86151;-51,18092;"SR-RS";"UOP02";"DEL01"
269075;2020-02-13;"quinta-feira";"17:59:00";"MA";316;449,1;"PERITORO";"Falta de Atenção à Condução";"Atropelamento de Pedestre";"Com Vítimas Feridas";"Anoitecer";"Decrescente";"Chuva";"Simples";"Desvio Temporário";"Não";2;0;0;1;1;0;1;1;-4,491364;-44,14505;"SR-MA";"UOP01";"DEL03"
269076;2020-02-13;"quinta-feira";"22:40:00";"SC";470;45,8;"GASPAR";"Ingestão de Álcool";"Colisão lateral";"Com Vítimas Feridas";"Plena Noite";"Crescente";"Nublado";"Simples";"Reta";"Não";2;0;1;0;1;0;1;2;-26,86706;-49,03111;"SR-SC";"UOP01";"DEL04"
269077;2020-02-13;"quinta-feira";"22:35:00";"SP";116;229,2;"SAO PAULO";"Falta de Atenção à Condução";"Colisão traseira";"Com Vítimas Feridas";"Plena Noite";"Decrescente";"Chuva";"Múltipla";"Reta";"Sim";4;0;1;0;2;1;1;3;-23,51496;-46,57798;"SR-SP";"UOP01";"DEL01"
269078;2020-02-13;"quinta-feira";"22:40:00";"PE";104;118;"PANELAS";"Agressão Externa";"Colisão lateral";"Com Vítimas Feridas";"Plena Noite";"Decrescente";"Céu Claro";"Simples";"Curva";"Não";2;0;1;0;1;0;1;2;-8,687511;-36,01738;"SR-PE";"UOP01";"DEL02"
269079;2020-02-13;"quinta-feira";"20:50:00";"BA";101;236;"CONCEICAO DO ALMEIDA";"Falta de Atenção à Condução";"Colisão traseira";"Com Vítimas Feridas";"Plena Noite";"Crescente";"Céu Claro";"Simples";"Desvio Temporário";"Não";4;0;1;0;3;0;1;4;-12,88118;-39,21999;"SR-BA";"UOP02";"DEL01"
269080;2020-02-13;"quinta-feira";"16:15:00";"PR";476;312,8;"SAO MATEUS DO SUL";"Velocidade Incompatível";"Tombamento";"Com Vítimas Feridas";"Pleno dia";"Decrescente";"Sol";"Simples";"Curva";"Não";1;0;1;0;0;0;1;1;-26,02461;-50,67159;"SR-PR";"UOP05";"DEL03"
269081;2020-02-13;"quinta-feira";"22:20:00";"PR";476;40;"TUNAS DO PARANA";"Condutor Dormindo";"Saída de leito carroçável";"Com Vítimas Fatais";"Plena Noite";"Crescente";"Garoa/Chuvisco";"Simples";"Curva";"Não";1;1;0;0;0;0;0;1;-24,88681;-49,0761;"SR-PR";"UOP06";"DEL01"
269082;2020-02-13;"quinta-feira";"23:40:00";"SC";101;137,1;"BALNEARIO CAMBORIU";"Falta de Atenção à Condução";"Tombamento";"Com Vítimas Feridas";"Plena Noite";"Decrescente";"Nublado";"Dupla";"Desvio Temporário";"Sim";1;0;1;0;0;0;1;1;-27,01572;-48,61193;"SR-SC";"UOP03";"DEL04"
269083;2020-02-14;"sexta-feira";"00:15:00";"SC";470;52,7;"BLUMENAU";"Defeito Mecânico no Veículo";"Incêndio";"Sem Vítimas";"Plena Noite";"Crescente";"Nublado";"Simples";"Retorno Regulamentado";"Sim";1;0;0;0;1;0;0;1;-26,86229;-49,0939;"SR-SC";"UOP01";"DEL04"
269084;2020-02-14;"sexta-feira";"00:15:00";"RJ";40;113;"DUQUE DE CAXIAS";"Sinalização da via insuficiente ou inadequada";"Colisão com objeto estático";"Com Vítimas Feridas";"Plena Noite";"Decrescente";"Garoa/Chuvisco";"Múltipla";"Reta";"Sim";1;0;1;0;0;0;1;1;-22,70949;-43,2904;"SR-RJ";"UOP01";"DEL01"
269085;2020-02-13;"quinta-feira";"21:55:00";"PR";369;409,9;"MAMBORE";"Velocidade Incompatível";"Saída de leito carroçável";"Com Vítimas Feridas";"Plena Noite";"Decrescente";"Céu Claro";"Simples";"Reta";"Não";3;0;1;1;1;0;2;2;-24,3366;-52,6979;"SR-PR";"UOP04";"DEL04"
269086;2020-02-14;"sexta-feira";"00:25:00";"PE";232;424,5;"SERRA TALHADA";"Animais na Pista";"Atropelamento de Animal";"Sem Vítimas";"Plena Noite";"Decrescente";"Nublado";"Simples";"Reta";"Não";5;0;0;0;5;0;0;1;-8,000359;-38,42096;"SR-PE";"UOP01";"DEL04"
269087;2020-02-14;"sexta-feira";"01:40:00";"PR";376;177,5;"MARINGA";"Falta de Atenção à Condução";"Queda de ocupante de veículo";"Com Vítimas Feridas";"Plena Noite";"Decrescente";"Céu Claro";"Dupla";"Reta";"Sim";1;0;1;0;0;0;1;1;-23,41596;-51,92226;"SR-PR";"UOP01";"DEL09"
269088;2020-02-13;"quinta-feira";"23:30:00";"MS";158;232;"TRES LAGOAS";"Falta de Atenção à Condução";"Saída de leito carroçável";"Sem Vítimas";"Plena Noite";"Decrescente";"Céu Claro";"Simples";"Não Informado";"Não";1;0;0;0;1;0;0;1;-20,59706;-51,62896;"SR-MS";"UOP01";"DEL07"
269089;2020-02-13;"quinta-feira";"23:50:00";"MT";364;186,9;"RONDONOPOLIS";"Animais na Pista";"Atropelamento de Animal";"Sem Vítimas";"Plena Noite";"Crescente";"Nublado";"Simples";"Reta";"Não";4;0;0;0;4;0;0;1;-16,57765;-54,53325;"SR-MT";"UOP01";"DEL02"
269090;2020-02-14;"sexta-feira";"00:59:00";"SC";163;99,3;"SAO JOSE DO CEDRO";"Falta de Atenção à Condução";"Saída de leito carroçável";"Sem Vítimas";"Plena Noite";"Decrescente";"Céu Claro";"Simples";"Reta";"Não";1;0;0;0;0;1;0;1;-26,49444;-53,50152;"SR-SC";"UOP03";"DEL07"
269091;2020-02-14;"sexta-feira";"00:20:00";"MG";40;92,5;"LAGOA GRANDE";"Condutor Dormindo";"Colisão lateral";"Com Vítimas Feridas";"Plena Noite";"Crescente";"Garoa/Chuvisco";"Simples";"Não Informado";"Não";3;0;0;1;0;2;1;2;-17,51038;-46,56073;"SR-MG";"UOP01";"DEL14"
269092;2020-02-14;"sexta-feira";"01:00:00";"GO";60;113,8;"GOIANAPOLIS";"Ingestão de Álcool";"Colisão traseira";"Com Vítimas Feridas";"Plena Noite";"Decrescente";"Céu Claro";"Dupla";"Não Informado";"Não";2;0;1;0;0;1;1;2;-16,4572;-49,0567;"SR-GO";"UOP01";"DEL01"
269093;2020-02-14;"sexta-feira";"01:30:00";"SP";116;548;"BARRA DO TURVO";"Pista Escorregadia";"Engavetamento";"Com Vítimas Feridas";"Plena Noite";"Crescente";"Garoa/Chuvisco";"Dupla";"Curva";"Não";7;0;2;0;5;0;2;7;-24,95393;-48,44727;"SR-SP";"UOP02";"DEL05"
269094;2020-02-13;"quinta-feira";"21:55:00";"MS";163;208;"CAARAPO";"Falta de Atenção à Condução";"Colisão transversal";"Com Vítimas Feridas";"Plena Noite";"Decrescente";"Nublado";"Simples";"Interseção de vias";"Sim";2;0;0;1;1;0;1;2;-22,6384;-54,81493;"SR-MS";"UOP02";"DEL04"
269095;2020-02-14;"sexta-feira";"02:40:00";"RS";116;318,8;"BARRA DO RIBEIRO";"Ingestão de Álcool";"Colisão transversal";"Com Vítimas Feridas";"Plena Noite";"Crescente";"Céu Claro";"Dupla";"Túnel";"Sim";2;0;1;0;1;0;1;2;-30,27952;-51,41185;"SR-RS";"UOP01";"DEL02"
269096;2020-02-13;"quinta-feira";"23:30:00";"MG";381;248;"SANTANA DO PARAISO";"Ultrapassagem Indevida";"Colisão frontal";"Com Vítimas Feridas";"Plena Noite";"Decrescente";"Nublado";"Simples";"Não Informado";"Não";4;0;4;0;0;0;4;2;-19,47089;-42,53936;"SR-MG";"UOP01";"DEL06"
269097;2020-02-14;"sexta-feira";"03:50:00";"RS";116;242;"SAO LEOPOLDO";"Desobediência às normas de trânsito pelo pedestre";"Colisão traseira";"Com Vítimas Feridas";"Plena Noite";"Decrescente";"Céu Claro";"Dupla";"Reta";"Sim";4;0;3;0;1;0;3;2;-29,72297;-51,14859;"SR-RS";"UOP02";"DEL01"
269098;2020-02-14;"sexta-feira";"03:30:00";"AL";101;37,9;"JOAQUIM GOMES";"Falta de Atenção à Condução";"Tombamento";"Com Vítimas Feridas";"Amanhecer";"Decrescente";"Céu Claro";"Dupla";"Curva";"Não";1;0;1;0;0;0;1;1;-9,139386;-35,77036;"SR-AL";"UOP02";"DEL01"
269099;2020-02-14;"sexta-feira";"04:00:00";"SC";101;205;"SAO JOSE";"Ingestão de Álcool";"Colisão com objeto estático";"Com Vítimas Feridas";"Plena Noite";"Decrescente";"Nublado";"Múltipla";"Curva";"Sim";1;0;1;0;0;0;1;1;-27,58394;-48,61538;"SR-SC";"UOP01";"DEL01"
269100;2020-02-14;"sexta-feira";"04:20:00";"SP";116;531;"BARRA DO TURVO";"Falta de Atenção à Condução";"Colisão traseira";"Com Vítimas Feridas";"Plena Noite";"Crescente";"Nublado";"Dupla";"Reta";"Não";3;0;0;1;2;0;1;2;-24,95041;-48,31521;"SR-SP";"UOP02";"DEL05"
269101;2020-02-14;"sexta-feira";"05:40:00";"ES";101;269;"SERRA";"Falta de Atenção à Condução";"Colisão lateral";"Sem Vítimas";"Pleno dia";"Crescente";"Céu Claro";"Múltipla";"Interseção de vias";"Sim";3;0;0;0;3;0;0;3;-20,1902;-40,26829;"SR-ES";"UOP01";"DEL02"
269102;2020-02-14;"sexta-feira";"04:45:00";"BA";116;442,1;"FEIRA DE SANTANA";"Falta de Atenção à Condução";"Capotamento";"Com Vítimas Fatais";"Amanhecer";"Crescente";"Céu Claro";"Dupla";"Curva";"Não";2;1;1;0;0;0;1;1;-12,33676;-39,07329;"SR-BA";"UOP01";"DEL02"
269103;2020-02-14;"sexta-feira";"05:30:00";"PR";369;161,3;"CAMBE";"Falta de Atenção à Condução";"Colisão traseira";"Com Vítimas Feridas";"Amanhecer";"Decrescente";"Céu Claro";"Dupla";"Não Informado";"Sim";3;0;1;0;2;0;1;2;-23,28934;-51,26253;"SR-PR";"UOP01";"DEL07"
269104;2020-02-14;"sexta-feira";"05:40:00";"RS";116;354,2;"TAPES";"Ingestão de Álcool";"Colisão traseira";"Sem Vítimas";"Plena Noite";"Crescente";"Céu Claro";"Simples";"Reta";"Não";2;0;0;0;1;1;0;2;-30,57453;-51,52476;"SR-RS";"UOP02";"DEL02"
269105;2020-02-14;"sexta-feira";"06:00:00";"GO";153;502;"GOIANIA";"Agressão Externa";"Colisão com objeto em movimento";"Com Vítimas Feridas";"Amanhecer";"Crescente";"Céu Claro";"Dupla";"Reta";"Sim";1;0;1;0;0;0;1;1;-16,7287;-49,2424;"SR-GO";"UOP01";"DEL01"
269106;2020-02-14;"sexta-feira";"05:05:00";"PR";277;335,9;"GUARAPUAVA";"Velocidade Incompatível";"Tombamento";"Com Vítimas Feridas";"Plena Noite";"Crescente";"Céu Claro";"Dupla";"Não Informado";"Não";1;0;1;0;0;0;1;1;-25,36291;-51,35;"SR-PR";"UOP01";"DEL08"
269107;2020-02-14;"sexta-feira";"06:45:00";"AL";101;110,9;"PILAR";"Falta de Atenção à Condução";"Colisão lateral";"Sem Vítimas";"Pleno dia";"Crescente";"Céu Claro";"Simples";"Não Informado";"Não";4;0;0;0;3;1;0;3;-9,603446;-36,02349;"SR-AL";"UOP01";"DEL02"
269108;2020-02-14;"sexta-feira";"07:00:00";"SP";116;219;"GUARULHOS";"Desobediência às normas de trânsito pelo condutor";"Colisão traseira";"Com Vítimas Feridas";"Pleno dia";"Crescente";"Céu Claro";"Múltipla";"Reta";"Sim";3;0;2;0;1;0;2;2;-23,46144;-46,48885;"SR-SP";"UOP01";"DEL01"
269109;2020-02-14;"sexta-feira";"05:33:00";"MT";364;259,8;"JUSCIMEIRA";"Falta de Atenção à Condução";"Colisão frontal";"Com Vítimas Fatais";"Amanhecer";"Crescente";"Céu Claro";"Simples";"Reta";"Sim";2;1;0;0;1;0;0;2;-16,03979;-54,89113;"SR-MT";"UOP02";"DEL05"
269110;2020-02-14;"sexta-feira";"07:20:00";"GO";153;495;"GOIANIA";"Não guardar distância de segurança";"Colisão traseira";"Com Vítimas Feridas";"Pleno dia";"Crescente";"Céu Claro";"Dupla";"Não Informado";"Sim";4;0;1;0;2;1;1;3;-16,6681;-49,2263;"SR-GO";"UOP01";"DEL01"
269112;2020-02-14;"sexta-feira";"07:20:00";"PR";376;179,5;"MARINGA";"Não guardar distância de segurança";"Colisão traseira";"Com Vítimas Feridas";"Pleno dia";"Decrescente";"Sol";"Dupla";"Reta";"Sim";2;0;1;0;1;0;1;2;-23,42098;-51,90821;"SR-PR";"UOP01";"DEL09"
269113;2020-02-14;"sexta-feira";"07:30:00";"GO";70;7,8;"AGUAS LINDAS DE GOIAS";"Defeito Mecânico no Veículo";"Colisão com objeto estático";"Com Vítimas Feridas";"Pleno dia";"Decrescente";"Céu Claro";"Dupla";"Reta";"Sim";2;0;1;0;1;0;1;2;-15,74376;-48,2678;"SR-DF";"UOP03";"DEL01"
269114;2020-02-14;"sexta-feira";"07:25:00";"RS";290;107;"ELDORADO DO SUL";"Falta de Atenção à Condução";"Atropelamento de Pedestre";"Com Vítimas Feridas";"Pleno dia";"Crescente";"Céu Claro";"Simples";"Reta";"Sim";2;0;1;0;1;0;1;2;-30,00327;-51,30743;"SR-RS";"UOP01";"DEL02"
269115;2020-02-14;"sexta-feira";"07:00:00";"RJ";493;97;"DUQUE DE CAXIAS";"Defeito na Via";"Queda de ocupante de veículo";"Com Vítimas Feridas";"Pleno dia";"Decrescente";"Nublado";"Simples";"Curva";"Sim";1;0;1;0;0;0;1;1;-22,60989;-43,2312;"SR-RJ";"UOP01";"DEL03"
269116;2020-02-13;"quinta-feira";"22:30:00";"MG";116;680,5;"MIRADOURO";"Objeto estático sobre o leito carroçável";"Colisão com objeto estático";"Com Vítimas Feridas";"Plena Noite";"Crescente";"Nublado";"Simples";"Curva";"Não";1;0;1;0;0;0;1;1;-20,94027;-42,34353;"SR-MG";"UOP02";"DEL07"
269117;2020-02-14;"sexta-feira";"06:00:00";"MT";163;895;"CLAUDIA";"Falta de Atenção à Condução";"Saída de leito carroçável";"Com Vítimas Feridas";"Pleno dia";"Crescente";"Céu Claro";"Simples";"Desvio Temporário";"Não";3;0;1;1;1;0;2;1;-11,47851;-55,36132;"SR-MT";"UOP02";"DEL06"
269118;2020-02-14;"sexta-feira";"07:30:00";"PR";376;161;"MARINGA";"Desobediência às normas de trânsito pelo condutor";"Colisão transversal";"Com Vítimas Feridas";"Pleno dia";"Crescente";"Nublado";"Simples";"Retorno Regulamentado";"Sim";3;0;1;0;2;0;1;2;-23,37282;-52,05547;"SR-PR";"UOP01";"DEL09"
269119;2020-02-14;"sexta-feira";"07:00:00";"MG";381;794,9;"SAO GONCALO DO SAPUCAI";"Falta de Atenção à Condução";"Saída de leito carroçável";"Com Vítimas Feridas";"Pleno dia";"Decrescente";"Céu Claro";"Dupla";"Reta";"Não";2;0;2;0;0;0;2;1;-21,92914;-45,61171;"SR-MG";"UOP02";"DEL16"
269120;2020-02-14;"sexta-feira";"07:10:00";"MG";381;493,5;"BETIM";"Falta de Atenção à Condução";"Colisão transversal";"Com Vítimas Feridas";"Pleno dia";"Crescente";"Céu Claro";"Múltipla";"Reta";"Sim";2;0;1;0;1;0;1;2;-19,95594;-44,10722;"SR-MG";"UOP03";"DEL01"
269121;2020-02-14;"sexta-feira";"08:00:00";"DF";70;7;"BRASILIA";"Não guardar distância de segurança";"Saída de leito carroçável";"Com Vítimas Feridas";"Pleno dia";"Decrescente";"Céu Claro";"Dupla";"Reta";"Sim";1;0;1;0;0;0;1;1;-15,7876;-48,11443;"SR-DF";"UOP03";"DEL01"
269122;2020-02-14;"sexta-feira";"07:05:00";"MG";381;478,2;"BETIM";"Desobediência às normas de trânsito pelo condutor";"Colisão lateral";"Com Vítimas Feridas";"Pleno dia";"Decrescente";"Sol";"Dupla";"Não Informado";"Sim";2;0;1;0;1;0;1;2;-19,95826;-44,05921;"SR-MG";"UOP03";"DEL01"
269123;2020-02-14;"sexta-feira";"07:00:00";"SP";116;279;"EMBU DAS ARTES";"Defeito na Via";"Tombamento";"Com Vítimas Feridas";"Pleno dia";"Crescente";"Nublado";"Dupla";"Reta";"Não";1;0;1;0;0;0;1;1;-23,66234;-46,85293;"SR-SP";"UOP01";"DEL04"
269124;2020-02-14;"sexta-feira";"07:05:00";"MS";163;479,1;"CAMPO GRANDE";"Falta de Atenção à Condução";"Colisão transversal";"Com Vítimas Feridas";"Pleno dia";"Decrescente";"Céu Claro";"Simples";"Reta";"Sim";2;0;1;0;1;0;1;2;-20,48732;-54,55929;"SR-MS";"UOP01";"DEL01"
269125;2020-02-14;"sexta-feira";"08:10:00";"SC";101;206;"SAO JOSE";"Não guardar distância de segurança";"Engavetamento";"Com Vítimas Feridas";"Pleno dia";"Crescente";"Céu Claro";"Múltipla";"Reta";"Sim";4;0;1;0;3;0;1;3;-27,59194;-48,61825;"SR-SC";"UOP01";"DEL01"
269126;2020-02-07;"sexta-feira";"03:50:00";"MS";158;11,8;"CASSILANDIA";"Desobediência às normas de trânsito pelo condutor";"Derramamento de carga";"Sem Vítimas";"Amanhecer";"Crescente";"Céu Claro";"Simples";"Reta";"Não";1;0;0;0;1;0;0;1;-19,15106;-51,6647;"SR-MS";"UOP01";"DEL08"
269127;2020-02-14;"sexta-feira";"08:45:00";"SP";116;276;"EMBU DAS ARTES";"Falta de Atenção à Condução";"Colisão lateral";"Com Vítimas Feridas";"Pleno dia";"Decrescente";"Céu Claro";"Dupla";"Reta";"Não";3;0;2;0;1;0;2;2;-23,64262;-46,83811;"SR-SP";"UOP01";"DEL04"
269128;2020-02-14;"sexta-feira";"07:00:00";"CE";222;36;"CAUCAIA";"Desobediência às normas de trânsito pelo condutor";"Engavetamento";"Com Vítimas Feridas";"Pleno dia";"Crescente";"Céu Claro";"Simples";"Reta";"Não";7;0;5;0;2;0;5;3;-3,697668;-38,87313;"SR-CE";"UOP01";"DEL01"
269129;2020-02-14;"sexta-feira";"08:57:00";"MG";365;262;"JOAO PINHEIRO";"Condutor Dormindo";"Colisão lateral";"Com Vítimas Feridas";"Pleno dia";"Crescente";"Nublado";"Simples";"Reta";"Não";6;0;2;2;2;0;4;2;-17,88006;-45,53451;"SR-MG";"UOP02";"DEL14"
269130;2020-02-14;"sexta-feira";"07:40:00";"PR";376;3,7;"APUCARANA";"Falta de Atenção à Condução";"Colisão transversal";"Com Vítimas Feridas";"Pleno dia";"Crescente";"Sol";"Simples";"Curva";"Não";3;0;1;0;1;1;1;3;-23,55837;-51,44075;"SR-PR";"UOP03";"DEL07"
269131;2020-02-14;"sexta-feira";"07:50:00";"MG";262;105;"ABRE CAMPO";"Desobediência às normas de trânsito pelo condutor";"Tombamento";"Com Vítimas Feridas";"Pleno dia";"Decrescente";"Nublado";"Simples";"Curva";"Não";1;0;0;1;0;0;1;1;-20,289;-42,55572;"SR-MG";"UOP03";"DEL03"
269132;2020-02-14;"sexta-feira";"08:30:00";"RJ";116;181;"NOVA IGUACU";"Desobediência às normas de trânsito pelo condutor";"Atropelamento de Pedestre";"Com Vítimas Feridas";"Pleno dia";"Decrescente";"Céu Claro";"Múltipla";"Reta";"Sim";2;0;1;0;0;1;1;1;-22,76131;-43,42349;"SR-RJ";"UOP02";"DEL01"
269133;2020-02-14;"sexta-feira";"09:00:00";"SC";470;40;"GASPAR";"Falta de Atenção à Condução";"Colisão transversal";"Com Vítimas Feridas";"Pleno dia";"Crescente";"Céu Claro";"Simples";"Reta";"Não";2;0;0;1;1;0;1;2;-26,89857;-48,98566;"SR-SC";"UOP01";"DEL04"
269134;2020-02-14;"sexta-feira";"07:30:00";"SC";163;3;"DIONISIO CERQUEIRA";"Falta de Atenção à Condução";"Colisão transversal";"Sem Vítimas";"Pleno dia";"Crescente";"Sol";"Simples";"Rotatória";"Sim";2;0;0;0;0;2;0;2;-26,2613;-53,6206;"SR-SC";"UOP04";"DEL07"
269135;2020-02-14;"sexta-feira";"09:30:00";"SE";101;102,9;"SAO CRISTOVAO";"Desobediência às normas de trânsito pelo condutor";"Colisão transversal";"Com Vítimas Feridas";"Pleno dia";"Crescente";"Céu Claro";"Dupla";"Interseção de vias";"Não";2;0;0;1;1;0;1;2;-10,95202;-37,2182;"SR-SE";"UOP01";"DEL02"
269136;2020-02-07;"sexta-feira";"05:00:00";"MS";158;11,8;"CASSILANDIA";"Objeto estático sobre o leito carroçável";"Colisão com objeto estático";"Com Vítimas Feridas";"Amanhecer";"Decrescente";"Céu Claro";"Simples";"Reta";"Não";1;0;1;0;0;0;1;1;-19,15106;-51,6647;"SR-MS";"UOP01";"DEL08"
269137;2020-02-14;"sexta-feira";"09:30:00";"PR";376;178,6;"MARINGA";"Falta de Atenção à Condução";"Tombamento";"Com Vítimas Feridas";"Pleno dia";"Crescente";"Sol";"Dupla";"Não Informado";"Sim";2;0;1;0;1;0;1;2;-23,41887;-51,91443;"SR-PR";"UOP01";"DEL09"
269139;2020-02-14;"sexta-feira";"08:55:00";"ES";101;291;"CARIACICA";"Velocidade Incompatível";"Saída de leito carroçável";"Sem Vítimas";"Pleno dia";"Decrescente";"Nublado";"Dupla";"Reta";"Não";1;0;0;0;1;0;0;1;-20,29756;-40,39446;"SR-ES";"UOP01";"DEL01"
269140;2020-02-14;"sexta-feira";"10:00:00";"SC";101;213;"PALHOCA";"Desobediência às normas de trânsito pelo condutor";"Atropelamento de Pedestre";"Com Vítimas Feridas";"Pleno dia";"Crescente";"Céu Claro";"Múltipla";"Reta";"Não";2;0;1;0;1;0;1;1;-27,63697;-48,66514;"SR-SC";"UOP02";"DEL01"
269141;2020-02-14;"sexta-feira";"10:30:00";"PR";369;141;"IBIPORA";"Desobediência às normas de trânsito pelo condutor";"Colisão transversal";"Com Vítimas Feridas";"Pleno dia";"Crescente";"Céu Claro";"Dupla";"Rotatória";"Sim";3;0;1;0;2;0;1;2;-23,28556;-51,07429;"SR-PR";"UOP01";"DEL07"
269142;2020-02-14;"sexta-feira";"10:08:00";"MT";364;241;"JUSCIMEIRA";"Falta de Atenção à Condução";"Colisão lateral";"Com Vítimas Feridas";"Pleno dia";"Crescente";"Céu Claro";"Dupla";"Reta";"Não";4;0;1;0;3;0;1;2;-16,17086;-54,79227;"SR-MT";"UOP01";"DEL02"
269143;2020-02-14;"sexta-feira";"10:40:00";"PB";101;91,8;"JOAO PESSOA";"Velocidade Incompatível";"Colisão traseira";"Com Vítimas Fatais";"Pleno dia";"Crescente";"Céu Claro";"Dupla";"Reta";"Sim";2;1;0;0;0;1;0;2;-7,188264;-34,90308;"SR-PB";"UOP01";"DEL01"
269144;2020-02-14;"sexta-feira";"09:15:00";"SP";116;521;"CAJATI";"Falta de Atenção à Condução";"Colisão lateral";"Com Vítimas Feridas";"Pleno dia";"Crescente";"Sol";"Simples";"Curva";"Não";5;0;1;0;4;0;1;2;-24,89972;-48,24746;"SR-SP";"UOP02";"DEL05"
269145;2020-02-14;"sexta-feira";"04:15:00";"MG";116;99,2;"MEDINA";"Condutor Dormindo";"Tombamento";"Com Vítimas Feridas";"Plena Noite";"Decrescente";"Céu Claro";"Simples";"Curva";"Não";2;0;0;2;0;0;2;2;-16,42392;-41,48938;"SR-MG";"UOP02";"DEL11"
269146;2020-02-14;"sexta-feira";"11:05:00";"PA";230;121;"MARABA";"Falta de Atenção à Condução";"Colisão transversal";"Com Vítimas Feridas";"Pleno dia";"Crescente";"Céu Claro";"Dupla";"Reta";"Sim";2;0;1;1;0;0;2;2;-5,352974;-49,12144;"SR-PA";"UOP01";"DEL03"
269147;2020-02-14;"sexta-feira";"10:10:00";"MT";364;230;"RONDONOPOLIS";"Defeito na Via";"Saída de leito carroçável";"Com Vítimas Feridas";"Pleno dia";"Decrescente";"Céu Claro";"Dupla";"Desvio Temporário";"Não";1;0;1;0;0;0;1;1;-16,26578;-54,77468;"SR-MT";"UOP01";"DEL02"
269148;2020-02-09;"domingo";"14:45:00";"MS";262;215,9;"RIBAS DO RIO PARDO";"Pista Escorregadia";"Saída de leito carroçável";"Com Vítimas Feridas";"Pleno dia";"Decrescente";"Chuva";"Simples";"Reta";"Não";2;0;2;0;0;0;2;1;-20,46559;-53,52884;"SR-MS";"DEL3/7";"UOP02/MS"
269149;2020-02-14;"sexta-feira";"11:40:00";"MT";70;1;"BARRA DO GARCAS";"Falta de Atenção à Condução";"Colisão transversal";"Com Vítimas Feridas";"Pleno dia";"Crescente";"Céu Claro";"Dupla";"Curva";"Sim";2;0;1;0;1;0;1;2;-15,89165;-52,26203;"SR-MT";"UOP01";"DEL07"
269150;2020-02-14;"sexta-feira";"09:40:00";"BA";101;196;"CONCEICAO DA FEIRA";"Defeito Mecânico no Veículo";"Incêndio";"Sem Vítimas";"Pleno dia";"Decrescente";"Céu Claro";"Simples";"Reta";"Não";1;0;0;0;1;0;0;1;-12,5968;-39,03825;"SR-BA";"UOP03";"DEL01"