"id";"data_inversa";"dia_semana";"horario";"uf";"br";"km";"municipio";"causa_acidente";"tipo_acidente";"classificacao_acidente";"fase_dia";"sentido_via";"condicao_metereologica";"tipo_pista";"tracado_via";"uso_solo";"pessoas";"mortos";"feridos_leves";"feridos_graves";"ilesos";"ignorados";"feridos";"veiculos";"latitude";"longitude";"regional";"delegacia";"uop"
269342;2020-02-15;"sábado";"07:10:00";"SP";116;198;"ARUJA";"Falta de Atenção à Condução";"Colisão traseira";"Com Vítimas Feridas";"Pleno dia";"Crescente";"Céu Claro";"Dupla";"Não Informado";"Não";3;0;1;0;2;0;1;3;-23,39973;-46,30197;"SR-SP";"UOP01";"DEL01"
269343;2020-02-15;"sábado";"06:30:00";"PR";376;172,8;"MARINGA";"Falta de Atenção à Condução";"Tombamento";"Com Vítimas Feridas";"Pleno dia";"Decrescente";"Nublado";"Dupla";"Curva";"Sim";1;0;1;0;0;0;1;1;-23,4191;-51,96817;"SR-PR";"UOP01";"DEL09"
269344;2020-02-15;"sábado";"06:00:00";"PE";232;39,7;"VITORIA DE SANTO ANTAO";"Condutor Dormindo";"Colisão com objeto estático";"Sem Vítimas";"Pleno dia";"Decrescente";"Sol";"Dupla";"Curva";"Não";1;0;0;0;1;0;0;1;-8,117949;-35,23326;"SR-PE";"UOP04";"DEL01"
269345;2020-02-15;"sábado";"05:07:00";"RJ";40;109;"DUQUE DE CAXIAS";"Falta de Atenção à Condução";"Colisão lateral";"Sem Vítimas";"Amanhecer";"Crescente";"Céu Claro";"Múltipla";"Reta";"Sim";2;0;0;0;0;2;0;2;-22,67375;-43,28638;"SR-RJ";"UOP01";"DEL01"
269347;2020-02-15;"sábado";"03:45:00";"MG";381;690,3;"LAVRAS";"Condutor Dormindo";"Saída de leito carroçável";"Sem Vítimas";"Plena Noite";"Decrescente";"Céu Claro";"Dupla";"Reta";"Não";1;0;0;0;1;0;0;1;-21,20501;-45,1216;"SR-MG";"UOP02";"DEL04"
269348;2020-02-15;"sábado";"05:40:00";"RO";364;709;"PORTO VELHO";"Desobediência às normas de trânsito pelo condutor";"Saída de leito carroçável";"Sem Vítimas";"Amanhecer";"Crescente";"Nublado";"Simples";"Reta";"Sim";1;0;0;0;0;1;0;1;-8,790938;-63,84896;"SR-RO";"UOP01";"DEL01"
269349;2020-02-15;"sábado";"06:50:00";"SC";470;50;"BLUMENAU";"Desobediência às normas de trânsito pelo condutor";"Colisão transversal";"Sem Vítimas";"Pleno dia";"Crescente";"Sol";"Simples";"Rotatória";"Sim";2;0;0;0;1;1;0;2;-26,8624;-49,08503;"SR-SC";"UOP01";"DEL04"
269350;2020-02-15;"sábado";"02:30:00";"BA";242;221,5;"ITABERABA";"Falta de Atenção à Condução";"Colisão traseira";"Com Vítimas Feridas";"Plena Noite";"Crescente";"Céu Claro";"Simples";"Reta";"Não";2;0;1;1;0;0;2;2;-12,52112;-40,24234;"SR-BA";"UOP02";"DEL06"
269351;2020-02-15;"sábado";"07:00:00";"ES";101;393;"RIO NOVO DO SUL";"Desobediência às normas de trânsito pelo condutor";"Queda de ocupante de veículo";"Com Vítimas Feridas";"Pleno dia";"Decrescente";"Céu Claro";"Simples";"Reta";"Não";1;0;0;1;0;0;1;1;-20,86569;-40,91366;"SR-ES";"UOP02";"DEL03"
269352;2020-02-02;"domingo";"01:30:00";"PA";222;244;"MARABA";"Ingestão de Álcool";"Colisão transversal";"Com Vítimas Feridas";"Plena Noite";"Decrescente";"Céu Claro";"Simples";"Interseção de vias";"Sim";3;0;2;0;1;0;2;2;-5,347676;-49,08046;"SR-PA";"DEL19/3";"UOP01/PA"
269353;2020-02-15;"sábado";"08:20:00";"MT";70;1,9;"BARRA DO GARCAS";"Desobediência às normas de trânsito pelo condutor";"Colisão lateral";"Com Vítimas Feridas";"Pleno dia";"Crescente";"Céu Claro";"Simples";"Reta";"Sim";2;0;1;0;1;0;1;2;-15,89165;-52,26203;"SR-MT";"UOP01";"DEL07"
269354;2020-02-15;"sábado";"04:40:00";"PE";316;103;"OURICURI";"Deficiência ou não Acionamento do Sistema de Iluminação/Sinalização do Veículo";"Colisão traseira";"Com Vítimas Feridas";"Amanhecer";"Decrescente";"Ignorado";"Simples";"Reta";"Não";2;0;1;0;0;1;1;2;-7,948398;-39,92206;"SR-PE";"UOP02";"DEL05"
269355;2020-02-15;"sábado";"06:00:00";"RO";364;241;"CACOAL";"Falta de Atenção à Condução";"Tombamento";"Sem Vítimas";"Amanhecer";"Crescente";"Céu Claro";"Múltipla";"Reta";"Sim";1;0;0;0;0;1;0;1;-11,4407;-61,47861;"SR-RO";"UOP02";"DEL02"
269356;2020-02-15;"sábado";"05:10:00";"PE";316;103;"OURICURI";"Restrição de Visibilidade";"Colisão com objeto estático";"Sem Vítimas";"Amanhecer";"Decrescente";"Ignorado";"Simples";"Reta";"Não";1;0;0;0;1;0;0;1;-7,948398;-39,92206;"SR-PE";"UOP02";"DEL05"
269357;2020-02-15;"sábado";"08:15:00";"RN";110;48,4;"MOSSORO";"Falta de Atenção à Condução";"Colisão lateral";"Sem Vítimas";"Pleno dia";"Decrescente";"Sol";"Dupla";"Reta";"Sim";2;0;0;0;1;1;0;2;-5,208812;-37,33285;"SR-RN";"UOP01";"DEL04"
269358;2020-02-15;"sábado";"08:20:00";"SC";153;105,4;"CONCORDIA";"Mal Súbito";"Queda de ocupante de veículo";"Com Vítimas Feridas";"Pleno dia";"Crescente";"Nublado";"Simples";"Curva";"Não";3;0;1;0;2;0;1;1;-27,2819;-51,96943;"SR-SC";"UOP05";"DEL07"
269359;2020-02-15;"sábado";"06:00:00";"RJ";116;176;"SAO JOAO DE MERITI";"Condutor Dormindo";"Colisão com objeto estático";"Com Vítimas Feridas";"Pleno dia";"Decrescente";"Céu Claro";"Múltipla";"Reta";"Sim";1;0;1;0;0;0;1;1;-22,78395;-43,38195;"SR-RJ";"UOP02";"DEL01"
269360;2020-02-15;"sábado";"08:50:00";"ES";101;176;"ARACRUZ";"Falta de Atenção à Condução";"Colisão transversal";"Com Vítimas Feridas";"Pleno dia";"Decrescente";"Nublado";"Simples";"Interseção de vias";"Não";3;0;1;1;1;0;2;2;-19,59524;-40,19835;"SR-ES";"UOP01";"DEL04"
269361;2020-02-15;"sábado";"08:40:00";"MG";116;414;"GOVERNADOR VALADARES";"Desobediência às normas de trânsito pelo condutor";"Colisão lateral";"Com Vítimas Feridas";"Pleno dia";"Decrescente";"Céu Claro";"Simples";"Reta";"Sim";2;0;1;0;1;0;1;2;-18,88103;-41,95911;"SR-MG";"UOP01";"DEL06"
269362;2020-02-15;"sábado";"09:00:00";"PR";277;4;"FOZ DO IGUACU";"Velocidade Incompatível";"Colisão com objeto estático";"Sem Vítimas";"Pleno dia";"Decrescente";"Céu Claro";"Dupla";"Reta";"Sim";1;0;0;0;0;1;0;1;-25,5469;-54,5882;"SR-PR";"UOP02";"DEL05"
269363;2020-02-15;"sábado";"09:20:00";"PR";116;6;"QUATRO BARRAS";"Falta de Atenção à Condução";"Colisão traseira";"Com Vítimas Feridas";"Pleno dia";"Decrescente";"Sol";"Dupla";"Reta";"Não";3;0;1;0;2;0;1;2;-25,3669;-49,0996;"SR-PR";"UOP01";"DEL01"
269364;2020-02-13;"quinta-feira";"07:20:00";"PA";163;1003,7;"SANTAREM";"Falta de Atenção à Condução";"Colisão lateral";"Sem Vítimas";"Pleno dia";"Crescente";"Chuva";"Dupla";"Interseção de vias";"Sim";3;0;0;0;3;0;0;1;-2,446885;-54,73048;"SR-PA";"UOP01";"DEL05"
269365;2020-02-15;"sábado";"09:20:00";"PR";277;15;"PARANAGUA";"Avarias e/ou desgaste excessivo no pneu";"Tombamento";"Com Vítimas Feridas";"Pleno dia";"Crescente";"Sol";"Múltipla";"Reta";"Não";4;0;2;0;1;1;2;2;-25,5682;-48,61529;"SR-PR";"UOP07";"DEL01"
269366;2020-02-15;"sábado";"09:40:00";"CE";20;421,3;"MARACANAU";"Pista Escorregadia";"Saída de leito carroçável";"Sem Vítimas";"Pleno dia";"Crescente";"Garoa/Chuvisco";"Dupla";"Reta";"Sim";1;0;0;0;1;0;0;1;-3,76999;-38,67006;"SR-CE";"UOP02";"DEL01"
269367;2020-02-15;"sábado";"07:30:00";"RJ";40;105;"DUQUE DE CAXIAS";"Falta de Atenção à Condução";"Saída de leito carroçável";"Com Vítimas Feridas";"Amanhecer";"Crescente";"Céu Claro";"Simples";"Não Informado";"Sim";2;0;2;0;0;0;2;1;-22,63785;-43,28429;"SR-RJ";"UOP01";"DEL01"
269368;2020-02-15;"sábado";"05:00:00";"GO";70;334,1;"JUSSARA";"Falta de Atenção à Condução";"Saída de leito carroçável";"Com Vítimas Feridas";"Amanhecer";"Crescente";"Céu Claro";"Simples";"Reta";"Não";1;0;1;0;0;0;1;1;-15,8844;-51,04317;"SR-GO";"UOP01";"DEL04"
269369;2020-02-15;"sábado";"04:00:00";"RS";290;165;"BUTIA";"Ingestão de Álcool";"Saída de leito carroçável";"Sem Vítimas";"Plena Noite";"Crescente";"Céu Claro";"Simples";"Curva";"Não";1;0;0;0;1;0;0;1;-30,12065;-51,85846;"SR-RS";"UOP03";"DEL02"
269370;2020-02-15;"sábado";"10:09:00";"PA";163;1000,8;"SANTAREM";"Falta de Atenção à Condução";"Colisão transversal";"Com Vítimas Feridas";"Pleno dia";"Crescente";"Céu Claro";"Simples";"Reta";"Sim";2;0;1;0;1;0;1;2;-2,473284;-54,72937;"SR-PA";"UOP01";"DEL05"
269371;2020-02-15;"sábado";"09:58:00";"SC";282;216,4;"LAGES";"Desobediência às normas de trânsito pelo condutor";"Colisão lateral";"Com Vítimas Feridas";"Pleno dia";"Decrescente";"Céu Claro";"Simples";"Interseção de vias";"Sim";3;0;2;0;1;0;2;2;-27,79753;-50,29186;"SR-SC";"UOP01";"DEL05"
269372;2020-02-15;"sábado";"09:10:00";"RJ";40;84;"PETROPOLIS";"Condutor Dormindo";"Colisão com objeto estático";"Com Vítimas Feridas";"Pleno dia";"Crescente";"Sol";"Simples";"Não Informado";"Não";1;0;1;0;0;0;1;1;-22,53666;-43,23326;"SR-RJ";"UOP03";"DEL06"
269373;2020-02-15;"sábado";"09:55:00";"SC";101;133,8;"BALNEARIO CAMBORIU";"Desobediência às normas de trânsito pelo condutor";"Colisão transversal";"Com Vítimas Feridas";"Pleno dia";"Crescente";"Céu Claro";"Simples";"Não Informado";"Sim";3;0;2;0;1;0;2;2;-26,99936;-48,64609;"SR-SC";"UOP03";"DEL04"
269375;2020-02-15;"sábado";"10:30:00";"RS";116;248;"SAO LEOPOLDO";"Falta de Atenção do Pedestre";"Atropelamento de Pedestre";"Com Vítimas Feridas";"Pleno dia";"Crescente";"Céu Claro";"Dupla";"Interseção de vias";"Sim";2;0;1;0;1;0;1;1;-29,77606;-51,15509;"SR-RS";"UOP02";"DEL01"
269376;2020-02-15;"sábado";"08:00:00";"SC";163;0;"DIONISIO CERQUEIRA";"Ingestão de álcool e/ou substâncias psicoativas pelo pedestre";"Saída de leito carroçável";"Com Vítimas Feridas";"Pleno dia";"Crescente";"Céu Claro";"Simples";"Rotatória";"Sim";1;0;0;1;0;0;1;1;-26,2613;-53,6206;"SR-SC";"UOP04";"DEL07"
269377;2020-02-15;"sábado";"10:40:00";"RS";116;324;"BARRA DO RIBEIRO";"Defeito Mecânico no Veículo";"Tombamento";"Com Vítimas Feridas";"Pleno dia";"Crescente";"Céu Claro";"Simples";"Reta";"Não";2;0;0;2;0;0;2;1;-30,32703;-51,42171;"SR-RS";"UOP01";"DEL02"
269378;2020-02-15;"sábado";"10:30:00";"PR";369;158;"LONDRINA";"Falta de Atenção à Condução";"Colisão lateral";"Com Vítimas Feridas";"Pleno dia";"Crescente";"Céu Claro";"Dupla";"Não Informado";"Sim";2;0;1;0;1;0;1;2;-23,2856;-51,23476;"SR-PR";"UOP01";"DEL07"
269379;2020-02-15;"sábado";"10:00:00";"PB";230;12,4;"CABEDELO";"Falta de Atenção à Condução";"Colisão traseira";"Com Vítimas Feridas";"Pleno dia";"Decrescente";"Sol";"Dupla";"Reta";"Sim";3;0;1;1;0;1;2;2;-7,068;-34,85;"SR-PB";"UOP01";"DEL01"
269380;2020-02-15;"sábado";"10:30:00";"SC";282;18,2;"PALHOCA";"Desobediência às normas de trânsito pelo condutor";"Colisão frontal";"Com Vítimas Feridas";"Pleno dia";"Crescente";"Céu Claro";"Simples";"Curva";"Sim";4;0;2;1;1;0;3;4;-27,6728;-48,69429;"SR-SC";"UOP02";"DEL01"
269381;2020-02-15;"sábado";"09:50:00";"BA";116;419,9;"FEIRA DE SANTANA";"Sinalização da via insuficiente ou inadequada";"Colisão traseira";"Com Vítimas Feridas";"Pleno dia";"Decrescente";"Sol";"Dupla";"Reta";"Sim";3;0;1;0;2;0;1;2;-12,21537;-38,96542;"SR-BA";"UOP01";"DEL02"
269382;2020-02-15;"sábado";"10:00:00";"MG";381;418,7;"NOVA UNIAO";"Falta de Atenção à Condução";"Colisão frontal";"Com Vítimas Feridas";"Pleno dia";"Decrescente";"Sol";"Simples";"Não Informado";"Não";3;0;2;0;1;0;2;2;-19,76425;-43,64211;"SR-MG";"UOP01";"DEL01"
269383;2020-02-15;"sábado";"10:20:00";"BA";116;815;"VITORIA DA CONQUISTA";"Falta de Atenção à Condução";"Tombamento";"Com Vítimas Feridas";"Pleno dia";"Crescente";"Sol";"Simples";"Reta";"Não";2;0;2;0;0;0;2;1;-14,81287;-40,7978;"SR-BA";"UOP01";"DEL08"
269384;2020-02-15;"sábado";"11:15:00";"RS";116;254,5;"SAPUCAIA DO SUL";"Falta de Atenção à Condução";"Colisão com objeto estático";"Sem Vítimas";"Pleno dia";"Crescente";"Céu Claro";"Dupla";"Reta";"Sim";1;0;0;0;0;1;0;1;-29,82655;-51,17241;"SR-RS";"UOP02";"DEL01"
269385;2020-02-15;"sábado";"11:45:00";"ES";101;210,3;"IBIRACU";"Ingestão de Álcool";"Colisão com objeto estático";"Com Vítimas Feridas";"Pleno dia";"Crescente";"Sol";"Simples";"Não Informado";"Não";1;0;0;1;0;0;1;1;-19,79273;-40,37138;"SR-ES";"UOP01";"DEL02"
269386;2020-02-15;"sábado";"11:20:00";"PR";476;132,8;"CURITIBA";"Falta de Atenção à Condução";"Colisão traseira";"Com Vítimas Feridas";"Pleno dia";"Crescente";"Céu Claro";"Dupla";"Reta";"Não";6;0;1;0;4;1;1;2;-25,46805;-49,25301;"SR-PR";"UOP03";"DEL01"
269387;2020-02-15;"sábado";"11:30:00";"PE";428;191,8;"PETROLINA";"Ultrapassagem Indevida";"Colisão lateral";"Com Vítimas Feridas";"Pleno dia";"Decrescente";"Céu Claro";"Simples";"Reta";"Sim";2;0;1;0;1;0;1;2;-9,377664;-40,5027;"SR-PE";"UOP01";"DEL06"
269388;2020-02-15;"sábado";"11:30:00";"RJ";116;179;"NOVA IGUACU";"Desobediência às normas de trânsito pelo condutor";"Colisão lateral";"Com Vítimas Feridas";"Pleno dia";"Decrescente";"Céu Claro";"Dupla";"Reta";"Sim";2;0;1;0;1;0;1;2;-22,7699;-43,40804;"SR-RJ";"UOP02";"DEL01"
269389;2020-02-15;"sábado";"10:35:00";"RS";290;127,7;"ELDORADO DO SUL";"Não guardar distância de segurança";"Colisão traseira";"Com Vítimas Feridas";"Pleno dia";"Crescente";"Céu Claro";"Simples";"Reta";"Não";2;0;1;0;1;0;1;2;-30,05642;-51,47967;"SR-RS";"UOP01";"DEL02"
269390;2020-02-15;"sábado";"10:05:00";"AC";364;121,8;"RIO BRANCO";"Animais na Pista";"Atropelamento de Animal";"Com Vítimas Feridas";"Pleno dia";"Decrescente";"Céu Claro";"Dupla";"Reta";"Sim";2;0;2;0;0;0;2;1;-10,01209;-67,76436;"SR-AC";"UOP01";"DEL01"
269392;2020-02-15;"sábado";"12:50:00";"SC";101;210;"SAO JOSE";"Defeito Mecânico no Veículo";"Tombamento";"Com Vítimas Feridas";"Pleno dia";"Crescente";"Céu Claro";"Múltipla";"Reta";"Sim";2;0;2;0;0;0;2;1;-27,61673;-48,64573;"SR-SC";"UOP01";"DEL01"
269393;2020-02-15;"sábado";"12:00:00";"AL";316;216;"ATALAIA";"Falta de Atenção à Condução";"Saída de leito carroçável";"Com Vítimas Feridas";"Pleno dia";"Crescente";"Céu Claro";"Simples";"Curva";"Não";1;0;0;1;0;0;1;1;-9,505953;-36,21574;"SR-AL";"UOP01";"DEL01"
269394;2020-02-15;"sábado";"06:40:00";"SC";470;219,2;"SAO CRISTOVAO DO SUL";"Desobediência às normas de trânsito pelo condutor";"Colisão frontal";"Com Vítimas Fatais";"Amanhecer";"Crescente";"Céu Claro";"Simples";"Não Informado";"Não";2;1;0;0;1;0;0;2;-27,3066;-50,30738;"SR-SC";"UOP03";"DEL05"
269395;2020-02-15;"sábado";"12:20:00";"MG";50;109,1;"UBERABA";"Falta de Atenção à Condução";"Saída de leito carroçável";"Com Vítimas Feridas";"Pleno dia";"Decrescente";"Céu Claro";"Dupla";"Reta";"Não";2;0;1;0;1;0;1;1;-19,21477;-48,14733;"SR-MG";"UOP01";"DEL13"
269396;2020-02-15;"sábado";"10:00:00";"MT";70;515;"VARZEA GRANDE";"Ingestão de álcool e/ou substâncias psicoativas pelo pedestre";"Colisão transversal";"Sem Vítimas";"Pleno dia";"Crescente";"Céu Claro";"Simples";"Rotatória";"Sim";2;0;0;0;2;0;0;2;-15,69991;-56,04235;"SR-MT";"UOP02";"DEL05"
269397;2020-02-15;"sábado";"11:55:00";"RO";364;235,8;"CACOAL";"Falta de Atenção à Condução";"Colisão transversal";"Com Vítimas Feridas";"Pleno dia";"Crescente";"Céu Claro";"Simples";"Reta";"Sim";2;0;1;0;1;0;1;2;-11,45062;-61,43025;"SR-RO";"UOP02";"DEL02"
269398;2020-02-15;"sábado";"13:40:00";"SC";282;220,3;"CORREIA PINTO";"Falta de Atenção à Condução";"Colisão transversal";"Com Vítimas Feridas";"Pleno dia";"Decrescente";"Nublado";"Simples";"Interseção de vias";"Sim";3;0;2;0;1;0;2;2;-27,79401;-50,33363;"SR-SC";"UOP01";"DEL05"
269399;2020-02-15;"sábado";"10:30:00";"SC";101;336,4;"TUBARAO";"Velocidade Incompatível";"Colisão com objeto estático";"Com Vítimas Feridas";"Pleno dia";"Crescente";"Céu Claro";"Múltipla";"Curva";"Sim";1;0;1;0;0;0;1;1;-28,47311;-49,02437;"SR-SC";"UOP01";"DEL02"
269400;2020-02-15;"sábado";"13:00:00";"SC";101;315,5;"PESCARIA BRAVA";"Falta de Atenção do Pedestre";"Atropelamento de Pedestre";"Com Vítimas Feridas";"Pleno dia";"Crescente";"Céu Claro";"Dupla";"Reta";"Sim";3;0;0;1;2;0;1;1;-28,43552;-48,83431;"SR-SC";"UOP01";"DEL02"
269401;2020-02-15;"sábado";"11:20:00";"AP";210;8;"MACAPA";"Pista Escorregadia";"Tombamento";"Com Vítimas Feridas";"Pleno dia";"Decrescente";"Céu Claro";"Dupla";"Rotatória";"Não";2;0;2;0;0;0;2;1;0,1045;-51,12608;"SR-AP";"UOP01";"DEL01"
269403;2020-02-15;"sábado";"12:15:00";"PB";230;16,3;"JOAO PESSOA";"Não guardar distância de segurança";"Engavetamento";"Com Vítimas Feridas";"Pleno dia";"Crescente";"Céu Claro";"Dupla";"Não Informado";"Sim";3;0;1;0;2;0;1;3;-7,1039;-34,8458;"SR-PB";"UOP01";"DEL01"
269404;2020-02-15;"sábado";"13:50:00";"PE";101;35,4;"IGARASSU";"Falta de Atenção à Condução";"Saída de leito carroçável";"Com Vítimas Feridas";"Pleno dia";"Crescente";"Céu Claro";"Dupla";"Reta";"Não";5;0;5;0;0;0;5;1;-7,779522;-34,93231;"SR-PE";"UOP02";"DEL01"
269405;2020-02-15;"sábado";"08:00:00";"RO";421;3;"ARIQUEMES";"Defeito na Via";"Queda de ocupante de veículo";"Com Vítimas Feridas";"Pleno dia";"Crescente";"Garoa/Chuvisco";"Simples";"Reta";"Não";1;0;1;0;0;0;1;1;-9,930296;-63,0786;"SR-RO";"UOP01";"DEL03"
269406;2020-02-15;"sábado";"14:10:00";"RS";116;223;"DOIS IRMAOS";"Falta de Atenção à Condução";"Colisão transversal";"Com Vítimas Feridas";"Pleno dia";"Crescente";"Céu Claro";"Simples";"Curva";"Não";3;0;2;0;1;0;2;3;-29,58827;-51,09918;"SR-RS";"UOP02";"DEL01"
269407;2020-02-15;"sábado";"09:00:00";"RO";364;629,8;"ITAPUA DO OESTE";"Velocidade Incompatível";"Saída de leito carroçável";"Com Vítimas Feridas";"Pleno dia";"Decrescente";"Nublado";"Simples";"Reta";"Não";2;0;2;0;0;0;2;1;-9,080195;-63,36289;"SR-RO";"UOP03";"DEL03"
269408;2020-02-15;"sábado";"11:10:00";"RO";364;714;"PORTO VELHO";"Falta de Atenção à Condução";"Atropelamento de Pedestre";"Com Vítimas Feridas";"Pleno dia";"Decrescente";"Chuva";"Simples";"Rotatória";"Sim";2;0;0;1;0;1;1;1;-8,773237;-63,88521;"SR-RO";"UOP01";"DEL01"
269409;2020-02-15;"sábado";"14:20:00";"GO";153;537;"HIDROLANDIA";"Condutor Dormindo";"Saída de leito carroçável";"Com Vítimas Feridas";"Pleno dia";"Decrescente";"Nublado";"Dupla";"Desvio Temporário";"Não";1;0;1;0;0;0;1;1;-17,0276;-49,2229;"SR-GO";"UOP03";"DEL01"
269410;2020-02-15;"sábado";"14:35:00";"PR";116;79,3;"QUATRO BARRAS";"Objeto estático sobre o leito carroçável";"Tombamento";"Com Vítimas Feridas";"Pleno dia";"Crescente";"Nublado";"Dupla";"Reta";"Não";2;0;2;0;0;0;2;1;-25,397;-49,05721;"SR-PR";"UOP01";"DEL01"
269411;2020-02-15;"sábado";"14:20:00";"DF";70;10;"BRASILIA";"Ingestão de Álcool";"Colisão lateral";"Com Vítimas Feridas";"Pleno dia";"Crescente";"Garoa/Chuvisco";"Dupla";"Reta";"Sim";2;0;1;0;1;0;1;2;-15,78707;-48,14071;"SR-DF";"UOP03";"DEL01"
269413;2020-02-15;"sábado";"15:03:00";"PE";101;35,4;"IGARASSU";"Falta de Atenção à Condução";"Colisão traseira";"Com Vítimas Feridas";"Pleno dia";"Crescente";"Céu Claro";"Dupla";"Reta";"Não";3;0;1;0;2;0;1;2;-7,779522;-34,93231;"SR-PE";"UOP02";"DEL01"
269414;2020-02-15;"sábado";"14:00:00";"MA";316;553,5;"CAXIAS";"Falta de Atenção à Condução";"Colisão lateral";"Com Vítimas Feridas";"Pleno dia";"Decrescente";"Céu Claro";"Múltipla";"Rotatória";"Sim";2;0;1;0;1;0;1;2;-4,877648;-43,33816;"SR-MA";"UOP02";"DEL03"
269415;2020-02-09;"domingo";"11:50:00";"BA";349;921;"CORRENTINA";"Defeito Mecânico no Veículo";"Atropelamento de Pedestre";"Com Vítimas Fatais";"Pleno dia";"Crescente";"Nublado";"Simples";"Reta";"Sim";3;2;1;0;0;0;1;1;-13,34603;-44,63561;"SR-BA";"UOP01";"DEL10"
269416;2020-02-15;"sábado";"15:00:00";"SP";116;214;"GUARULHOS";"Falta de Atenção à Condução";"Colisão lateral";"Com Vítimas Feridas";"Pleno dia";"Decrescente";"Céu Claro";"Múltipla";"Reta";"Sim";2;0;1;0;0;1;1;2;-23,44333;-46,44531;"SR-SP";"UOP01";"DEL01"
269417;2020-02-15;"sábado";"09:30:00";"MA";316;605;"TIMON";"Defeito Mecânico no Veículo";"Colisão traseira";"Com Vítimas Feridas";"Pleno dia";"Crescente";"Céu Claro";"Simples";"Reta";"Não";7;0;2;0;5;0;2;5;-5,047525;-42,91575;"SR-MA";"UOP02";"DEL03"
269418;2020-02-15;"sábado";"15:06:00";"TO";153;154,7;"ARAGUAINA";"Não guardar distância de segurança";"Colisão traseira";"Com Vítimas Feridas";"Pleno dia";"Crescente";"Sol";"Simples";"Ponte";"Sim";5;0;3;1;0;1;4;2;-7,27974;-48,27189;"SR-TO";"UOP04";"DEL02"
269419;2020-02-15;"sábado";"15:00:00";"SP";381;16;"BRAGANCA PAULISTA";"Não guardar distância de segurança";"Capotamento";"Com Vítimas Feridas";"Pleno dia";"Crescente";"Céu Claro";"Múltipla";"Reta";"Sim";1;0;1;0;0;0;1;1;-22,95797;-46,48079;"SR-SP";"UOP01";"DEL03"
269420;2020-02-15;"sábado";"12:50:00";"SC";470;9,5;"NAVEGANTES";"Falta de Atenção à Condução";"Colisão traseira";"Com Vítimas Feridas";"Pleno dia";"Decrescente";"Sol";"Simples";"Reta";"Não";3;0;0;2;1;0;2;3;-26,83314;-48,72743;"SR-SC";"UOP04";"DEL04"
269421;2020-02-15;"sábado";"15:20:00";"SP";116;390,4;"MIRACATU";"Defeito Mecânico no Veículo";"Colisão com objeto estático";"Com Vítimas Feridas";"Pleno dia";"Crescente";"Céu Claro";"Dupla";"Reta";"Não";1;0;1;0;0;0;1;1;-24,27711;-47,4174;"SR-SP";"UOP02";"DEL04"
269423;2020-02-15;"sábado";"15:20:00";"MG";50;70;"UBERLANDIA";"Falta de Atenção à Condução";"Colisão traseira";"Com Vítimas Feridas";"Pleno dia";"Crescente";"Sol";"Dupla";"Reta";"Sim";2;0;0;1;1;0;1;2;-18,89476;-48,24972;"SR-MG";"UOP01";"DEL15"
269425;2020-02-15;"sábado";"16:00:00";"PE";101;38,3;"IGARASSU";"Falta de Atenção à Condução";"Colisão lateral";"Com Vítimas Feridas";"Pleno dia";"Decrescente";"Céu Claro";"Dupla";"Reta";"Não";2;0;1;0;1;0;1;2;-7,806008;-34,92523;"SR-PE";"UOP02";"DEL01"
269426;2020-02-15;"sábado";"16:00:00";"SP";381;86;"SAO PAULO";"Falta de Atenção à Condução";"Tombamento";"Com Vítimas Feridas";"Pleno dia";"Decrescente";"Céu Claro";"Múltipla";"Reta";"Sim";1;0;0;1;0;0;1;1;-23,4593;-46,57161;"SR-SP";"UOP01";"DEL03"
269428;2020-02-15;"sábado";"15:00:00";"RS";116;153;"CAXIAS DO SUL";"Defeito Mecânico no Veículo";"Tombamento";"Com Vítimas Feridas";"Pleno dia";"Crescente";"Céu Claro";"Dupla";"Curva";"Sim";2;0;2;0;0;0;2;1;-29,1858;-51,17713;"SR-RS";"UOP01";"DEL05"
269429;2020-02-15;"sábado";"05:30:00";"MG";365;275,7;"JOAO PINHEIRO";"Objeto estático sobre o leito carroçável";"Colisão com objeto estático";"Com Vítimas Fatais";"Amanhecer";"Crescente";"Chuva";"Simples";"Reta";"Não";38;2;22;11;3;0;33;2;-17,98029;-45,60927;"SR-MG";"UOP02";"DEL14"
269430;2020-02-15;"sábado";"16:25:00";"PB";230;27,9;"JOAO PESSOA";"Ingestão de Álcool";"Colisão com objeto estático";"Com Vítimas Feridas";"Pleno dia";"Decrescente";"Céu Claro";"Simples";"Curva";"Sim";1;0;1;0;0;0;1;1;-7,1677;-34,8855;"SR-PB";"UOP01";"DEL01"
269431;2020-02-15;"sábado";"16:10:00";"RS";470;204;"BENTO GONCALVES";"Ingestão de Álcool";"Colisão frontal";"Com Vítimas Feridas";"Pleno dia";"Crescente";"Céu Claro";"Simples";"Reta";"Sim";6;0;5;1;0;0;6;2;-29,07878;-51,56829;"SR-RS";"UOP01";"DEL06"
269433;2020-02-15;"sábado";"16:50:00";"BA";324;622;"SALVADOR";"Objeto estático sobre o leito carroçável";"Queda de ocupante de veículo";"Com Vítimas Feridas";"Pleno dia";"Crescente";"Céu Claro";"Dupla";"Curva";"Sim";1;0;1;0;0;0;1;1;-12,91889;-38,46502;"SR-BA";"UOP01";"DEL01"