"id";"data_inversa";"dia_semana";"horario";"uf";"br";"km";"municipio";"causa_acidente";"tipo_acidente";"classificacao_acidente";"fase_dia";"sentido_via";"condicao_metereologica";"tipo_pista";"tracado_via";"uso_solo";"pessoas";"mortos";"feridos_leves";"feridos_graves";"ilesos";"ignorados";"feridos";"veiculos";"latitude";"longitude";"regional";"delegacia";"uop"
269707;2020-02-16;"domingo";"13:00:00";"MS";359;17,2;"COSTA RICA";"Falta de Atenção à Condução";"Tombamento";"Sem Vítimas";"Pleno dia";"Crescente";"Céu Claro";"Simples";"Rotatória";"Não";2;0;0;0;1;1;0;1;-18,19981;-53,12385;"SR-MS";"UOP01";"DEL06"
269708;2020-02-16;"domingo";"19:40:00";"MS";60;388,2;"SIDROLANDIA";"Falta de Atenção à Condução";"Colisão lateral";"Com Vítimas Feridas";"Plena Noite";"Decrescente";"Nublado";"Simples";"Curva";"Não";4;0;1;0;3;0;1;2;-20,69472;-54,76838;"SR-MS";"UOP04";"DEL01"
269709;2020-02-16;"domingo";"20:45:00";"SP";116;321;"JUQUITIBA";"Desobediência às normas de trânsito pelo pedestre";"Atropelamento de Pedestre";"Com Vítimas Fatais";"Plena Noite";"Crescente";"Nublado";"Dupla";"Reta";"Não";2;1;0;0;0;1;0;1;-23,93461;-47,01729;"SR-SP";"UOP01";"DEL04"
269710;2020-02-16;"domingo";"18:00:00";"RJ";116;178,3;"NOVA IGUACU";"Falta de Atenção à Condução";"Engavetamento";"Sem Vítimas";"Anoitecer";"Decrescente";"Chuva";"Dupla";"Reta";"Sim";4;0;0;0;4;0;0;4;-22,74695;-43,44557;"SR-RJ";"UOP02";"DEL01"
269711;2020-02-16;"domingo";"20:15:00";"DF";20;10,2;"BRASILIA";"Desobediência às normas de trânsito pelo condutor";"Colisão traseira";"Com Vítimas Feridas";"Plena Noite";"Crescente";"Nublado";"Dupla";"Não Informado";"Sim";5;0;1;3;1;0;4;2;-15,64973;-47,77274;"SR-DF";"UOP01";"DEL02"
269712;2020-02-16;"domingo";"18:00:00";"MA";10;129;"ESTREITO";"Ingestão de Álcool";"Tombamento";"Com Vítimas Feridas";"Anoitecer";"Decrescente";"Céu Claro";"Simples";"Rotatória";"Sim";1;0;1;0;0;0;1;1;-6,557551;-47,44879;"SR-MA";"UOP02";"DEL04"
269713;2020-02-16;"domingo";"21:20:00";"RJ";116;328,1;"RESENDE";"Fenômenos da Natureza";"Colisão com objeto estático";"Com Vítimas Feridas";"Plena Noite";"Crescente";"Chuva";"Dupla";"Reta";"Não";1;0;1;0;0;0;1;1;-22,5048;-44,59685;"SR-RJ";"UOP02";"DEL07"
269714;2020-02-16;"domingo";"20:30:00";"SP";116;42,9;"CANAS";"Desobediência às normas de trânsito pelo condutor";"Colisão traseira";"Sem Vítimas";"Plena Noite";"Crescente";"Chuva";"Dupla";"Reta";"Não";2;0;0;0;1;1;0;1;-22,69182;-45,0224;"SR-SP";"UOP01";"DEL08"
269716;2020-02-16;"domingo";"20:45:00";"RJ";40;118;"DUQUE DE CAXIAS";"Ingestão de Álcool";"Colisão traseira";"Com Vítimas Feridas";"Plena Noite";"Crescente";"Garoa/Chuvisco";"Múltipla";"Reta";"Sim";3;0;1;0;2;0;1;2;-22,75471;-43,28738;"SR-RJ";"UOP01";"DEL01"
269717;2020-02-16;"domingo";"18:00:00";"SC";282;212,4;"LAGES";"Ingestão de Álcool";"Saída de leito carroçável";"Sem Vítimas";"Pleno dia";"Crescente";"Chuva";"Simples";"Reta";"Não";1;0;0;0;1;0;0;1;-27,78226;-50,25138;"SR-SC";"UOP01";"DEL05"
269719;2020-02-16;"domingo";"19:30:00";"RJ";101;242;"SILVA JARDIM";"Falta de Atenção à Condução";"Colisão traseira";"Com Vítimas Feridas";"Plena Noite";"Decrescente";"Chuva";"Dupla";"Reta";"Não";4;0;1;0;3;0;1;2;-22,63576;-42,45483;"SR-RJ";"UOP03";"DEL02"
269720;2020-02-16;"domingo";"18:10:00";"SC";282;445,8;"PONTE SERRADA";"Velocidade Incompatível";"Saída de leito carroçável";"Com Vítimas Feridas";"Anoitecer";"Crescente";"Chuva";"Simples";"Curva";"Não";3;0;2;0;1;0;2;1;-26,90855;-51,90579;"SR-SC";"UOP05";"DEL07"
269721;2020-02-16;"domingo";"21:00:00";"PR";369;130,1;"JATAIZINHO";"Ingestão de Álcool";"Colisão lateral";"Com Vítimas Feridas";"Plena Noite";"Crescente";"Céu Claro";"Dupla";"Curva";"Sim";4;0;0;1;3;0;1;2;-23,25752;-50,98517;"SR-PR";"UOP01";"DEL07"
269722;2020-02-16;"domingo";"21:10:00";"SP";116;219;"GUARULHOS";"Não guardar distância de segurança";"Colisão traseira";"Com Vítimas Feridas";"Plena Noite";"Crescente";"Céu Claro";"Múltipla";"Reta";"Sim";4;0;1;0;2;1;1;3;-23,46144;-46,48885;"SR-SP";"UOP01";"DEL01"
269723;2020-02-16;"domingo";"18:00:00";"SC";282;447;"PONTE SERRADA";"Velocidade Incompatível";"Saída de leito carroçável";"Com Vítimas Feridas";"Anoitecer";"Crescente";"Chuva";"Simples";"Curva";"Não";4;0;1;0;2;1;1;1;-26,90697;-51,91029;"SR-SC";"UOP05";"DEL07"
269724;2020-02-16;"domingo";"21:15:00";"PR";376;192,6;"MARIALVA";"Defeito Mecânico no Veículo";"Saída de leito carroçável";"Com Vítimas Feridas";"Plena Noite";"Decrescente";"Céu Claro";"Dupla";"Não Informado";"Não";1;0;1;0;0;0;1;1;-23,48573;-51,79744;"SR-PR";"UOP01";"DEL09"
269725;2020-02-16;"domingo";"20:00:00";"MG";381;446;"SABARA";"Falta de Atenção do Pedestre";"Colisão lateral";"Com Vítimas Feridas";"Plena Noite";"Decrescente";"Nublado";"Simples";"Reta";"Não";2;0;1;0;1;0;1;2;-19,8295;-43,84256;"SR-MG";"UOP01";"DEL01"
269727;2020-02-16;"domingo";"21:20:00";"MG";381;480;"CONTAGEM";"Ingestão de Álcool";"Colisão transversal";"Com Vítimas Feridas";"Plena Noite";"Decrescente";"Céu Claro";"Múltipla";"Não Informado";"Sim";4;0;0;2;1;1;2;2;-19,9575;-44,079;"SR-MG";"UOP03";"DEL01"
269728;2020-02-16;"domingo";"18:30:00";"PI";316;18,1;"TERESINA";"Falta de Atenção à Condução";"Saída de leito carroçável";"Com Vítimas Feridas";"Plena Noite";"Crescente";"Céu Claro";"Simples";"Reta";"Não";1;0;1;0;0;0;1;1;-5,244772;-42,73465;"SR-PI";"UOP02";"DEL01"
269729;2020-02-16;"domingo";"22:20:00";"RS";116;245;"SAO LEOPOLDO";"Defeito Mecânico no Veículo";"Saída de leito carroçável";"Com Vítimas Feridas";"Plena Noite";"Decrescente";"Ignorado";"Simples";"Reta";"Sim";3;0;1;0;2;0;1;1;-29,74981;-51,15125;"SR-RS";"UOP02";"DEL01"
269730;2020-02-16;"domingo";"21:00:00";"MT";364;549,9;"ROSARIO OESTE";"Falta de Atenção à Condução";"Tombamento";"Com Vítimas Feridas";"Plena Noite";"Crescente";"Ignorado";"Dupla";"Reta";"Não";2;0;1;1;0;0;2;1;-14,85417;-56,45151;"SR-MT";"UOP01";"DEL01"
269731;2020-02-16;"domingo";"22:30:00";"PE";232;16,9;"JABOATAO DOS GUARARAPES";"Não guardar distância de segurança";"Colisão traseira";"Sem Vítimas";"Plena Noite";"Decrescente";"Céu Claro";"Dupla";"Reta";"Não";5;0;0;0;5;0;0;2;-8,094142;-35,03717;"SR-PE";"UOP01";"DEL01"
269732;2020-02-16;"domingo";"21:00:00";"PR";277;140;"BALSA NOVA";"Falta de Atenção à Condução";"Saída de leito carroçável";"Sem Vítimas";"Plena Noite";"Crescente";"Céu Claro";"Simples";"Reta";"Não";1;0;0;0;1;0;0;1;-25,46472;-49,73513;"SR-PR";"UOP03";"DEL03"
269733;2020-02-16;"domingo";"22:35:00";"PB";104;118,1;"LAGOA SECA";"Desobediência às normas de trânsito pelo pedestre";"Atropelamento de Pedestre";"Com Vítimas Feridas";"Plena Noite";"Decrescente";"Céu Claro";"Simples";"Reta";"Sim";2;0;1;0;1;0;1;1;-7,196378;-35,87571;"SR-PB";"UOP04";"DEL02"
269734;2020-02-16;"domingo";"19:50:00";"MA";135;35;"BACABEIRA";"Condutor Dormindo";"Saída de leito carroçável";"Com Vítimas Feridas";"Plena Noite";"Decrescente";"Garoa/Chuvisco";"Dupla";"Reta";"Não";1;0;0;1;0;0;1;1;-2,849089;-44,37467;"SR-MA";"UOP01";"DEL01"
269736;2020-02-16;"domingo";"21:30:00";"SP";381;62,4;"MAIRIPORA";"Ingestão de Álcool";"Colisão traseira";"Com Vítimas Feridas";"Plena Noite";"Crescente";"Céu Claro";"Dupla";"Reta";"Sim";3;0;2;0;1;0;2;2;-23,29438;-46,57255;"SR-SP";"UOP01";"DEL03"
269737;2020-02-16;"domingo";"19:30:00";"CE";230;55;"LAVRAS DA MANGABEIRA";"Desobediência às normas de trânsito pelo condutor";"Colisão traseira";"Com Vítimas Fatais";"Plena Noite";"Crescente";"Céu Claro";"Simples";"Não Informado";"Não";2;2;0;0;0;0;0;2;-6,768368;-39,09128;"SR-CE";"UOP01";"DEL05"
269738;2020-02-16;"domingo";"21:00:00";"RS";468;0,7;"PALMEIRA DAS MISSOES";"Falta de Atenção à Condução";"Colisão frontal";"Com Vítimas Feridas";"Plena Noite";"Crescente";"Céu Claro";"Simples";"Reta";"Não";2;0;0;1;1;0;1;2;-27,88278;-53,30404;"SR-RS";"UOP01";"DEL08"
269739;2020-02-16;"domingo";"16:40:00";"MA";10;251,3;"IMPERATRIZ";"Defeito Mecânico no Veículo";"Colisão transversal";"Sem Vítimas";"Pleno dia";"Crescente";"Céu Claro";"Simples";"Interseção de vias";"Não";4;0;0;0;4;0;0;2;-5,543249;-47,46445;"SR-MA";"UOP01";"DEL04"
269740;2020-02-16;"domingo";"18:20:00";"PI";402;1;"BURITI DOS LOPES";"Ingestão de Álcool";"Saída de leito carroçável";"Sem Vítimas";"Plena Noite";"Crescente";"Chuva";"Simples";"Reta";"Não";1;0;0;0;0;1;0;1;-3,09823;-41,89327;"SR-PI";"UOP01";"DEL05"
269741;2020-02-16;"domingo";"23:10:00";"GO";60;43,1;"ALEXANIA";"Ingestão de Álcool";"Saída de leito carroçável";"Com Vítimas Feridas";"Plena Noite";"Decrescente";"Céu Claro";"Dupla";"Reta";"Não";2;0;1;0;1;0;1;1;-16,1164;-48,5892;"SR-GO";"UOP01";"DEL02"
269742;2020-02-16;"domingo";"20:30:00";"MS";158;317,8;"TRES LAGOAS";"Condutor Dormindo";"Saída de leito carroçável";"Com Vítimas Feridas";"Plena Noite";"Crescente";"Céu Claro";"Simples";"Reta";"Não";1;0;1;0;0;0;1;1;-21,07685;-51,93414;"SR-MS";"UOP01";"DEL07"
269744;2020-02-16;"domingo";"22:45:00";"RS";116;302;"GUAIBA";"Ingestão de Álcool";"Colisão com objeto estático";"Sem Vítimas";"Plena Noite";"Decrescente";"Nublado";"Simples";"Túnel";"Não";1;0;0;0;1;0;0;1;-30,14266;-51,36136;"SR-RS";"UOP01";"DEL02"
269745;2020-02-16;"domingo";"22:30:00";"PR";158;539;"PATO BRANCO";"Pista Escorregadia";"Saída de leito carroçável";"Com Vítimas Feridas";"Plena Noite";"Decrescente";"Céu Claro";"Simples";"Curva";"Não";1;0;1;0;0;0;1;1;-26,26491;-52,70754;"SR-PR";"UOP01";"DEL02"
269746;2020-02-16;"domingo";"23:30:00";"TO";153;140;"ARAGUAINA";"Ingestão de Álcool";"Saída de leito carroçável";"Sem Vítimas";"Plena Noite";"Decrescente";"Ignorado";"Dupla";"Reta";"Sim";2;0;0;0;1;1;0;1;-7,169616;-48,21328;"SR-TO";"UOP04";"DEL02"
269747;2020-02-16;"domingo";"21:20:00";"SC";101;450;"SANTA ROSA DO SUL";"Falta de Atenção à Condução";"Colisão traseira";"Com Vítimas Feridas";"Plena Noite";"Decrescente";"Nublado";"Dupla";"Curva";"Não";1;0;1;0;0;0;1;1;-29,17229;-49,74905;"SR-SC";"UOP02";"DEL02"
269748;2020-02-16;"domingo";"21:30:00";"BA";410;31;"TUCANO";"Ingestão de Álcool";"Colisão traseira";"Sem Vítimas";"Plena Noite";"Decrescente";"Céu Claro";"Simples";"Reta";"Não";3;0;0;0;3;0;0;2;-10,97016;-38,76327;"SR-BA";"UOP02";"DEL07"
269750;2020-02-16;"domingo";"20:00:00";"PR";369;420,5;"JURANDA";"Ultrapassagem Indevida";"Colisão frontal";"Com Vítimas Fatais";"Plena Noite";"Decrescente";"Céu Claro";"Simples";"Reta";"Não";4;1;1;2;0;0;3;2;-24,39126;-52,79845;"SR-PR";"UOP04";"DEL04"
269751;2020-02-16;"domingo";"22:15:00";"SC";282;252;"SAO JOSE DO CERRITO";"Velocidade Incompatível";"Colisão lateral";"Com Vítimas Feridas";"Plena Noite";"Decrescente";"Céu Claro";"Simples";"Curva";"Não";3;0;1;1;1;0;2;2;-27,69127;-50,56148;"SR-SC";"UOP02";"DEL05"
269752;2020-02-16;"domingo";"22:45:00";"PR";277;127;"BALSA NOVA";"Falta de Atenção à Condução";"Colisão com objeto estático";"Com Vítimas Feridas";"Plena Noite";"Decrescente";"Céu Claro";"Simples";"Não Informado";"Não";1;0;0;1;0;0;1;1;-25,47161;-49,6237;"SR-PR";"UOP03";"DEL03"
269753;2020-02-16;"domingo";"17:35:00";"RS";386;393;"TRIUNFO";"Ingestão de Álcool";"Saída de leito carroçável";"Com Vítimas Feridas";"Pleno dia";"Crescente";"Céu Claro";"Simples";"Reta";"Não";2;0;2;0;0;0;2;1;-29,71176;-51,64938;"SR-RS";"UOP02";"DEL04"
269754;2020-02-16;"domingo";"20:15:00";"RS";386;406;"TRIUNFO";"Pista Escorregadia";"Saída de leito carroçável";"Com Vítimas Feridas";"Anoitecer";"Crescente";"Chuva";"Dupla";"Curva";"Não";3;0;3;0;0;0;3;1;-29,78076;-51,55139;"SR-RS";"UOP02";"DEL04"
269755;2020-02-17;"segunda-feira";"00:25:00";"SP";116;48,8;"CANAS";"Falta de Atenção à Condução";"Colisão com objeto estático";"Com Vítimas Feridas";"Plena Noite";"Crescente";"Nublado";"Dupla";"Reta";"Não";1;0;1;0;0;0;1;1;-22,72499;-45,06884;"SR-SP";"UOP02";"DEL08"
269756;2020-02-17;"segunda-feira";"00:30:00";"SE";235;32,5;"AREIA BRANCA";"Velocidade Incompatível";"Tombamento";"Sem Vítimas";"Plena Noite";"Crescente";"Céu Claro";"Simples";"Não Informado";"Sim";1;0;0;0;0;1;0;1;-10,76264;-37,30447;"SR-SE";"UOP02";"DEL01"
269757;2020-02-17;"segunda-feira";"00:02:00";"MG";356;264,6;"MURIAE";"Falta de Atenção à Condução";"Danos eventuais";"Sem Vítimas";"Plena Noite";"Decrescente";"Nublado";"Simples";"Interseção de vias";"Sim";2;0;0;0;1;1;0;1;-21,12482;-42,3807;"SR-MG";"UOP02";"DEL07"
269758;2020-02-17;"segunda-feira";"01:09:00";"SP";381;21;"BRAGANCA PAULISTA";"Velocidade Incompatível";"Colisão traseira";"Com Vítimas Feridas";"Plena Noite";"Crescente";"Céu Claro";"Dupla";"Não Informado";"Não";4;0;0;1;3;0;1;4;-22,9914;-46,50878;"SR-SP";"UOP01";"DEL03"
269759;2020-02-17;"segunda-feira";"02:00:00";"SP";116;57,7;"GUARATINGUETA";"Velocidade Incompatível";"Saída de leito carroçável";"Sem Vítimas";"Plena Noite";"Decrescente";"Céu Claro";"Dupla";"Reta";"Não";1;0;0;0;0;1;0;1;-22,77455;-45,13807;"SR-SP";"UOP02";"DEL08"
269760;2020-02-17;"segunda-feira";"02:30:00";"PE";101;107;"CABO DE SANTO AGOSTINHO";"Falta de Atenção à Condução";"Colisão com objeto estático";"Com Vítimas Feridas";"Plena Noite";"Decrescente";"Céu Claro";"Dupla";"Curva";"Não";1;0;0;1;0;0;1;1;-8,309768;-35,0844;"SR-PE";"UOP03";"DEL01"
269761;2020-02-17;"segunda-feira";"02:00:00";"PR";116;48;"CAMPINA GRANDE DO SUL";"Falta de Atenção à Condução";"Saída de leito carroçável";"Com Vítimas Feridas";"Plena Noite";"Decrescente";"Céu Claro";"Dupla";"Reta";"Sim";4;0;1;0;3;0;1;2;-25,21709;-48,90395;"SR-PR";"UOP02";"DEL01"
269762;2020-02-17;"segunda-feira";"02:10:00";"PE";423;86,1;"SAO JOAO";"Ingestão de Álcool";"Colisão lateral";"Com Vítimas Feridas";"Plena Noite";"Crescente";"Céu Claro";"Simples";"Reta";"Não";3;0;0;2;1;0;2;2;-8,814827;-36,44571;"SR-PE";"UOP01";"DEL03"
269763;2020-02-17;"segunda-feira";"02:30:00";"MG";40;436;"PARAOPEBA";"Não guardar distância de segurança";"Colisão lateral";"Com Vítimas Feridas";"Plena Noite";"Crescente";"Nublado";"Dupla";"Reta";"Não";9;0;7;0;2;0;7;2;-19,2269;-44,44139;"SR-MG";"UOP01";"DEL02"
269764;2020-02-17;"segunda-feira";"02:50:00";"PR";376;654;"TIJUCAS DO SUL";"Defeito Mecânico no Veículo";"Incêndio";"Sem Vítimas";"Plena Noite";"Crescente";"Nublado";"Dupla";"Reta";"Não";1;0;0;0;1;0;0;1;-25,84326;-49,05169;"SR-PR";"UOP05";"DEL01"
269765;2020-02-17;"segunda-feira";"02:50:00";"RJ";116;144;"DUQUE DE CAXIAS";"Falta de Atenção à Condução";"Colisão com objeto estático";"Com Vítimas Feridas";"Plena Noite";"Crescente";"Nublado";"Simples";"Curva";"Não";1;0;1;0;0;0;1;1;-22,65738;-43,24725;"SR-RJ";"UOP02";"DEL04"
269766;2020-02-17;"segunda-feira";"02:30:00";"RO";364;711,9;"PORTO VELHO";"Defeito na Via";"Tombamento";"Com Vítimas Feridas";"Plena Noite";"Decrescente";"Céu Claro";"Simples";"Reta";"Sim";1;0;1;0;0;0;1;1;-8,777857;-63,87247;"SR-RO";"UOP01";"DEL01"
269767;2020-02-16;"domingo";"22:30:00";"SC";470;177,2;"POUSO REDONDO";"Ingestão de Álcool";"Capotamento";"Com Vítimas Feridas";"Plena Noite";"Decrescente";"Nublado";"Simples";"Reta";"Sim";1;0;1;0;0;0;1;1;-27,25186;-49,958;"SR-SC";"UOP02";"DEL04"
269768;2020-02-17;"segunda-feira";"02:00:00";"BA";101;518;"BUERAREMA";"Restrição de Visibilidade";"Colisão com objeto estático";"Com Vítimas Feridas";"Plena Noite";"Decrescente";"Céu Claro";"Simples";"Reta";"Não";8;0;7;0;1;0;7;2;-15,0147;-39,32914;"SR-BA";"UOP01";"DEL05"
269769;2020-02-17;"segunda-feira";"02:40:00";"DF";20;21,3;"BRASILIA";"Desobediência às normas de trânsito pelo condutor";"Colisão transversal";"Com Vítimas Feridas";"Plena Noite";"Decrescente";"Nublado";"Dupla";"Não Informado";"Sim";5;0;5;0;0;0;5;2;-15,60182;-47,68251;"SR-DF";"UOP01";"DEL02"
269770;2020-02-17;"segunda-feira";"03:30:00";"MT";163;766;"SORRISO";"Falta de Atenção à Condução";"Queda de ocupante de veículo";"Com Vítimas Feridas";"Plena Noite";"Crescente";"Céu Claro";"Simples";"Reta";"Não";1;0;1;0;0;0;1;1;-12,45107;-55,66087;"SR-MT";"UOP01";"DEL06"
269771;2020-02-17;"segunda-feira";"05:15:00";"RS";468;94,5;"TRES PASSOS";"Falta de Atenção à Condução";"Colisão traseira";"Com Vítimas Fatais";"Amanhecer";"Crescente";"Céu Claro";"Simples";"Reta";"Não";2;1;0;0;1;0;0;2;-27,51245;-53,88266;"SR-RS";"UOP02";"DEL08"
269772;2020-02-17;"segunda-feira";"05:10:00";"SC";101;328,9;"TUBARAO";"Animais na Pista";"Atropelamento de Animal";"Com Vítimas Feridas";"Amanhecer";"Crescente";"Nublado";"Dupla";"Reta";"Sim";3;0;1;0;2;0;1;3;-28,45484;-48,9807;"SR-SC";"UOP01";"DEL02"
269773;2020-02-17;"segunda-feira";"05:40:00";"SE";101;180,6;"UMBAUBA";"Ingestão de Álcool";"Saída de leito carroçável";"Com Vítimas Fatais";"Amanhecer";"Crescente";"Nublado";"Simples";"Reta";"Sim";1;1;0;0;0;0;0;1;-11,36478;-37,63994;"SR-SE";"UOP03";"DEL02"
269774;2020-02-17;"segunda-feira";"05:00:00";"RN";110;36,3;"MOSSORO";"Animais na Pista";"Atropelamento de Animal";"Com Vítimas Feridas";"Amanhecer";"Crescente";"Nublado";"Simples";"Reta";"Não";1;0;1;0;0;0;1;1;-5,168777;-37,23531;"SR-RN";"UOP01";"DEL04"
269775;2020-02-17;"segunda-feira";"05:00:00";"RN";304;26,4;"MOSSORO";"Animais na Pista";"Atropelamento de Animal";"Com Vítimas Feridas";"Amanhecer";"Decrescente";"Nublado";"Simples";"Reta";"Não";2;0;2;0;0;0;2;1;-5,08165;-37,33349;"SR-RN";"UOP02";"DEL04"
269776;2020-02-16;"domingo";"23:00:00";"PR";116;115;"CURITIBA";"Falta de Atenção à Condução";"Colisão traseira";"Com Vítimas Feridas";"Plena Noite";"Decrescente";"Nublado";"Dupla";"Reta";"Sim";3;0;2;0;1;0;2;2;-25,55953;-49,2656;"SR-PR";"UOP04";"DEL01"
269777;2020-02-16;"domingo";"21:50:00";"PA";230;117;"MARABA";"Desobediência às normas de trânsito pelo condutor";"Colisão transversal";"Com Vítimas Feridas";"Plena Noite";"Crescente";"Céu Claro";"Múltipla";"Reta";"Sim";3;0;1;2;0;0;3;2;-5,350222;-49,10236;"SR-PA";"UOP01";"DEL03"
269778;2020-02-17;"segunda-feira";"05:30:00";"MG";40;133,7;"JOAO PINHEIRO";"Condutor Dormindo";"Colisão traseira";"Com Vítimas Feridas";"Amanhecer";"Decrescente";"Céu Claro";"Simples";"Não Informado";"Não";2;0;1;0;1;0;1;2;-17,71288;-46,25812;"SR-MG";"UOP01";"DEL14"
269779;2020-02-17;"segunda-feira";"05:05:00";"CE";304;38,2;"ARACATI";"Desobediência às normas de trânsito pelo pedestre";"Atropelamento de Pedestre";"Com Vítimas Fatais";"Amanhecer";"Decrescente";"Chuva";"Simples";"Reta";"Não";7;1;0;0;6;0;0;1;-4,580283;-37,86952;"SR-CE";"UOP03";"DEL03"
269780;2020-02-17;"segunda-feira";"06:05:00";"MG";267;293;"BAEPENDI";"Falta de Atenção à Condução";"Colisão frontal";"Com Vítimas Fatais";"Pleno dia";"Crescente";"Céu Claro";"Simples";"Reta";"Não";2;1;0;0;1;0;0;2;-21,9312;-44,83482;"SR-MG";"UOP01";"DEL17"
269781;2020-02-17;"segunda-feira";"06:20:00";"BA";324;594;"CANDEIAS";"Falta de Atenção à Condução";"Colisão traseira";"Com Vítimas Feridas";"Pleno dia";"Crescente";"Céu Claro";"Dupla";"Reta";"Sim";3;0;1;0;2;0;1;3;-12,70742;-38,46251;"SR-BA";"UOP01";"DEL01"
269782;2020-02-16;"domingo";"19:00:00";"MG";381;490;"BETIM";"Falta de Atenção à Condução";"Capotamento";"Com Vítimas Feridas";"Plena Noite";"Crescente";"Céu Claro";"Dupla";"Reta";"Sim";2;0;2;0;0;0;2;1;-19,96503;-44,17422;"SR-MG";"UOP03";"DEL01"
269783;2020-02-16;"domingo";"22:45:00";"MG";381;403;"BETIM";"Objeto estático sobre o leito carroçável";"Colisão com objeto estático";"Com Vítimas Feridas";"Plena Noite";"Decrescente";"Nublado";"Dupla";"Curva";"Sim";2;0;1;0;0;1;1;1;-20,03078;-44,23647;"SR-MG";"UOP01";"DEL01"
269784;2020-02-17;"segunda-feira";"00:30:00";"SP";381;33,2;"ATIBAIA";"Velocidade Incompatível";"Saída de leito carroçável";"Com Vítimas Feridas";"Plena Noite";"Decrescente";"Céu Claro";"Dupla";"Curva";"Não";1;0;1;0;0;0;1;1;-23,07413;-46,56585;"SR-SP";"UOP01";"DEL03"
269785;2020-02-17;"segunda-feira";"06:30:00";"DF";20;48,8;"BRASILIA";"Avarias e/ou desgaste excessivo no pneu";"Saída de leito carroçável";"Com Vítimas Feridas";"Pleno dia";"Decrescente";"Céu Claro";"Dupla";"Reta";"Não";2;0;2;0;0;0;2;1;-15,58272;-47,4404;"SR-DF";"UOP01";"DEL02"
269786;2020-02-17;"segunda-feira";"06:55:00";"MG";40;462,8;"SETE LAGOAS";"Ingestão de Álcool";"Colisão traseira";"Sem Vítimas";"Amanhecer";"Crescente";"Chuva";"Dupla";"Não Informado";"Não";2;0;0;0;2;0;0;2;-19,42138;-44,33898;"SR-MG";"UOP01";"DEL02"
269788;2020-02-17;"segunda-feira";"07:05:00";"PR";369;157,9;"LONDRINA";"Falta de Atenção à Condução";"Saída de leito carroçável";"Com Vítimas Feridas";"Pleno dia";"Decrescente";"Céu Claro";"Dupla";"Reta";"Sim";2;0;2;0;0;0;2;1;-23,28542;-51,23309;"SR-PR";"UOP01";"DEL07"
269789;2020-02-17;"segunda-feira";"06:50:00";"MG";40;463,1;"SETE LAGOAS";"Velocidade Incompatível";"Saída de leito carroçável";"Com Vítimas Feridas";"Pleno dia";"Crescente";"Chuva";"Dupla";"Não Informado";"Não";1;0;1;0;0;0;1;1;-19,42221;-44,33886;"SR-MG";"UOP01";"DEL02"
269790;2020-02-16;"domingo";"22:30:00";"MG";381;630,5;"OLIVEIRA";"Falta de Atenção à Condução";"Saída de leito carroçável";"Sem Vítimas";"Plena Noite";"Decrescente";"Nublado";"Dupla";"Curva";"Não";1;0;0;0;1;0;0;1;-20,84702;-44,83281;"SR-MG";"UOP01";"DEL04"
269791;2020-02-17;"segunda-feira";"06:55:00";"RS";116;525,5;"PELOTAS";"Desobediência às normas de trânsito pelo condutor";"Colisão transversal";"Sem Vítimas";"Pleno dia";"Crescente";"Céu Claro";"Simples";"Reta";"Sim";3;0;0;0;3;0;0;2;-31,73595;-52,3935;"SR-RS";"UOP01";"DEL07"
269792;2020-02-17;"segunda-feira";"07:30:00";"SP";116;223;"GUARULHOS";"Avarias e/ou desgaste excessivo no pneu";"Queda de ocupante de veículo";"Com Vítimas Feridas";"Pleno dia";"Crescente";"Nublado";"Múltipla";"Reta";"Sim";2;0;2;0;0;0;2;1;-23,4756;-46,52466;"SR-SP";"UOP01";"DEL01"
269793;2020-02-17;"segunda-feira";"06:55:00";"PB";101;82,8;"BAYEUX";"Não guardar distância de segurança";"Colisão traseira";"Sem Vítimas";"Pleno dia";"Crescente";"Céu Claro";"Dupla";"Desvio Temporário";"Sim";2;0;0;0;2;0;0;2;-7,12911;-34,93714;"SR-PB";"UOP01";"DEL01"
269794;2020-02-17;"segunda-feira";"05:00:00";"MT";70;720;"CACERES";"Objeto estático sobre o leito carroçável";"Colisão com objeto estático";"Com Vítimas Feridas";"Amanhecer";"Crescente";"Céu Claro";"Simples";"Reta";"Não";1;0;1;0;0;0;1;1;-16,20834;-57,57476;"SR-MT";"UOP01";"DEL03"
269795;2020-02-17;"segunda-feira";"07:35:00";"PR";277;110;"CAMPO LARGO";"Não guardar distância de segurança";"Colisão traseira";"Com Vítimas Feridas";"Pleno dia";"Decrescente";"Céu Claro";"Dupla";"Reta";"Sim";2;0;1;0;1;0;1;2;-25,44626;-49,3637;"SR-PR";"UOP03";"DEL03"
269796;2020-02-17;"segunda-feira";"06:00:00";"SC";280;20;"ARAQUARI";"Falta de Atenção à Condução";"Colisão transversal";"Com Vítimas Feridas";"Pleno dia";"Decrescente";"Céu Claro";"Simples";"Interseção de vias";"Sim";2;0;1;0;1;0;1;2;-26,3699;-48,68224;"SR-SC";"UOP03";"DEL03"