"id";"data_inversa";"dia_semana";"horario";"uf";"br";"km";"municipio";"causa_acidente";"tipo_acidente";"classificacao_acidente";"fase_dia";"sentido_via";"condicao_metereologica";"tipo_pista";"tracado_via";"uso_solo";"pessoas";"mortos";"feridos_leves";"feridos_graves";"ilesos";"ignorados";"feridos";"veiculos";"latitude";"longitude";"regional";"delegacia";"uop"
269797;2020-02-17;"segunda-feira";"07:10:00";"PR";116;114;"CURITIBA";"Não guardar distância de segurança";"Colisão traseira";"Com Vítimas Feridas";"Pleno dia";"Crescente";"Céu Claro";"Dupla";"Reta";"Não";2;0;1;0;1;0;1;2;-25,56297;-49,25644;"SR-PR";"UOP04";"DEL01"
269798;2020-02-17;"segunda-feira";"04:50:00";"SC";470;205;"PONTE ALTA";"Defeito na Via";"Saída de leito carroçável";"Com Vítimas Feridas";"Amanhecer";"Decrescente";"Garoa/Chuvisco";"Simples";"Desvio Temporário";"Não";1;0;1;0;0;0;1;1;-27,29212;-50,17536;"SR-SC";"UOP03";"DEL05"
269799;2020-02-17;"segunda-feira";"06:20:00";"MG";381;868,4;"POUSO ALEGRE";"Falta de Atenção à Condução";"Saída de leito carroçável";"Com Vítimas Feridas";"Amanhecer";"Decrescente";"Céu Claro";"Múltipla";"Reta";"Não";6;0;3;0;3;0;3;3;-22,38;-45,94433;"SR-MG";"UOP01";"DEL16"
269800;2020-02-17;"segunda-feira";"07:45:00";"PR";376;183,2;"SARANDI";"Falta de Atenção à Condução";"Colisão traseira";"Com Vítimas Feridas";"Pleno dia";"Decrescente";"Céu Claro";"Dupla";"Reta";"Sim";2;0;0;1;1;0;1;2;-23,44159;-51,87067;"SR-PR";"UOP01";"DEL09"
269801;2020-02-17;"segunda-feira";"08:00:00";"AL";316;144,7;"PALMEIRA DOS INDIOS";"Falta de Atenção à Condução";"Tombamento";"Com Vítimas Feridas";"Pleno dia";"Decrescente";"Céu Claro";"Simples";"Reta";"Sim";2;0;1;0;0;1;1;2;-9,396646;-36,72259;"SR-AL";"UOP01";"DEL03"
269802;2020-02-17;"segunda-feira";"07:20:00";"RS";290;88;"PORTO ALEGRE";"Não guardar distância de segurança";"Colisão traseira";"Com Vítimas Feridas";"Pleno dia";"Crescente";"Céu Claro";"Múltipla";"Reta";"Não";2;0;1;0;1;0;1;2;-29,96753;-51,13726;"SR-RS";"UOP01";"DEL01"
269803;2020-02-16;"domingo";"23:00:00";"PI";402;35,7;"PARNAIBA";"Velocidade Incompatível";"Saída de leito carroçável";"Com Vítimas Feridas";"Plena Noite";"Decrescente";"Chuva";"Simples";"Rotatória";"Não";2;0;2;0;0;0;2;1;-2,948784;-41,73079;"SR-PI";"UOP01";"DEL05"
269805;2020-02-17;"segunda-feira";"08:10:00";"ES";101;269,4;"SERRA";"Falta de Atenção do Pedestre";"Atropelamento de Pedestre";"Com Vítimas Feridas";"Pleno dia";"Crescente";"Céu Claro";"Múltipla";"Reta";"Sim";2;0;1;0;1;0;1;1;-20,2174;-40,26991;"SR-ES";"UOP01";"DEL02"
269806;2020-02-17;"segunda-feira";"07:30:00";"PR";369;158,5;"CAMBE";"Desobediência às normas de trânsito pelo condutor";"Colisão traseira";"Com Vítimas Feridas";"Pleno dia";"Crescente";"Céu Claro";"Dupla";"Não Informado";"Sim";2;0;1;0;1;0;1;2;-23,28404;-51,24393;"SR-PR";"UOP01";"DEL07"
269808;2020-02-17;"segunda-feira";"07:30:00";"PA";230;114;"MARABA";"Falta de Atenção à Condução";"Colisão transversal";"Com Vítimas Feridas";"Pleno dia";"Crescente";"Céu Claro";"Simples";"Reta";"Sim";2;0;0;1;1;0;1;2;-5,364667;-49,06623;"SR-PA";"UOP01";"DEL03"
269809;2020-02-17;"segunda-feira";"07:30:00";"MA";135;13,4;"SAO LUIS";"Desobediência às normas de trânsito pelo condutor";"Colisão transversal";"Com Vítimas Feridas";"Pleno dia";"Crescente";"Céu Claro";"Dupla";"Não Informado";"Sim";2;0;1;0;1;0;1;2;-2,680535;-44,29512;"SR-MA";"UOP01";"DEL01"
269810;2020-02-17;"segunda-feira";"07:20:00";"PR";277;633,3;"CEU AZUL";"Não guardar distância de segurança";"Colisão traseira";"Com Vítimas Feridas";"Amanhecer";"Decrescente";"Céu Claro";"Simples";"Curva";"Sim";4;0;1;0;3;0;1;3;-25,12802;-53,82327;"SR-PR";"UOP05";"DEL04"
269811;2020-02-17;"segunda-feira";"08:00:00";"RN";304;282;"MACAIBA";"Defeito Mecânico no Veículo";"Saída de leito carroçável";"Com Vítimas Feridas";"Pleno dia";"Crescente";"Céu Claro";"Simples";"Não Informado";"Não";2;0;2;0;0;0;2;1;-5,884381;-35,47231;"SR-RN";"UOP02";"DEL01"
269812;2020-02-17;"segunda-feira";"08:10:00";"PR";369;166,3;"CAMBE";"Desobediência às normas de trânsito pelo condutor";"Colisão transversal";"Com Vítimas Feridas";"Pleno dia";"Decrescente";"Sol";"Dupla";"Retorno Regulamentado";"Sim";2;0;1;0;1;0;1;2;-23,29538;-51,30851;"SR-PR";"UOP01";"DEL07"
269813;2020-02-17;"segunda-feira";"08:20:00";"MG";381;533,5;"ITATIAIUCU";"Velocidade Incompatível";"Saída de leito carroçável";"Com Vítimas Feridas";"Pleno dia";"Crescente";"Chuva";"Dupla";"Curva";"Não";1;0;1;0;0;0;1;1;-20,19896;-44,38641;"SR-MG";"UOP03";"DEL04"
269814;2020-02-17;"segunda-feira";"08:30:00";"PE";101;62,8;"RECIFE";"Desobediência às normas de trânsito pelo condutor";"Colisão traseira";"Sem Vítimas";"Pleno dia";"Crescente";"Sol";"Dupla";"Reta";"Sim";2;0;0;0;1;1;0;2;-8,008006;-34,93757;"SR-PE";"UOP02";"DEL01"
269815;2020-02-17;"segunda-feira";"08:15:00";"GO";153;505,8;"APARECIDA DE GOIANIA";"Falta de Atenção à Condução";"Colisão traseira";"Com Vítimas Feridas";"Pleno dia";"Decrescente";"Céu Claro";"Dupla";"Reta";"Não";5;0;0;1;4;0;1;5;-16,7537;-49,2411;"SR-GO";"UOP01";"DEL01"
269816;2020-02-17;"segunda-feira";"05:15:00";"BA";116;618,7;"JAGUAQUARA";"Falta de Atenção à Condução";"Colisão traseira";"Sem Vítimas";"Amanhecer";"Decrescente";"Céu Claro";"Simples";"Não Informado";"Não";3;0;0;0;2;1;0;2;-13,34825;-40,01659;"SR-BA";"UOP01";"DEL03"
269817;2020-02-17;"segunda-feira";"08:40:00";"DF";20;12;"BRASILIA";"Desobediência às normas de trânsito pelo condutor";"Colisão traseira";"Com Vítimas Feridas";"Pleno dia";"Decrescente";"Céu Claro";"Dupla";"Reta";"Sim";3;0;1;0;2;0;1;2;-15,64281;-47,75779;"SR-DF";"UOP01";"DEL02"
269818;2020-02-17;"segunda-feira";"08:00:00";"RS";386;344,5;"LAJEADO";"Falta de Atenção à Condução";"Colisão frontal";"Com Vítimas Feridas";"Pleno dia";"Decrescente";"Céu Claro";"Simples";"Reta";"Sim";4;0;0;1;3;0;1;4;-29,43927;-51,99363;"SR-RS";"UOP01";"DEL04"
269819;2020-02-17;"segunda-feira";"06:30:00";"RJ";116;181;"NOVA IGUACU";"Falta de Atenção à Condução";"Queda de ocupante de veículo";"Com Vítimas Feridas";"Amanhecer";"Decrescente";"Sol";"Dupla";"Reta";"Sim";2;0;0;2;0;0;2;1;-22,73873;-43,47535;"SR-RJ";"UOP02";"DEL01"
269820;2020-02-17;"segunda-feira";"07:55:00";"PB";230;117,2;"INGA";"Falta de Atenção à Condução";"Colisão lateral";"Com Vítimas Feridas";"Pleno dia";"Decrescente";"Chuva";"Dupla";"Não Informado";"Não";3;0;0;1;0;2;1;1;-7,2393;-35,6128;"SR-PB";"UOP01";"DEL02"
269821;2020-02-17;"segunda-feira";"07:15:00";"PI";343;615;"FLORIANO";"Condutor Dormindo";"Saída de leito carroçável";"Com Vítimas Feridas";"Pleno dia";"Decrescente";"Nublado";"Simples";"Reta";"Não";4;0;4;0;0;0;4;1;-6,918644;-43,17252;"SR-PI";"UOP01";"DEL03"
269822;2020-02-17;"segunda-feira";"08:50:00";"DF";20;12;"BRASILIA";"Falta de Atenção à Condução";"Colisão traseira";"Com Vítimas Feridas";"Pleno dia";"Decrescente";"Céu Claro";"Dupla";"Reta";"Sim";2;0;1;0;1;0;1;2;-15,64281;-47,75779;"SR-DF";"UOP01";"DEL02"
269823;2020-02-17;"segunda-feira";"08:00:00";"SC";101;123;"ITAJAI";"Falta de Atenção à Condução";"Colisão lateral";"Com Vítimas Feridas";"Pleno dia";"Crescente";"Nublado";"Dupla";"Não Informado";"Sim";2;0;1;0;1;0;1;2;-26,93692;-48,69885;"SR-SC";"UOP04";"DEL04"
269824;2020-02-17;"segunda-feira";"06:40:00";"PR";116;104;"SAO JOSE DOS PINHAIS";"Falta de Atenção à Condução";"Capotamento";"Com Vítimas Feridas";"Pleno dia";"Crescente";"Nublado";"Dupla";"Reta";"Não";2;0;1;0;0;1;1;2;-25,56473;-49,1586;"SR-PR";"UOP01";"DEL01"
269825;2020-02-17;"segunda-feira";"08:55:00";"MG";381;480;"BETIM";"Falta de Atenção à Condução";"Colisão traseira";"Com Vítimas Feridas";"Pleno dia";"Decrescente";"Garoa/Chuvisco";"Simples";"Reta";"Sim";2;0;1;0;1;0;1;2;-19,9575;-44,079;"SR-MG";"UOP03";"DEL01"
269827;2020-02-16;"domingo";"19:15:00";"RJ";40;111;"DUQUE DE CAXIAS";"Ingestão de Substâncias Psicoativas";"Colisão traseira";"Sem Vítimas";"Plena Noite";"Decrescente";"Nublado";"Múltipla";"Reta";"Sim";4;0;0;0;4;0;0;2;-22,69187;-43,28745;"SR-RJ";"UOP01";"DEL01"
269828;2020-02-17;"segunda-feira";"08:25:00";"PR";153;42,5;"SANTO ANTONIO DA PLATINA";"Defeito Mecânico no Veículo";"Colisão transversal";"Sem Vítimas";"Pleno dia";"Decrescente";"Céu Claro";"Simples";"Interseção de vias";"Sim";2;0;0;0;2;0;0;2;-23,29009;-50,08032;"SR-PR";"UOP05";"DEL07"
269829;2020-02-17;"segunda-feira";"07:30:00";"SP";381;88,7;"GUARULHOS";"Falta de Atenção à Condução";"Colisão traseira";"Com Vítimas Feridas";"Pleno dia";"Crescente";"Céu Claro";"Múltipla";"Reta";"Sim";3;0;1;0;1;1;1;3;-23,48081;-46,56003;"SR-SP";"UOP01";"DEL03"
269830;2020-02-17;"segunda-feira";"09:00:00";"PE";232;24,7;"MORENO";"Não guardar distância de segurança";"Colisão traseira";"Com Vítimas Feridas";"Pleno dia";"Crescente";"Céu Claro";"Dupla";"Reta";"Não";3;0;1;0;2;0;1;2;-8,104829;-35,10351;"SR-PE";"UOP04";"DEL01"
269831;2020-02-17;"segunda-feira";"08:30:00";"SC";101;119,7;"ITAJAI";"Falta de Atenção à Condução";"Colisão lateral";"Com Vítimas Feridas";"Pleno dia";"Decrescente";"Nublado";"Dupla";"Reta";"Sim";3;0;1;1;1;0;2;2;-26,91151;-48,71213;"SR-SC";"UOP04";"DEL04"
269832;2020-02-17;"segunda-feira";"08:50:00";"PR";476;135,1;"CURITIBA";"Falta de Atenção à Condução";"Colisão lateral";"Com Vítimas Feridas";"Pleno dia";"Decrescente";"Céu Claro";"Múltipla";"Reta";"Sim";3;0;1;0;2;0;1;2;-25,48379;-49,26581;"SR-PR";"UOP03";"DEL01"
269833;2020-02-17;"segunda-feira";"09:30:00";"PE";101;70;"RECIFE";"Falta de Atenção à Condução";"Colisão transversal";"Com Vítimas Feridas";"Pleno dia";"Decrescente";"Nublado";"Dupla";"Curva";"Sim";2;0;1;0;1;0;1;2;-8,067761;-34,94265;"SR-PE";"UOP01";"DEL01"
269835;2020-02-17;"segunda-feira";"08:50:00";"SP";116;272;"TABOAO DA SERRA";"Falta de Atenção à Condução";"Colisão traseira";"Com Vítimas Feridas";"Pleno dia";"Decrescente";"Céu Claro";"Dupla";"Reta";"Sim";5;0;2;1;2;0;3;4;-23,62169;-46,81329;"SR-SP";"UOP01";"DEL04"
269837;2020-02-17;"segunda-feira";"08:30:00";"MG";40;513,2;"RIBEIRAO DAS NEVES";"Falta de Atenção à Condução";"Engavetamento";"Com Vítimas Feridas";"Pleno dia";"Crescente";"Chuva";"Dupla";"Reta";"Não";4;0;2;0;2;0;2;3;-19,79705;-44,10805;"SR-MG";"UOP02";"DEL01"
269839;2020-02-17;"segunda-feira";"09:10:00";"GO";60;389;"RIO VERDE";"Ingestão de Álcool";"Saída de leito carroçável";"Com Vítimas Feridas";"Pleno dia";"Decrescente";"Céu Claro";"Dupla";"Reta";"Sim";1;0;1;0;0;0;1;1;-17,819;-50,943;"SR-GO";"UOP01";"DEL04"
269840;2020-02-17;"segunda-feira";"05:15:00";"RJ";116;175;"NOVA IGUACU";"Falta de Atenção à Condução";"Colisão com objeto estático";"Sem Vítimas";"Amanhecer";"Crescente";"Nublado";"Múltipla";"Reta";"Sim";1;0;0;0;1;0;0;1;-22,78924;-43,37275;"SR-RJ";"UOP02";"DEL01"
269841;2020-02-17;"segunda-feira";"09:45:00";"SC";101;118,1;"ITAJAI";"Não guardar distância de segurança";"Engavetamento";"Com Vítimas Feridas";"Pleno dia";"Crescente";"Céu Claro";"Dupla";"Reta";"Sim";6;0;1;1;4;0;2;5;-26,89586;-48,71903;"SR-SC";"UOP04";"DEL04"
269842;2020-02-17;"segunda-feira";"10:15:00";"PE";407;126,4;"PETROLINA";"Desobediência às normas de trânsito pelo condutor";"Colisão transversal";"Com Vítimas Feridas";"Pleno dia";"Decrescente";"Céu Claro";"Simples";"Reta";"Sim";3;0;1;1;1;0;2;2;-9,384913;-40,5281;"SR-PE";"UOP01";"DEL06"
269843;2020-02-17;"segunda-feira";"03:25:00";"MG";116;129,8;"ITAOBIM";"Falta de Atenção à Condução";"Colisão lateral";"Com Vítimas Fatais";"Plena Noite";"Crescente";"Nublado";"Simples";"Reta";"Não";2;1;1;0;0;0;1;2;-16,68014;-41,50164;"SR-MG";"UOP02";"DEL11"
269844;2020-02-17;"segunda-feira";"09:50:00";"SP";116;422,2;"REGISTRO";"Defeito Mecânico no Veículo";"Tombamento";"Com Vítimas Feridas";"Pleno dia";"Decrescente";"Sol";"Dupla";"Reta";"Não";2;0;2;0;0;0;2;1;-24,36454;-47,69203;"SR-SP";"UOP01";"DEL05"
269845;2020-02-17;"segunda-feira";"10:20:00";"GO";40;1,7;"VALPARAISO DE GOIAS";"Falta de Atenção à Condução";"Colisão lateral";"Com Vítimas Feridas";"Pleno dia";"Crescente";"Céu Claro";"Dupla";"Reta";"Sim";1;0;1;0;0;0;1;1;-16,05824;-47,98282;"SR-DF";"UOP01";"DEL01"
269846;2020-02-17;"segunda-feira";"10:45:00";"PE";408;100;"SAO LOURENCO DA MATA";"Ingestão de Álcool";"Colisão lateral";"Com Vítimas Feridas";"Pleno dia";"Decrescente";"Céu Claro";"Simples";"Reta";"Sim";2;0;1;0;1;0;1;2;-8,043641;-35,01675;"SR-PE";"UOP01";"DEL01"
269847;2020-02-17;"segunda-feira";"11:00:00";"PE";101;90;"CABO DE SANTO AGOSTINHO";"Falta de Atenção à Condução";"Colisão traseira";"Sem Vítimas";"Pleno dia";"Decrescente";"Céu Claro";"Simples";"Reta";"Sim";2;0;0;0;2;0;0;2;-8,227121;-34,96983;"SR-PE";"UOP03";"DEL01"
269849;2020-01-28;"terça-feira";"07:35:00";"PR";369;150,3;"LONDRINA";"Falta de Atenção à Condução";"Colisão traseira";"Com Vítimas Feridas";"Pleno dia";"Decrescente";"Nublado";"Dupla";"Reta";"Sim";3;0;1;1;1;0;2;2;-23,2928;-51,1664;"SR-PR";"UOP01";"DEL07"
269850;2020-02-17;"segunda-feira";"10:15:00";"ES";101;229;"FUNDAO";"Ingestão de Álcool";"Colisão traseira";"Sem Vítimas";"Pleno dia";"Crescente";"Céu Claro";"Simples";"Interseção de vias";"Sim";2;0;0;0;2;0;0;2;-19,93245;-40,40504;"SR-ES";"UOP01";"DEL02"
269851;2020-02-14;"sexta-feira";"16:47:00";"MT";70;517;"VARZEA GRANDE";"Falta de Atenção à Condução";"Colisão transversal";"Com Vítimas Feridas";"Pleno dia";"Crescente";"Céu Claro";"Simples";"Reta";"Sim";2;0;1;0;0;1;1;2;-15,70105;-56,15799;"SR-MT";"UOP02";"DEL05"
269852;2020-02-17;"segunda-feira";"10:55:00";"MG";40;50;"PARACATU";"Falta de Atenção à Condução";"Saída de leito carroçável";"Com Vítimas Feridas";"Pleno dia";"Crescente";"Chuva";"Simples";"Curva";"Não";1;0;1;0;0;0;1;1;-17,23931;-46,80041;"SR-MG";"UOP01";"DEL14"
269853;2020-02-17;"segunda-feira";"11:35:00";"ES";101;255;"SERRA";"Não guardar distância de segurança";"Colisão traseira";"Com Vítimas Feridas";"Pleno dia";"Crescente";"Sol";"Simples";"Reta";"Sim";2;0;0;1;1;0;1;2;-20,11488;-40,31944;"SR-ES";"UOP01";"DEL02"
269854;2020-02-17;"segunda-feira";"07:25:00";"SC";282;446;"IRANI";"Agressão Externa";"Tombamento";"Com Vítimas Feridas";"Pleno dia";"Decrescente";"Céu Claro";"Simples";"Reta";"Não";1;0;1;0;0;0;1;1;-26,91022;-51,91495;"SR-SC";"UOP05";"DEL07"
269855;2020-02-17;"segunda-feira";"11:45:00";"MA";222;673;"ACAILANDIA";"Não guardar distância de segurança";"Engavetamento";"Sem Vítimas";"Pleno dia";"Crescente";"Céu Claro";"Dupla";"Não Informado";"Sim";4;0;0;0;3;1;0;3;-4,955553;-47,49869;"SR-MA";"UOP03";"DEL04"
269856;2020-02-17;"segunda-feira";"11:40:00";"RJ";101;60;"CAMPOS DOS GOYTACAZES";"Desobediência às normas de trânsito pelo condutor";"Tombamento";"Com Vítimas Feridas";"Pleno dia";"Decrescente";"Céu Claro";"Simples";"Reta";"Não";1;0;1;0;0;0;1;1;-21,72048;-41,31449;"SR-RJ";"UOP01";"DEL08"
269858;2020-02-17;"segunda-feira";"10:30:00";"BA";110;382;"SAO SEBASTIAO DO PASSE";"Ultrapassagem Indevida";"Colisão frontal";"Com Vítimas Feridas";"Pleno dia";"Crescente";"Céu Claro";"Simples";"Reta";"Não";3;0;1;0;2;0;1;2;-12,41258;-38,4592;"SR-BA";"UOP01";"DEL01"
269859;2020-02-17;"segunda-feira";"12:10:00";"ES";101;213;"IBIRACU";"Falta de Atenção à Condução";"Colisão lateral";"Com Vítimas Feridas";"Pleno dia";"Crescente";"Nublado";"Simples";"Reta";"Sim";2;0;1;0;1;0;1;2;-19,82353;-40,36982;"SR-ES";"UOP01";"DEL02"
269860;2020-02-15;"sábado";"07:30:00";"MT";70;281,1;"PRIMAVERA DO LESTE";"Ultrapassagem Indevida";"Colisão frontal";"Com Vítimas Feridas";"Pleno dia";"Crescente";"Nublado";"Simples";"Reta";"Sim";2;0;1;0;1;0;1;2;-15,56703;-54,30513;"SR-MT";"UOP01";"DEL05"
269861;2020-02-17;"segunda-feira";"11:50:00";"RJ";40;119;"DUQUE DE CAXIAS";"Ingestão de Álcool";"Colisão lateral";"Com Vítimas Feridas";"Pleno dia";"Crescente";"Céu Claro";"Simples";"Não Informado";"Sim";6;0;4;0;2;0;4;4;-22,76376;-43,28683;"SR-RJ";"UOP01";"DEL01"
269862;2020-02-17;"segunda-feira";"11:30:00";"MG";50;72;"UBERLANDIA";"Defeito Mecânico no Veículo";"Incêndio";"Sem Vítimas";"Pleno dia";"Crescente";"Céu Claro";"Dupla";"Reta";"Sim";1;0;0;0;1;0;0;1;-18,8514;-48,25346;"SR-MG";"UOP01";"DEL15"
269863;2020-02-17;"segunda-feira";"12:32:00";"SC";470;54,5;"BLUMENAU";"Falta de Atenção à Condução";"Colisão transversal";"Com Vítimas Feridas";"Pleno dia";"Crescente";"Céu Claro";"Simples";"Interseção de vias";"Sim";3;0;2;0;1;0;2;2;-26,87107;-49,11037;"SR-SC";"UOP01";"DEL04"
269864;2020-02-16;"domingo";"20:50:00";"MG";116;24;"CACHOEIRA DE PAJEU";"Ingestão de Álcool";"Saída de leito carroçável";"Sem Vítimas";"Plena Noite";"Crescente";"Céu Claro";"Simples";"Reta";"Sim";1;0;0;0;1;0;0;1;-15,86332;-41,42629;"SR-BA";"UOP03";"DEL08"
269865;2020-02-17;"segunda-feira";"12:40:00";"TO";153;138;"ARAGUAINA";"Desobediência às normas de trânsito pelo condutor";"Colisão transversal";"Com Vítimas Feridas";"Pleno dia";"Crescente";"Nublado";"Dupla";"Rotatória";"Sim";2;0;1;0;1;0;1;2;-7,1551;-48,20416;"SR-TO";"UOP04";"DEL02"
269866;2020-02-17;"segunda-feira";"13:00:00";"GO";153;442,3;"ANAPOLIS";"Velocidade Incompatível";"Colisão traseira";"Com Vítimas Feridas";"Pleno dia";"Decrescente";"Chuva";"Dupla";"Reta";"Sim";2;0;0;1;1;0;1;2;-16,32527;-48,92202;"SR-GO";"UOP01";"DEL02"
269867;2020-02-17;"segunda-feira";"13:10:00";"ES";101;269,8;"SERRA";"Falta de Atenção do Pedestre";"Atropelamento de Pedestre";"Com Vítimas Feridas";"Pleno dia";"Crescente";"Céu Claro";"Múltipla";"Reta";"Não";2;0;0;1;1;0;1;1;-20,2174;-40,26991;"SR-ES";"UOP01";"DEL02"
269869;2020-02-17;"segunda-feira";"11:40:00";"MT";70;298,4;"POXOREO";"Falta de Atenção à Condução";"Colisão traseira";"Com Vítimas Feridas";"Pleno dia";"Crescente";"Céu Claro";"Simples";"Não Informado";"Não";2;0;0;1;1;0;1;2;-15,5808;-54,45501;"SR-MT";"UOP01";"DEL05"
269872;2020-02-17;"segunda-feira";"13:00:00";"SE";235;54,9;"ITABAIANA";"Não guardar distância de segurança";"Colisão traseira";"Com Vítimas Feridas";"Pleno dia";"Crescente";"Céu Claro";"Simples";"Reta";"Sim";3;0;2;1;0;0;3;2;-10,67605;-37,44328;"SR-SE";"UOP02";"DEL01"
269873;2020-02-17;"segunda-feira";"13:05:00";"GO";40;1,4;"VALPARAISO DE GOIAS";"Falta de Atenção do Pedestre";"Atropelamento de Pedestre";"Com Vítimas Feridas";"Pleno dia";"Crescente";"Céu Claro";"Dupla";"Reta";"Sim";2;0;1;0;1;0;1;1;-16,05824;-47,98282;"SR-DF";"UOP01";"DEL01"
269874;2020-02-17;"segunda-feira";"13:30:00";"PI";343;2,5;"TERESINA";"Não guardar distância de segurança";"Engavetamento";"Com Vítimas Feridas";"Pleno dia";"Decrescente";"Sol";"Múltipla";"Reta";"Sim";3;0;0;1;2;0;1;3;-5,089569;-42,80229;"SR-PI";"UOP01";"DEL01"
269875;2020-01-20;"segunda-feira";"18:15:00";"SC";101;135;"BALNEARIO CAMBORIU";"Falta de Atenção à Condução";"Tombamento";"Com Vítimas Feridas";"Pleno dia";"Decrescente";"Céu Claro";"Simples";"Reta";"Sim";2;0;1;0;1;0;1;2;-27,00501;-48,62677;"SR-SC";"UOP03";"DEL04"
269876;2020-02-17;"segunda-feira";"13:20:00";"PB";230;61;"CRUZ DO ESPIRITO SANTO";"Condutor Dormindo";"Saída de leito carroçável";"Com Vítimas Feridas";"Pleno dia";"Crescente";"Sol";"Dupla";"Curva";"Não";1;0;1;0;0;0;1;1;-7,205482;-35,14799;"SR-PB";"UOP02";"DEL01"
269877;2020-02-17;"segunda-feira";"11:10:00";"PR";277;7,5;"PARANAGUA";"Avarias e/ou desgaste excessivo no pneu";"Queda de ocupante de veículo";"Com Vítimas Feridas";"Pleno dia";"Crescente";"Sol";"Dupla";"Reta";"Sim";2;0;2;0;0;0;2;1;-25,5682;-48,61529;"SR-PR";"UOP07";"DEL01"
269879;2020-02-17;"segunda-feira";"11:45:00";"GO";60;84,9;"ANAPOLIS";"Avarias e/ou desgaste excessivo no pneu";"Saída de leito carroçável";"Com Vítimas Feridas";"Pleno dia";"Crescente";"Chuva";"Dupla";"Curva";"Não";3;0;2;0;1;0;2;1;-16,3179;-48,8643;"SR-GO";"UOP01";"DEL02"
269880;2020-02-17;"segunda-feira";"13:35:00";"MG";381;406;"BOM JESUS DO AMPARO";"Pista Escorregadia";"Colisão frontal";"Com Vítimas Fatais";"Pleno dia";"Decrescente";"Céu Claro";"Simples";"Curva";"Não";2;1;0;0;1;0;0;2;-19,73751;-43,55759;"SR-MG";"UOP01";"DEL01"
269881;2020-02-17;"segunda-feira";"14:30:00";"RS";471;642,1;"SANTA VITORIA DO PALMAR";"Defeito Mecânico no Veículo";"Saída de leito carroçável";"Com Vítimas Feridas";"Pleno dia";"Crescente";"Céu Claro";"Simples";"Reta";"Não";4;0;3;0;1;0;3;1;-33,42409;-53,24238;"SR-RS";"UOP04";"DEL07"
269882;2020-02-17;"segunda-feira";"14:40:00";"BA";324;580;"CANDEIAS";"Falta de Atenção à Condução";"Colisão traseira";"Sem Vítimas";"Pleno dia";"Decrescente";"Céu Claro";"Dupla";"Reta";"Sim";2;0;0;0;2;0;0;2;-12,59914;-38,50896;"SR-BA";"UOP01";"DEL01"
269883;2020-02-17;"segunda-feira";"14:50:00";"MG";40;695,2;"ALFREDO VASCONCELOS";"Velocidade Incompatível";"Colisão traseira";"Com Vítimas Feridas";"Pleno dia";"Decrescente";"Céu Claro";"Simples";"Não Informado";"Não";2;0;1;0;1;0;1;2;-21,1392;-43,76577;"SR-MG";"UOP02";"DEL05"
269884;2020-02-17;"segunda-feira";"11:40:00";"GO";60;429,2;"RIO VERDE";"Falta de Atenção à Condução";"Saída de leito carroçável";"Com Vítimas Feridas";"Pleno dia";"Crescente";"Céu Claro";"Dupla";"Reta";"Não";1;0;0;1;0;0;1;1;-17,8248;-51,319;"SR-GO";"UOP01";"DEL04"
269885;2020-02-17;"segunda-feira";"14:00:00";"RS";290;507,9;"ROSARIO DO SUL";"Falta de Atenção à Condução";"Saída de leito carroçável";"Com Vítimas Feridas";"Pleno dia";"Crescente";"Nublado";"Simples";"Curva";"Não";1;0;1;0;0;0;1;1;-30,15614;-55,16766;"SR-RS";"UOP02";"DEL11"
269886;2020-02-17;"segunda-feira";"14:25:00";"MG";50;93;"UBERLANDIA";"Pista Escorregadia";"Queda de ocupante de veículo";"Com Vítimas Feridas";"Pleno dia";"Crescente";"Chuva";"Dupla";"Reta";"Não";1;0;1;0;0;0;1;1;-19,07493;-48,18892;"SR-MG";"UOP01";"DEL15"
269888;2020-02-17;"segunda-feira";"14:00:00";"SP";116;489;"CAJATI";"Falta de Atenção à Condução";"Colisão lateral";"Com Vítimas Feridas";"Pleno dia";"Decrescente";"Sol";"Dupla";"Interseção de vias";"Sim";2;0;1;0;1;0;1;2;-24,73034;-48,10761;"SR-SP";"UOP02";"DEL05"
269889;2020-02-10;"segunda-feira";"04:15:00";"PB";230;99,9;"GURINHEM";"Não guardar distância de segurança";"Colisão traseira";"Com Vítimas Feridas";"Plena Noite";"Decrescente";"Céu Claro";"Dupla";"Desvio Temporário";"Não";5;0;1;3;1;0;4;2;-7,1911;-35,4716;"SR-PB";"UOP02";"DEL01"
269890;2020-02-17;"segunda-feira";"15:10:00";"SC";101;213,3;"PALHOCA";"Não guardar distância de segurança";"Colisão lateral";"Com Vítimas Feridas";"Pleno dia";"Decrescente";"Céu Claro";"Múltipla";"Viaduto";"Sim";2;0;1;0;1;0;1;2;-27,63697;-48,66514;"SR-SC";"UOP02";"DEL01"