"id";"data_inversa";"dia_semana";"horario";"uf";"br";"km";"municipio";"causa_acidente";"tipo_acidente";"classificacao_acidente";"fase_dia";"sentido_via";"condicao_metereologica";"tipo_pista";"tracado_via";"uso_solo";"pessoas";"mortos";"feridos_leves";"feridos_graves";"ilesos";"ignorados";"feridos";"veiculos";"latitude";"longitude";"regional";"delegacia";"uop"
269891;2020-02-17;"segunda-feira";"13:40:00";"GO";60;126;"GOIANAPOLIS";"Falta de Atenção à Condução";"Capotamento";"Com Vítimas Feridas";"Pleno dia";"Crescente";"Chuva";"Dupla";"Não Informado";"Não";5;0;3;0;2;0;3;1;-16,5324;-49,1473;"SR-GO";"UOP01";"DEL01"
269892;2020-02-17;"segunda-feira";"06:20:00";"MA";135;89;"ITAPECURU MIRIM";"Falta de Atenção à Condução";"Colisão traseira";"Com Vítimas Fatais";"Pleno dia";"Crescente";"Céu Claro";"Simples";"Reta";"Sim";3;1;1;0;1;0;1;2;-3,284317;-44,41158;"SR-MA";"UOP02";"DEL01"
269893;2020-02-17;"segunda-feira";"13:00:00";"RO";364;199,8;"PIMENTA BUENO";"Falta de Atenção à Condução";"Colisão traseira";"Com Vítimas Feridas";"Pleno dia";"Crescente";"Céu Claro";"Simples";"Reta";"Não";3;0;2;0;1;0;2;2;-11,66162;-61,19105;"SR-RO";"UOP02";"DEL02"
269894;2020-02-17;"segunda-feira";"15:35:00";"SC";470;51,1;"BLUMENAU";"Desobediência às normas de trânsito pelo condutor";"Colisão transversal";"Com Vítimas Feridas";"Pleno dia";"Crescente";"Sol";"Simples";"Interseção de vias";"Sim";2;0;0;1;1;0;1;2;-26,86286;-49,08539;"SR-SC";"UOP01";"DEL04"
269895;2020-02-17;"segunda-feira";"12:30:00";"GO";153;599;"MORRINHOS";"Defeito na Via";"Capotamento";"Com Vítimas Feridas";"Pleno dia";"Decrescente";"Sol";"Dupla";"Desvio Temporário";"Não";1;0;1;0;0;0;1;1;-17,5439;-49,2093;"SR-GO";"UOP01";"DEL03"
269897;2020-02-17;"segunda-feira";"15:50:00";"CE";222;312,9;"TIANGUA";"Não guardar distância de segurança";"Colisão traseira";"Com Vítimas Feridas";"Pleno dia";"Decrescente";"Céu Claro";"Simples";"Reta";"Sim";2;0;1;0;1;0;1;2;-3,716993;-40,99142;"SR-CE";"UOP02";"DEL04"
269899;2020-02-17;"segunda-feira";"13:30:00";"SC";470;291;"CAMPOS NOVOS";"Desobediência às normas de trânsito pelo condutor";"Colisão traseira";"Com Vítimas Feridas";"Pleno dia";"Crescente";"Céu Claro";"Simples";"Reta";"Não";2;0;0;1;1;0;1;2;-27,3376;-50,97187;"SR-SC";"UOP08";"DEL07"
269900;2020-02-17;"segunda-feira";"15:45:00";"SP";101;51,1;"UBATUBA";"Falta de Atenção à Condução";"Colisão lateral";"Com Vítimas Feridas";"Pleno dia";"Crescente";"Céu Claro";"Simples";"Reta";"Sim";2;0;1;0;1;0;1;2;-23,45628;-45,07112;"SR-SP";"UOP02";"DEL06"
269901;2020-02-17;"segunda-feira";"15:35:00";"RN";101;58;"CEARA-MIRIM";"Falta de Atenção à Condução";"Colisão transversal";"Com Vítimas Feridas";"Pleno dia";"Decrescente";"Céu Claro";"Simples";"Reta";"Sim";2;0;0;1;1;0;1;2;-5,587614;-35,27668;"SR-RN";"UOP01";"DEL02"
269904;2020-02-17;"segunda-feira";"14:50:00";"RO";364;708;"PORTO VELHO";"Animais na Pista";"Colisão traseira";"Sem Vítimas";"Pleno dia";"Decrescente";"Nublado";"Dupla";"Reta";"Sim";3;0;0;0;3;0;0;2;-8,795541;-63,84072;"SR-RO";"UOP01";"DEL01"
269905;2020-02-17;"segunda-feira";"16:20:00";"MG";381;736,8;"TRES CORACOES";"Velocidade Incompatível";"Saída de leito carroçável";"Sem Vítimas";"Pleno dia";"Crescente";"Chuva";"Dupla";"Curva";"Não";1;0;0;0;1;0;0;1;-21,58859;-45,23763;"SR-MG";"UOP02";"DEL16"
269906;2020-02-17;"segunda-feira";"15:15:00";"SP";116;195;"ARUJA";"Falta de Atenção à Condução";"Colisão traseira";"Com Vítimas Feridas";"Pleno dia";"Crescente";"Chuva";"Dupla";"Reta";"Sim";2;0;1;0;1;0;1;2;-23,38881;-46,27566;"SR-SP";"UOP01";"DEL01"
269907;2020-02-17;"segunda-feira";"16:10:00";"MG";262;443,7;"NOVA SERRANA";"Falta de Atenção à Condução";"Colisão traseira";"Com Vítimas Feridas";"Pleno dia";"Crescente";"Nublado";"Dupla";"Não Informado";"Sim";3;0;1;0;2;0;1;2;-19,88065;-44,92197;"SR-MG";"UOP03";"DEL08"
269908;2020-02-17;"segunda-feira";"16:30:00";"PE";407;63,1;"PETROLINA";"Defeito Mecânico no Veículo";"Capotamento";"Com Vítimas Fatais";"Pleno dia";"Decrescente";"Céu Claro";"Simples";"Ponte";"Não";2;1;1;0;0;0;1;2;-8,8737;-40,76218;"SR-PE";"UOP02";"DEL06"
269909;2020-02-16;"domingo";"19:00:00";"PI";20;34;"SAO RAIMUNDO NONATO";"Falta de Atenção à Condução";"Colisão traseira";"Com Vítimas Fatais";"Plena Noite";"Crescente";"Ignorado";"Simples";"Reta";"Não";2;1;0;0;0;1;0;2;-9,018392;-42,67363;"SR-PI";"UOP01";"DEL03"
269910;2020-02-17;"segunda-feira";"16:50:00";"SC";280;52,5;"GUARAMIRIM";"Falta de Atenção à Condução";"Colisão transversal";"Com Vítimas Feridas";"Pleno dia";"Crescente";"Céu Claro";"Simples";"Reta";"Não";2;0;0;1;1;0;1;2;-26,4689;-48,96492;"SR-SC";"UOP03";"DEL03"
269911;2020-02-17;"segunda-feira";"17:00:00";"CE";222;2;"FORTALEZA";"Falta de Atenção do Pedestre";"Atropelamento de Pedestre";"Com Vítimas Feridas";"Pleno dia";"Crescente";"Céu Claro";"Múltipla";"Reta";"Sim";2;0;1;1;0;0;2;1;-3,738538;-38,58368;"SR-CE";"UOP01";"DEL01"
269912;2020-02-17;"segunda-feira";"16:35:00";"MG";40;681,9;"RESSAQUINHA";"Falta de Atenção à Condução";"Atropelamento de Pedestre";"Com Vítimas Feridas";"Pleno dia";"Crescente";"Ignorado";"Simples";"Reta";"Sim";2;0;0;1;1;0;1;1;-21,06079;-43,76232;"SR-MG";"UOP02";"DEL05"
269913;2020-02-17;"segunda-feira";"17:00:00";"BA";324;623;"SALVADOR";"Não guardar distância de segurança";"Colisão traseira";"Sem Vítimas";"Pleno dia";"Decrescente";"Garoa/Chuvisco";"Múltipla";"Reta";"Não";2;0;0;0;2;0;0;2;-12,92629;-38,46839;"SR-BA";"UOP01";"DEL01"
269914;2020-02-17;"segunda-feira";"11:55:00";"PR";373;181;"PONTA GROSSA";"Defeito na Via";"Danos eventuais";"Sem Vítimas";"Pleno dia";"Decrescente";"Sol";"Simples";"Reta";"Sim";1;0;0;0;1;0;0;1;-25,04266;-50,25791;"SR-PR";"UOP01";"DEL03"
269915;2020-02-17;"segunda-feira";"16:40:00";"ES";262;166;"IBATIBA";"Velocidade Incompatível";"Tombamento";"Com Vítimas Feridas";"Pleno dia";"Crescente";"Céu Claro";"Simples";"Não Informado";"Não";2;0;2;0;0;0;2;1;-20,24684;-41,56028;"SR-ES";"UOP02";"DEL01"
269916;2020-02-17;"segunda-feira";"17:00:00";"ES";262;32,1;"DOMINGOS MARTINS";"Mal Súbito";"Colisão frontal";"Com Vítimas Feridas";"Pleno dia";"Crescente";"Nublado";"Simples";"Curva";"Não";3;0;1;2;0;0;3;2;-20,3788;-40,56788;"SR-ES";"UOP01";"DEL01"
269917;2020-02-17;"segunda-feira";"17:30:00";"CE";116;13,9;"FORTALEZA";"Falta de Atenção do Pedestre";"Atropelamento de Pedestre";"Com Vítimas Feridas";"Anoitecer";"Decrescente";"Nublado";"Múltipla";"Reta";"Sim";2;0;0;1;1;0;1;2;-3,860885;-38,49715;"SR-CE";"UOP02";"DEL01"
269918;2020-02-17;"segunda-feira";"16:30:00";"SC";101;275;"IMBITUBA";"Defeito Mecânico no Veículo";"Saída de leito carroçável";"Com Vítimas Feridas";"Pleno dia";"Decrescente";"Céu Claro";"Dupla";"Reta";"Não";2;0;2;0;0;0;2;1;-28,13809;-48,69218;"SR-SC";"UOP03";"DEL02"
269919;2020-02-17;"segunda-feira";"17:35:00";"ES";101;270;"SERRA";"Não guardar distância de segurança";"Colisão traseira";"Com Vítimas Feridas";"Anoitecer";"Decrescente";"Céu Claro";"Dupla";"Reta";"Sim";2;0;1;0;1;0;1;2;-20,22662;-40,27075;"SR-ES";"UOP01";"DEL02"
269920;2020-02-17;"segunda-feira";"14:45:00";"SC";470;114,8;"IBIRAMA";"Carga excessiva e/ou mal acondicionada";"Tombamento";"Sem Vítimas";"Pleno dia";"Decrescente";"Sol";"Simples";"Curva";"Não";1;0;0;0;1;0;0;1;-27,088;-49,47257;"SR-SC";"UOP02";"DEL04"
269922;2020-02-17;"segunda-feira";"16:30:00";"BA";101;423;"IBIRAPITANGA";"Velocidade Incompatível";"Tombamento";"Com Vítimas Feridas";"Pleno dia";"Decrescente";"Chuva";"Simples";"Curva";"Não";1;0;1;0;0;0;1;1;-14,13824;-39,35474;"SR-BA";"UOP03";"DEL05"
269923;2020-02-17;"segunda-feira";"16:00:00";"SC";101;95;"BARRA VELHA";"Defeito Mecânico no Veículo";"Tombamento";"Com Vítimas Feridas";"Pleno dia";"Crescente";"Nublado";"Múltipla";"Curva";"Não";3;0;2;0;1;0;2;1;-26,70876;-48,70221;"SR-SC";"UOP02";"DEL03"
269924;2020-02-17;"segunda-feira";"17:45:00";"RS";116;114,4;"SAO MARCOS";"Falta de Atenção à Condução";"Colisão transversal";"Com Vítimas Feridas";"Pleno dia";"Decrescente";"Chuva";"Simples";"Curva";"Sim";3;0;2;0;1;0;2;2;-28,96397;-51,07534;"SR-RS";"UOP01";"DEL05"
269925;2020-02-17;"segunda-feira";"17:40:00";"MG";50;69;"UBERLANDIA";"Objeto estático sobre o leito carroçável";"Colisão traseira";"Com Vítimas Feridas";"Anoitecer";"Crescente";"Nublado";"Dupla";"Reta";"Sim";4;0;2;0;2;0;2;4;-18,8514;-48,25346;"SR-MG";"UOP01";"DEL15"
269927;2020-02-17;"segunda-feira";"17:30:00";"GO";40;5,5;"VALPARAISO DE GOIAS";"Não guardar distância de segurança";"Colisão traseira";"Sem Vítimas";"Pleno dia";"Crescente";"Céu Claro";"Dupla";"Reta";"Sim";2;0;0;0;0;2;0;2;-16,09313;-47,98224;"SR-DF";"UOP01";"DEL01"
269928;2020-02-17;"segunda-feira";"17:40:00";"RS";116;38,2;"VACARIA";"Falta de Atenção à Condução";"Colisão transversal";"Com Vítimas Feridas";"Pleno dia";"Decrescente";"Chuva";"Simples";"Retorno Regulamentado";"Sim";2;0;1;0;1;0;1;2;-28,50548;-50,92516;"SR-RS";"UOP03";"DEL05"
269929;2020-02-17;"segunda-feira";"13:30:00";"MG";381;481;"CONTAGEM";"Falta de Atenção do Pedestre";"Queda de ocupante de veículo";"Sem Vítimas";"Pleno dia";"Crescente";"Nublado";"Dupla";"Reta";"Sim";2;0;0;0;1;1;0;1;-19,95932;-44,08826;"SR-MG";"UOP03";"DEL01"
269930;2020-02-17;"segunda-feira";"18:30:00";"SE";101;97,5;"SAO CRISTOVAO";"Ingestão de Álcool";"Colisão com objeto estático";"Com Vítimas Feridas";"Plena Noite";"Decrescente";"Céu Claro";"Dupla";"Curva";"Não";2;0;0;1;0;1;1;1;-10,92592;-37,17893;"SR-SE";"UOP01";"DEL02"
269931;2020-02-17;"segunda-feira";"17:20:00";"GO";60;96;"ANAPOLIS";"Desobediência às normas de trânsito pelo condutor";"Colisão lateral";"Com Vítimas Feridas";"Pleno dia";"Crescente";"Céu Claro";"Dupla";"Reta";"Sim";3;0;2;0;1;0;2;2;-16,37586;-48,9472;"SR-GO";"UOP01";"DEL02"
269932;2020-02-17;"segunda-feira";"18:20:00";"PR";476;135;"CURITIBA";"Falta de Atenção à Condução";"Colisão traseira";"Com Vítimas Feridas";"Anoitecer";"Crescente";"Céu Claro";"Múltipla";"Reta";"Sim";3;0;1;0;1;1;1;2;-25,48379;-49,26581;"SR-PR";"UOP03";"DEL01"
269933;2020-02-17;"segunda-feira";"14:00:00";"BA";101;896;"CARAVELAS";"Falta de Atenção à Condução";"Colisão lateral";"Sem Vítimas";"Pleno dia";"Decrescente";"Céu Claro";"Simples";"Desvio Temporário";"Não";2;0;0;0;2;0;0;2;-17,69244;-39,77463;"SR-BA";"UOP02";"DEL09"
269934;2020-02-17;"segunda-feira";"18:00:00";"RS";116;117;"SAO MARCOS";"Pista Escorregadia";"Saída de leito carroçável";"Sem Vítimas";"Anoitecer";"Crescente";"Chuva";"Simples";"Curva";"Sim";1;0;0;0;1;0;0;1;-28,9831;-51,06761;"SR-RS";"UOP01";"DEL05"
269935;2020-02-17;"segunda-feira";"17:20:00";"RJ";393;268;"BARRA DO PIRAI";"Velocidade Incompatível";"Colisão transversal";"Sem Vítimas";"Pleno dia";"Crescente";"Céu Claro";"Simples";"Interseção de vias";"Não";3;0;0;0;3;0;0;2;-22,4878;-43,90933;"SR-RJ";"UOP02";"DEL05"
269936;2020-02-17;"segunda-feira";"17:40:00";"RJ";101;313,2;"SAO GONCALO";"Condutor Dormindo";"Engavetamento";"Com Vítimas Feridas";"Anoitecer";"Decrescente";"Céu Claro";"Múltipla";"Reta";"Não";3;0;3;0;0;0;3;2;-22,81049;-43,06983;"SR-RJ";"UOP01";"DEL02"
269937;2020-02-17;"segunda-feira";"18:35:00";"MG";381;527;"BRUMADINHO";"Falta de Atenção à Condução";"Capotamento";"Com Vítimas Feridas";"Plena Noite";"Crescente";"Chuva";"Dupla";"Curva";"Não";1;0;1;0;0;0;1;1;-20,16283;-44,35073;"SR-MG";"UOP03";"DEL04"
269938;2020-02-17;"segunda-feira";"18:45:00";"RS";290;99;"PORTO ALEGRE";"Falta de Atenção à Condução";"Colisão traseira";"Com Vítimas Feridas";"Pleno dia";"Crescente";"Céu Claro";"Dupla";"Reta";"Não";3;0;2;0;1;0;2;2;-29,99176;-51,22699;"SR-RS";"UOP01";"DEL01"
269939;2020-02-17;"segunda-feira";"19:00:00";"DF";20;10,1;"BRASILIA";"Falta de Atenção à Condução";"Colisão transversal";"Com Vítimas Feridas";"Plena Noite";"Crescente";"Céu Claro";"Dupla";"Reta";"Sim";2;0;0;1;1;0;1;2;-15,65024;-47,77387;"SR-DF";"UOP01";"DEL02"
269940;2020-02-17;"segunda-feira";"17:00:00";"ES";262;186;"IUNA";"Desobediência às normas de trânsito pelo condutor";"Colisão traseira";"Com Vítimas Feridas";"Plena Noite";"Crescente";"Nublado";"Simples";"Curva";"Não";2;0;1;0;1;0;1;2;-20,30876;-41,71255;"SR-ES";"UOP02";"DEL01"
269941;2020-02-17;"segunda-feira";"19:30:00";"PE";101;86;"CABO DE SANTO AGOSTINHO";"Defeito Mecânico no Veículo";"Saída de leito carroçável";"Com Vítimas Feridas";"Pleno dia";"Crescente";"Céu Claro";"Dupla";"Reta";"Não";1;0;1;0;0;0;1;1;-8,1847;-34,96817;"SR-PE";"UOP03";"DEL01"
269942;2020-02-17;"segunda-feira";"18:40:00";"RS";285;430,9;"PANAMBI";"Falta de Atenção à Condução";"Saída de leito carroçável";"Com Vítimas Feridas";"Pleno dia";"Decrescente";"Céu Claro";"Simples";"Ponte";"Não";1;0;1;0;0;0;1;1;-28,32738;-53,65565;"SR-RS";"UOP01";"DEL10"
269943;2020-02-17;"segunda-feira";"18:50:00";"ES";262;139;"MUNIZ FREIRE";"Fenômenos da Natureza";"Danos eventuais";"Com Vítimas Feridas";"Plena Noite";"Crescente";"Nublado";"Simples";"Reta";"Não";1;0;0;1;0;0;1;1;-20,23135;-41,36099;"SR-ES";"UOP02";"DEL01"
269944;2020-02-17;"segunda-feira";"16:10:00";"MS";267;465,2;"GUIA LOPES DA LAGUNA";"Condutor Dormindo";"Saída de leito carroçável";"Com Vítimas Feridas";"Pleno dia";"Crescente";"Céu Claro";"Simples";"Reta";"Não";1;0;1;0;0;0;1;1;-21,4099;-56,00852;"SR-MS";"UOP01";"DEL05"
269945;2020-02-17;"segunda-feira";"17:30:00";"MT";364;348;"SANTO ANTONIO DO LEVERGER";"Defeito Mecânico no Veículo";"Colisão traseira";"Com Vítimas Feridas";"Pleno dia";"Crescente";"Céu Claro";"Simples";"Curva";"Não";1;0;1;0;0;0;1;1;-15,80417;-55,5543;"SR-MT";"UOP02";"DEL01"
269946;2020-02-17;"segunda-feira";"17:00:00";"SC";101;412,6;"ARARANGUA";"Falta de Atenção à Condução";"Colisão transversal";"Com Vítimas Feridas";"Pleno dia";"Decrescente";"Nublado";"Simples";"Reta";"Sim";2;0;1;0;1;0;1;2;-28,94245;-49,50037;"SR-SC";"UOP02";"DEL02"
269947;2020-02-17;"segunda-feira";"18:00:00";"PR";476;173;"CONTENDA";"Velocidade Incompatível";"Saída de leito carroçável";"Sem Vítimas";"Anoitecer";"Decrescente";"Céu Claro";"Simples";"Curva";"Não";1;0;0;0;1;0;0;1;-25,68136;-49,52554;"SR-PR";"UOP04";"DEL01"
269948;2020-02-17;"segunda-feira";"19:00:00";"SP";153;116,1;"UBARANA";"Defeito Mecânico no Veículo";"Tombamento";"Com Vítimas Feridas";"Plena Noite";"Crescente";"Garoa/Chuvisco";"Simples";"Reta";"Não";2;0;2;0;0;0;2;1;-21,13754;-49,69895;"SR-SP";"UOP01";"DEL09"
269949;2020-02-17;"segunda-feira";"20:00:00";"SC";470;66;"INDAIAL";"Falta de Atenção à Condução";"Saída de leito carroçável";"Com Vítimas Feridas";"Plena Noite";"Decrescente";"Céu Claro";"Simples";"Retorno Regulamentado";"Sim";1;0;1;0;0;0;1;1;-26,87041;-49,22184;"SR-SC";"UOP01";"DEL04"
269950;2020-02-17;"segunda-feira";"20:00:00";"SP";153;31,3;"NOVA GRANADA";"Pista Escorregadia";"Saída de leito carroçável";"Com Vítimas Feridas";"Plena Noite";"Crescente";"Chuva";"Simples";"Curva";"Não";3;0;2;0;1;0;2;2;-20,55033;-49,3284;"SR-SP";"UOP01";"DEL09"
269951;2020-02-13;"quinta-feira";"07:48:00";"AC";317;151;"CAPIXABA";"Falta de Atenção à Condução";"Saída de leito carroçável";"Sem Vítimas";"Pleno dia";"Decrescente";"Sol";"Simples";"Curva";"Não";1;0;0;0;0;1;0;1;-10,59713;-67,71312;"SR-AC";"UOP02";"DEL01"
269952;2020-02-17;"segunda-feira";"20:20:00";"MG";262;836,3;"UBERABA";"Falta de Atenção à Condução";"Colisão traseira";"Com Vítimas Feridas";"Plena Noite";"Decrescente";"Chuva";"Simples";"Reta";"Não";2;0;1;0;1;0;1;2;-19,75218;-48,23839;"SR-MG";"UOP01";"DEL13"
269953;2020-02-17;"segunda-feira";"20:00:00";"PA";163;987;"SANTAREM";"Falta de Atenção à Condução";"Colisão transversal";"Com Vítimas Feridas";"Plena Noite";"Crescente";"Céu Claro";"Simples";"Reta";"Sim";2;0;0;1;1;0;1;2;-2,583771;-54,7204;"SR-PA";"UOP01";"DEL05"
269954;2020-02-17;"segunda-feira";"17:15:00";"MG";356;277,1;"EUGENOPOLIS";"Velocidade Incompatível";"Capotamento";"Com Vítimas Feridas";"Pleno dia";"Decrescente";"Chuva";"Simples";"Curva";"Não";1;0;1;0;0;0;1;1;-21,1278;-42,27558;"SR-MG";"UOP02";"DEL07"
269955;2020-02-17;"segunda-feira";"19:45:00";"MS";163;519,6;"JARAGUARI";"Falta de Atenção à Condução";"Colisão traseira";"Com Vítimas Feridas";"Plena Noite";"Crescente";"Céu Claro";"Dupla";"Não Informado";"Não";6;0;5;0;1;0;5;2;-20,16994;-54,44906;"SR-MS";"UOP02";"DEL01"
269956;2020-02-02;"domingo";"20:40:00";"PE";232;101,2;"BEZERROS";"Falta de Atenção do Pedestre";"Atropelamento de Pedestre";"Com Vítimas Feridas";"Plena Noite";"Decrescente";"Céu Claro";"Dupla";"Reta";"Sim";2;0;0;1;0;1;1;1;-8,241947;-35,75097;"SR-PE";"DEL11/1";"UOP04/PE"
269957;2020-02-17;"segunda-feira";"20:00:00";"SC";101;109;"PENHA";"Ingestão de Álcool";"Colisão lateral";"Sem Vítimas";"Plena Noite";"Decrescente";"Céu Claro";"Dupla";"Curva";"Não";2;0;0;0;2;0;0;2;-26,83352;-48,69607;"SR-SC";"UOP02";"DEL03"
269958;2020-02-17;"segunda-feira";"19:40:00";"RJ";116;305;"RESENDE";"Sinalização da via insuficiente ou inadequada";"Colisão traseira";"Com Vítimas Feridas";"Plena Noite";"Crescente";"Chuva";"Dupla";"Reta";"Sim";2;0;0;1;1;0;1;2;-22,45574;-44,39455;"SR-RJ";"UOP02";"DEL07"
269959;2020-02-17;"segunda-feira";"21:00:00";"ES";262;140,3;"IBATIBA";"Desobediência às normas de trânsito pelo condutor";"Colisão frontal";"Com Vítimas Fatais";"Plena Noite";"Crescente";"Nublado";"Simples";"Reta";"Não";2;1;0;0;1;0;0;2;-20,2281;-41,36895;"SR-ES";"UOP02";"DEL01"
269961;2020-02-17;"segunda-feira";"20:45:00";"PE";232;70,5;"GRAVATA";"Desobediência às normas de trânsito pelo condutor";"Atropelamento de Pedestre";"Com Vítimas Feridas";"Plena Noite";"Decrescente";"Céu Claro";"Dupla";"Reta";"Sim";3;0;2;0;0;1;2;1;-8,182808;-35,49105;"SR-PE";"UOP04";"DEL01"
269963;2020-02-17;"segunda-feira";"21:15:00";"RS";290;79;"GRAVATAI";"Falta de Atenção à Condução";"Capotamento";"Com Vítimas Feridas";"Plena Noite";"Decrescente";"Céu Claro";"Dupla";"Reta";"Não";4;0;4;0;0;0;4;1;-29,95291;-51,04805;"SR-RS";"UOP01";"DEL01"
269964;2020-02-17;"segunda-feira";"21:30:00";"SC";101;442,9;"SANTA ROSA DO SUL";"Falta de Atenção à Condução";"Colisão traseira";"Sem Vítimas";"Plena Noite";"Crescente";"Céu Claro";"Dupla";"Reta";"Sim";2;0;0;0;2;0;0;2;-29,12959;-49,68678;"SR-SC";"UOP02";"DEL02"
269965;2020-02-17;"segunda-feira";"11:00:00";"RS";392;13;"RIO GRANDE";"Falta de Atenção à Condução";"Tombamento";"Com Vítimas Feridas";"Pleno dia";"Crescente";"Nublado";"Dupla";"Curva";"Não";1;0;1;0;0;0;1;1;-32,12632;-52,14931;"SR-RS";"UOP02";"DEL07"
269966;2020-02-17;"segunda-feira";"22:05:00";"PE";101;42,9;"IGARASSU";"Falta de Atenção à Condução";"Colisão traseira";"Com Vítimas Feridas";"Plena Noite";"Crescente";"Nublado";"Múltipla";"Reta";"Sim";2;0;1;0;1;0;1;2;-7,838874;-34,91197;"SR-PE";"UOP02";"DEL01"
269967;2020-02-17;"segunda-feira";"22:00:00";"SC";101;214,7;"PALHOCA";"Desobediência às normas de trânsito pelo pedestre";"Atropelamento de Pedestre";"Com Vítimas Feridas";"Plena Noite";"Decrescente";"Céu Claro";"Dupla";"Reta";"Sim";2;0;0;1;1;0;1;1;-27,64443;-48,67057;"SR-SC";"UOP02";"DEL01"
269969;2020-02-17;"segunda-feira";"22:00:00";"PE";101;60,8;"RECIFE";"Falta de Atenção à Condução";"Tombamento";"Sem Vítimas";"Plena Noite";"Crescente";"Nublado";"Dupla";"Curva";"Sim";1;0;0;0;0;1;0;1;-7,983443;-34,93177;"SR-PE";"UOP02";"DEL01"
269971;2020-02-17;"segunda-feira";"19:04:00";"SP";116;57,8;"GUARATINGUETA";"Objeto estático sobre o leito carroçável";"Capotamento";"Com Vítimas Feridas";"Plena Noite";"Decrescente";"Nublado";"Dupla";"Reta";"Não";2;0;1;0;1;0;1;2;-22,77455;-45,13807;"SR-SP";"UOP02";"DEL08"
269972;2020-02-17;"segunda-feira";"21:45:00";"RS";116;151;"CAXIAS DO SUL";"Desobediência às normas de trânsito pelo condutor";"Colisão lateral";"Com Vítimas Feridas";"Plena Noite";"Crescente";"Céu Claro";"Dupla";"Reta";"Sim";3;0;1;0;2;0;1;2;-29,17724;-51,16207;"SR-RS";"UOP01";"DEL05"
269973;2020-02-17;"segunda-feira";"22:20:00";"PR";116;134;"FAZENDA RIO GRANDE";"Falta de Atenção à Condução";"Colisão com objeto estático";"Com Vítimas Feridas";"Plena Noite";"Crescente";"Nublado";"Dupla";"Curva";"Não";1;0;1;0;0;0;1;1;-25,67511;-49,3157;"SR-PR";"UOP03";"DEL01"
269974;2020-02-17;"segunda-feira";"19:00:00";"GO";40;105,3;"CRISTALINA";"Animais na Pista";"Atropelamento de Animal";"Sem Vítimas";"Plena Noite";"Crescente";"Céu Claro";"Dupla";"Curva";"Não";2;0;0;0;2;0;0;2;-16,82259;-47,55127;"SR-DF";"UOP04";"DEL01"
269975;2020-02-17;"segunda-feira";"23:00:00";"MG";153;174;"COMENDADOR GOMES";"Condutor Dormindo";"Saída de leito carroçável";"Com Vítimas Feridas";"Plena Noite";"Decrescente";"Chuva";"Simples";"Reta";"Não";3;0;2;1;0;0;3;1;-19,74362;-48,97024;"SR-MG";"UOP02";"DEL13"
269976;2020-02-17;"segunda-feira";"19:45:00";"MS";163;279;"DOURADOS";"Ingestão de Álcool";"Colisão com objeto estático";"Sem Vítimas";"Plena Noite";"Decrescente";"Céu Claro";"Dupla";"Retorno Regulamentado";"Sim";1;0;0;0;1;0;0;1;-22,13881;-54,62058;"SR-MS";"UOP01";"DEL04"
269977;2020-02-17;"segunda-feira";"21:00:00";"MG";50;114;"UBERABA";"Condutor Dormindo";"Saída de leito carroçável";"Com Vítimas Feridas";"Plena Noite";"Decrescente";"Nublado";"Dupla";"Reta";"Não";1;0;1;0;0;0;1;1;-19,25773;-48,13205;"SR-MG";"UOP01";"DEL13"
269978;2020-02-17;"segunda-feira";"23:35:00";"SC";101;199;"SAO JOSE";"Falta de Atenção à Condução";"Colisão transversal";"Com Vítimas Feridas";"Plena Noite";"Crescente";"Céu Claro";"Dupla";"Interseção de vias";"Sim";3;0;1;0;2;0;1;2;-27,53414;-48,63003;"SR-SC";"UOP01";"DEL01"
269979;2020-02-17;"segunda-feira";"18:40:00";"RO";364;707;"PORTO VELHO";"Animais na Pista";"Atropelamento de Animal";"Com Vítimas Feridas";"Anoitecer";"Crescente";"Céu Claro";"Dupla";"Reta";"Sim";2;0;2;0;0;0;2;1;-8,800372;-63,83263;"SR-RO";"UOP01";"DEL01"
269980;2020-02-17;"segunda-feira";"21:05:00";"RJ";101;58;"CAMPOS DOS GOYTACAZES";"Velocidade Incompatível";"Tombamento";"Sem Vítimas";"Plena Noite";"Crescente";"Céu Claro";"Simples";"Reta";"Sim";1;0;0;0;1;0;0;1;-21,70489;-41,3098;"SR-RJ";"UOP01";"DEL08"
269981;2020-02-17;"segunda-feira";"00:37:00";"DF";251;43,9;"BRASILIA";"Falta de Atenção à Condução";"Colisão frontal";"Com Vítimas Feridas";"Plena Noite";"Decrescente";"Ignorado";"Simples";"Reta";"Não";2;0;0;1;1;0;1;2;-15,94213;-47,83288;"SR-DF";"UOP01";"DEL01"
269982;2020-02-18;"terça-feira";"01:05:00";"GO";70;1;"AGUAS LINDAS DE GOIAS";"Condutor Dormindo";"Colisão com objeto estático";"Sem Vítimas";"Plena Noite";"Crescente";"Céu Claro";"Dupla";"Reta";"Sim";1;0;0;0;1;0;0;1;-15,77579;-48,23259;"SR-DF";"UOP03";"DEL01"
269983;2020-02-17;"segunda-feira";"21:00:00";"MG";153;59,5;"MONTE ALEGRE DE MINAS";"Sinalização da via insuficiente ou inadequada";"Saída de leito carroçável";"Sem Vítimas";"Plena Noite";"Decrescente";"Chuva";"Simples";"Não Informado";"Não";1;0;0;0;1;0;0;1;-18,88623;-49,05195;"SR-MG";"UOP03";"DEL15"