"id";"data_inversa";"dia_semana";"horario";"uf";"br";"km";"municipio";"causa_acidente";"tipo_acidente";"classificacao_acidente";"fase_dia";"sentido_via";"condicao_metereologica";"tipo_pista";"tracado_via";"uso_solo";"pessoas";"mortos";"feridos_leves";"feridos_graves";"ilesos";"ignorados";"feridos";"veiculos";"latitude";"longitude";"regional";"delegacia";"uop"
269984;2020-02-17;"segunda-feira";"19:50:00";"RO";421;55;"MONTE NEGRO";"Defeito na Via";"Queda de ocupante de veículo";"Com Vítimas Feridas";"Plena Noite";"Crescente";"Céu Claro";"Simples";"Reta";"Não";1;0;1;0;0;0;1;1;-10,29889;-63,32185;"SR-RO";"UOP01";"DEL03"
269985;2020-02-18;"terça-feira";"01:00:00";"PB";101;83,8;"BAYEUX";"Condutor Dormindo";"Queda de ocupante de veículo";"Com Vítimas Feridas";"Plena Noite";"Crescente";"Nublado";"Dupla";"Reta";"Sim";1;0;0;1;0;0;1;1;-7,13377;-34,92964;"SR-PB";"UOP01";"DEL01"
269986;2020-02-18;"terça-feira";"01:00:00";"CE";222;25;"CAUCAIA";"Falta de Atenção à Condução";"Saída de leito carroçável";"Com Vítimas Feridas";"Plena Noite";"Crescente";"Chuva";"Simples";"Reta";"Não";1;0;1;0;0;0;1;1;-3,726676;-38,77703;"SR-CE";"UOP01";"DEL01"
269987;2020-02-18;"terça-feira";"00:40:00";"SP";381;79,9;"SAO PAULO";"Falta de Atenção à Condução";"Colisão traseira";"Com Vítimas Feridas";"Plena Noite";"Decrescente";"Chuva";"Dupla";"Reta";"Sim";2;0;1;0;1;0;1;2;-23,40801;-46,58054;"SR-SP";"UOP01";"DEL03"
269988;2020-02-18;"terça-feira";"01:55:00";"RS";101;10,6;"DOM PEDRO DE ALCANTARA";"Animais na Pista";"Atropelamento de Animal";"Com Vítimas Feridas";"Plena Noite";"Crescente";"Nublado";"Dupla";"Reta";"Sim";2;0;1;0;1;0;1;1;-29,37277;-49,82302;"SR-RS";"UOP02";"DEL03"
269990;2020-02-18;"terça-feira";"03:40:00";"MG";381;881,4;"ESTIVA";"Condutor Dormindo";"Colisão traseira";"Com Vítimas Feridas";"Plena Noite";"Decrescente";"Nublado";"Dupla";"Reta";"Sim";2;0;2;0;0;0;2;2;-22,46891;-46,01048;"SR-MG";"UOP01";"DEL16"
269991;2020-02-18;"terça-feira";"04:50:00";"ES";101;297,2;"VIANA";"Falta de Atenção à Condução";"Colisão transversal";"Com Vítimas Feridas";"Amanhecer";"Crescente";"Céu Claro";"Dupla";"Reta";"Sim";2;0;1;1;0;0;2;2;-20,35374;-40,41564;"SR-ES";"UOP01";"DEL01"
269992;2020-02-18;"terça-feira";"04:30:00";"MS";163;453,3;"CAMPO GRANDE";"Não guardar distância de segurança";"Colisão lateral";"Com Vítimas Feridas";"Plena Noite";"Decrescente";"Céu Claro";"Simples";"Reta";"Não";7;0;2;0;5;0;2;3;-20,69865;-54,54959;"SR-MS";"UOP01";"DEL01"
269993;2020-02-18;"terça-feira";"05:45:00";"MG";116;316,1;"ITAMBACURI";"Condutor Dormindo";"Colisão lateral";"Com Vítimas Feridas";"Amanhecer";"Crescente";"Céu Claro";"Simples";"Reta";"Não";3;0;0;1;2;0;1;3;-18,11983;-41,694;"SR-MG";"UOP01";"DEL11"
269994;2020-02-18;"terça-feira";"05:30:00";"DF";20;31;"BRASILIA";"Falta de Atenção do Pedestre";"Atropelamento de Pedestre";"Com Vítimas Fatais";"Amanhecer";"Decrescente";"Nublado";"Dupla";"Não Informado";"Não";11;1;0;0;10;0;0;1;-15,59253;-47,59494;"SR-DF";"UOP01";"DEL02"
269995;2020-02-18;"terça-feira";"05:40:00";"BA";324;450;"RIACHAO DO JACUIPE";"Ultrapassagem Indevida";"Colisão frontal";"Com Vítimas Fatais";"Amanhecer";"Crescente";"Céu Claro";"Simples";"Reta";"Não";3;2;1;0;0;0;1;2;-11,8759;-39,30512;"SR-BA";"UOP01";"DEL02"
269996;2020-02-17;"segunda-feira";"21:20:00";"AL";423;103;"DELMIRO GOUVEIA";"Falta de Atenção à Condução";"Colisão lateral";"Com Vítimas Feridas";"Plena Noite";"Decrescente";"Céu Claro";"Simples";"Reta";"Não";2;0;1;0;1;0;1;2;-9,402722;-38,18182;"SR-BA";"UOP01";"DEL07"
269997;2020-02-17;"segunda-feira";"23:45:00";"MG";267;247,5;"CARVALHOS";"Pista Escorregadia";"Capotamento";"Com Vítimas Feridas";"Plena Noite";"Crescente";"Chuva";"Simples";"Curva";"Não";2;0;2;0;0;0;2;1;-21,93529;-44,46564;"SR-MG";"UOP01";"DEL17"
269998;2020-02-18;"terça-feira";"06:25:00";"MG";381;498;"BETIM";"Desobediência às normas de trânsito pelo condutor";"Colisão traseira";"Com Vítimas Feridas";"Pleno dia";"Decrescente";"Céu Claro";"Dupla";"Reta";"Não";3;0;1;0;2;0;1;2;-20,01173;-44,21976;"SR-MG";"UOP03";"DEL01"
269999;2020-02-18;"terça-feira";"05:00:00";"MG";365;338,4;"VARJAO DE MINAS";"Velocidade Incompatível";"Colisão lateral";"Com Vítimas Fatais";"Amanhecer";"Decrescente";"Nevoeiro/Neblina";"Simples";"Reta";"Não";4;1;1;0;2;0;1;3;-18,30734;-45,95872;"SR-MG";"UOP01";"DEL10"
270000;2020-02-18;"terça-feira";"06:00:00";"ES";101;249,2;"SERRA";"Falta de Atenção à Condução";"Atropelamento de Pedestre";"Com Vítimas Fatais";"Amanhecer";"Decrescente";"Nublado";"Simples";"Curva";"Não";2;1;0;0;0;1;0;1;-20,07372;-40,35346;"SR-ES";"UOP01";"DEL02"
270001;2020-02-18;"terça-feira";"06:30:00";"ES";101;287;"CARIACICA";"Falta de Atenção à Condução";"Colisão com objeto estático";"Com Vítimas Feridas";"Pleno dia";"Crescente";"Céu Claro";"Dupla";"Reta";"Sim";1;0;1;0;0;0;1;1;-20,26494;-40,38472;"SR-ES";"UOP01";"DEL01"
270002;2020-02-18;"terça-feira";"07:00:00";"RS";116;146,8;"CAXIAS DO SUL";"Falta de Atenção à Condução";"Colisão traseira";"Com Vítimas Feridas";"Pleno dia";"Decrescente";"Céu Claro";"Dupla";"Reta";"Sim";2;0;1;0;1;0;1;2;-29,14229;-51,13622;"SR-RS";"UOP01";"DEL05"
270003;2020-02-18;"terça-feira";"07:00:00";"BA";324;621;"SALVADOR";"Falta de Atenção à Condução";"Queda de ocupante de veículo";"Com Vítimas Feridas";"Pleno dia";"Crescente";"Nublado";"Dupla";"Reta";"Sim";2;0;2;0;0;0;2;1;-12,92648;-38,46771;"SR-BA";"UOP01";"DEL01"
270004;2020-02-18;"terça-feira";"06:00:00";"MT";163;748;"SORRISO";"Carga excessiva e/ou mal acondicionada";"Tombamento";"Com Vítimas Feridas";"Amanhecer";"Crescente";"Céu Claro";"Dupla";"Reta";"Não";3;0;1;0;0;2;1;3;-12,68768;-55,80145;"SR-MT";"UOP01";"DEL06"
270005;2020-02-18;"terça-feira";"07:15:00";"SP";116;150,3;"SAO JOSE DOS CAMPOS";"Não guardar distância de segurança";"Engavetamento";"Sem Vítimas";"Pleno dia";"Crescente";"Nublado";"Dupla";"Reta";"Sim";4;0;0;0;4;0;0;4;-23,21336;-45,89306;"SR-SP";"UOP01";"DEL02"
270006;2020-02-18;"terça-feira";"06:50:00";"RJ";116;137;"DUQUE DE CAXIAS";"Falta de Atenção à Condução";"Colisão traseira";"Com Vítimas Feridas";"Pleno dia";"Crescente";"Céu Claro";"Dupla";"Reta";"Sim";4;0;1;0;3;0;1;3;-22,64792;-43,18201;"SR-RJ";"UOP02";"DEL04"
270007;2020-02-18;"terça-feira";"07:55:00";"ES";101;308;"VIANA";"Falta de Atenção à Condução";"Colisão transversal";"Com Vítimas Feridas";"Pleno dia";"Crescente";"Céu Claro";"Simples";"Reta";"Sim";5;0;1;2;2;0;3;2;-20,40809;-40,45835;"SR-ES";"UOP01";"DEL03"
270008;2020-02-18;"terça-feira";"07:45:00";"RS";392;353;"SANTA MARIA";"Falta de Atenção à Condução";"Colisão traseira";"Com Vítimas Feridas";"Pleno dia";"Decrescente";"Nublado";"Dupla";"Reta";"Sim";2;0;1;0;1;0;1;2;-29,71389;-53,80823;"SR-RS";"UOP01";"DEL09"
270009;2020-02-18;"terça-feira";"06:35:00";"RS";290;476,1;"ROSARIO DO SUL";"Pista Escorregadia";"Saída de leito carroçável";"Com Vítimas Feridas";"Amanhecer";"Crescente";"Chuva";"Simples";"Reta";"Não";2;0;2;0;0;0;2;1;-30,24036;-54,87856;"SR-RS";"UOP02";"DEL11"
270010;2020-02-18;"terça-feira";"07:40:00";"SC";101;402;"MARACAJA";"Defeito Mecânico no Veículo";"Incêndio";"Sem Vítimas";"Pleno dia";"Crescente";"Céu Claro";"Simples";"Curva";"Sim";1;0;0;0;1;0;0;1;-28,86331;-49,44595;"SR-SC";"UOP02";"DEL02"
270011;2020-02-18;"terça-feira";"07:55:00";"SC";101;412,6;"ARARANGUA";"Desobediência às normas de trânsito pelo condutor";"Colisão transversal";"Com Vítimas Feridas";"Pleno dia";"Decrescente";"Céu Claro";"Simples";"Reta";"Sim";2;0;0;1;1;0;1;2;-28,95226;-49,50866;"SR-SC";"UOP02";"DEL02"
270012;2020-02-18;"terça-feira";"07:40:00";"SP";116;229;"SAO PAULO";"Velocidade Incompatível";"Colisão lateral";"Com Vítimas Feridas";"Pleno dia";"Crescente";"Céu Claro";"Múltipla";"Reta";"Sim";2;0;1;0;1;0;1;2;-23,51292;-46,57605;"SR-SP";"UOP01";"DEL01"
270013;2020-02-18;"terça-feira";"07:40:00";"GO";153;503,5;"APARECIDA DE GOIANIA";"Não guardar distância de segurança";"Colisão traseira";"Sem Vítimas";"Pleno dia";"Decrescente";"Nublado";"Múltipla";"Não Informado";"Sim";2;0;0;0;2;0;0;2;-16,7366;-49,243;"SR-GO";"UOP01";"DEL01"
270014;2020-02-18;"terça-feira";"08:00:00";"SC";101;212;"PALHOCA";"Desobediência às normas de trânsito pelo condutor";"Colisão lateral";"Com Vítimas Feridas";"Pleno dia";"Crescente";"Céu Claro";"Múltipla";"Interseção de vias";"Sim";2;0;2;0;0;0;2;2;-27,62997;-48,65904;"SR-SC";"UOP02";"DEL01"
270015;2020-02-18;"terça-feira";"08:10:00";"ES";101;355;"ANCHIETA";"Falta de Atenção à Condução";"Colisão lateral";"Com Vítimas Feridas";"Pleno dia";"Decrescente";"Nublado";"Simples";"Curva";"Não";3;0;0;2;1;0;2;2;-20,68854;-40,67979;"SR-ES";"UOP01";"DEL03"
270016;2020-02-18;"terça-feira";"08:15:00";"PB";230;17;"JOAO PESSOA";"Falta de Atenção à Condução";"Colisão lateral";"Com Vítimas Feridas";"Pleno dia";"Crescente";"Sol";"Múltipla";"Reta";"Sim";3;0;1;0;2;0;1;2;-7,1121;-34,8426;"SR-PB";"UOP01";"DEL01"
270017;2020-02-18;"terça-feira";"07:50:00";"BA";101;512;"ITABUNA";"Não guardar distância de segurança";"Saída de leito carroçável";"Com Vítimas Feridas";"Pleno dia";"Decrescente";"Nublado";"Simples";"Reta";"Não";5;0;3;0;2;0;3;1;-14,89834;-39,27235;"SR-BA";"UOP01";"DEL05"
270018;2020-02-18;"terça-feira";"08:28:00";"MG";40;526;"CONTAGEM";"Não guardar distância de segurança";"Colisão lateral";"Com Vítimas Feridas";"Pleno dia";"Crescente";"Céu Claro";"Dupla";"Reta";"Sim";2;0;1;0;1;0;1;2;-19,89255;-44,04985;"SR-MG";"UOP02";"DEL01"
270019;2020-02-18;"terça-feira";"07:50:00";"PB";230;214,3;"SOLEDADE";"Falta de Atenção à Condução";"Colisão transversal";"Com Vítimas Feridas";"Pleno dia";"Crescente";"Sol";"Simples";"Reta";"Não";2;0;0;1;1;0;1;2;-7,0622;-36,3543;"SR-PB";"UOP02";"DEL02"
270021;2020-02-18;"terça-feira";"07:55:00";"RS";472;116,8;"BOA VISTA DO BURICA";"Desobediência às normas de trânsito pelo condutor";"Colisão lateral";"Com Vítimas Feridas";"Pleno dia";"Decrescente";"Nublado";"Simples";"Reta";"Não";2;0;1;0;1;0;1;2;-27,68611;-54,12689;"SR-RS";"UOP01";"DEL10"
270022;2020-02-18;"terça-feira";"08:20:00";"PB";230;50,2;"SANTA RITA";"Condutor Dormindo";"Saída de leito carroçável";"Com Vítimas Feridas";"Pleno dia";"Decrescente";"Céu Claro";"Dupla";"Reta";"Não";1;0;1;0;0;0;1;1;-7,1846;-35,0544;"SR-PB";"UOP02";"DEL01"
270023;2020-02-18;"terça-feira";"07:50:00";"BA";324;619;"SALVADOR";"Falta de Atenção à Condução";"Engavetamento";"Sem Vítimas";"Pleno dia";"Crescente";"Nublado";"Dupla";"Reta";"Sim";3;0;0;0;3;0;0;3;-12,89821;-38,45012;"SR-BA";"UOP01";"DEL01"
270024;2020-02-18;"terça-feira";"06:55:00";"RO";364;708,2;"PORTO VELHO";"Velocidade Incompatível";"Colisão com objeto estático";"Sem Vítimas";"Pleno dia";"Crescente";"Céu Claro";"Dupla";"Reta";"Sim";2;0;0;0;2;0;0;2;-8,795541;-63,84072;"SR-RO";"UOP01";"DEL01"
270025;2020-02-18;"terça-feira";"08:55:00";"SC";282;6;"SAO JOSE";"Pista Escorregadia";"Queda de ocupante de veículo";"Com Vítimas Feridas";"Pleno dia";"Decrescente";"Céu Claro";"Dupla";"Não Informado";"Sim";1;0;1;0;0;0;1;1;-27,59194;-48,61824;"SR-SC";"UOP01";"DEL01"
270026;2020-02-18;"terça-feira";"07:30:00";"BA";101;300;"VALENCA";"Condutor Dormindo";"Capotamento";"Com Vítimas Feridas";"Pleno dia";"Decrescente";"Chuva";"Simples";"Curva";"Não";4;0;1;3;0;0;4;1;-13,36375;-39,37591;"SR-BA";"UOP02";"DEL01"
270027;2020-02-18;"terça-feira";"07:30:00";"BA";324;622;"SALVADOR";"Falta de Atenção à Condução";"Colisão traseira";"Com Vítimas Feridas";"Pleno dia";"Crescente";"Nublado";"Múltipla";"Reta";"Não";2;0;1;0;1;0;1;2;-12,91889;-38,46502;"SR-BA";"UOP01";"DEL01"
270028;2020-02-18;"terça-feira";"09:30:00";"PA";222;229;"MARABA";"Falta de Atenção à Condução";"Colisão traseira";"Com Vítimas Feridas";"Pleno dia";"Decrescente";"Céu Claro";"Simples";"Reta";"Sim";3;0;1;0;2;0;1;2;-5,231875;-49,05363;"SR-PA";"UOP01";"DEL03"
270029;2020-02-18;"terça-feira";"08:20:00";"SC";101;101,8;"BALNEARIO PICARRAS";"Falta de Atenção à Condução";"Saída de leito carroçável";"Com Vítimas Feridas";"Pleno dia";"Crescente";"Sol";"Múltipla";"Reta";"Sim";2;0;1;0;1;0;1;2;-26,76404;-48,68658;"SR-SC";"UOP02";"DEL03"
270030;2020-02-18;"terça-feira";"08:30:00";"PR";476;346,7;"PAULA FREITAS";"Não guardar distância de segurança";"Colisão traseira";"Com Vítimas Feridas";"Pleno dia";"Decrescente";"Céu Claro";"Simples";"Reta";"Não";2;0;1;0;1;0;1;2;-26,18401;-50,9424;"SR-PR";"UOP03";"DEL08"
270031;2020-02-18;"terça-feira";"08:00:00";"PE";423;97,3;"GARANHUNS";"Desobediência às normas de trânsito pelo condutor";"Colisão transversal";"Com Vítimas Feridas";"Pleno dia";"Decrescente";"Céu Claro";"Simples";"Reta";"Sim";2;0;1;0;1;0;1;2;-8,878521;-36,49728;"SR-PE";"UOP01";"DEL03"
270032;2020-02-18;"terça-feira";"08:00:00";"RJ";493;15;"GUAPIMIRIM";"Ultrapassagem Indevida";"Colisão transversal";"Com Vítimas Feridas";"Pleno dia";"Crescente";"Céu Claro";"Dupla";"Curva";"Não";3;0;0;2;1;0;2;2;-22,6658;-42,99104;"SR-RJ";"UOP02";"DEL04"
270033;2020-02-18;"terça-feira";"09:30:00";"PE";232;153,8;"SAO CAITANO";"Condutor Dormindo";"Colisão frontal";"Com Vítimas Feridas";"Pleno dia";"Decrescente";"Céu Claro";"Simples";"Reta";"Não";2;0;2;0;0;0;2;2;-8,327604;-36,19006;"SR-PE";"UOP02";"DEL02"
270036;2020-02-18;"terça-feira";"08:40:00";"RJ";40;97;"DUQUE DE CAXIAS";"Defeito Mecânico no Veículo";"Incêndio";"Sem Vítimas";"Pleno dia";"Decrescente";"Céu Claro";"Simples";"Reta";"Sim";1;0;0;0;1;0;0;1;-22,58652;-43,26264;"SR-RJ";"UOP01";"DEL01"
270037;2020-02-18;"terça-feira";"09:30:00";"ES";101;295,6;"CARIACICA";"Falta de Atenção do Pedestre";"Atropelamento de Animal";"Com Vítimas Feridas";"Pleno dia";"Decrescente";"Céu Claro";"Dupla";"Reta";"Sim";2;0;1;0;0;1;1;1;-20,33224;-40,40005;"SR-ES";"UOP01";"DEL01"
270038;2020-02-18;"terça-feira";"08:40:00";"MG";40;527,7;"CONTAGEM";"Condutor Dormindo";"Engavetamento";"Com Vítimas Feridas";"Pleno dia";"Crescente";"Nublado";"Dupla";"Reta";"Não";6;0;3;0;2;1;3;3;-19,9015;-44,04939;"SR-MG";"UOP02";"DEL01"
270039;2020-02-13;"quinta-feira";"15:20:00";"RR";174;556;"BOA VISTA";"Não guardar distância de segurança";"Colisão traseira";"Com Vítimas Feridas";"Pleno dia";"Crescente";"Céu Claro";"Simples";"Reta";"Não";3;0;1;0;2;0;1;3;3,229837;-60,83969;"SR-RR";"UOP01";"DEL01"
270040;2020-02-18;"terça-feira";"06:45:00";"RN";405;156,7;"PAU DOS FERROS";"Não guardar distância de segurança";"Colisão traseira";"Sem Vítimas";"Pleno dia";"Decrescente";"Sol";"Simples";"Reta";"Não";4;0;0;0;3;1;0;4;-6,158541;-38,20774;"SR-RN";"UOP02";"DEL04"
270041;2020-02-18;"terça-feira";"09:40:00";"MG";381;481;"CONTAGEM";"Desobediência às normas de trânsito pelo condutor";"Colisão traseira";"Com Vítimas Feridas";"Pleno dia";"Crescente";"Céu Claro";"Dupla";"Reta";"Sim";2;0;0;1;1;0;1;2;-19,95932;-44,08826;"SR-MG";"UOP03";"DEL01"
270042;2020-02-18;"terça-feira";"09:39:00";"DF";40;8;"BRASILIA";"Desobediência às normas de trânsito pelo condutor";"Colisão traseira";"Com Vítimas Feridas";"Pleno dia";"Decrescente";"Céu Claro";"Dupla";"Reta";"Sim";2;0;1;0;1;0;1;2;-16,04746;-47,98073;"SR-DF";"UOP01";"DEL01"
270043;2020-02-18;"terça-feira";"10:20:00";"SC";101;200;"SAO JOSE";"Falta de Atenção à Condução";"Colisão traseira";"Com Vítimas Feridas";"Pleno dia";"Crescente";"Céu Claro";"Simples";"Reta";"Sim";2;0;1;0;1;0;1;2;-27,54019;-48,62288;"SR-SC";"UOP01";"DEL01"
270044;2020-02-18;"terça-feira";"09:10:00";"PE";232;30,1;"MORENO";"Desobediência às normas de trânsito pelo condutor";"Colisão transversal";"Com Vítimas Feridas";"Pleno dia";"Crescente";"Nublado";"Dupla";"Não Informado";"Não";3;0;0;1;1;1;1;2;-8,110633;-35,15197;"SR-PE";"UOP04";"DEL01"
270046;2020-02-15;"sábado";"09:40:00";"RJ";116;168;"SAO JOAO DE MERITI";"Não guardar distância de segurança";"Queda de ocupante de veículo";"Com Vítimas Feridas";"Pleno dia";"Decrescente";"Céu Claro";"Múltipla";"Reta";"Sim";4;0;2;0;2;0;2;2;-22,81997;-43,315;"SR-RJ";"UOP02";"DEL01"
270048;2020-02-18;"terça-feira";"09:00:00";"CE";222;3,7;"CAUCAIA";"Desobediência às normas de trânsito pelo condutor";"Colisão traseira";"Com Vítimas Feridas";"Pleno dia";"Crescente";"Chuva";"Múltipla";"Retorno Regulamentado";"Sim";4;0;1;0;3;0;1;4;-3,740377;-38,59569;"SR-CE";"UOP01";"DEL01"
270049;2020-02-18;"terça-feira";"10:50:00";"SC";101;201;"SAO JOSE";"Falta de Atenção à Condução";"Colisão transversal";"Com Vítimas Feridas";"Pleno dia";"Crescente";"Céu Claro";"Múltipla";"Interseção de vias";"Sim";2;0;1;0;1;0;1;2;-27,54837;-48,61978;"SR-SC";"UOP01";"DEL01"
270052;2020-02-18;"terça-feira";"10:50:00";"RJ";101;316;"SAO GONCALO";"Falta de Atenção à Condução";"Colisão lateral";"Com Vítimas Feridas";"Pleno dia";"Crescente";"Céu Claro";"Dupla";"Reta";"Sim";3;0;1;0;2;0;1;3;-22,82836;-43,09209;"SR-RJ";"UOP01";"DEL02"
270055;2020-02-18;"terça-feira";"11:00:00";"SP";116;228,3;"SAO PAULO";"Desobediência às normas de trânsito pelo condutor";"Colisão lateral";"Com Vítimas Feridas";"Pleno dia";"Crescente";"Céu Claro";"Simples";"Reta";"Não";2;0;1;0;1;0;1;2;-23,50343;-46,56639;"SR-SP";"UOP01";"DEL01"
270057;2020-02-18;"terça-feira";"10:15:00";"BA";101;666,3;"ITAPEBI";"Velocidade Incompatível";"Colisão frontal";"Com Vítimas Feridas";"Pleno dia";"Decrescente";"Nublado";"Simples";"Curva";"Não";2;0;0;1;1;0;1;2;-15,98509;-39,56966;"SR-BA";"UOP01";"DEL09"
270059;2020-02-18;"terça-feira";"10:50:00";"PR";277;126;"CAMPO LARGO";"Falta de Atenção à Condução";"Colisão lateral";"Com Vítimas Feridas";"Pleno dia";"Decrescente";"Céu Claro";"Simples";"Não Informado";"Não";2;0;1;0;1;0;1;2;-25,44518;-49,49857;"SR-PR";"UOP03";"DEL03"
270060;2020-02-18;"terça-feira";"11:40:00";"GO";40;97,7;"CRISTALINA";"Velocidade Incompatível";"Saída de leito carroçável";"Com Vítimas Feridas";"Pleno dia";"Crescente";"Nublado";"Simples";"Não Informado";"Não";4;0;3;1;0;0;4;1;-16,76463;-47,59576;"SR-DF";"UOP04";"DEL01"
270061;2020-02-18;"terça-feira";"12:00:00";"RS";158;310;"ITAARA";"Objeto estático sobre o leito carroçável";"Colisão com objeto estático";"Sem Vítimas";"Pleno dia";"Decrescente";"Chuva";"Simples";"Reta";"Não";1;0;0;0;1;0;0;1;-29,61237;-53,76663;"SR-RS";"UOP01";"DEL09"
270062;2020-02-18;"terça-feira";"12:00:00";"RS";116;257;"ESTEIO";"Não guardar distância de segurança";"Colisão traseira";"Com Vítimas Feridas";"Pleno dia";"Crescente";"Nublado";"Dupla";"Reta";"Sim";2;0;1;0;1;0;1;2;-29,85262;-51,17968;"SR-RS";"UOP02";"DEL01"
270063;2020-02-18;"terça-feira";"12:10:00";"PR";277;77;"CURITIBA";"Falta de Atenção à Condução";"Colisão traseira";"Com Vítimas Feridas";"Pleno dia";"Crescente";"Céu Claro";"Dupla";"Reta";"Sim";2;0;1;0;1;0;1;2;-25,47677;-49,20567;"SR-PR";"UOP01";"DEL01"
270064;2020-01-21;"terça-feira";"08:10:00";"BA";116;27;"VITORIA DA CONQUISTA";"Falta de Atenção à Condução";"Colisão transversal";"Com Vítimas Feridas";"Pleno dia";"Crescente";"Céu Claro";"Simples";"Não Informado";"Não";2;0;0;1;1;0;1;2;-14,84804;-40,81137;"SR-BA";"DEL10/8";"UOP01/BA"
270065;2020-02-18;"terça-feira";"08:55:00";"RS";471;174,2;"RIO PARDO";"Animais na Pista";"Atropelamento de Animal";"Com Vítimas Feridas";"Pleno dia";"Crescente";"Nublado";"Dupla";"Reta";"Sim";1;0;1;0;0;0;1;1;-29,98304;-52,36917;"SR-RS";"UOP03";"DEL02"
270066;2020-02-18;"terça-feira";"12:30:00";"PR";476;153,2;"ARAUCARIA";"Falta de Atenção à Condução";"Colisão traseira";"Com Vítimas Feridas";"Pleno dia";"Crescente";"Céu Claro";"Dupla";"Reta";"Sim";2;0;1;0;1;0;1;2;-25,57731;-49,39234;"SR-PR";"UOP04";"DEL01"
270067;2020-02-18;"terça-feira";"11:00:00";"SC";101;134;"BALNEARIO CAMBORIU";"Defeito Mecânico no Veículo";"Queda de ocupante de veículo";"Com Vítimas Feridas";"Pleno dia";"Crescente";"Céu Claro";"Múltipla";"Reta";"Sim";2;0;2;0;0;0;2;1;-27,00218;-48,63643;"SR-SC";"UOP03";"DEL04"
270068;2020-01-30;"quinta-feira";"06:50:00";"MG";381;487;"BETIM";"Desobediência às normas de trânsito pelo condutor";"Colisão lateral";"Com Vítimas Feridas";"Pleno dia";"Crescente";"Céu Claro";"Dupla";"Curva";"Sim";2;0;1;0;1;0;1;2;-19,95587;-44,1461;"SR-MG";"DEL4/1";"UOP03/MG"
270069;2020-02-18;"terça-feira";"13:00:00";"PE";101;49;"ABREU E LIMA";"Falta de Atenção à Condução";"Colisão lateral";"Com Vítimas Feridas";"Pleno dia";"Crescente";"Sol";"Múltipla";"Reta";"Sim";2;0;1;0;1;0;1;2;-7,900515;-34,90181;"SR-PE";"UOP02";"DEL01"
270070;2020-02-18;"terça-feira";"13:15:00";"GO";60;380;"RIO VERDE";"Não guardar distância de segurança";"Colisão traseira";"Com Vítimas Feridas";"Pleno dia";"Decrescente";"Céu Claro";"Múltipla";"Não Informado";"Sim";2;0;1;0;1;0;1;2;-17,7646;-50,8822;"SR-GO";"UOP01";"DEL04"
270071;2020-02-18;"terça-feira";"12:40:00";"SC";101;123;"ITAJAI";"Falta de Atenção à Condução";"Colisão com objeto estático";"Com Vítimas Feridas";"Pleno dia";"Crescente";"Sol";"Dupla";"Reta";"Sim";1;0;1;0;0;0;1;1;-26,93669;-48,69877;"SR-SC";"UOP04";"DEL04"
270072;2020-02-18;"terça-feira";"12:00:00";"BA";116;909,3;"CANDIDO SALES";"Defeito Mecânico no Veículo";"Colisão lateral";"Com Vítimas Feridas";"Pleno dia";"Crescente";"Nublado";"Simples";"Desvio Temporário";"Sim";4;0;2;1;1;0;3;2;-15,51181;-41,23653;"SR-BA";"UOP03";"DEL08"
270074;2020-02-18;"terça-feira";"14:30:00";"PE";424;1,5;"ARCOVERDE";"Defeito Mecânico no Veículo";"Danos eventuais";"Sem Vítimas";"Pleno dia";"Decrescente";"Céu Claro";"Simples";"Reta";"Sim";1;0;0;0;1;0;0;1;-8,438928;-37,05827;"SR-PE";"UOP02";"DEL03"
270075;2020-01-11;"sábado";"21:20:00";"BA";101;156;"CONCEICAO DO JACUIPE";"Condutor Dormindo";"Colisão transversal";"Com Vítimas Feridas";"Plena Noite";"Decrescente";"Céu Claro";"Simples";"Reta";"Não";1;0;0;1;0;0;1;1;-12,34428;-38,76721;"SR-BA";"UOP03";"DEL01"
270076;2020-02-18;"terça-feira";"07:45:00";"SC";282;487,7;"FAXINAL DOS GUEDES";"Desobediência às normas de trânsito pelo condutor";"Colisão transversal";"Sem Vítimas";"Pleno dia";"Crescente";"Céu Claro";"Simples";"Rotatória";"Sim";2;0;0;0;2;0;0;2;-26,85758;-52,2632;"SR-SC";"UOP01";"DEL07"
270077;2020-02-18;"terça-feira";"15:00:00";"MG";365;456,9;"PATROCINIO";"Falta de Atenção à Condução";"Colisão transversal";"Com Vítimas Fatais";"Pleno dia";"Crescente";"Nublado";"Simples";"Reta";"Não";3;1;0;0;1;1;0;2;-18,8497;-46,87214;"SR-MG";"UOP01";"DEL10"
270078;2020-02-08;"sábado";"09:00:00";"BA";367;50;"PORTO SEGURO";"Velocidade Incompatível";"Colisão transversal";"Com Vítimas Feridas";"Pleno dia";"Decrescente";"Céu Claro";"Simples";"Interseção de vias";"Não";6;0;1;2;3;0;3;2;-16,37331;-39,29853;"SR-BA";"UOP01";"DEL09"