"id";"data_inversa";"dia_semana";"horario";"uf";"br";"km";"municipio";"causa_acidente";"tipo_acidente";"classificacao_acidente";"fase_dia";"sentido_via";"condicao_metereologica";"tipo_pista";"tracado_via";"uso_solo";"pessoas";"mortos";"feridos_leves";"feridos_graves";"ilesos";"ignorados";"feridos";"veiculos";"latitude";"longitude";"regional";"delegacia";"uop"
270080;2020-02-18;"terça-feira";"12:15:00";"PR";476;193;"LAPA";"Falta de Atenção à Condução";"Saída de leito carroçável";"Com Vítimas Feridas";"Pleno dia";"Crescente";"Céu Claro";"Simples";"Curva";"Sim";1;0;1;0;0;0;1;1;-25,73145;-49,70941;"SR-PR";"UOP04";"DEL01"
270081;2020-02-18;"terça-feira";"12:15:00";"RJ";116;222,1;"PIRAI";"Carga excessiva e/ou mal acondicionada";"Capotamento";"Com Vítimas Feridas";"Pleno dia";"Decrescente";"Céu Claro";"Dupla";"Curva";"Não";1;0;1;0;0;0;1;1;-22,68087;-43,83511;"SR-RJ";"UOP01";"DEL07"
270082;2020-02-18;"terça-feira";"12:00:00";"MG";381;537,1;"ITATIAIUCU";"Velocidade Incompatível";"Colisão lateral";"Com Vítimas Feridas";"Pleno dia";"Decrescente";"Sol";"Dupla";"Reta";"Não";3;0;2;0;1;0;2;2;-20,23207;-44,39955;"SR-MG";"UOP03";"DEL04"
270083;2020-02-18;"terça-feira";"14:40:00";"SP";116;273;"TABOAO DA SERRA";"Condutor Dormindo";"Engavetamento";"Com Vítimas Feridas";"Pleno dia";"Decrescente";"Céu Claro";"Múltipla";"Não Informado";"Sim";4;0;3;0;1;0;3;3;-23,6281;-46,8187;"SR-SP";"UOP01";"DEL04"
270084;2020-02-18;"terça-feira";"15:05:00";"SC";101;97,2;"BALNEARIO PICARRAS";"Falta de Atenção à Condução";"Colisão lateral";"Com Vítimas Feridas";"Pleno dia";"Decrescente";"Sol";"Dupla";"Reta";"Sim";2;0;1;0;1;0;1;2;-26,72824;-48,70225;"SR-SC";"UOP02";"DEL03"
270085;2020-02-18;"terça-feira";"15:10:00";"PR";116;122;"CURITIBA";"Defeito Mecânico no Veículo";"Queda de ocupante de veículo";"Com Vítimas Feridas";"Pleno dia";"Crescente";"Céu Claro";"Dupla";"Reta";"Sim";2;0;1;0;1;0;1;1;-25,56857;-49,31023;"SR-PR";"UOP03";"DEL01"
270086;2020-02-18;"terça-feira";"13:20:00";"SP";116;194;"SANTA ISABEL";"Defeito Mecânico no Veículo";"Colisão com objeto estático";"Sem Vítimas";"Pleno dia";"Decrescente";"Céu Claro";"Dupla";"Reta";"Sim";2;0;0;0;2;0;0;1;-23,38497;-46,26686;"SR-SP";"UOP01";"DEL02"
270087;2020-02-18;"terça-feira";"14:51:00";"SP";116;167,3;"JACAREI";"Falta de Atenção à Condução";"Colisão traseira";"Com Vítimas Feridas";"Pleno dia";"Crescente";"Céu Claro";"Dupla";"Não Informado";"Não";2;0;1;0;1;0;1;2;-23,30255;-46,0264;"SR-SP";"UOP01";"DEL02"
270088;2020-02-18;"terça-feira";"08:20:00";"RJ";116;296,5;"RESENDE";"Condutor Dormindo";"Colisão com objeto estático";"Com Vítimas Feridas";"Pleno dia";"Decrescente";"Céu Claro";"Dupla";"Reta";"Não";2;0;1;0;1;0;1;1;-22,44937;-44,32171;"SR-RJ";"UOP02";"DEL07"
270089;2020-02-18;"terça-feira";"14:20:00";"PE";232;409;"SERRA TALHADA";"Falta de Atenção à Condução";"Tombamento";"Com Vítimas Feridas";"Pleno dia";"Decrescente";"Sol";"Simples";"Reta";"Sim";1;0;0;1;0;0;1;1;-7,981944;-38,28947;"SR-PE";"UOP01";"DEL04"
270090;2020-02-18;"terça-feira";"15:40:00";"DF";70;11,3;"BRASILIA";"Falta de Atenção à Condução";"Colisão traseira";"Com Vítimas Feridas";"Pleno dia";"Decrescente";"Céu Claro";"Dupla";"Não Informado";"Não";2;0;1;0;1;0;1;2;-15,78976;-48,14873;"SR-DF";"UOP03";"DEL01"
270091;2020-02-18;"terça-feira";"13:20:00";"PE";232;127,5;"CARUARU";"Falta de Atenção à Condução";"Colisão traseira";"Com Vítimas Feridas";"Pleno dia";"Crescente";"Sol";"Dupla";"Reta";"Não";2;0;2;0;0;0;2;2;-8,306103;-35,96342;"SR-PE";"UOP02";"DEL02"
270092;2020-02-18;"terça-feira";"12:45:00";"SP";116;543;"BARRA DO TURVO";"Carga excessiva e/ou mal acondicionada";"Derramamento de carga";"Sem Vítimas";"Pleno dia";"Decrescente";"Céu Claro";"Dupla";"Reta";"Não";1;0;0;0;1;0;0;1;-24,96229;-48,41384;"SR-SP";"UOP02";"DEL05"
270093;2020-02-18;"terça-feira";"16:20:00";"SP";116;274;"TABOAO DA SERRA";"Desobediência às normas de trânsito pelo condutor";"Colisão traseira";"Com Vítimas Feridas";"Pleno dia";"Decrescente";"Céu Claro";"Dupla";"Reta";"Sim";2;0;0;1;1;0;1;2;-23,63445;-46,82419;"SR-SP";"UOP01";"DEL04"
270094;2020-02-18;"terça-feira";"16:05:00";"CE";116;72,7;"CHOROZINHO";"Defeito Mecânico no Veículo";"Queda de ocupante de veículo";"Com Vítimas Feridas";"Pleno dia";"Decrescente";"Nublado";"Simples";"Reta";"Não";2;0;2;0;0;0;2;1;-4,340775;-38,47381;"SR-CE";"UOP02";"DEL03"
270095;2020-02-18;"terça-feira";"17:00:00";"RS";392;66,9;"PELOTAS";"Desobediência às normas de trânsito pelo condutor";"Colisão transversal";"Com Vítimas Feridas";"Pleno dia";"Crescente";"Nublado";"Simples";"Interseção de vias";"Sim";3;0;2;0;1;0;2;2;-31,75638;-52,40019;"SR-RS";"UOP01";"DEL07"
270096;2020-02-18;"terça-feira";"15:50:00";"GO";452;106,5;"BOM JESUS DE GOIAS";"Defeito na Via";"Colisão frontal";"Com Vítimas Feridas";"Pleno dia";"Crescente";"Nublado";"Simples";"Reta";"Não";3;0;1;1;1;0;2;2;-18,1503;-49,9474;"SR-GO";"UOP02";"DEL03"
270098;2020-02-18;"terça-feira";"16:45:00";"SP";116;285;"ITAPECERICA DA SERRA";"Avarias e/ou desgaste excessivo no pneu";"Tombamento";"Com Vítimas Feridas";"Pleno dia";"Crescente";"Céu Claro";"Dupla";"Reta";"Sim";2;0;2;0;0;0;2;1;-23,70408;-46,8725;"SR-SP";"UOP01";"DEL04"
270099;2020-02-16;"domingo";"23:14:00";"SC";101;414,6;"ARARANGUA";"Velocidade Incompatível";"Saída de leito carroçável";"Com Vítimas Fatais";"Plena Noite";"Crescente";"Chuva";"Dupla";"Rotatória";"Sim";1;1;0;0;0;0;0;1;-28,9536;-49,50985;"SR-SC";"UOP02";"DEL02"
270101;2020-02-18;"terça-feira";"16:19:00";"PB";230;18;"JOAO PESSOA";"Falta de Atenção à Condução";"Engavetamento";"Com Vítimas Feridas";"Pleno dia";"Decrescente";"Céu Claro";"Dupla";"Reta";"Não";5;0;1;0;1;3;1;5;-7,121489;-34,84431;"SR-PB";"UOP01";"DEL01"
270102;2020-02-18;"terça-feira";"15:00:00";"MG";262;610,3;"IBIA";"Restrição de Visibilidade";"Saída de leito carroçável";"Com Vítimas Feridas";"Pleno dia";"Crescente";"Chuva";"Simples";"Desvio Temporário";"Não";1;0;1;0;0;0;1;1;-19,60327;-46,28405;"SR-MG";"UOP02";"DEL08"
270103;2020-02-18;"terça-feira";"16:40:00";"PR";376;615,1;"SAO JOSE DOS PINHAIS";"Desobediência às normas de trânsito pelo condutor";"Colisão transversal";"Com Vítimas Feridas";"Pleno dia";"Decrescente";"Céu Claro";"Dupla";"Retorno Regulamentado";"Sim";2;0;2;0;0;0;2;2;-25,55946;-49,18511;"SR-PR";"UOP04";"DEL01"
270104;2020-02-18;"terça-feira";"17:45:00";"DF";20;4;"BRASILIA";"Falta de Atenção à Condução";"Colisão lateral";"Com Vítimas Feridas";"Anoitecer";"Crescente";"Céu Claro";"Dupla";"Reta";"Sim";2;0;1;0;1;0;1;2;-15,67548;-47,82376;"SR-DF";"UOP01";"DEL02"
270105;2020-02-18;"terça-feira";"17:45:00";"SC";101;196;"BIGUACU";"Falta de Atenção à Condução";"Colisão traseira";"Com Vítimas Feridas";"Pleno dia";"Decrescente";"Céu Claro";"Dupla";"Reta";"Sim";3;0;1;0;2;0;1;2;-27,51101;-48,64322;"SR-SC";"UOP01";"DEL01"
270107;2020-02-18;"terça-feira";"18:20:00";"SC";470;52,7;"BLUMENAU";"Desobediência às normas de trânsito pelo condutor";"Colisão lateral";"Com Vítimas Feridas";"Pleno dia";"Crescente";"Céu Claro";"Simples";"Rotatória";"Sim";2;0;1;0;1;0;1;2;-26,86554;-49,10025;"SR-SC";"UOP01";"DEL04"
270108;2020-02-18;"terça-feira";"18:10:00";"DF";251;33;"BRASILIA";"Desobediência às normas de trânsito pelo condutor";"Colisão transversal";"Com Vítimas Feridas";"Anoitecer";"Crescente";"Céu Claro";"Dupla";"Retorno Regulamentado";"Sim";2;0;1;0;1;0;1;2;-15,93768;-47,74888;"SR-DF";"UOP01";"DEL01"
270109;2020-02-18;"terça-feira";"12:30:00";"RS";285;583;"SAO LUIZ GONZAGA";"Pista Escorregadia";"Saída de leito carroçável";"Com Vítimas Feridas";"Pleno dia";"Crescente";"Chuva";"Simples";"Reta";"Não";5;0;2;0;3;0;2;1;-28,45068;-55,11923;"SR-RS";"UOP01";"DEL12"
270110;2020-02-18;"terça-feira";"12:25:00";"RO";364;565;"ALTO PARAISO";"Pista Escorregadia";"Saída de leito carroçável";"Com Vítimas Feridas";"Pleno dia";"Crescente";"Chuva";"Simples";"Curva";"Não";1;0;1;0;0;0;1;1;-9,516793;-63,07781;"SR-RO";"UOP03";"DEL03"
270112;2020-02-18;"terça-feira";"15:20:00";"MG";365;605,4;"UBERLANDIA";"Objeto estático sobre o leito carroçável";"Saída de leito carroçável";"Com Vítimas Feridas";"Pleno dia";"Decrescente";"Nublado";"Simples";"Curva";"Não";1;0;1;0;0;0;1;1;-18,91046;-48,17036;"SR-MG";"UOP01";"DEL15"
270113;2020-02-18;"terça-feira";"16:10:00";"MS";262;71;"TRES LAGOAS";"Pista Escorregadia";"Saída de leito carroçável";"Com Vítimas Feridas";"Pleno dia";"Decrescente";"Chuva";"Simples";"Reta";"Não";1;0;1;0;0;0;1;1;-20,67495;-52,24282;"SR-MS";"UOP02";"DEL07"
270114;2020-02-18;"terça-feira";"18:30:00";"SC";101;206;"SAO JOSE";"Falta de Atenção à Condução";"Engavetamento";"Sem Vítimas";"Anoitecer";"Crescente";"Céu Claro";"Múltipla";"Reta";"Sim";3;0;0;0;3;0;0;3;-27,59194;-48,61825;"SR-SC";"UOP01";"DEL01"
270115;2020-02-18;"terça-feira";"16:45:00";"AC";364;136;"RIO BRANCO";"Falta de Atenção à Condução";"Colisão lateral";"Com Vítimas Feridas";"Pleno dia";"Crescente";"Nublado";"Dupla";"Reta";"Sim";2;0;1;0;1;0;1;2;-9,977578;-67,8489;"SR-AC";"UOP01";"DEL01"
270116;2020-02-18;"terça-feira";"18:35:00";"PI";343;8,2;"PARNAIBA";"Não guardar distância de segurança";"Colisão traseira";"Com Vítimas Feridas";"Plena Noite";"Decrescente";"Garoa/Chuvisco";"Simples";"Reta";"Sim";3;0;2;0;1;0;2;2;-2,899382;-41,72372;"SR-PI";"UOP01";"DEL05"
270117;2020-02-18;"terça-feira";"18:50:00";"PR";376;138,3;"NOVA ESPERANCA";"Falta de Atenção à Condução";"Saída de leito carroçável";"Com Vítimas Feridas";"Plena Noite";"Crescente";"Nublado";"Dupla";"Reta";"Não";1;0;1;0;0;0;1;1;-23,22308;-52,17897;"SR-PR";"UOP02";"DEL09"
270118;2020-02-18;"terça-feira";"16:20:00";"MG";153;24;"CENTRALINA";"Pista Escorregadia";"Colisão frontal";"Com Vítimas Feridas";"Pleno dia";"Crescente";"Chuva";"Múltipla";"Desvio Temporário";"Não";2;0;1;0;1;0;1;2;-18,63127;-49,18367;"SR-MG";"UOP03";"DEL15"
270119;2020-02-18;"terça-feira";"08:00:00";"MG";116;529,1;"CARATINGA";"Desobediência às normas de trânsito pelo condutor";"Atropelamento de Pedestre";"Com Vítimas Feridas";"Pleno dia";"Crescente";"Céu Claro";"Múltipla";"Reta";"Sim";2;0;0;1;1;0;1;1;-19,8021;-42,13678;"SR-MG";"UOP02";"DEL06"
270120;2020-02-18;"terça-feira";"19:15:00";"ES";101;287;"CARIACICA";"Falta de Atenção à Condução";"Colisão transversal";"Com Vítimas Feridas";"Plena Noite";"Crescente";"Céu Claro";"Dupla";"Retorno Regulamentado";"Sim";3;0;1;0;2;0;1;2;-20,26494;-40,38472;"SR-ES";"UOP01";"DEL01"
270121;2020-02-18;"terça-feira";"18:45:00";"SP";116;50;"LORENA";"Falta de Atenção à Condução";"Colisão traseira";"Com Vítimas Feridas";"Anoitecer";"Crescente";"Céu Claro";"Dupla";"Reta";"Não";2;0;0;1;1;0;1;2;-22,73604;-45,08433;"SR-SP";"UOP02";"DEL08"
270122;2020-02-18;"terça-feira";"19:20:00";"PE";407;122,9;"PETROLINA";"Ingestão de Álcool";"Colisão lateral";"Sem Vítimas";"Plena Noite";"Decrescente";"Céu Claro";"Simples";"Interseção de vias";"Sim";2;0;0;0;2;0;0;2;-9,353687;-40,55052;"SR-PE";"UOP01";"DEL06"
270123;2020-02-18;"terça-feira";"14:50:00";"MT";70;773;"CACERES";"Defeito Mecânico no Veículo";"Capotamento";"Com Vítimas Feridas";"Pleno dia";"Crescente";"Chuva";"Simples";"Reta";"Não";3;0;1;2;0;0;3;1;-16,0635;-57,82888;"SR-MT";"UOP01";"DEL03"
270124;2020-02-18;"terça-feira";"19:30:00";"CE";222;0,3;"FORTALEZA";"Falta de Atenção à Condução";"Colisão com objeto estático";"Sem Vítimas";"Plena Noite";"Crescente";"Céu Claro";"Múltipla";"Interseção de vias";"Sim";1;0;0;0;1;0;0;1;-3,736774;-38,56923;"SR-CE";"UOP01";"DEL01"
270126;2020-02-18;"terça-feira";"19:40:00";"ES";101;324;"GUARAPARI";"Velocidade Incompatível";"Tombamento";"Com Vítimas Feridas";"Plena Noite";"Decrescente";"Céu Claro";"Dupla";"Reta";"Não";1;0;0;1;0;0;1;1;-20,54592;-40,48156;"SR-ES";"UOP01";"DEL03"
270127;2020-02-18;"terça-feira";"18:30:00";"SP";116;143;"SAO JOSE DOS CAMPOS";"Falta de Atenção à Condução";"Tombamento";"Com Vítimas Feridas";"Plena Noite";"Decrescente";"Nublado";"Dupla";"Reta";"Não";3;0;1;0;1;1;1;1;-23,1785;-45,83787;"SR-SP";"UOP01";"DEL06"
270128;2020-02-16;"domingo";"00:10:00";"RJ";40;55;"PETROPOLIS";"Velocidade Incompatível";"Colisão traseira";"Sem Vítimas";"Plena Noite";"Decrescente";"Céu Claro";"Dupla";"Reta";"Sim";2;0;0;0;2;0;0;2;-22,38056;-43,1337;"SR-RJ";"UOP01";"DEL06"
270129;2020-02-18;"terça-feira";"20:00:00";"RN";101;109;"PARNAMIRIM";"Ingestão de Álcool";"Colisão com objeto estático";"Com Vítimas Feridas";"Plena Noite";"Decrescente";"Nublado";"Dupla";"Reta";"Não";1;0;0;1;0;0;1;1;-5,937378;-35,26483;"SR-RN";"UOP01";"DEL01"
270130;2020-02-18;"terça-feira";"18:50:00";"TO";153;496;"PARAISO DO TOCANTINS";"Desobediência às normas de trânsito pelo condutor";"Colisão lateral";"Com Vítimas Fatais";"Plena Noite";"Crescente";"Céu Claro";"Simples";"Não Informado";"Sim";3;1;0;0;1;1;0;2;-10,18725;-48,88011;"SR-TO";"UOP02";"DEL02"
270131;2020-02-18;"terça-feira";"19:07:00";"BA";242;798;"BARREIRAS";"Mal Súbito";"Colisão traseira";"Com Vítimas Feridas";"Plena Noite";"Decrescente";"Céu Claro";"Simples";"Reta";"Não";6;0;3;0;3;0;3;3;-12,11984;-45,04922;"SR-BA";"UOP01";"DEL10"
270132;2020-02-18;"terça-feira";"18:30:00";"MT";163;892;"CLAUDIA";"Falta de Atenção à Condução";"Colisão traseira";"Com Vítimas Feridas";"Plena Noite";"Decrescente";"Nublado";"Simples";"Reta";"Não";2;0;0;1;1;0;1;2;-11,50322;-55,36888;"SR-MT";"UOP02";"DEL06"
270133;2020-02-18;"terça-feira";"20:40:00";"BA";116;461,9;"SANTO ESTEVAO";"Desobediência às normas de trânsito pelo condutor";"Colisão transversal";"Com Vítimas Feridas";"Plena Noite";"Crescente";"Céu Claro";"Dupla";"Reta";"Sim";3;0;1;1;1;0;2;2;-12,44806;-39,24561;"SR-BA";"UOP01";"DEL02"
270134;2020-02-18;"terça-feira";"19:00:00";"MT";163;693;"LUCAS DO RIO VERDE";"Não guardar distância de segurança";"Colisão traseira";"Com Vítimas Feridas";"Plena Noite";"Decrescente";"Céu Claro";"Simples";"Reta";"Não";3;0;1;1;1;0;2;2;-13,03128;-55,89879;"SR-MT";"UOP01";"DEL06"
270135;2020-02-18;"terça-feira";"19:30:00";"SC";158;119;"CAIBI";"Pista Escorregadia";"Saída de leito carroçável";"Com Vítimas Feridas";"Plena Noite";"Crescente";"Chuva";"Simples";"Curva";"Não";1;0;0;1;0;0;1;1;-26,97873;-53,2161;"SR-SC";"UOP02";"DEL07"
270136;2020-02-15;"sábado";"23:30:00";"SP";116;157,5;"SAO JOSE DOS CAMPOS";"Desobediência às normas de trânsito pelo condutor";"Colisão lateral";"Sem Vítimas";"Plena Noite";"Crescente";"Céu Claro";"Dupla";"Reta";"Sim";5;0;0;0;5;0;0;3;-23,25813;-45,94811;"SR-SP";"UOP01";"DEL02"
270137;2020-02-18;"terça-feira";"20:00:00";"SC";470;140;"RIO DO SUL";"Desobediência às normas de trânsito pelo condutor";"Colisão lateral";"Sem Vítimas";"Plena Noite";"Decrescente";"Nublado";"Simples";"Reta";"Sim";2;0;0;0;1;1;0;2;-27,22248;-49,66283;"SR-SC";"UOP02";"DEL04"
270138;2020-02-18;"terça-feira";"16:20:00";"TO";153;746,9;"ALVORADA";"Não guardar distância de segurança";"Tombamento";"Sem Vítimas";"Pleno dia";"Decrescente";"Céu Claro";"Simples";"Reta";"Não";1;0;0;0;1;0;0;1;-12,35074;-49,15186;"SR-TO";"UOP01";"DEL02"
270139;2020-02-18;"terça-feira";"21:45:00";"MG";40;454;"CAETANOPOLIS";"Velocidade Incompatível";"Capotamento";"Com Vítimas Feridas";"Plena Noite";"Decrescente";"Céu Claro";"Dupla";"Reta";"Sim";4;0;2;0;2;0;2;1;-19,34996;-44,35228;"SR-MG";"UOP01";"DEL02"
270140;2020-02-18;"terça-feira";"19:50:00";"PR";153;10,9;"JACAREZINHO";"Avarias e/ou desgaste excessivo no pneu";"Tombamento";"Com Vítimas Feridas";"Plena Noite";"Crescente";"Céu Claro";"Simples";"Reta";"Não";2;0;1;1;0;0;2;1;-23,07582;-49,93444;"SR-PR";"UOP05";"DEL07"
270141;2020-02-18;"terça-feira";"17:20:00";"MT";70;704,7;"CACERES";"Falta de Atenção à Condução";"Capotamento";"Com Vítimas Feridas";"Pleno dia";"Crescente";"Céu Claro";"Simples";"Reta";"Não";2;0;2;0;0;0;2;1;-16,24363;-57,54491;"SR-MT";"UOP01";"DEL03"
270142;2020-02-18;"terça-feira";"21:30:00";"SC";101;212;"PALHOCA";"Ingestão de álcool e/ou substâncias psicoativas pelo pedestre";"Engavetamento";"Com Vítimas Feridas";"Plena Noite";"Crescente";"Céu Claro";"Múltipla";"Não Informado";"Não";4;0;1;0;3;0;1;3;-27,62997;-48,65904;"SR-SC";"UOP02";"DEL01"
270143;2020-02-18;"terça-feira";"22:10:00";"DF";40;7;"BRASILIA";"Ingestão de Álcool";"Colisão lateral";"Com Vítimas Feridas";"Plena Noite";"Crescente";"Céu Claro";"Dupla";"Reta";"Não";2;0;1;0;1;0;1;2;-16,03867;-47,97969;"SR-DF";"UOP01";"DEL01"
270144;2020-02-18;"terça-feira";"22:25:00";"RS";386;37;"FREDERICO WESTPHALEN";"Desobediência às normas de trânsito pelo condutor";"Colisão frontal";"Com Vítimas Feridas";"Plena Noite";"Crescente";"Garoa/Chuvisco";"Simples";"Reta";"Sim";2;0;1;0;1;0;1;2;-27,38235;-53,39961;"SR-RS";"UOP02";"DEL08"
270145;2020-02-18;"terça-feira";"21:40:00";"SP";116;333,4;"JUQUITIBA";"Avarias e/ou desgaste excessivo no pneu";"Capotamento";"Com Vítimas Feridas";"Plena Noite";"Decrescente";"Céu Claro";"Dupla";"Não Informado";"Não";5;0;2;0;3;0;2;1;-23,95999;-47,11841;"SR-SP";"UOP01";"DEL04"
270146;2020-02-06;"quinta-feira";"20:40:00";"MG";365;541;"ROMARIA";"Falta de Atenção à Condução";"Queda de ocupante de veículo";"Com Vítimas Feridas";"Plena Noite";"Crescente";"Ignorado";"Simples";"Interseção de vias";"Não";1;0;0;1;0;0;1;1;-18,93303;-47,58225;"SR-MG";"UOP01";"DEL10"
270147;2020-02-18;"terça-feira";"19:40:00";"PI";316;61;"MONSENHOR GIL";"Animais na Pista";"Atropelamento de Animal";"Sem Vítimas";"Plena Noite";"Crescente";"Céu Claro";"Simples";"Reta";"Não";1;0;0;0;1;0;0;1;-5,584024;-42,6149;"SR-PI";"UOP02";"DEL01"
270148;2020-02-18;"terça-feira";"21:56:00";"SC";101;45,3;"JOINVILLE";"Velocidade Incompatível";"Colisão traseira";"Com Vítimas Feridas";"Plena Noite";"Crescente";"Céu Claro";"Dupla";"Não Informado";"Sim";2;0;1;0;1;0;1;2;-26,31239;-48,87459;"SR-SC";"UOP01";"DEL03"
270149;2020-02-18;"terça-feira";"18:30:00";"RO";364;342;"JI-PARANA";"Desobediência às normas de trânsito pelo condutor";"Colisão traseira";"Com Vítimas Feridas";"Plena Noite";"Crescente";"Céu Claro";"Dupla";"Reta";"Sim";2;0;2;0;0;0;2;2;-10,88205;-61,94045;"SR-RO";"UOP01";"DEL02"
270150;2020-02-18;"terça-feira";"19:20:00";"RJ";40;111,1;"DUQUE DE CAXIAS";"Falta de Atenção à Condução";"Colisão traseira";"Sem Vítimas";"Plena Noite";"Decrescente";"Céu Claro";"Múltipla";"Reta";"Sim";5;0;0;0;5;0;0;3;-22,69187;-43,28745;"SR-RJ";"UOP01";"DEL01"
270151;2020-02-18;"terça-feira";"19:15:00";"MG";116;356,1;"JAMPRUCA";"Ultrapassagem Indevida";"Saída de leito carroçável";"Com Vítimas Feridas";"Plena Noite";"Crescente";"Garoa/Chuvisco";"Dupla";"Reta";"Não";3;0;1;0;2;0;1;3;-18,43493;-41,82888;"SR-MG";"UOP01";"DEL11"
270152;2020-02-18;"terça-feira";"11:50:00";"ES";262;6,3;"CARIACICA";"Desobediência às normas de trânsito pelo condutor";"Colisão transversal";"Com Vítimas Feridas";"Plena Noite";"Crescente";"Céu Claro";"Múltipla";"Interseção de vias";"Sim";2;0;1;0;1;0;1;2;-20,34007;-40,39451;"SR-ES";"UOP01";"DEL01"
270153;2020-02-19;"quarta-feira";"01:00:00";"RS";290;41,7;"SANTO ANTONIO DA PATRULHA";"Falta de Atenção à Condução";"Colisão traseira";"Com Vítimas Feridas";"Plena Noite";"Crescente";"Céu Claro";"Múltipla";"Reta";"Não";2;0;1;0;1;0;1;2;-29,88651;-50,5949;"SR-RS";"UOP01";"DEL03"
270154;2020-02-19;"quarta-feira";"01:30:00";"MG";267;33,6;"ARGIRITA";"Condutor Dormindo";"Tombamento";"Com Vítimas Feridas";"Plena Noite";"Decrescente";"Céu Claro";"Simples";"Não Informado";"Não";1;0;1;0;0;0;1;1;-21,6559;-42,85529;"SR-MG";"UOP01";"DEL07"
270155;2020-02-19;"quarta-feira";"02:00:00";"ES";101;86,5;"SAO MATEUS";"Condutor Dormindo";"Tombamento";"Com Vítimas Feridas";"Plena Noite";"Decrescente";"Nublado";"Simples";"Reta";"Não";1;0;0;1;0;0;1;1;-18,86552;-39,93979;"SR-ES";"UOP02";"DEL04"
270156;2020-02-19;"quarta-feira";"02:30:00";"MG";381;505,3;"SAO JOAQUIM DE BICAS";"Defeito Mecânico no Veículo";"Incêndio";"Sem Vítimas";"Plena Noite";"Decrescente";"Céu Claro";"Dupla";"Não Informado";"Sim";1;0;0;0;1;0;0;1;-20,04478;-44,27276;"SR-MG";"UOP03";"DEL01"
270158;2020-02-19;"quarta-feira";"01:00:00";"MS";163;180,5;"JUTI";"Ingestão de Álcool";"Saída de leito carroçável";"Com Vítimas Feridas";"Plena Noite";"Crescente";"Céu Claro";"Simples";"Reta";"Não";1;0;1;0;0;0;1;1;-22,83392;-54,67956;"SR-MS";"UOP01";"DEL09"
270159;2020-02-18;"terça-feira";"01:00:00";"RS";293;437,9;"QUARAI";"Falta de Atenção à Condução";"Saída de leito carroçável";"Com Vítimas Feridas";"Plena Noite";"Crescente";"Ignorado";"Simples";"Reta";"Não";1;0;0;1;0;0;1;1;-30,41461;-56,3913;"SR-RS";"UOP01";"DEL11"
270160;2020-02-19;"quarta-feira";"01:00:00";"SC";280;5,5;"SAO FRANCISCO DO SUL";"Velocidade Incompatível";"Colisão transversal";"Com Vítimas Feridas";"Plena Noite";"Decrescente";"Céu Claro";"Simples";"Reta";"Sim";2;0;0;1;1;0;1;2;-26,26012;-48,62572;"SR-SC";"UOP03";"DEL03"
270161;2020-02-18;"terça-feira";"23:05:00";"MT";364;117;"ALTO GARCAS";"Falta de Atenção à Condução";"Tombamento";"Sem Vítimas";"Plena Noite";"Decrescente";"Garoa/Chuvisco";"Simples";"Reta";"Não";1;0;0;0;1;0;0;1;-16,86793;-53,88106;"SR-MT";"UOP04";"DEL02"
270162;2020-02-19;"quarta-feira";"01:00:00";"RJ";101;61;"CAMPOS DOS GOYTACAZES";"Falta de Atenção do Pedestre";"Atropelamento de Pedestre";"Com Vítimas Fatais";"Plena Noite";"Crescente";"Céu Claro";"Simples";"Reta";"Sim";3;1;0;0;0;2;0;1;-21,72656;-41,32134;"SR-RJ";"UOP01";"DEL08"
270163;2020-02-18;"terça-feira";"11:00:00";"BA";324;450;"RIACHAO DO JACUIPE";"Falta de Atenção à Condução";"Colisão lateral";"Sem Vítimas";"Pleno dia";"Decrescente";"Céu Claro";"Simples";"Reta";"Não";2;0;0;0;2;0;0;2;-11,8759;-39,30512;"SR-BA";"UOP01";"DEL02"
270164;2020-02-19;"quarta-feira";"03:55:00";"RS";116;252;"SAPUCAIA DO SUL";"Falta de Atenção à Condução";"Colisão lateral";"Com Vítimas Feridas";"Plena Noite";"Crescente";"Céu Claro";"Dupla";"Reta";"Não";1;0;1;0;0;0;1;1;-29,80913;-51,16753;"SR-RS";"UOP02";"DEL01"
270165;2020-02-19;"quarta-feira";"04:00:00";"ES";262;2;"CARIACICA";"Falta de Atenção à Condução";"Colisão com objeto estático";"Sem Vítimas";"Amanhecer";"Crescente";"Nublado";"Múltipla";"Reta";"Sim";1;0;0;0;0;1;0;1;-20,33276;-40,36078;"SR-ES";"UOP01";"DEL01"
270166;2020-02-19;"quarta-feira";"05:15:00";"PR";376;208,9;"MANDAGUARI";"Velocidade Incompatível";"Saída de leito carroçável";"Com Vítimas Feridas";"Plena Noite";"Crescente";"Nublado";"Dupla";"Reta";"Não";1;0;1;0;0;0;1;1;-23,54843;-51,68629;"SR-PR";"UOP01";"DEL09"