"id";"data_inversa";"dia_semana";"horario";"uf";"br";"km";"municipio";"causa_acidente";"tipo_acidente";"classificacao_acidente";"fase_dia";"sentido_via";"condicao_metereologica";"tipo_pista";"tracado_via";"uso_solo";"pessoas";"mortos";"feridos_leves";"feridos_graves";"ilesos";"ignorados";"feridos";"veiculos";"latitude";"longitude";"regional";"delegacia";"uop"
270167;2020-02-19;"quarta-feira";"04:20:00";"AL";316;257;"PILAR";"Animais na Pista";"Atropelamento de Animal";"Com Vítimas Feridas";"Amanhecer";"Crescente";"Nublado";"Simples";"Reta";"Não";1;0;1;0;0;0;1;1;-9,59111;-35,93216;"SR-AL";"UOP01";"DEL02"
270168;2020-02-19;"quarta-feira";"04:50:00";"PR";116;115;"CURITIBA";"Falta de Atenção à Condução";"Colisão transversal";"Com Vítimas Feridas";"Plena Noite";"Crescente";"Céu Claro";"Dupla";"Reta";"Sim";6;0;4;0;2;0;4;2;-25,54418;-49,30355;"SR-PR";"UOP04";"DEL01"
270169;2020-02-18;"terça-feira";"08:40:00";"BA";324;617;"SALVADOR";"Falta de Atenção à Condução";"Colisão lateral";"Sem Vítimas";"Pleno dia";"Crescente";"Nublado";"Múltipla";"Reta";"Sim";2;0;0;0;2;0;0;2;-12,89654;-38,44874;"SR-BA";"UOP01";"DEL01"
270170;2020-02-19;"quarta-feira";"06:25:00";"SC";101;193;"BIGUACU";"Falta de Atenção à Condução";"Colisão transversal";"Sem Vítimas";"Pleno dia";"Crescente";"Céu Claro";"Dupla";"Reta";"Sim";2;0;0;0;2;0;0;2;-27,48957;-48,65591;"SR-SC";"UOP01";"DEL01"
270171;2020-02-19;"quarta-feira";"00:10:00";"MG";50;29;"ARAGUARI";"Defeito Mecânico no Veículo";"Incêndio";"Com Vítimas Feridas";"Plena Noite";"Decrescente";"Garoa/Chuvisco";"Dupla";"Curva";"Não";1;0;1;0;0;0;1;1;-18,62034;-48,11087;"SR-MG";"UOP02";"DEL15"
270172;2020-02-18;"terça-feira";"20:10:00";"CE";222;312;"TIANGUA";"Desobediência às normas de trânsito pelo condutor";"Colisão transversal";"Com Vítimas Feridas";"Plena Noite";"Decrescente";"Nevoeiro/Neblina";"Simples";"Reta";"Sim";2;0;1;0;1;0;1;2;-3,716993;-40,99142;"SR-CE";"UOP02";"DEL04"
270173;2020-02-19;"quarta-feira";"06:00:00";"SP";116;276;"EMBU DAS ARTES";"Falta de Atenção à Condução";"Tombamento";"Com Vítimas Feridas";"Pleno dia";"Decrescente";"Céu Claro";"Dupla";"Reta";"Sim";1;0;1;0;0;0;1;1;-23,64262;-46,83811;"SR-SP";"UOP01";"DEL04"
270174;2020-02-19;"quarta-feira";"06:40:00";"RJ";101;322;"NITEROI";"Falta de Atenção à Condução";"Colisão lateral";"Sem Vítimas";"Pleno dia";"Crescente";"Céu Claro";"Múltipla";"Reta";"Sim";2;0;0;0;2;0;0;2;-22,87892;-43,11068;"SR-RJ";"UOP01";"DEL02"
270175;2020-02-18;"terça-feira";"23:00:00";"MG";50;91,1;"UBERLANDIA";"Velocidade Incompatível";"Saída de leito carroçável";"Com Vítimas Feridas";"Plena Noite";"Decrescente";"Céu Claro";"Dupla";"Reta";"Não";1;0;1;0;0;0;1;1;-19,05745;-48,19415;"SR-MG";"UOP01";"DEL15"
270176;2020-02-19;"quarta-feira";"05:00:00";"PR";277;271;"IRATI";"Ingestão de Álcool";"Tombamento";"Sem Vítimas";"Amanhecer";"Decrescente";"Céu Claro";"Simples";"Reta";"Não";1;0;0;0;1;0;0;1;-25,38723;-50,83706;"SR-PR";"UOP02";"DEL08"
270177;2020-02-19;"quarta-feira";"03:10:00";"RJ";101;86;"CAMPOS DOS GOYTACAZES";"Falta de Atenção à Condução";"Saída de leito carroçável";"Com Vítimas Fatais";"Amanhecer";"Decrescente";"Céu Claro";"Dupla";"Curva";"Não";4;1;3;0;0;0;3;1;-21,82687;-41,48744;"SR-RJ";"UOP02";"DEL08"
270178;2020-02-19;"quarta-feira";"07:20:00";"MG";381;501;"BETIM";"Falta de Atenção à Condução";"Saída de leito carroçável";"Com Vítimas Feridas";"Pleno dia";"Decrescente";"Céu Claro";"Dupla";"Reta";"Sim";1;0;1;0;0;0;1;1;-20,01173;-44,21976;"SR-MG";"UOP03";"DEL01"
270179;2020-02-19;"quarta-feira";"06:50:00";"CE";116;163,2;"RUSSAS";"Desobediência às normas de trânsito pelo condutor";"Colisão transversal";"Com Vítimas Feridas";"Amanhecer";"Crescente";"Nublado";"Simples";"Interseção de vias";"Sim";2;0;0;1;1;0;1;2;-4,945987;-37,99121;"SR-CE";"UOP01";"DEL03"
270180;2020-02-19;"quarta-feira";"06:40:00";"BA";116;833,7;"VITORIA DA CONQUISTA";"Falta de Atenção à Condução";"Tombamento";"Com Vítimas Feridas";"Pleno dia";"Decrescente";"Céu Claro";"Simples";"Reta";"Sim";1;0;1;0;0;0;1;1;-14,93669;-40,89088;"SR-BA";"UOP01";"DEL08"
270181;2020-02-19;"quarta-feira";"07:30:00";"SC";101;215;"PALHOCA";"Velocidade Incompatível";"Colisão lateral";"Com Vítimas Feridas";"Pleno dia";"Decrescente";"Céu Claro";"Dupla";"Reta";"Sim";2;0;0;1;1;0;1;2;-27,65185;-48,67605;"SR-SC";"UOP02";"DEL01"
270182;2020-02-19;"quarta-feira";"07:47:00";"DF";20;14;"BRASILIA";"Não guardar distância de segurança";"Colisão traseira";"Sem Vítimas";"Pleno dia";"Decrescente";"Nublado";"Dupla";"Reta";"Não";2;0;0;0;2;0;0;2;-15,63494;-47,74124;"SR-DF";"UOP01";"DEL02"
270183;2020-02-19;"quarta-feira";"07:30:00";"PR";277;584;"CASCAVEL";"Pista Escorregadia";"Tombamento";"Com Vítimas Feridas";"Pleno dia";"Decrescente";"Nublado";"Simples";"Interseção de vias";"Sim";1;0;1;0;0;0;1;1;-24,96684;-53,40258;"SR-PR";"UOP01";"DEL04"
270184;2020-02-19;"quarta-feira";"07:15:00";"PR";476;129,8;"CURITIBA";"Pista Escorregadia";"Saída de leito carroçável";"Com Vítimas Feridas";"Pleno dia";"Decrescente";"Chuva";"Múltipla";"Curva";"Sim";1;0;1;0;0;0;1;1;-25,44098;-49,23371;"SR-PR";"UOP06";"DEL01"
270185;2020-02-19;"quarta-feira";"07:40:00";"PB";230;24,4;"JOAO PESSOA";"Desobediência às normas de trânsito pelo condutor";"Colisão lateral";"Com Vítimas Feridas";"Pleno dia";"Decrescente";"Sol";"Dupla";"Curva";"Sim";2;0;1;0;1;0;1;2;-7,1637;-34,8618;"SR-PB";"UOP01";"DEL01"
270186;2020-02-19;"quarta-feira";"07:00:00";"MS";163;39;"ELDORADO";"Falta de Atenção à Condução";"Colisão transversal";"Com Vítimas Feridas";"Pleno dia";"Decrescente";"Céu Claro";"Simples";"Reta";"Sim";2;0;1;0;1;0;1;2;-23,79489;-54,28687;"SR-MS";"UOP02";"DEL09"
270187;2020-02-19;"quarta-feira";"08:00:00";"SP";116;448;"REGISTRO";"Defeito na Via";"Colisão com objeto estático";"Com Vítimas Feridas";"Pleno dia";"Decrescente";"Nublado";"Dupla";"Reta";"Sim";1;0;1;0;0;0;1;1;-24,521;-47,85337;"SR-SP";"UOP01";"DEL05"
270188;2020-02-19;"quarta-feira";"07:45:00";"CE";222;5,5;"CAUCAIA";"Falta de Atenção à Condução";"Colisão lateral";"Com Vítimas Feridas";"Pleno dia";"Decrescente";"Garoa/Chuvisco";"Dupla";"Curva";"Sim";2;0;1;0;1;0;1;2;-3,736774;-38,56923;"SR-CE";"UOP01";"DEL01"
270189;2020-02-15;"sábado";"16:30:00";"PA";230;510;"ANAPU";"Ingestão de Álcool";"Colisão frontal";"Com Vítimas Fatais";"Pleno dia";"Decrescente";"Céu Claro";"Simples";"Reta";"Não";3;1;1;1;0;0;2;2;-3,395857;-51,29068;"SR-PA";"UOP01";"DEL04"
270191;2020-02-19;"quarta-feira";"08:00:00";"GO";153;499;"GOIANIA";"Falta de Atenção à Condução";"Colisão traseira";"Com Vítimas Feridas";"Pleno dia";"Crescente";"Céu Claro";"Dupla";"Reta";"Sim";2;0;1;0;1;0;1;2;-16,7033;-49,2311;"SR-GO";"UOP01";"DEL01"
270192;2020-02-19;"quarta-feira";"07:10:00";"PR";277;100;"CURITIBA";"Falta de Atenção à Condução";"Saída de leito carroçável";"Com Vítimas Feridas";"Pleno dia";"Crescente";"Chuva";"Dupla";"Curva";"Não";2;0;1;0;1;0;1;1;-25,52924;-49,32682;"SR-PR";"UOP04";"DEL01"
270194;2020-02-19;"quarta-feira";"07:50:00";"GO";153;536;"HIDROLANDIA";"Condutor Dormindo";"Saída de leito carroçável";"Com Vítimas Feridas";"Pleno dia";"Crescente";"Nublado";"Dupla";"Reta";"Não";1;0;1;0;0;0;1;1;-17,0193;-49,2217;"SR-GO";"UOP03";"DEL01"
270195;2020-02-19;"quarta-feira";"07:30:00";"MG";40;510;"RIBEIRAO DAS NEVES";"Velocidade Incompatível";"Colisão traseira";"Com Vítimas Feridas";"Pleno dia";"Decrescente";"Céu Claro";"Dupla";"Reta";"Não";2;0;1;0;1;0;1;2;-19,77464;-44,12322;"SR-MG";"UOP02";"DEL01"
270196;2020-02-19;"quarta-feira";"09:30:00";"BA";324;619;"SALVADOR";"Falta de Atenção à Condução";"Colisão lateral";"Com Vítimas Feridas";"Pleno dia";"Crescente";"Chuva";"Dupla";"Reta";"Sim";3;0;2;0;1;0;2;2;-12,89821;-38,45012;"SR-BA";"UOP01";"DEL01"
270197;2020-02-19;"quarta-feira";"08:35:00";"SP";381;39;"ATIBAIA";"Falta de Atenção à Condução";"Colisão lateral";"Com Vítimas Feridas";"Pleno dia";"Crescente";"Céu Claro";"Dupla";"Reta";"Sim";3;0;1;0;2;0;1;2;-23,12158;-46,57472;"SR-SP";"UOP01";"DEL03"
270198;2020-02-19;"quarta-feira";"09:35:00";"TO";153;194,6;"NOVA OLINDA";"Pista Escorregadia";"Saída de leito carroçável";"Com Vítimas Fatais";"Pleno dia";"Crescente";"Chuva";"Simples";"Reta";"Não";2;1;1;0;0;0;1;1;-7,595312;-48,42039;"SR-TO";"UOP04";"DEL02"
270199;2020-02-19;"quarta-feira";"09:00:00";"SE";101;110;"SAO CRISTOVAO";"Velocidade Incompatível";"Saída de leito carroçável";"Com Vítimas Feridas";"Pleno dia";"Crescente";"Chuva";"Dupla";"Curva";"Não";1;0;1;0;0;0;1;1;-10,96959;-37,27937;"SR-SE";"UOP01";"DEL02"
270201;2020-02-19;"quarta-feira";"08:40:00";"BA";101;526,3;"BUERAREMA";"Falta de Atenção à Condução";"Colisão traseira";"Com Vítimas Feridas";"Pleno dia";"Crescente";"Nublado";"Simples";"Reta";"Sim";2;0;1;0;1;0;1;2;-14,96543;-39,31638;"SR-BA";"UOP01";"DEL05"
270203;2020-01-18;"sábado";"13:39:00";"PR";369;161;"CAMBE";"Desobediência às normas de trânsito pelo condutor";"Colisão transversal";"Com Vítimas Feridas";"Pleno dia";"Crescente";"Nublado";"Dupla";"Não Informado";"Sim";4;0;1;0;2;1;1;2;-23,28863;-51,26221;"SR-PR";"DEL7/7";"UOP01/PR"
270204;2020-01-12;"domingo";"10:10:00";"SP";381;75;"SAO PAULO";"Pista Escorregadia";"Queda de ocupante de veículo";"Com Vítimas Feridas";"Pleno dia";"Decrescente";"Nublado";"Dupla";"Curva";"Não";2;0;2;0;0;0;2;1;-23,3766;-46,5641;"SR-SP";"UOP01";"DEL03"
270206;2020-02-19;"quarta-feira";"09:20:00";"PB";230;67,4;"SOBRADO";"Defeito Mecânico no Veículo";"Incêndio";"Sem Vítimas";"Pleno dia";"Crescente";"Nublado";"Dupla";"Reta";"Não";1;0;0;0;1;0;0;1;-7,1856;-35,1989;"SR-PB";"UOP02";"DEL01"
270207;2020-02-19;"quarta-feira";"10:45:00";"MG";40;412;"CURVELO";"Falta de Atenção à Condução";"Tombamento";"Sem Vítimas";"Pleno dia";"Crescente";"Céu Claro";"Simples";"Reta";"Não";1;0;0;0;1;0;0;1;-19,12766;-44,63058;"SR-MG";"UOP01";"DEL02"
270208;2020-02-19;"quarta-feira";"10:20:00";"RJ";116;173;"MESQUITA";"Desobediência às normas de trânsito pelo condutor";"Colisão lateral";"Com Vítimas Feridas";"Pleno dia";"Decrescente";"Céu Claro";"Múltipla";"Reta";"Não";2;0;1;0;1;0;1;2;-22,7981;-43,35727;"SR-RJ";"UOP02";"DEL01"
270209;2020-02-19;"quarta-feira";"09:30:00";"RS";153;432,5;"CACHOEIRA DO SUL";"Falta de Atenção à Condução";"Saída de leito carroçável";"Com Vítimas Feridas";"Pleno dia";"Crescente";"Céu Claro";"Simples";"Reta";"Não";1;0;1;0;0;0;1;1;-30,19113;-52,78931;"SR-RS";"UOP03";"DEL02"
270210;2020-02-19;"quarta-feira";"10:40:00";"PE";232;8,8;"RECIFE";"Não guardar distância de segurança";"Engavetamento";"Com Vítimas Feridas";"Pleno dia";"Crescente";"Céu Claro";"Dupla";"Reta";"Sim";3;0;1;0;2;0;1;3;-8,075837;-34,97016;"SR-PE";"UOP01";"DEL01"
270211;2020-02-19;"quarta-feira";"09:50:00";"PR";116;42;"CAMPINA GRANDE DO SUL";"Velocidade Incompatível";"Tombamento";"Com Vítimas Feridas";"Pleno dia";"Crescente";"Chuva";"Dupla";"Curva";"Não";1;0;1;0;0;0;1;1;-25,17697;-48,87829;"SR-PR";"UOP02";"DEL01"
270212;2020-02-19;"quarta-feira";"11:00:00";"SP";116;155;"SAO JOSE DOS CAMPOS";"Falta de Atenção à Condução";"Tombamento";"Com Vítimas Feridas";"Pleno dia";"Crescente";"Céu Claro";"Dupla";"Reta";"Sim";1;0;1;0;0;0;1;1;-23,24524;-45,92773;"SR-SP";"UOP01";"DEL02"
270213;2020-02-19;"quarta-feira";"10:40:00";"BA";101;688,4;"EUNAPOLIS";"Velocidade Incompatível";"Capotamento";"Com Vítimas Feridas";"Pleno dia";"Crescente";"Chuva";"Simples";"Reta";"Não";2;0;2;0;0;0;2;1;-16,32429;-39,59284;"SR-BA";"UOP01";"DEL09"
270214;2020-02-19;"quarta-feira";"10:00:00";"MS";163;221,3;"CAARAPO";"Desobediência às normas de trânsito pelo condutor";"Colisão lateral";"Com Vítimas Feridas";"Pleno dia";"Decrescente";"Sol";"Simples";"Reta";"Não";3;0;1;0;2;0;1;2;-22,53286;-54,85003;"SR-MS";"UOP02";"DEL04"
270215;2020-02-19;"quarta-feira";"09:00:00";"RJ";101;319;"SAO GONCALO";"Defeito na Via";"Queda de ocupante de veículo";"Com Vítimas Feridas";"Pleno dia";"Crescente";"Céu Claro";"Dupla";"Curva";"Sim";2;0;2;0;0;0;2;1;-22,85412;-43,1018;"SR-RJ";"UOP01";"DEL02"
270216;2020-02-19;"quarta-feira";"11:00:00";"AP";210;3;"MACAPA";"Desobediência às normas de trânsito pelo condutor";"Colisão transversal";"Com Vítimas Feridas";"Pleno dia";"Decrescente";"Nublado";"Múltipla";"Interseção de vias";"Sim";2;0;1;0;1;0;1;2;0,08723365;-51,08569;"SR-AP";"UOP01";"DEL01"
270217;2020-02-19;"quarta-feira";"09:20:00";"PR";369;0,8;"JACAREZINHO";"Falta de Atenção à Condução";"Queda de ocupante de veículo";"Com Vítimas Feridas";"Pleno dia";"Decrescente";"Céu Claro";"Múltipla";"Não Informado";"Não";1;0;1;0;0;0;1;1;-23,0041;-49,90964;"SR-PR";"UOP04";"DEL07"
270218;2020-02-19;"quarta-feira";"11:15:00";"PR";277;390,1;"CANDOI";"Ultrapassagem Indevida";"Colisão traseira";"Com Vítimas Feridas";"Pleno dia";"Crescente";"Céu Claro";"Simples";"Reta";"Não";4;0;1;0;3;0;1;3;-25,43877;-51,8289;"SR-PR";"UOP01";"DEL08"
270219;2020-01-19;"domingo";"04:35:00";"RN";427;96,2;"CAICO";"Ingestão de Álcool";"Saída de leito carroçável";"Com Vítimas Feridas";"Plena Noite";"Decrescente";"Céu Claro";"Simples";"Curva";"Sim";1;0;0;1;0;0;1;1;-6,470763;-37,08018;"SR-RN";"DEL15/3";"UOP01/RN"
270220;2020-02-19;"quarta-feira";"11:10:00";"RS";386;47,8;"SEBERI";"Desobediência às normas de trânsito pelo condutor";"Colisão transversal";"Com Vítimas Feridas";"Pleno dia";"Decrescente";"Céu Claro";"Simples";"Reta";"Não";2;0;1;0;1;0;1;2;-27,46624;-53,4045;"SR-RS";"UOP02";"DEL08"
270221;2020-02-19;"quarta-feira";"05:00:00";"PA";10;14,6;"DOM ELISEU";"Defeito na Via";"Saída de leito carroçável";"Sem Vítimas";"Amanhecer";"Decrescente";"Chuva";"Simples";"Reta";"Sim";1;0;0;0;0;1;0;1;-4,325413;-47,54536;"SR-PA";"UOP02";"DEL02"
270223;2020-02-19;"quarta-feira";"11:40:00";"RN";101;95;"NATAL";"Desobediência às normas de trânsito pelo condutor";"Colisão transversal";"Com Vítimas Feridas";"Pleno dia";"Crescente";"Chuva";"Dupla";"Reta";"Sim";4;0;2;0;1;1;2;2;-5,840768;-35,21036;"SR-RN";"UOP01";"DEL01"
270224;2020-02-19;"quarta-feira";"12:00:00";"MG";365;699,7;"MONTE ALEGRE DE MINAS";"Defeito na Via";"Capotamento";"Com Vítimas Feridas";"Pleno dia";"Decrescente";"Nublado";"Dupla";"Reta";"Não";1;0;1;0;0;0;1;1;-18,87944;-48,97913;"SR-MG";"UOP03";"DEL15"
270225;2020-02-19;"quarta-feira";"11:30:00";"MS";163;81;"ITAQUIRAI";"Defeito Mecânico no Veículo";"Colisão com objeto em movimento";"Com Vítimas Feridas";"Pleno dia";"Crescente";"Nublado";"Simples";"Desvio Temporário";"Não";2;0;1;0;1;0;1;2;-23,44967;-54,19943;"SR-MS";"UOP01";"DEL09"
270229;2020-02-19;"quarta-feira";"07:00:00";"MT";364;148,7;"PEDRA PRETA";"Condutor Dormindo";"Colisão lateral";"Com Vítimas Feridas";"Pleno dia";"Decrescente";"Céu Claro";"Simples";"Curva";"Não";2;0;1;1;0;0;2;2;-16,79954;-54,188;"SR-MT";"UOP01";"DEL02"
270230;2020-02-19;"quarta-feira";"10:40:00";"AL";423;64,9;"AGUA BRANCA";"Falta de Atenção à Condução";"Colisão lateral";"Sem Vítimas";"Pleno dia";"Decrescente";"Céu Claro";"Simples";"Ponte";"Não";2;0;0;0;2;0;0;2;-9,295731;-37,84474;"SR-AL";"UOP02";"DEL03"
270231;2020-02-19;"quarta-feira";"11:40:00";"PR";376;645,6;"TIJUCAS DO SUL";"Velocidade Incompatível";"Capotamento";"Sem Vítimas";"Pleno dia";"Decrescente";"Nublado";"Dupla";"Reta";"Não";1;0;0;0;1;0;0;1;-25,83047;-49,11517;"SR-PR";"UOP05";"DEL01"
270232;2020-02-19;"quarta-feira";"12:50:00";"RS";386;392,5;"TRIUNFO";"Pista Escorregadia";"Tombamento";"Com Vítimas Feridas";"Pleno dia";"Decrescente";"Céu Claro";"Dupla";"Rotatória";"Sim";1;0;0;1;0;0;1;1;-29,70474;-51,65491;"SR-RS";"UOP02";"DEL04"
270233;2020-02-19;"quarta-feira";"08:20:00";"PR";376;166;"MARINGA";"Agressão Externa";"Saída de leito carroçável";"Sem Vítimas";"Pleno dia";"Crescente";"Céu Claro";"Dupla";"Reta";"Não";1;0;0;0;1;0;0;1;-23,39663;-52,00514;"SR-PR";"UOP01";"DEL09"
270234;2020-01-08;"quarta-feira";"02:10:00";"MG";381;704,3;"LAVRAS";"Falta de Atenção à Condução";"Saída de leito carroçável";"Sem Vítimas";"Plena Noite";"Decrescente";"Nublado";"Dupla";"Reta";"Não";1;0;0;0;1;0;0;1;-21,34781;-45,17777;"SR-MG";"DEL4/4";"UOP02/MG"
270235;2020-02-19;"quarta-feira";"13:45:00";"SC";280;68,9;"JARAGUA DO SUL";"Falta de Atenção à Condução";"Colisão traseira";"Com Vítimas Feridas";"Pleno dia";"Crescente";"Céu Claro";"Simples";"Viaduto";"Não";3;0;1;0;2;0;1;2;-26,47278;-49,11099;"SR-SC";"UOP03";"DEL03"
270237;2020-02-19;"quarta-feira";"13:52:00";"RS";470;204;"BENTO GONCALVES";"Desobediência às normas de trânsito pelo condutor";"Colisão lateral";"Com Vítimas Feridas";"Pleno dia";"Crescente";"Céu Claro";"Simples";"Reta";"Não";4;0;1;0;2;1;1;2;-29,07878;-51,56829;"SR-RS";"UOP01";"DEL06"
270238;2020-01-06;"segunda-feira";"18:30:00";"PE";424;91;"GARANHUNS";"Deficiência ou não Acionamento do Sistema de Iluminação/Sinalização do Veículo";"Colisão transversal";"Com Vítimas Feridas";"Plena Noite";"Crescente";"Céu Claro";"Simples";"Reta";"Sim";2;0;0;1;0;1;1;2;-8,904096;-36,49975;"SR-PE";"UOP01";"DEL03"
270239;2020-02-19;"quarta-feira";"14:25:00";"SP";116;280;"EMBU DAS ARTES";"Não guardar distância de segurança";"Colisão traseira";"Com Vítimas Feridas";"Pleno dia";"Crescente";"Nublado";"Dupla";"Não Informado";"Não";3;0;2;0;0;1;2;2;-23,66996;-46,85591;"SR-SP";"UOP01";"DEL04"
270240;2020-02-19;"quarta-feira";"09:00:00";"TO";153;201;"NOVA OLINDA";"Pista Escorregadia";"Saída de leito carroçável";"Sem Vítimas";"Pleno dia";"Decrescente";"Chuva";"Simples";"Reta";"Não";1;0;0;0;1;0;0;1;-7,657273;-48,42638;"SR-TO";"UOP04";"DEL02"
270241;2020-02-19;"quarta-feira";"13:10:00";"MT";163;744;"SORRISO";"Velocidade Incompatível";"Saída de leito carroçável";"Com Vítimas Feridas";"Pleno dia";"Decrescente";"Chuva";"Simples";"Reta";"Não";6;0;2;1;3;0;3;1;-12,71578;-55,82369;"SR-MT";"UOP01";"DEL06"
270242;2020-02-19;"quarta-feira";"14:40:00";"RJ";493;104;"SEROPEDICA";"Não guardar distância de segurança";"Colisão traseira";"Com Vítimas Feridas";"Pleno dia";"Decrescente";"Céu Claro";"Dupla";"Reta";"Não";2;0;1;0;1;0;1;2;-22,78157;-43,75308;"SR-RJ";"UOP01";"DEL03"
270243;2020-02-19;"quarta-feira";"14:20:00";"PR";116;149,7;"MANDIRITUBA";"Falta de Atenção à Condução";"Saída de leito carroçável";"Com Vítimas Feridas";"Pleno dia";"Crescente";"Céu Claro";"Simples";"Reta";"Não";1;0;0;1;0;0;1;1;-25,84231;-49,34735;"SR-PR";"UOP03";"DEL01"
270244;2020-02-19;"quarta-feira";"14:50:00";"RS";158;327;"SANTA MARIA";"Falta de Atenção à Condução";"Colisão traseira";"Com Vítimas Feridas";"Pleno dia";"Crescente";"Céu Claro";"Simples";"Reta";"Sim";2;0;1;0;0;1;1;2;-29,71495;-53,81083;"SR-RS";"UOP01";"DEL09"
270245;2020-02-19;"quarta-feira";"13:40:00";"PR";376;178;"MARINGA";"Desobediência às normas de trânsito pelo condutor";"Colisão transversal";"Com Vítimas Feridas";"Pleno dia";"Crescente";"Sol";"Dupla";"Reta";"Sim";2;0;1;0;1;0;1;2;-23,41606;-51,92244;"SR-PR";"UOP01";"DEL09"
270246;2020-02-19;"quarta-feira";"13:50:00";"MS";163;371,3;"NOVA ALVORADA DO SUL";"Pista Escorregadia";"Saída de leito carroçável";"Com Vítimas Feridas";"Pleno dia";"Decrescente";"Chuva";"Dupla";"Reta";"Não";1;0;1;0;0;0;1;1;-21,41551;-54,39178;"SR-MS";"UOP01";"DEL02"
270247;2020-02-19;"quarta-feira";"15:00:00";"RS";116;267;"CANOAS";"Pista Escorregadia";"Tombamento";"Com Vítimas Feridas";"Pleno dia";"Decrescente";"Sol";"Múltipla";"Reta";"Sim";1;0;1;0;0;0;1;1;-29,98148;-51,14398;"SR-RS";"UOP01";"DEL01"
270248;2020-02-19;"quarta-feira";"15:40:00";"PE";101;50,5;"ABREU E LIMA";"Desobediência às normas de trânsito pelo condutor";"Colisão lateral";"Com Vítimas Feridas";"Pleno dia";"Decrescente";"Nublado";"Múltipla";"Não Informado";"Não";2;0;1;0;1;0;1;2;-7,909386;-34,90123;"SR-PE";"UOP02";"DEL01"
270249;2020-01-26;"domingo";"17:50:00";"PE";232;79;"GRAVATA";"Velocidade Incompatível";"Colisão lateral";"Com Vítimas Feridas";"Anoitecer";"Decrescente";"Céu Claro";"Dupla";"Reta";"Sim";2;0;0;1;1;0;1;2;-8,194606;-35,56075;"SR-PE";"DEL11/1";"UOP04/PE"
270250;2020-02-19;"quarta-feira";"14:40:00";"RJ";101;416;"ITAGUAI";"Desobediência às normas de trânsito pelo condutor";"Colisão frontal";"Com Vítimas Feridas";"Pleno dia";"Crescente";"Céu Claro";"Simples";"Não Informado";"Sim";7;0;5;1;1;0;6;3;-22,9073;-43,89025;"SR-RJ";"UOP01";"DEL03"
270251;2020-02-19;"quarta-feira";"15:30:00";"RJ";465;4;"SEROPEDICA";"Falta de Atenção à Condução";"Colisão transversal";"Com Vítimas Feridas";"Pleno dia";"Crescente";"Céu Claro";"Simples";"Reta";"Sim";2;0;1;0;1;0;1;2;-22,74097;-43,7056;"SR-RJ";"UOP03";"DEL01"
270253;2020-02-08;"sábado";"02:30:00";"MS";60;430;"SIDROLANDIA";"Falta de Atenção à Condução";"Tombamento";"Com Vítimas Feridas";"Plena Noite";"Crescente";"Céu Claro";"Simples";"Curva";"Não";2;0;1;0;1;0;1;1;-20,97174;-54,96822;"SR-MS";"UOP04";"DEL01"
270254;2020-02-07;"sexta-feira";"06:30:00";"SP";381;88;"GUARULHOS";"Falta de Atenção à Condução";"Colisão traseira";"Com Vítimas Feridas";"Pleno dia";"Crescente";"Céu Claro";"Múltipla";"Reta";"Não";2;0;1;0;1;0;1;2;-23,47469;-46,56113;"SR-SP";"UOP01";"DEL03"
270255;2020-02-19;"quarta-feira";"14:30:00";"PI";316;8,6;"TERESINA";"Falta de Atenção à Condução";"Colisão lateral";"Com Vítimas Feridas";"Pleno dia";"Crescente";"Céu Claro";"Simples";"Não Informado";"Sim";2;0;1;0;1;0;1;2;-5,164834;-42,769;"SR-PI";"UOP02";"DEL01"
270257;2020-02-19;"quarta-feira";"12:50:00";"RO";174;14;"VILHENA";"Falta de Atenção à Condução";"Colisão transversal";"Com Vítimas Feridas";"Pleno dia";"Decrescente";"Céu Claro";"Dupla";"Interseção de vias";"Sim";4;0;1;0;2;1;1;2;-12,73307;-60,12981;"SR-RO";"UOP01";"DEL04"
270258;2020-02-19;"quarta-feira";"08:40:00";"RO";319;63;"PORTO VELHO";"Falta de Atenção à Condução";"Engavetamento";"Sem Vítimas";"Pleno dia";"Decrescente";"Nublado";"Dupla";"Reta";"Sim";3;0;0;0;3;0;0;3;-8,757308;-63,88614;"SR-RO";"UOP01";"DEL01"
270260;2020-02-19;"quarta-feira";"15:50:00";"RN";304;295,3;"MACAIBA";"Falta de Atenção à Condução";"Colisão traseira";"Sem Vítimas";"Pleno dia";"Crescente";"Chuva";"Simples";"Reta";"Não";2;0;0;0;2;0;0;2;-5,866059;-35,35822;"SR-RN";"UOP02";"DEL01"
270261;2020-02-19;"quarta-feira";"09:00:00";"CE";222;3,5;"FORTALEZA";"Falta de Atenção à Condução";"Tombamento";"Com Vítimas Feridas";"Pleno dia";"Decrescente";"Nublado";"Dupla";"Não Informado";"Sim";1;0;1;0;0;0;1;1;-3,740377;-38,59569;"SR-CE";"UOP01";"DEL01"
270263;2020-02-19;"quarta-feira";"16:00:00";"SP";116;216;"GUARULHOS";"Velocidade Incompatível";"Colisão lateral";"Com Vítimas Feridas";"Pleno dia";"Decrescente";"Nublado";"Múltipla";"Não Informado";"Sim";2;0;0;1;1;0;1;2;-23,45057;-46,46258;"SR-SP";"UOP01";"DEL01"