"id";"data_inversa";"dia_semana";"horario";"uf";"br";"km";"municipio";"causa_acidente";"tipo_acidente";"classificacao_acidente";"fase_dia";"sentido_via";"condicao_metereologica";"tipo_pista";"tracado_via";"uso_solo";"pessoas";"mortos";"feridos_leves";"feridos_graves";"ilesos";"ignorados";"feridos";"veiculos";"latitude";"longitude";"regional";"delegacia";"uop"
270353;2020-02-20;"quinta-feira";"01:00:00";"SC";101;333,1;"TUBARAO";"Ingestão de Álcool";"Saída de leito carroçável";"Sem Vítimas";"Plena Noite";"Decrescente";"Céu Claro";"Dupla";"Reta";"Sim";1;0;0;0;1;0;0;1;-28,46818;-49,01047;"SR-SC";"UOP01";"DEL02"
270354;2020-02-20;"quinta-feira";"02:00:00";"RJ";101;41;"CAMPOS DOS GOYTACAZES";"Desobediência às normas de trânsito pelo condutor";"Atropelamento de Pedestre";"Com Vítimas Fatais";"Plena Noite";"Decrescente";"Céu Claro";"Simples";"Reta";"Não";2;1;0;0;0;1;0;1;-21,55565;-41,3287;"SR-RJ";"UOP01";"DEL08"
270355;2020-02-20;"quinta-feira";"03:20:00";"PR";277;142;"CAMPO LARGO";"Condutor Dormindo";"Colisão traseira";"Sem Vítimas";"Plena Noite";"Decrescente";"Céu Claro";"Simples";"Reta";"Não";2;0;0;0;2;0;0;2;-25,44518;-49,49857;"SR-PR";"UOP03";"DEL03"
270356;2020-02-20;"quinta-feira";"03:25:00";"PB";101;101,9;"ALHANDRA";"Falta de Atenção à Condução";"Colisão com objeto estático";"Com Vítimas Feridas";"Plena Noite";"Decrescente";"Nublado";"Dupla";"Curva";"Não";2;0;2;0;0;0;2;1;-7,27367;-34,93816;"SR-PB";"UOP01";"DEL01"
270357;2020-02-20;"quinta-feira";"04:00:00";"PE";232;346,8;"CUSTODIA";"Condutor Dormindo";"Colisão traseira";"Com Vítimas Feridas";"Plena Noite";"Decrescente";"Vento";"Simples";"Reta";"Não";2;0;0;1;1;0;1;2;-8,092622;-37,75448;"SR-PE";"UOP02";"DEL03"
270358;2020-02-20;"quinta-feira";"03:45:00";"PE";232;56,3;"POMBOS";"Falta de Atenção à Condução";"Colisão lateral";"Com Vítimas Fatais";"Plena Noite";"Crescente";"Chuva";"Simples";"Reta";"Não";2;1;0;0;1;0;0;2;-8,137627;-35,37336;"SR-PE";"UOP04";"DEL01"
270359;2020-02-20;"quinta-feira";"05:30:00";"SP";381;58;"MAIRIPORA";"Condutor Dormindo";"Colisão traseira";"Com Vítimas Feridas";"Amanhecer";"Crescente";"Nublado";"Dupla";"Reta";"Não";3;0;0;1;2;0;1;2;-23,27438;-46,58531;"SR-SP";"UOP01";"DEL03"
270360;2020-02-20;"quinta-feira";"05:20:00";"SP";116;282,9;"EMBU DAS ARTES";"Velocidade Incompatível";"Capotamento";"Sem Vítimas";"Amanhecer";"Decrescente";"Céu Claro";"Dupla";"Reta";"Sim";1;0;0;0;0;1;0;1;-23,66679;-46,85493;"SR-SP";"UOP01";"DEL04"
270361;2020-02-20;"quinta-feira";"04:20:00";"SC";153;36,3;"PONTE SERRADA";"Velocidade Incompatível";"Tombamento";"Com Vítimas Feridas";"Plena Noite";"Crescente";"Céu Claro";"Simples";"Curva";"Não";1;0;1;0;0;0;1;1;-26,82148;-51,72091;"SR-SC";"UOP06";"DEL07"
270362;2020-02-20;"quinta-feira";"05:30:00";"SC";280;47;"GUARAMIRIM";"Defeito Mecânico no Veículo";"Incêndio";"Sem Vítimas";"Amanhecer";"Decrescente";"Garoa/Chuvisco";"Simples";"Reta";"Não";1;0;0;0;1;0;0;1;-26,45354;-48,91788;"SR-SC";"UOP03";"DEL03"
270363;2020-02-20;"quinta-feira";"05:00:00";"PI";316;297;"PICOS";"Velocidade Incompatível";"Saída de leito carroçável";"Com Vítimas Feridas";"Amanhecer";"Crescente";"Céu Claro";"Simples";"Curva";"Não";1;0;1;0;0;0;1;1;-7,022452;-41,5628;"SR-PI";"UOP01";"DEL04"
270364;2020-02-20;"quinta-feira";"06:35:00";"GO";60;93;"ANAPOLIS";"Falta de Atenção à Condução";"Queda de ocupante de veículo";"Com Vítimas Fatais";"Pleno dia";"Decrescente";"Céu Claro";"Dupla";"Reta";"Sim";3;1;0;1;1;0;1;2;-16,3538;-48,9268;"SR-GO";"UOP01";"DEL02"
270365;2020-02-20;"quinta-feira";"06:15:00";"PB";230;55,3;"CRUZ DO ESPIRITO SANTO";"Defeito Mecânico no Veículo";"Tombamento";"Com Vítimas Feridas";"Pleno dia";"Decrescente";"Nublado";"Dupla";"Reta";"Não";2;0;2;0;0;0;2;1;-7,2014;-35,0943;"SR-PB";"UOP02";"DEL01"
270366;2020-02-20;"quinta-feira";"06:30:00";"GO";153;150;"CAMPINORTE";"Falta de Atenção à Condução";"Saída de leito carroçável";"Com Vítimas Feridas";"Amanhecer";"Crescente";"Chuva";"Simples";"Reta";"Não";2;0;1;0;1;0;1;1;-14,08209;-49,09855;"SR-GO";"UOP01";"DEL07"
270367;2020-02-20;"quinta-feira";"05:30:00";"MG";262;776,9;"UBERABA";"Defeito Mecânico no Veículo";"Incêndio";"Sem Vítimas";"Amanhecer";"Crescente";"Nublado";"Simples";"Reta";"Não";1;0;0;0;1;0;0;1;-19,72961;-47,72783;"SR-MG";"UOP01";"DEL13"
270368;2020-02-20;"quinta-feira";"06:50:00";"SE";235;6;"NOSSA SENHORA DO SOCORRO";"Objeto estático sobre o leito carroçável";"Queda de ocupante de veículo";"Com Vítimas Feridas";"Pleno dia";"Decrescente";"Céu Claro";"Dupla";"Reta";"Não";1;0;1;0;0;0;1;1;-10,90359;-37,12989;"SR-SE";"UOP01";"DEL01"
270369;2020-02-20;"quinta-feira";"06:50:00";"RS";386;436;"NOVA SANTA RITA";"Desobediência às normas de trânsito pelo condutor";"Colisão lateral";"Com Vítimas Feridas";"Pleno dia";"Decrescente";"Céu Claro";"Dupla";"Rotatória";"Sim";2;0;0;1;1;0;1;2;-29,85049;-51,26676;"SR-RS";"UOP02";"DEL04"
270370;2020-02-19;"quarta-feira";"23:40:00";"BA";101;579;"CAMACAN";"Condutor Dormindo";"Colisão com objeto estático";"Com Vítimas Feridas";"Plena Noite";"Crescente";"Céu Claro";"Simples";"Reta";"Não";2;0;1;1;0;0;2;1;-15,50667;-39,43198;"SR-BA";"UOP02";"DEL05"
270371;2020-02-20;"quinta-feira";"06:00:00";"RJ";116;222,1;"PIRAI";"Velocidade Incompatível";"Tombamento";"Sem Vítimas";"Pleno dia";"Decrescente";"Céu Claro";"Simples";"Não Informado";"Não";1;0;0;0;1;0;0;1;-22,68045;-43,83931;"SR-RJ";"UOP01";"DEL07"
270372;2020-02-20;"quinta-feira";"07:15:00";"SP";381;50;"ATIBAIA";"Não guardar distância de segurança";"Colisão traseira";"Com Vítimas Feridas";"Pleno dia";"Crescente";"Céu Claro";"Múltipla";"Reta";"Não";2;0;1;0;1;0;1;2;-23,2136;-46,59368;"SR-SP";"UOP01";"DEL03"
270373;2020-02-20;"quinta-feira";"06:27:00";"PE";408;78;"PAUDALHO";"Desobediência às normas de trânsito pelo condutor";"Colisão frontal";"Sem Vítimas";"Pleno dia";"Crescente";"Sol";"Dupla";"Reta";"Não";2;0;0;0;0;2;0;2;-7,923659;-35,15513;"SR-PE";"UOP01";"DEL01"
270374;2020-02-20;"quinta-feira";"06:50:00";"ES";101;261,9;"SERRA";"Não guardar distância de segurança";"Colisão traseira";"Com Vítimas Fatais";"Pleno dia";"Crescente";"Sol";"Dupla";"Reta";"Sim";4;1;1;0;2;0;1;4;-20,14854;-40,27971;"SR-ES";"UOP01";"DEL02"
270375;2020-02-20;"quinta-feira";"07:00:00";"ES";101;254;"SERRA";"Falta de Atenção do Pedestre";"Atropelamento de Pedestre";"Com Vítimas Feridas";"Pleno dia";"Crescente";"Sol";"Simples";"Reta";"Sim";2;0;0;1;1;0;1;1;-20,11004;-40,3274;"SR-ES";"UOP01";"DEL02"
270376;2020-02-20;"quinta-feira";"07:40:00";"AL";101;16,7;"JOAQUIM GOMES";"Falta de Atenção à Condução";"Saída de leito carroçável";"Com Vítimas Feridas";"Pleno dia";"Crescente";"Nublado";"Dupla";"Curva";"Não";1;0;1;0;0;0;1;1;-8,997307;-35,67603;"SR-AL";"UOP02";"DEL01"
270377;2020-02-20;"quinta-feira";"07:30:00";"SC";101;236;"PALHOCA";"Pista Escorregadia";"Tombamento";"Com Vítimas Feridas";"Pleno dia";"Decrescente";"Céu Claro";"Dupla";"Curva";"Não";1;0;0;1;0;0;1;1;-27,82629;-48,63035;"SR-SC";"UOP02";"DEL01"
270378;2020-02-20;"quinta-feira";"07:40:00";"ES";262;1,4;"CARIACICA";"Falta de Atenção do Pedestre";"Atropelamento de Pedestre";"Com Vítimas Feridas";"Pleno dia";"Decrescente";"Sol";"Dupla";"Reta";"Sim";3;0;1;0;2;0;1;1;-20,33285;-40,35623;"SR-ES";"UOP01";"DEL01"
270379;2020-02-20;"quinta-feira";"07:30:00";"RS";116;236;"NOVO HAMBURGO";"Falta de Atenção à Condução";"Colisão traseira";"Com Vítimas Feridas";"Pleno dia";"Decrescente";"Céu Claro";"Múltipla";"Reta";"Sim";2;0;1;0;1;0;1;2;-29,66939;-51,14305;"SR-RS";"UOP02";"DEL01"
270380;2020-02-20;"quinta-feira";"07:30:00";"RN";110;45,6;"MOSSORO";"Desobediência às normas de trânsito pelo condutor";"Tombamento";"Com Vítimas Feridas";"Pleno dia";"Decrescente";"Nublado";"Simples";"Reta";"Sim";3;0;1;0;2;0;1;2;-5,19258;-37,31115;"SR-RN";"UOP01";"DEL04"
270382;2020-02-19;"quarta-feira";"16:10:00";"RO";435;35,5;"VILHENA";"Velocidade Incompatível";"Saída de leito carroçável";"Com Vítimas Feridas";"Pleno dia";"Crescente";"Céu Claro";"Simples";"Curva";"Não";1;0;1;0;0;0;1;1;-12,84737;-60,37897;"SR-RO";"UOP02";"DEL04"
270383;2020-02-20;"quinta-feira";"07:05:00";"PR";116;93;"SAO JOSE DOS PINHAIS";"Não guardar distância de segurança";"Queda de ocupante de veículo";"Com Vítimas Feridas";"Pleno dia";"Decrescente";"Céu Claro";"Dupla";"Não Informado";"Não";1;0;1;0;0;0;1;1;-25,48228;-49,10589;"SR-PR";"UOP01";"DEL01"
270384;2020-02-19;"quarta-feira";"22:15:00";"MT";364;482;"JANGADA";"Falta de Atenção à Condução";"Saída de leito carroçável";"Sem Vítimas";"Plena Noite";"Crescente";"Céu Claro";"Simples";"Reta";"Não";1;0;0;0;1;0;0;1;-15,3881;-56,39288;"SR-MT";"DEL2/4";"UOP02/MT"
270386;2020-02-19;"quarta-feira";"15:00:00";"MG";365;262;"JOAO PINHEIRO";"Velocidade Incompatível";"Colisão com objeto estático";"Sem Vítimas";"Pleno dia";"Decrescente";"Céu Claro";"Simples";"Reta";"Não";1;0;0;0;1;0;0;1;-17,88006;-45,53451;"SR-MG";"UOP02";"DEL14"
270387;2020-02-20;"quinta-feira";"07:55:00";"PR";476;154,4;"ARAUCARIA";"Falta de Atenção à Condução";"Colisão traseira";"Com Vítimas Feridas";"Pleno dia";"Decrescente";"Céu Claro";"Dupla";"Reta";"Sim";3;0;2;0;1;0;2;2;-25,58422;-49,40138;"SR-PR";"UOP04";"DEL01"
270389;2020-02-20;"quinta-feira";"07:45:00";"MG";40;506,4;"RIBEIRAO DAS NEVES";"Desobediência às normas de trânsito pelo condutor";"Colisão lateral";"Sem Vítimas";"Pleno dia";"Crescente";"Sol";"Dupla";"Reta";"Sim";2;0;0;0;1;1;0;2;-19,75004;-44,14549;"SR-MG";"UOP01";"DEL02"
270390;2020-02-20;"quinta-feira";"08:30:00";"MG";365;805;"GURINHATA";"Condutor Dormindo";"Saída de leito carroçável";"Com Vítimas Feridas";"Pleno dia";"Crescente";"Céu Claro";"Simples";"Reta";"Não";1;0;1;0;0;0;1;1;-18,89711;-49,95448;"SR-MG";"UOP03";"DEL15"
270391;2020-02-20;"quinta-feira";"08:20:00";"SE";101;152,8;"ESTANCIA";"Falta de Atenção à Condução";"Saída de leito carroçável";"Sem Vítimas";"Pleno dia";"Decrescente";"Céu Claro";"Dupla";"Curva";"Não";4;0;0;0;4;0;0;1;-11,27701;-37,44948;"SR-SE";"UOP01";"DEL02"
270392;2020-02-20;"quinta-feira";"06:40:00";"PR";476;142;"CURITIBA";"Falta de Atenção à Condução";"Atropelamento de Pedestre";"Com Vítimas Feridas";"Pleno dia";"Decrescente";"Sol";"Dupla";"Reta";"Sim";3;0;0;2;1;0;2;1;-25,53716;-49,30163;"SR-PR";"UOP03";"DEL01"
270393;2020-02-20;"quinta-feira";"07:55:00";"RJ";116;79,7;"TERESOPOLIS";"Desobediência às normas de trânsito pelo condutor";"Colisão lateral";"Com Vítimas Feridas";"Pleno dia";"Crescente";"Céu Claro";"Simples";"Reta";"Sim";2;0;1;0;1;0;1;2;-22,37257;-43,01565;"SR-RJ";"UOP02";"DEL06"
270394;2020-02-20;"quinta-feira";"06:10:00";"PR";376;676;"GUARATUBA";"Velocidade Incompatível";"Tombamento";"Com Vítimas Feridas";"Amanhecer";"Decrescente";"Nublado";"Dupla";"Não Informado";"Não";1;0;1;0;0;0;1;1;-25,93869;-48,90849;"SR-PR";"UOP05";"DEL01"
270395;2020-02-20;"quinta-feira";"08:55:00";"SP";381;56,8;"MAIRIPORA";"Não guardar distância de segurança";"Colisão traseira";"Com Vítimas Feridas";"Pleno dia";"Decrescente";"Céu Claro";"Dupla";"Reta";"Sim";2;0;1;0;1;0;1;2;-23,25907;-46,58983;"SR-SP";"UOP01";"DEL03"
270396;2020-02-20;"quinta-feira";"08:40:00";"GO";70;13,9;"AGUAS LINDAS DE GOIAS";"Falta de Atenção do Pedestre";"Colisão com objeto em movimento";"Com Vítimas Feridas";"Pleno dia";"Crescente";"Sol";"Dupla";"Reta";"Não";2;0;1;0;1;0;1;2;-15,75118;-48,32515;"SR-DF";"UOP03";"DEL01"
270399;2020-02-20;"quinta-feira";"08:00:00";"RJ";101;262;"RIO BONITO";"Falta de Atenção à Condução";"Queda de ocupante de veículo";"Com Vítimas Feridas";"Pleno dia";"Decrescente";"Céu Claro";"Dupla";"Curva";"Sim";1;0;1;0;0;0;1;1;-22,71368;-42,62053;"SR-RJ";"UOP03";"DEL02"
270401;2020-02-20;"quinta-feira";"08:00:00";"SP";381;54,1;"MAIRIPORA";"Falta de Atenção à Condução";"Colisão lateral";"Com Vítimas Feridas";"Pleno dia";"Decrescente";"Céu Claro";"Dupla";"Reta";"Não";3;0;1;0;1;1;1;2;-23,24491;-46,59562;"SR-SP";"UOP01";"DEL03"
270402;2020-02-20;"quinta-feira";"09:15:00";"BA";324;617,9;"SALVADOR";"Desobediência às normas de trânsito pelo condutor";"Colisão transversal";"Sem Vítimas";"Pleno dia";"Crescente";"Céu Claro";"Dupla";"Reta";"Sim";2;0;0;0;2;0;0;2;-12,88603;-38,43806;"SR-BA";"UOP01";"DEL01"
270403;2020-02-20;"quinta-feira";"08:20:00";"SP";116;287,7;"ITAPECERICA DA SERRA";"Não guardar distância de segurança";"Colisão traseira";"Com Vítimas Feridas";"Pleno dia";"Decrescente";"Céu Claro";"Dupla";"Reta";"Não";2;0;1;0;1;0;1;2;-23,71442;-46,8793;"SR-SP";"UOP01";"DEL04"
270405;2020-02-20;"quinta-feira";"09:00:00";"SC";101;112;"NAVEGANTES";"Falta de Atenção à Condução";"Colisão lateral";"Com Vítimas Feridas";"Pleno dia";"Decrescente";"Céu Claro";"Dupla";"Ponte";"Não";2;0;0;1;1;0;1;2;-26,84589;-48,72131;"SR-SC";"UOP04";"DEL04"
270406;2020-02-20;"quinta-feira";"09:00:00";"RN";405;94,6;"ITAU";"Defeito Mecânico no Veículo";"Incêndio";"Sem Vítimas";"Pleno dia";"Crescente";"Sol";"Simples";"Não Informado";"Não";1;0;0;0;1;0;0;1;-5,755971;-37,88562;"SR-RN";"UOP02";"DEL04"
270410;2020-02-20;"quinta-feira";"09:50:00";"SC";116;6;"MAFRA";"Falta de Atenção à Condução";"Colisão traseira";"Com Vítimas Feridas";"Pleno dia";"Crescente";"Nublado";"Simples";"Reta";"Não";2;0;1;0;1;0;1;2;-26,14645;-49,82306;"SR-SC";"UOP01";"DEL06"
270411;2020-02-20;"quinta-feira";"10:00:00";"MG";381;454;"SABARA";"Não guardar distância de segurança";"Colisão traseira";"Sem Vítimas";"Pleno dia";"Crescente";"Céu Claro";"Simples";"Reta";"Sim";2;0;0;0;2;0;0;1;-19,84171;-43,86783;"SR-MG";"UOP01";"DEL01"
270412;2020-02-20;"quinta-feira";"10:00:00";"PE";101;207;"XEXEU";"Pista Escorregadia";"Saída de leito carroçável";"Com Vítimas Feridas";"Pleno dia";"Crescente";"Chuva";"Dupla";"Curva";"Não";1;0;0;1;0;0;1;1;-8,825454;-35,64543;"SR-PE";"UOP03";"DEL01"
270413;2020-02-19;"quarta-feira";"21:30:00";"MT";163;870;"SINOP";"Ultrapassagem Indevida";"Saída de leito carroçável";"Sem Vítimas";"Plena Noite";"Decrescente";"Chuva";"Simples";"Reta";"Não";1;0;0;0;1;0;0;1;-11,68154;-55,44847;"SR-MT";"UOP02";"DEL06"
270422;2020-02-20;"quinta-feira";"09:00:00";"PR";272;545;"TERRA ROXA";"Velocidade Incompatível";"Colisão com objeto estático";"Sem Vítimas";"Pleno dia";"Decrescente";"Céu Claro";"Simples";"Curva";"Não";3;0;0;0;3;0;0;2;-24,07584;-54,01374;"SR-PR";"UOP02";"DEL06"
270423;2020-02-08;"sábado";"13:30:00";"MT";70;282;"PRIMAVERA DO LESTE";"Falta de Atenção à Condução";"Colisão transversal";"Com Vítimas Feridas";"Pleno dia";"Decrescente";"Céu Claro";"Simples";"Reta";"Sim";2;0;1;0;0;1;1;2;-15,57444;-54,3333;"SR-MT";"UOP01";"DEL05"
270424;2020-02-20;"quinta-feira";"09:30:00";"MT";364;459;"VARZEA GRANDE";"Defeito Mecânico no Veículo";"Saída de leito carroçável";"Sem Vítimas";"Pleno dia";"Decrescente";"Céu Claro";"Simples";"Reta";"Não";1;0;0;0;1;0;0;1;-15,53594;-56,27612;"SR-MT";"DEL2/4";"UOP02/MT"
270425;2020-02-20;"quinta-feira";"10:50:00";"SC";282;17;"PALHOCA";"Desobediência às normas de trânsito pelo condutor";"Colisão transversal";"Com Vítimas Feridas";"Pleno dia";"Crescente";"Céu Claro";"Simples";"Reta";"Sim";3;0;0;2;1;0;2;2;-27,66571;-48,68807;"SR-SC";"UOP02";"DEL01"
270426;2020-01-19;"domingo";"13:15:00";"MG";40;118,9;"LAGOA GRANDE";"Falta de Atenção à Condução";"Colisão transversal";"Com Vítimas Fatais";"Pleno dia";"Crescente";"Céu Claro";"Simples";"Não Informado";"Não";3;1;1;1;0;0;2;2;-17,6587;-46,3834;"SR-MG";"DEL4/14";"UOP01/MG"
270427;2020-02-20;"quinta-feira";"10:30:00";"BA";135;192,7;"BARREIRAS";"Falta de Atenção à Condução";"Colisão transversal";"Com Vítimas Fatais";"Pleno dia";"Crescente";"Sol";"Simples";"Interseção de vias";"Não";2;1;0;0;1;0;0;2;-12,25539;-45,02299;"SR-BA";"UOP01";"DEL10"
270428;2020-02-20;"quinta-feira";"10:20:00";"MA";10;128;"ESTREITO";"Pista Escorregadia";"Colisão lateral";"Com Vítimas Feridas";"Pleno dia";"Decrescente";"Chuva";"Simples";"Reta";"Sim";2;0;2;0;0;0;2;2;-6,564439;-47,44772;"SR-MA";"UOP02";"DEL04"
270429;2020-02-20;"quinta-feira";"11:13:00";"PE";428;183,9;"PETROLINA";"Desobediência às normas de trânsito pelo condutor";"Colisão traseira";"Com Vítimas Feridas";"Pleno dia";"Decrescente";"Sol";"Simples";"Reta";"Sim";2;0;1;0;1;0;1;2;-9,344293;-40,47241;"SR-PE";"UOP01";"DEL06"
270430;2020-02-20;"quinta-feira";"11:20:00";"ES";101;290;"CARIACICA";"Defeito Mecânico no Veículo";"Incêndio";"Sem Vítimas";"Pleno dia";"Crescente";"Céu Claro";"Dupla";"Reta";"Não";1;0;0;0;1;0;0;1;-20,28928;-40,39182;"SR-ES";"UOP01";"DEL01"
270431;2020-02-12;"quarta-feira";"08:40:00";"MS";163;487;"CAMPO GRANDE";"Falta de Atenção à Condução";"Tombamento";"Com Vítimas Feridas";"Pleno dia";"Crescente";"Nublado";"Simples";"Reta";"Sim";2;0;2;0;0;0;2;1;-20,42493;-54,54551;"SR-MS";"UOP02";"DEL01"
270432;2020-02-20;"quinta-feira";"10:55:00";"GO";153;496,1;"GOIANIA";"Ingestão de Álcool";"Atropelamento de Pedestre";"Com Vítimas Feridas";"Pleno dia";"Crescente";"Céu Claro";"Dupla";"Reta";"Sim";3;0;2;1;0;0;3;1;-16,67182;-49,22804;"SR-GO";"UOP01";"DEL01"
270433;2020-02-20;"quinta-feira";"11:15:00";"DF";20;10,2;"BRASILIA";"Falta de Atenção à Condução";"Colisão lateral";"Com Vítimas Feridas";"Pleno dia";"Crescente";"Céu Claro";"Dupla";"Reta";"Sim";2;0;0;1;1;0;1;2;-15,65024;-47,77387;"SR-DF";"UOP01";"DEL02"
270434;2020-02-20;"quinta-feira";"11:00:00";"PB";230;406,8;"POMBAL";"Falta de Atenção à Condução";"Colisão lateral";"Com Vítimas Feridas";"Pleno dia";"Crescente";"Céu Claro";"Simples";"Reta";"Sim";2;0;0;1;1;0;1;2;-6,7842;-37,7987;"SR-PB";"UOP02";"DEL03"
270435;2020-02-04;"terça-feira";"15:30:00";"MA";226;597,7;"ESTREITO";"Desobediência às normas de trânsito pelo condutor";"Colisão transversal";"Com Vítimas Feridas";"Pleno dia";"Crescente";"Nublado";"Simples";"Interseção de vias";"Sim";2;0;1;0;1;0;1;2;-6,55327;-47,4399;"SR-MA";"UOP02";"DEL04"
270436;2020-02-20;"quinta-feira";"11:00:00";"RN";101;102;"PARNAMIRIM";"Desobediência às normas de trânsito pelo condutor";"Colisão lateral";"Com Vítimas Feridas";"Pleno dia";"Decrescente";"Chuva";"Simples";"Retorno Regulamentado";"Sim";2;0;2;0;0;0;2;2;-5,888582;-35,24019;"SR-RN";"UOP01";"DEL01"
270438;2020-02-20;"quinta-feira";"10:50:00";"PE";101;74,1;"RECIFE";"Desobediência às normas de trânsito pelo condutor";"Colisão lateral";"Com Vítimas Feridas";"Pleno dia";"Crescente";"Sol";"Dupla";"Reta";"Sim";3;0;2;0;0;1;2;2;-8,101465;-34,94902;"SR-PE";"UOP01";"DEL01"
270439;2020-02-20;"quinta-feira";"10:00:00";"GO";153;696;"ITUMBIARA";"Carga excessiva e/ou mal acondicionada";"Saída de leito carroçável";"Sem Vítimas";"Pleno dia";"Decrescente";"Céu Claro";"Dupla";"Reta";"Não";1;0;0;0;1;0;0;1;-18,3604;-49,2161;"SR-GO";"UOP02";"DEL03"
270440;2020-02-20;"quinta-feira";"11:20:00";"RS";386;33,9;"FREDERICO WESTPHALEN";"Falta de Atenção à Condução";"Colisão traseira";"Com Vítimas Feridas";"Pleno dia";"Crescente";"Céu Claro";"Simples";"Reta";"Sim";2;0;1;1;0;0;2;2;-27,36003;-53,38894;"SR-RS";"UOP02";"DEL08"
270441;2020-02-20;"quinta-feira";"11:15:00";"PR";376;671,5;"GUARATUBA";"Desobediência às normas de trânsito pelo condutor";"Colisão com objeto estático";"Com Vítimas Feridas";"Pleno dia";"Decrescente";"Sol";"Dupla";"Não Informado";"Não";2;0;0;1;1;0;1;2;-25,88532;-48,93515;"SR-PR";"UOP05";"DEL01"
270442;2020-02-20;"quinta-feira";"10:40:00";"MT";364;475;"JANGADA";"Falta de Atenção à Condução";"Tombamento";"Sem Vítimas";"Pleno dia";"Crescente";"Garoa/Chuvisco";"Simples";"Curva";"Não";1;0;0;0;1;0;0;1;-15,42483;-56,34375;"SR-MT";"DEL2/4";"UOP02/MT"
270443;2020-02-20;"quinta-feira";"12:00:00";"SC";470;139,6;"RIO DO SUL";"Velocidade Incompatível";"Colisão traseira";"Com Vítimas Feridas";"Pleno dia";"Crescente";"Sol";"Simples";"Reta";"Não";2;0;1;0;1;0;1;2;-27,21756;-49,65461;"SR-SC";"UOP02";"DEL04"
270444;2020-02-20;"quinta-feira";"11:30:00";"AL";101;59;"MESSIAS";"Falta de Atenção à Condução";"Tombamento";"Com Vítimas Feridas";"Pleno dia";"Crescente";"Chuva";"Dupla";"Não Informado";"Não";1;0;1;0;0;0;1;1;-9,285991;-35,80321;"SR-AL";"UOP02";"DEL01"
270445;2020-02-20;"quinta-feira";"12:00:00";"SP";116;283;"EMBU DAS ARTES";"Não guardar distância de segurança";"Tombamento";"Com Vítimas Feridas";"Pleno dia";"Decrescente";"Céu Claro";"Dupla";"Reta";"Sim";1;0;0;1;0;0;1;1;-23,69297;-46,86353;"SR-SP";"UOP01";"DEL04"
270446;2020-02-20;"quinta-feira";"12:15:00";"DF";80;20;"BRASILIA";"Falta de Atenção à Condução";"Colisão com objeto estático";"Sem Vítimas";"Pleno dia";"Decrescente";"Céu Claro";"Simples";"Reta";"Sim";1;0;0;0;1;0;0;1;-15,62214;-48,19898;"SR-DF";"UOP03";"DEL01"
270447;2020-02-20;"quinta-feira";"12:10:00";"GO";60;381;"RIO VERDE";"Falta de Atenção à Condução";"Atropelamento de Pedestre";"Com Vítimas Feridas";"Pleno dia";"Crescente";"Céu Claro";"Dupla";"Reta";"Sim";2;0;2;0;0;0;2;1;-17,7727;-50,8862;"SR-GO";"UOP01";"DEL04"
270449;2020-02-20;"quinta-feira";"12:30:00";"PR";373;172,1;"PONTA GROSSA";"Falta de Atenção à Condução";"Atropelamento de Pedestre";"Com Vítimas Feridas";"Pleno dia";"Crescente";"Céu Claro";"Múltipla";"Reta";"Sim";5;0;4;1;0;0;5;1;-25,0814;-50,19201;"SR-PR";"UOP01";"DEL03"
270450;2020-02-20;"quinta-feira";"12:00:00";"RS";116;561;"PEDRO OSORIO";"Falta de Atenção à Condução";"Tombamento";"Com Vítimas Feridas";"Pleno dia";"Crescente";"Céu Claro";"Simples";"Reta";"Não";1;0;1;0;0;0;1;1;-31,91776;-52,69733;"SR-RS";"UOP03";"DEL07"
270451;2020-02-20;"quinta-feira";"11:30:00";"RJ";101;324;"NITEROI";"Falta de Atenção à Condução";"Colisão lateral";"Com Vítimas Feridas";"Pleno dia";"Decrescente";"Céu Claro";"Dupla";"Reta";"Não";2;0;1;0;0;1;1;2;-22,87381;-43,12641;"SR-RJ";"UOP01";"DEL02"
270453;2020-02-20;"quinta-feira";"07:10:00";"RJ";101;319;"SAO GONCALO";"Falta de Atenção à Condução";"Colisão lateral";"Com Vítimas Feridas";"Pleno dia";"Crescente";"Sol";"Dupla";"Reta";"Sim";2;0;1;0;1;0;1;2;-22,85412;-43,1018;"SR-RJ";"UOP01";"DEL02"
270454;2020-02-20;"quinta-feira";"08:45:00";"SP";116;473,1;"REGISTRO";"Falta de Atenção à Condução";"Colisão lateral";"Com Vítimas Feridas";"Pleno dia";"Crescente";"Sol";"Dupla";"Reta";"Sim";3;0;1;0;1;1;1;2;-24,67228;-47,9788;"SR-SP";"UOP01";"DEL05"
270455;2020-02-20;"quinta-feira";"12:40:00";"SP";116;224,5;"GUARULHOS";"Pista Escorregadia";"Queda de ocupante de veículo";"Com Vítimas Feridas";"Pleno dia";"Decrescente";"Chuva";"Simples";"Reta";"Não";2;0;1;0;1;0;1;2;-23,48072;-46,53272;"SR-SP";"UOP01";"DEL01"