"id";"data_inversa";"dia_semana";"horario";"uf";"br";"km";"municipio";"causa_acidente";"tipo_acidente";"classificacao_acidente";"fase_dia";"sentido_via";"condicao_metereologica";"tipo_pista";"tracado_via";"uso_solo";"pessoas";"mortos";"feridos_leves";"feridos_graves";"ilesos";"ignorados";"feridos";"veiculos";"latitude";"longitude";"regional";"delegacia";"uop"
270549;2020-02-20;"quinta-feira";"21:20:00";"RS";386;288,9;"SAO JOSE DO HERVAL";"Falta de Atenção à Condução";"Colisão lateral";"Com Vítimas Feridas";"Plena Noite";"Crescente";"Ignorado";"Simples";"Reta";"Não";5;0;2;0;3;0;2;2;-29,08072;-52,27039;"SR-RS";"UOP01";"DEL04"
270550;2020-02-20;"quinta-feira";"20:45:00";"SC";280;53,7;"GUARAMIRIM";"Falta de Atenção à Condução";"Colisão transversal";"Com Vítimas Feridas";"Plena Noite";"Decrescente";"Nublado";"Simples";"Reta";"Sim";3;0;1;0;2;0;1;2;-26,47237;-48,97427;"SR-SC";"UOP03";"DEL03"
270551;2020-02-20;"quinta-feira";"21:30:00";"PR";158;538;"PATO BRANCO";"Falta de Atenção à Condução";"Tombamento";"Com Vítimas Feridas";"Plena Noite";"Decrescente";"Céu Claro";"Simples";"Interseção de vias";"Sim";1;0;1;0;0;0;1;1;-26,25314;-52,70783;"SR-PR";"UOP01";"DEL02"
270552;2020-02-20;"quinta-feira";"20:30:00";"MG";40;608,1;"CONGONHAS";"Desobediência às normas de trânsito pelo condutor";"Colisão transversal";"Com Vítimas Fatais";"Plena Noite";"Crescente";"Nublado";"Simples";"Reta";"Não";3;1;0;0;1;1;0;2;-20,48427;-43,83896;"SR-MG";"UOP02";"DEL05"
270553;2020-02-20;"quinta-feira";"22:00:00";"RJ";116;80;"TERESOPOLIS";"Falta de Atenção à Condução";"Queda de ocupante de veículo";"Com Vítimas Feridas";"Plena Noite";"Crescente";"Chuva";"Simples";"Reta";"Sim";2;0;1;0;0;1;1;1;-22,39007;-42,95336;"SR-RJ";"UOP02";"DEL06"
270554;2020-02-20;"quinta-feira";"20:40:00";"MT";163;513,1;"NOBRES";"Desobediência às normas de trânsito pelo condutor";"Saída de leito carroçável";"Sem Vítimas";"Plena Noite";"Decrescente";"Nublado";"Dupla";"Reta";"Não";1;0;0;0;1;0;0;1;-14,56568;-56,21973;"SR-MT";"UOP01";"DEL01"
270555;2020-02-20;"quinta-feira";"21:40:00";"SP";116;189,7;"SANTA ISABEL";"Falta de Atenção à Condução";"Colisão traseira";"Com Vítimas Feridas";"Plena Noite";"Decrescente";"Céu Claro";"Dupla";"Reta";"Não";2;0;1;0;1;0;1;2;-23,36693;-46,23081;"SR-SP";"UOP01";"DEL02"
270556;2020-02-20;"quinta-feira";"21:50:00";"PR";116;97;"SAO JOSE DOS PINHAIS";"Desobediência às normas de trânsito pelo condutor";"Colisão com objeto estático";"Com Vítimas Feridas";"Plena Noite";"Crescente";"Céu Claro";"Dupla";"Não Informado";"Não";2;0;2;0;0;0;2;1;-25,54356;-49,15094;"SR-PR";"UOP01";"DEL01"
270558;2020-02-20;"quinta-feira";"22:45:00";"RO";364;235,9;"CACOAL";"Desobediência às normas de trânsito pelo condutor";"Colisão transversal";"Com Vítimas Feridas";"Plena Noite";"Crescente";"Garoa/Chuvisco";"Simples";"Não Informado";"Sim";2;0;1;0;1;0;1;2;-11,44626;-61,43621;"SR-RO";"UOP02";"DEL02"
270559;2020-02-20;"quinta-feira";"21:50:00";"TO";153;334;"GUARAI";"Desobediência às normas de trânsito pelo condutor";"Colisão lateral";"Com Vítimas Feridas";"Plena Noite";"Crescente";"Céu Claro";"Múltipla";"Interseção de vias";"Sim";3;0;1;0;2;0;1;2;-8,835718;-48,51212;"SR-TO";"UOP03";"DEL02"
270560;2020-02-20;"quinta-feira";"22:15:00";"MT";158;711;"BARRA DO GARCAS";"Falta de Atenção à Condução";"Colisão traseira";"Sem Vítimas";"Plena Noite";"Decrescente";"Céu Claro";"Simples";"Reta";"Não";4;0;0;0;4;0;0;2;-15,15038;-52,19817;"SR-MT";"UOP01";"DEL07"
270561;2020-02-20;"quinta-feira";"23:20:00";"SC";101;154,1;"PORTO BELO";"Falta de Atenção à Condução";"Colisão traseira";"Com Vítimas Feridas";"Plena Noite";"Decrescente";"Nublado";"Dupla";"Reta";"Não";2;0;1;0;1;0;1;1;-27,16181;-48,61073;"SR-SC";"UOP03";"DEL04"
270562;2020-02-20;"quinta-feira";"20:30:00";"MS";60;623,8;"JARDIM";"Animais na Pista";"Atropelamento de Animal";"Com Vítimas Feridas";"Plena Noite";"Crescente";"Nevoeiro/Neblina";"Simples";"Reta";"Não";1;0;1;0;0;0;1;1;-21,70496;-56,27475;"SR-MS";"UOP01";"DEL05"
270563;2020-02-20;"quinta-feira";"23:30:00";"SC";116;3,7;"MAFRA";"Mal Súbito";"Colisão com objeto estático";"Com Vítimas Feridas";"Plena Noite";"Decrescente";"Céu Claro";"Simples";"Reta";"Não";1;0;1;0;0;0;1;1;-26,13073;-49,79922;"SR-SC";"UOP01";"DEL06"
270564;2020-02-21;"sexta-feira";"00:30:00";"PR";376;175,7;"MARINGA";"Condutor Dormindo";"Colisão com objeto estático";"Com Vítimas Feridas";"Plena Noite";"Decrescente";"Céu Claro";"Dupla";"Reta";"Sim";2;0;1;0;0;1;1;1;-23,41219;-51,94305;"SR-PR";"UOP01";"DEL09"
270566;2020-02-20;"quinta-feira";"10:25:00";"SC";470;15;"NAVEGANTES";"Velocidade Incompatível";"Colisão frontal";"Com Vítimas Feridas";"Plena Noite";"Crescente";"Nublado";"Simples";"Curva";"Não";2;0;2;0;0;0;2;2;-26,83978;-48,78553;"SR-SC";"UOP04";"DEL04"
270567;2020-02-21;"sexta-feira";"00:12:00";"TO";153;335;"GUARAI";"Ingestão de Álcool";"Colisão traseira";"Com Vítimas Feridas";"Plena Noite";"Decrescente";"Céu Claro";"Múltipla";"Reta";"Sim";2;0;1;0;1;0;1;2;-8,844816;-48,51073;"SR-TO";"UOP03";"DEL02"
270568;2020-02-20;"quinta-feira";"23:30:00";"MS";163;461,1;"CAMPO GRANDE";"Animais na Pista";"Atropelamento de Animal";"Sem Vítimas";"Plena Noite";"Decrescente";"Garoa/Chuvisco";"Simples";"Reta";"Não";1;0;0;0;1;0;0;1;-20,62949;-54,57205;"SR-MS";"UOP01";"DEL01"
270569;2020-02-21;"sexta-feira";"00:15:00";"MG";381;683;"PERDOES";"Ingestão de Álcool";"Colisão com objeto estático";"Sem Vítimas";"Plena Noite";"Decrescente";"Chuva";"Dupla";"Reta";"Não";2;0;0;0;1;1;0;1;-21,17656;-45,12506;"SR-MG";"UOP02";"DEL04"
270570;2020-02-21;"sexta-feira";"00:55:00";"CE";304;49,5;"ARACATI";"Animais na Pista";"Atropelamento de Animal";"Com Vítimas Feridas";"Plena Noite";"Decrescente";"Ignorado";"Simples";"Reta";"Não";2;0;2;0;0;0;2;1;-4,579004;-37,77071;"SR-CE";"UOP03";"DEL03"
270571;2020-02-21;"sexta-feira";"00:10:00";"SC";282;517,6;"XAXIM";"Desobediência às normas de trânsito pelo pedestre";"Atropelamento de Pedestre";"Com Vítimas Fatais";"Plena Noite";"Crescente";"Céu Claro";"Simples";"Reta";"Não";4;1;0;0;2;1;0;1;-26,93937;-52,50006;"SR-SC";"UOP01";"DEL07"
270572;2020-02-20;"quinta-feira";"23:00:00";"PR";163;158,9;"LINDOESTE";"Não guardar distância de segurança";"Colisão transversal";"Com Vítimas Feridas";"Plena Noite";"Crescente";"Céu Claro";"Simples";"Reta";"Não";2;0;1;0;1;0;1;2;-25,34571;-53,58654;"SR-PR";"UOP06";"DEL04"
270574;2020-02-20;"quinta-feira";"20:00:00";"MT";163;746;"SORRISO";"Restrição de Visibilidade";"Saída de leito carroçável";"Sem Vítimas";"Plena Noite";"Crescente";"Nublado";"Simples";"Rotatória";"Sim";1;0;0;0;1;0;0;1;-12,70074;-55,81389;"SR-MT";"UOP01";"DEL06"
270575;2020-02-21;"sexta-feira";"01:30:00";"PR";277;3;"FOZ DO IGUACU";"Falta de Atenção à Condução";"Queda de ocupante de veículo";"Com Vítimas Feridas";"Plena Noite";"Decrescente";"Céu Claro";"Dupla";"Reta";"Sim";1;0;1;0;0;0;1;1;-25,5469;-54,5882;"SR-PR";"UOP02";"DEL05"
270576;2020-02-20;"quinta-feira";"21:30:00";"MA";135;23;"SAO LUIS";"Falta de Atenção do Pedestre";"Atropelamento de Pedestre";"Com Vítimas Feridas";"Plena Noite";"Decrescente";"Chuva";"Simples";"Reta";"Sim";2;0;0;1;1;0;1;1;-2,752656;-44,34833;"SR-MA";"UOP01";"DEL01"
270577;2020-02-21;"sexta-feira";"02:50:00";"SC";101;158,8;"PORTO BELO";"Ingestão de Álcool";"Saída de leito carroçável";"Sem Vítimas";"Plena Noite";"Decrescente";"Céu Claro";"Dupla";"Reta";"Sim";1;0;0;0;1;0;0;1;-27,19096;-48,61259;"SR-SC";"UOP03";"DEL04"
270578;2020-02-21;"sexta-feira";"03:00:00";"RJ";493;113;"ITAGUAI";"Condutor Dormindo";"Saída de leito carroçável";"Com Vítimas Feridas";"Plena Noite";"Crescente";"Nublado";"Dupla";"Reta";"Não";3;0;3;0;0;0;3;1;-22,81986;-43,80421;"SR-RJ";"UOP01";"DEL03"
270579;2020-02-21;"sexta-feira";"04:30:00";"SC";470;193,4;"POUSO REDONDO";"Velocidade Incompatível";"Capotamento";"Com Vítimas Feridas";"Plena Noite";"Decrescente";"Nublado";"Simples";"Curva";"Não";1;0;1;0;0;0;1;1;-27,30057;-50,07545;"SR-SC";"UOP02";"DEL04"
270580;2020-02-21;"sexta-feira";"04:45:00";"RS";290;29,3;"SANTO ANTONIO DA PATRULHA";"Condutor Dormindo";"Saída de leito carroçável";"Sem Vítimas";"Plena Noite";"Crescente";"Nublado";"Dupla";"Reta";"Não";1;0;0;0;1;0;0;1;-29,88308;-50,53781;"SR-RS";"UOP01";"DEL03"
270581;2020-02-21;"sexta-feira";"03:30:00";"MS";262;774;"CORUMBA";"Condutor Dormindo";"Saída de leito carroçável";"Com Vítimas Feridas";"Plena Noite";"Decrescente";"Céu Claro";"Simples";"Reta";"Sim";1;0;0;1;0;0;1;1;-19,08286;-57,62168;"SR-MS";"UOP03";"DEL03"
270582;2020-02-21;"sexta-feira";"05:00:00";"RJ";101;483;"ANGRA DOS REIS";"Ingestão de Álcool";"Colisão frontal";"Com Vítimas Feridas";"Amanhecer";"Decrescente";"Céu Claro";"Simples";"Curva";"Não";4;0;1;3;0;0;4;2;-22,99719;-44,30136;"SR-RJ";"UOP02";"DEL03"
270583;2020-02-21;"sexta-feira";"04:25:00";"MS";163;40,4;"ELDORADO";"Falta de Atenção à Condução";"Tombamento";"Com Vítimas Feridas";"Amanhecer";"Crescente";"Céu Claro";"Simples";"Rotatória";"Sim";1;0;1;0;0;0;1;1;-23,7888;-54,27962;"SR-MS";"UOP02";"DEL09"
270584;2020-02-21;"sexta-feira";"04:55:00";"PR";277;716,8;"SANTA TEREZINHA DE ITAIPU";"Condutor Dormindo";"Saída de leito carroçável";"Com Vítimas Feridas";"Amanhecer";"Crescente";"Céu Claro";"Dupla";"Reta";"Não";1;0;1;0;0;0;1;1;-25,47252;-54,46707;"SR-PR";"UOP01";"DEL05"
270585;2020-02-21;"sexta-feira";"06:15:00";"PR";373;175,6;"PONTA GROSSA";"Falta de Atenção à Condução";"Colisão traseira";"Sem Vítimas";"Amanhecer";"Decrescente";"Céu Claro";"Múltipla";"Reta";"Sim";2;0;0;0;2;0;0;2;-25,08057;-50,20176;"SR-PR";"UOP01";"DEL03"
270586;2020-02-21;"sexta-feira";"06:00:00";"MG";381;775,7;"CAMPANHA";"Falta de Atenção à Condução";"Saída de leito carroçável";"Com Vítimas Feridas";"Amanhecer";"Decrescente";"Chuva";"Dupla";"Reta";"Não";2;0;2;0;0;0;2;1;-21,81667;-45,49331;"SR-MG";"UOP02";"DEL16"
270587;2020-02-21;"sexta-feira";"04:00:00";"RR";174;501;"BOA VISTA";"Falta de Atenção à Condução";"Colisão com objeto estático";"Com Vítimas Feridas";"Plena Noite";"Decrescente";"Céu Claro";"Dupla";"Reta";"Sim";1;0;0;1;0;0;1;1;2,781689;-60,70383;"SR-RR";"UOP01";"DEL01"
270588;2020-02-16;"domingo";"19:25:00";"BA";367;30,1;"PORTO SEGURO";"Ingestão de Álcool";"Tombamento";"Com Vítimas Feridas";"Plena Noite";"Decrescente";"Céu Claro";"Simples";"Reta";"Sim";1;0;0;1;0;0;1;1;-16,42156;-39,14653;"SR-BA";"UOP01";"DEL09"
270589;2020-02-21;"sexta-feira";"06:00:00";"TO";153;246;"COLINAS DO TOCANTINS";"Falta de Atenção à Condução";"Colisão frontal";"Com Vítimas Feridas";"Amanhecer";"Decrescente";"Nublado";"Dupla";"Não Informado";"Sim";1;0;1;0;0;0;1;1;-8,046382;-48,46624;"SR-TO";"UOP04";"DEL02"
270590;2020-02-21;"sexta-feira";"05:45:00";"BA";324;626;"SALVADOR";"Falta de Atenção do Pedestre";"Atropelamento de Pedestre";"Com Vítimas Feridas";"Amanhecer";"Decrescente";"Céu Claro";"Múltipla";"Curva";"Sim";2;0;0;1;1;0;1;1;-12,95021;-38,47073;"SR-BA";"UOP01";"DEL01"
270591;2020-01-25;"sábado";"09:30:00";"PB";230;27;"JOAO PESSOA";"Ingestão de Álcool";"Colisão traseira";"Sem Vítimas";"Pleno dia";"Crescente";"Céu Claro";"Dupla";"Reta";"Não";2;0;0;0;1;1;0;2;-7,1647;-34,89994;"SR-PB";"UOP01";"DEL01"
270592;2020-02-21;"sexta-feira";"06:15:00";"RS";116;246,6;"SAO LEOPOLDO";"Desobediência às normas de trânsito pelo condutor";"Colisão traseira";"Sem Vítimas";"Amanhecer";"Decrescente";"Céu Claro";"Dupla";"Reta";"Sim";2;0;0;0;2;0;0;2;-29,76332;-51,15298;"SR-RS";"UOP02";"DEL01"
270593;2020-02-20;"quinta-feira";"22:10:00";"AL";316;86;"SANTANA DO IPANEMA";"Ingestão de álcool e/ou substâncias psicoativas pelo pedestre";"Colisão com objeto em movimento";"Com Vítimas Feridas";"Plena Noite";"Crescente";"Céu Claro";"Simples";"Não Informado";"Sim";3;0;0;1;1;1;1;2;-9,373238;-37,23533;"SR-AL";"UOP02";"DEL03"
270594;2020-02-21;"sexta-feira";"00:20:00";"RS";116;190;"NOVA PETROPOLIS";"Ingestão de Álcool";"Tombamento";"Com Vítimas Feridas";"Plena Noite";"Crescente";"Nublado";"Simples";"Curva";"Não";2;0;0;2;0;0;2;1;-29,42457;-51,13475;"SR-RS";"UOP02";"DEL05"
270595;2020-02-21;"sexta-feira";"06:15:00";"SE";235;41,2;"ITABAIANA";"Falta de Atenção à Condução";"Colisão traseira";"Com Vítimas Feridas";"Pleno dia";"Decrescente";"Céu Claro";"Simples";"Reta";"Não";5;0;2;0;3;0;2;2;-10,76986;-37,37313;"SR-SE";"UOP02";"DEL01"
270596;2020-02-21;"sexta-feira";"05:30:00";"MS";163;506,9;"JARAGUARI";"Falta de Atenção à Condução";"Saída de leito carroçável";"Com Vítimas Feridas";"Amanhecer";"Crescente";"Nublado";"Dupla";"Reta";"Não";1;0;0;1;0;0;1;1;-20,27898;-54,49191;"SR-MS";"UOP02";"DEL01"
270597;2020-02-21;"sexta-feira";"06:40:00";"RJ";356;26,1;"ITAPERUNA";"Falta de Atenção à Condução";"Colisão lateral";"Com Vítimas Feridas";"Pleno dia";"Decrescente";"Céu Claro";"Simples";"Interseção de vias";"Não";2;0;1;0;1;0;1;2;-21,17939;-41,95449;"SR-RJ";"UOP03";"DEL08"
270600;2020-02-21;"sexta-feira";"06:50:00";"BA";116;423;"FEIRA DE SANTANA";"Falta de Atenção à Condução";"Colisão frontal";"Com Vítimas Feridas";"Pleno dia";"Decrescente";"Sol";"Simples";"Reta";"Sim";2;0;1;0;1;0;1;2;-12,2293;-38,96453;"SR-BA";"UOP01";"DEL02"
270601;2020-02-21;"sexta-feira";"05:30:00";"SC";470;48,7;"BLUMENAU";"Condutor Dormindo";"Colisão lateral";"Com Vítimas Feridas";"Amanhecer";"Decrescente";"Nublado";"Simples";"Curva";"Não";3;0;0;1;2;0;1;3;-26,85953;-49,06099;"SR-SC";"UOP01";"DEL04"
270603;2020-02-21;"sexta-feira";"06:45:00";"GO";153;444;"ANAPOLIS";"Desobediência às normas de trânsito pelo condutor";"Colisão traseira";"Com Vítimas Feridas";"Amanhecer";"Crescente";"Céu Claro";"Simples";"Rotatória";"Sim";3;0;2;0;1;0;2;2;-16,35458;-48,92912;"SR-GO";"UOP01";"DEL02"
270604;2020-02-21;"sexta-feira";"06:30:00";"SP";153;200;"GETULINA";"Avarias e/ou desgaste excessivo no pneu";"Saída de leito carroçável";"Com Vítimas Feridas";"Pleno dia";"Decrescente";"Chuva";"Simples";"Reta";"Não";1;0;1;0;0;0;1;1;-21,81986;-49,90225;"SR-SP";"UOP01";"DEL07"
270605;2020-02-21;"sexta-feira";"04:10:00";"PR";277;32;"MORRETES";"Condutor Dormindo";"Saída de leito carroçável";"Com Vítimas Feridas";"Plena Noite";"Crescente";"Vento";"Dupla";"Desvio Temporário";"Não";3;0;3;0;0;0;3;1;-25,54737;-48,79056;"SR-PR";"UOP07";"DEL01"
270606;2020-02-21;"sexta-feira";"06:30:00";"PR";376;494,7;"PONTA GROSSA";"Falta de Atenção à Condução";"Colisão traseira";"Com Vítimas Feridas";"Pleno dia";"Crescente";"Céu Claro";"Dupla";"Não Informado";"Sim";5;0;1;0;4;0;1;2;-25,16567;-50,11641;"SR-PR";"UOP02";"DEL03"
270607;2020-02-20;"quinta-feira";"23:30:00";"BA";116;636,8;"JAGUAQUARA";"Falta de Atenção do Pedestre";"Atropelamento de Pedestre";"Com Vítimas Feridas";"Plena Noite";"Decrescente";"Céu Claro";"Simples";"Reta";"Não";2;0;0;1;1;0;1;1;-13,55234;-40,07327;"SR-BA";"UOP01";"DEL03"
270608;2020-02-21;"sexta-feira";"07:30:00";"DF";70;10,3;"BRASILIA";"Falta de Atenção à Condução";"Colisão transversal";"Com Vítimas Feridas";"Pleno dia";"Decrescente";"Garoa/Chuvisco";"Dupla";"Reta";"Sim";3;0;1;0;2;0;1;2;-15,78707;-48,14071;"SR-DF";"UOP03";"DEL01"
270609;2020-02-21;"sexta-feira";"07:25:00";"RS";386;437,5;"NOVA SANTA RITA";"Desobediência às normas de trânsito pelo condutor";"Colisão transversal";"Com Vítimas Feridas";"Pleno dia";"Crescente";"Céu Claro";"Simples";"Reta";"Não";2;0;0;1;1;0;1;2;-29,85803;-51,26123;"SR-RS";"UOP02";"DEL04"
270610;2020-02-21;"sexta-feira";"07:45:00";"PB";230;22,2;"JOAO PESSOA";"Não guardar distância de segurança";"Colisão traseira";"Com Vítimas Feridas";"Pleno dia";"Decrescente";"Sol";"Dupla";"Reta";"Sim";3;0;2;0;1;0;2;2;-7,1495;-34,8517;"SR-PB";"UOP01";"DEL01"
270611;2020-02-21;"sexta-feira";"07:30:00";"SP";153;54,3;"SAO JOSE DO RIO PRETO";"Avarias e/ou desgaste excessivo no pneu";"Tombamento";"Com Vítimas Feridas";"Pleno dia";"Crescente";"Garoa/Chuvisco";"Dupla";"Desvio Temporário";"Não";4;0;2;0;1;1;2;2;-20,74489;-49,33895;"SR-SP";"UOP01";"DEL09"
270612;2020-02-21;"sexta-feira";"04:15:00";"MG";381;623;"OLIVEIRA";"Falta de Atenção à Condução";"Colisão com objeto estático";"Com Vítimas Feridas";"Plena Noite";"Decrescente";"Garoa/Chuvisco";"Dupla";"Reta";"Não";1;0;1;0;0;0;1;1;-20,77947;-44,78328;"SR-MG";"UOP01";"DEL04"
270613;2020-02-21;"sexta-feira";"08:00:00";"DF";70;9;"BRASILIA";"Falta de Atenção à Condução";"Colisão lateral";"Com Vítimas Feridas";"Pleno dia";"Decrescente";"Garoa/Chuvisco";"Dupla";"Reta";"Sim";1;0;0;1;0;0;1;1;-15,78466;-48,13088;"SR-DF";"UOP03";"DEL01"
270614;2020-02-21;"sexta-feira";"07:50:00";"RS";392;351,9;"SANTA MARIA";"Falta de Atenção à Condução";"Colisão transversal";"Sem Vítimas";"Pleno dia";"Crescente";"Céu Claro";"Simples";"Reta";"Não";3;0;0;0;3;0;0;2;-29,72843;-53,80324;"SR-RS";"UOP01";"DEL09"
270615;2020-02-21;"sexta-feira";"08:05:00";"PR";376;171,3;"MARINGA";"Falta de Atenção à Condução";"Colisão traseira";"Com Vítimas Feridas";"Pleno dia";"Crescente";"Céu Claro";"Dupla";"Curva";"Sim";3;0;1;0;2;0;1;2;-23,41823;-51,97501;"SR-PR";"UOP01";"DEL09"
270616;2020-02-20;"quinta-feira";"23:30:00";"PR";373;174,9;"PONTA GROSSA";"Falta de Atenção à Condução";"Colisão com objeto estático";"Sem Vítimas";"Plena Noite";"Crescente";"Céu Claro";"Dupla";"Reta";"Sim";1;0;0;0;1;0;0;1;-25,07595;-50,20996;"SR-PR";"UOP01";"DEL03"
270617;2020-02-21;"sexta-feira";"07:50:00";"PR";376;4;"SAO JOSE DOS PINHAIS";"Falta de Atenção do Pedestre";"Atropelamento de Pedestre";"Sem Vítimas";"Pleno dia";"Crescente";"Céu Claro";"Dupla";"Reta";"Não";2;0;0;0;1;1;0;1;-25,5307;-49,1958;"SR-PR";"UOP01";"DEL01"
270618;2020-02-21;"sexta-feira";"07:30:00";"GO";60;94,8;"ANAPOLIS";"Avarias e/ou desgaste excessivo no pneu";"Tombamento";"Com Vítimas Feridas";"Pleno dia";"Decrescente";"Céu Claro";"Dupla";"Reta";"Sim";2;0;1;0;1;0;1;1;-16,3611;-48,9328;"SR-GO";"UOP01";"DEL02"
270619;2020-02-21;"sexta-feira";"06:10:00";"GO";40;24,1;"LUZIANIA";"Desobediência às normas de trânsito pelo condutor";"Colisão traseira";"Com Vítimas Feridas";"Amanhecer";"Decrescente";"Garoa/Chuvisco";"Dupla";"Reta";"Sim";4;0;2;0;2;0;2;2;-16,25274;-47,90044;"SR-DF";"UOP01";"DEL01"
270621;2020-02-21;"sexta-feira";"08:15:00";"SC";101;208;"SAO JOSE";"Desobediência às normas de trânsito pelo condutor";"Colisão traseira";"Sem Vítimas";"Pleno dia";"Decrescente";"Céu Claro";"Dupla";"Reta";"Sim";2;0;0;0;2;0;0;2;-27,60328;-48,63202;"SR-SC";"UOP01";"DEL01"
270622;2020-02-21;"sexta-feira";"07:50:00";"BA";116;827,3;"VITORIA DA CONQUISTA";"Avarias e/ou desgaste excessivo no pneu";"Colisão com objeto estático";"Com Vítimas Feridas";"Pleno dia";"Crescente";"Céu Claro";"Simples";"Reta";"Sim";3;0;2;0;1;0;2;2;-14,88806;-40,86073;"SR-BA";"UOP01";"DEL08"
270623;2020-02-21;"sexta-feira";"07:50:00";"SP";116;227,3;"GUARULHOS";"Falta de Atenção à Condução";"Colisão traseira";"Com Vítimas Feridas";"Pleno dia";"Crescente";"Chuva";"Múltipla";"Reta";"Sim";2;0;1;0;1;0;1;2;-23,49908;-46,56096;"SR-SP";"UOP01";"DEL01"
270624;2020-01-12;"domingo";"15:55:00";"GO";70;317;"JUSSARA";"Falta de Atenção à Condução";"Saída de leito carroçável";"Com Vítimas Feridas";"Pleno dia";"Crescente";"Ignorado";"Simples";"Retorno Regulamentado";"Não";2;0;2;0;0;0;2;1;-15,87558;-50,86829;"SR-GO";"DEL1/4";"UOP01/GO"
270625;2020-02-07;"sexta-feira";"14:00:00";"MG";116;700;"MURIAE";"Animais na Pista";"Atropelamento de Animal";"Com Vítimas Feridas";"Pleno dia";"Decrescente";"Sol";"Simples";"Reta";"Não";2;0;1;0;0;1;1;1;-21,08685;-42,37478;"SR-MG";"UOP02";"DEL07"
270627;2020-02-21;"sexta-feira";"09:00:00";"SP";116;279,3;"EMBU DAS ARTES";"Desobediência às normas de trânsito pelo condutor";"Colisão traseira";"Com Vítimas Feridas";"Pleno dia";"Decrescente";"Nublado";"Dupla";"Reta";"Sim";3;0;2;0;1;0;2;2;-23,66234;-46,85293;"SR-SP";"UOP01";"DEL04"
270628;2020-02-21;"sexta-feira";"09:10:00";"MG";146;559;"CABO VERDE";"Ultrapassagem Indevida";"Colisão frontal";"Com Vítimas Fatais";"Pleno dia";"Crescente";"Nublado";"Simples";"Curva";"Não";4;1;0;1;0;2;1;2;-21,46229;-46,40538;"SR-MG";"UOP01";"DEL09"
270629;2020-02-21;"sexta-feira";"04:30:00";"PI";316;7;"TERESINA";"Ingestão de Álcool";"Colisão frontal";"Sem Vítimas";"Plena Noite";"Crescente";"Chuva";"Simples";"Reta";"Sim";2;0;0;0;2;0;0;2;-5,155846;-42,77173;"SR-PI";"UOP02";"DEL01"
270631;2020-02-21;"sexta-feira";"09:40:00";"PA";10;46,5;"ULIANOPOLIS";"Falta de Atenção do Pedestre";"Atropelamento de Pedestre";"Com Vítimas Feridas";"Pleno dia";"Decrescente";"Céu Claro";"Simples";"Reta";"Não";2;0;0;1;1;0;1;1;-4,041606;-47,54474;"SR-PA";"UOP02";"DEL02"
270632;2020-02-21;"sexta-feira";"08:00:00";"BA";101;261;"SANTO ANTONIO DE JESUS";"Desobediência às normas de trânsito pelo condutor";"Colisão frontal";"Com Vítimas Feridas";"Pleno dia";"Crescente";"Nublado";"Dupla";"Reta";"Sim";2;0;0;1;0;1;1;2;-13,07287;-39,27407;"SR-BA";"UOP02";"DEL01"
270633;2020-02-21;"sexta-feira";"08:10:00";"RS";101;49;"TERRA DE AREIA";"Falta de Atenção à Condução";"Colisão lateral";"Com Vítimas Feridas";"Pleno dia";"Decrescente";"Céu Claro";"Dupla";"Reta";"Não";8;0;6;0;2;0;6;3;-29,59966;-50,08022;"SR-RS";"UOP02";"DEL03"
270634;2020-02-21;"sexta-feira";"08:45:00";"MG";381;704,5;"LAVRAS";"Pista Escorregadia";"Saída de leito carroçável";"Com Vítimas Feridas";"Pleno dia";"Decrescente";"Garoa/Chuvisco";"Dupla";"Curva";"Não";2;0;1;0;1;0;1;1;-21,31185;-45,16538;"SR-MG";"UOP02";"DEL04"
270635;2020-02-21;"sexta-feira";"09:30:00";"RN";226;117,8;"SANTA CRUZ";"Falta de Atenção à Condução";"Tombamento";"Com Vítimas Feridas";"Pleno dia";"Decrescente";"Céu Claro";"Simples";"Curva";"Não";1;0;1;0;0;0;1;1;-6,194071;-36,05036;"SR-RN";"UOP02";"DEL03"
270637;2020-02-21;"sexta-feira";"09:45:00";"BA";101;48;"ESPLANADA";"Condutor Dormindo";"Colisão frontal";"Com Vítimas Fatais";"Pleno dia";"Crescente";"Céu Claro";"Simples";"Curva";"Não";5;2;0;2;1;0;2;2;-11,872;-37,99125;"SR-SE";"UOP03";"DEL02"
270638;2020-02-21;"sexta-feira";"09:30:00";"MG";381;745,9;"TRES CORACOES";"Velocidade Incompatível";"Saída de leito carroçável";"Com Vítimas Feridas";"Pleno dia";"Decrescente";"Chuva";"Dupla";"Não Informado";"Não";4;0;1;0;3;0;1;1;-21,63725;-45,28388;"SR-MG";"UOP02";"DEL16"
270639;2020-02-21;"sexta-feira";"09:15:00";"MG";381;814;"CAREACU";"Condutor Dormindo";"Saída de leito carroçável";"Com Vítimas Feridas";"Pleno dia";"Decrescente";"Chuva";"Dupla";"Não Informado";"Não";3;0;1;0;2;0;1;1;-22,08083;-45,70132;"SR-MG";"UOP02";"DEL16"