"id";"data_inversa";"dia_semana";"horario";"uf";"br";"km";"municipio";"causa_acidente";"tipo_acidente";"classificacao_acidente";"fase_dia";"sentido_via";"condicao_metereologica";"tipo_pista";"tracado_via";"uso_solo";"pessoas";"mortos";"feridos_leves";"feridos_graves";"ilesos";"ignorados";"feridos";"veiculos";"latitude";"longitude";"regional";"delegacia";"uop"
270640;2020-02-21;"sexta-feira";"07:00:00";"PI";343;470,8;"ANGICAL DO PIAUI";"Falta de Atenção à Condução";"Colisão traseira";"Com Vítimas Feridas";"Pleno dia";"Crescente";"Chuva";"Simples";"Reta";"Não";5;0;3;0;2;0;3;2;-6,093415;-42,725;"SR-PI";"UOP02";"DEL01"
270641;2020-02-21;"sexta-feira";"08:45:00";"MT";364;219,5;"RONDONOPOLIS";"Falta de Atenção à Condução";"Saída de leito carroçável";"Com Vítimas Feridas";"Pleno dia";"Decrescente";"Céu Claro";"Dupla";"Reta";"Não";1;0;1;0;0;0;1;1;-16,35492;-54,7339;"SR-MT";"UOP01";"DEL02"
270642;2020-02-21;"sexta-feira";"10:30:00";"MG";381;909,1;"CAMANDUCAIA";"Velocidade Incompatível";"Saída de leito carroçável";"Sem Vítimas";"Pleno dia";"Decrescente";"Chuva";"Dupla";"Reta";"Não";1;0;0;0;1;0;0;1;-22,687;-46,10476;"SR-MG";"UOP03";"DEL16"
270643;2020-02-21;"sexta-feira";"10:20:00";"RJ";101;59,9;"CAMPOS DOS GOYTACAZES";"Falta de Atenção à Condução";"Colisão transversal";"Com Vítimas Feridas";"Pleno dia";"Decrescente";"Céu Claro";"Simples";"Reta";"Sim";2;0;1;0;1;0;1;2;-21,71366;-41,30862;"SR-RJ";"UOP01";"DEL08"
270644;2020-02-21;"sexta-feira";"10:20:00";"ES";101;269,8;"SERRA";"Não guardar distância de segurança";"Colisão lateral";"Com Vítimas Feridas";"Pleno dia";"Crescente";"Céu Claro";"Múltipla";"Reta";"Sim";3;0;1;0;2;0;1;2;-20,2174;-40,26991;"SR-ES";"UOP01";"DEL02"
270645;2020-02-21;"sexta-feira";"09:30:00";"PE";232;35,6;"MORENO";"Ingestão de Álcool";"Colisão lateral";"Sem Vítimas";"Pleno dia";"Decrescente";"Céu Claro";"Dupla";"Reta";"Sim";5;0;0;0;4;1;0;2;-8,109073;-35,19257;"SR-PE";"UOP04";"DEL01"
270646;2020-02-21;"sexta-feira";"07:30:00";"PE";232;495,6;"VERDEJANTE";"Ingestão de Álcool";"Saída de leito carroçável";"Com Vítimas Feridas";"Pleno dia";"Crescente";"Nublado";"Simples";"Desvio Temporário";"Não";2;0;2;0;0;0;2;1;-8,013399;-39,01637;"SR-PE";"UOP01";"DEL05"
270647;2020-02-21;"sexta-feira";"10:30:00";"PE";423;96,4;"GARANHUNS";"Mal Súbito";"Colisão traseira";"Com Vítimas Fatais";"Pleno dia";"Crescente";"Céu Claro";"Simples";"Não Informado";"Sim";2;1;0;0;1;0;0;2;-8,882044;-36,49;"SR-PE";"UOP01";"DEL03"
270648;2020-02-21;"sexta-feira";"09:30:00";"MG";365;700;"MONTE ALEGRE DE MINAS";"Defeito na Via";"Colisão traseira";"Com Vítimas Feridas";"Pleno dia";"Decrescente";"Nublado";"Dupla";"Reta";"Não";3;0;1;0;2;0;1;2;-18,88014;-48,99816;"SR-MG";"UOP03";"DEL15"
270649;2020-01-17;"sexta-feira";"17:30:00";"AM";174;1015;"PRESIDENTE FIGUEIREDO";"Carga excessiva e/ou mal acondicionada";"Colisão traseira";"Com Vítimas Feridas";"Anoitecer";"Crescente";"Céu Claro";"Simples";"Não Informado";"Não";6;0;3;1;2;0;4;3;-1,854599;-60,0984;"SR-AM";"UOP02/AM";""
270650;2020-02-21;"sexta-feira";"10:55:00";"CE";116;7,8;"FORTALEZA";"Falta de Atenção à Condução";"Colisão traseira";"Com Vítimas Feridas";"Pleno dia";"Crescente";"Céu Claro";"Dupla";"Reta";"Sim";2;0;1;0;1;0;1;2;-3,810731;-38,50075;"SR-CE";"UOP02";"DEL01"
270651;2020-02-21;"sexta-feira";"09:30:00";"MG";365;700;"MONTE ALEGRE DE MINAS";"Defeito na Via";"Colisão traseira";"Sem Vítimas";"Pleno dia";"Decrescente";"Nublado";"Dupla";"Reta";"Não";5;0;0;0;5;0;0;2;-18,88014;-48,99816;"SR-MG";"UOP03";"DEL15"
270652;2020-02-21;"sexta-feira";"08:50:00";"MS";158;337;"BRASILANDIA";"Pista Escorregadia";"Saída de leito carroçável";"Com Vítimas Feridas";"Pleno dia";"Crescente";"Chuva";"Simples";"Reta";"Sim";3;0;3;0;0;0;3;1;-21,23086;-52,02209;"SR-MS";"UOP01";"DEL07"
270653;2020-02-21;"sexta-feira";"11:00:00";"MA";135;1,4;"SAO LUIS";"Falta de Atenção à Condução";"Colisão traseira";"Com Vítimas Feridas";"Pleno dia";"Decrescente";"Nublado";"Dupla";"Reta";"Sim";2;0;1;0;1;0;1;2;-2,589179;-44,24424;"SR-MA";"UOP01";"DEL01"
270654;2020-02-21;"sexta-feira";"09:30:00";"SP";116;316,6;"SAO LOURENCO DA SERRA";"Velocidade Incompatível";"Saída de leito carroçável";"Com Vítimas Feridas";"Amanhecer";"Decrescente";"Garoa/Chuvisco";"Dupla";"Curva";"Não";1;0;1;0;0;0;1;1;-23,91055;-46,99149;"SR-SP";"UOP01";"DEL04"
270655;2020-02-21;"sexta-feira";"09:45:00";"RR";174;503;"BOA VISTA";"Falta de Atenção à Condução";"Colisão traseira";"Com Vítimas Feridas";"Pleno dia";"Decrescente";"Sol";"Dupla";"Rotatória";"Sim";5;0;1;0;4;0;1;2;2,794901;-60,69844;"SR-RR";"UOP01";"DEL01"
270656;2020-01-15;"quarta-feira";"14:00:00";"RJ";493;74,3;"NOVA IGUACU";"Falta de Atenção à Condução";"Colisão com objeto estático";"Com Vítimas Feridas";"Pleno dia";"Crescente";"Céu Claro";"Dupla";"Reta";"Não";3;0;0;1;2;0;1;2;-22,68395;-43,52225;"SR-RJ";"DEL5/1";"UOP03/RJ"
270657;2020-02-21;"sexta-feira";"09:30:00";"RS";290;482,5;"ROSARIO DO SUL";"Pista Escorregadia";"Tombamento";"Com Vítimas Feridas";"Pleno dia";"Decrescente";"Céu Claro";"Simples";"Curva";"Sim";2;0;2;0;0;0;2;1;-30,2418;-54,94049;"SR-RS";"UOP02";"DEL11"
270658;2020-02-21;"sexta-feira";"11:50:00";"GO";20;181,4;"SIMOLANDIA";"Não guardar distância de segurança";"Colisão traseira";"Sem Vítimas";"Pleno dia";"Crescente";"Céu Claro";"Simples";"Reta";"Sim";2;0;0;0;2;0;0;2;-14,4708;-46,48618;"SR-DF";"UOP02";"DEL02"
270659;2020-02-21;"sexta-feira";"11:30:00";"PR";376;184;"ARAPONGAS";"Desobediência às normas de trânsito pelo condutor";"Tombamento";"Com Vítimas Feridas";"Pleno dia";"Crescente";"Céu Claro";"Simples";"Reta";"Sim";2;0;2;0;0;0;2;1;-23,40079;-51,4272;"SR-PR";"UOP01";"DEL09"
270660;2020-02-21;"sexta-feira";"11:30:00";"PE";101;84;"JABOATAO DOS GUARARAPES";"Carga excessiva e/ou mal acondicionada";"Queda de ocupante de veículo";"Com Vítimas Feridas";"Pleno dia";"Decrescente";"Céu Claro";"Dupla";"Curva";"Sim";2;0;0;1;0;1;1;2;-8,177786;-34,95087;"SR-PE";"UOP03";"DEL01"
270661;2020-02-21;"sexta-feira";"10:30:00";"RJ";101;273;"RIO BONITO";"Falta de Atenção à Condução";"Colisão lateral";"Com Vítimas Feridas";"Pleno dia";"Decrescente";"Nublado";"Dupla";"Reta";"Não";3;0;1;0;2;0;1;3;-22,72063;-42,69087;"SR-RJ";"UOP03";"DEL02"
270663;2020-02-21;"sexta-feira";"09:40:00";"BA";116;817;"VITORIA DA CONQUISTA";"Velocidade Incompatível";"Tombamento";"Com Vítimas Feridas";"Pleno dia";"Decrescente";"Céu Claro";"Simples";"Rotatória";"Sim";1;0;1;0;0;0;1;1;-14,82538;-40,82217;"SR-BA";"UOP01";"DEL08"
270664;2020-02-21;"sexta-feira";"09:40:00";"PI";343;602,7;"FLORIANO";"Falta de Atenção à Condução";"Saída de leito carroçável";"Com Vítimas Feridas";"Pleno dia";"Decrescente";"Nublado";"Simples";"Curva";"Não";4;0;4;0;0;0;4;1;-6,839867;-43,08748;"SR-PI";"UOP01";"DEL03"
270665;2020-02-21;"sexta-feira";"11:30:00";"RS";287;393;"SANTIAGO";"Falta de Atenção à Condução";"Colisão traseira";"Sem Vítimas";"Pleno dia";"Decrescente";"Céu Claro";"Simples";"Retorno Regulamentado";"Sim";3;0;0;0;3;0;0;2;-29,21638;-54,84358;"SR-RS";"UOP02";"DEL12"
270666;2020-02-21;"sexta-feira";"11:40:00";"PR";116;150;"MANDIRITUBA";"Falta de Atenção à Condução";"Colisão traseira";"Sem Vítimas";"Pleno dia";"Crescente";"Nublado";"Simples";"Reta";"Sim";2;0;0;0;2;0;0;2;-25,81557;-49,33089;"SR-PR";"UOP03";"DEL01"
270667;2020-02-21;"sexta-feira";"12:20:00";"PR";376;176;"MARINGA";"Falta de Atenção à Condução";"Tombamento";"Com Vítimas Feridas";"Pleno dia";"Decrescente";"Céu Claro";"Dupla";"Reta";"Sim";1;0;1;0;0;0;1;1;-23,41269;-51,93158;"SR-PR";"UOP01";"DEL09"
270668;2020-02-21;"sexta-feira";"12:00:00";"SC";101;81;"BARRA VELHA";"Não guardar distância de segurança";"Colisão traseira";"Sem Vítimas";"Pleno dia";"Crescente";"Nublado";"Múltipla";"Reta";"Não";2;0;0;0;2;0;0;2;-26,60256;-48,72554;"SR-SC";"UOP02";"DEL03"
270670;2020-02-21;"sexta-feira";"12:10:00";"PI";316;5,2;"TERESINA";"Desobediência às normas de trânsito pelo condutor";"Colisão lateral";"Com Vítimas Feridas";"Pleno dia";"Decrescente";"Céu Claro";"Múltipla";"Reta";"Sim";2;0;0;1;1;0;1;2;-5,141699;-42,78157;"SR-PI";"UOP02";"DEL01"
270672;2020-02-21;"sexta-feira";"12:45:00";"PI";343;341,7;"TERESINA";"Falta de Atenção à Condução";"Colisão transversal";"Com Vítimas Feridas";"Pleno dia";"Decrescente";"Céu Claro";"Dupla";"Rotatória";"Sim";2;0;1;0;1;0;1;2;-5,077812;-42,74426;"SR-PI";"UOP01";"DEL01"
270673;2020-02-21;"sexta-feira";"12:00:00";"MG";381;4,9;"BETIM";"Falta de Atenção à Condução";"Colisão traseira";"Com Vítimas Feridas";"Pleno dia";"Crescente";"Nublado";"Dupla";"Não Informado";"Não";2;0;1;0;1;0;1;2;-19,98816;-44,18668;"SR-MG";"UOP03";"DEL01"
270674;2020-02-21;"sexta-feira";"10:00:00";"MG";50;185,6;"UBERABA";"Defeito Mecânico no Veículo";"Tombamento";"Com Vítimas Feridas";"Pleno dia";"Crescente";"Nublado";"Dupla";"Reta";"Não";2;0;2;0;0;0;2;1;-19,81728;-47,89559;"SR-MG";"UOP01";"DEL13"
270675;2020-02-21;"sexta-feira";"06:40:00";"MG";50;180;"UBERABA";"Falta de Atenção à Condução";"Colisão traseira";"Sem Vítimas";"Pleno dia";"Crescente";"Chuva";"Dupla";"Retorno Regulamentado";"Sim";2;0;0;0;1;1;0;2;-19,77848;-47,92195;"SR-MG";"UOP01";"DEL13"
270676;2020-02-21;"sexta-feira";"12:50:00";"PE";232;5,3;"RECIFE";"Falta de Atenção à Condução";"Colisão lateral";"Sem Vítimas";"Pleno dia";"Decrescente";"Nublado";"Dupla";"Reta";"Sim";2;0;0;0;2;0;0;2;-8,067958;-34,94535;"SR-PE";"UOP01";"DEL01"
270677;2020-02-21;"sexta-feira";"12:30:00";"GO";60;95,4;"ANAPOLIS";"Falta de Atenção à Condução";"Colisão transversal";"Com Vítimas Feridas";"Pleno dia";"Decrescente";"Céu Claro";"Dupla";"Reta";"Não";2;0;1;0;1;0;1;2;-16,3679;-48,939;"SR-GO";"UOP01";"DEL02"
270678;2020-02-21;"sexta-feira";"12:30:00";"MG";459;104,1;"POUSO ALEGRE";"Falta de Atenção à Condução";"Colisão lateral";"Com Vítimas Feridas";"Pleno dia";"Crescente";"Nublado";"Dupla";"Reta";"Sim";2;0;1;0;1;0;1;2;-22,2352;-45,89687;"SR-MG";"UOP01";"DEL16"
270679;2020-02-21;"sexta-feira";"13:45:00";"MG";40;679,7;"RESSAQUINHA";"Pista Escorregadia";"Saída de leito carroçável";"Com Vítimas Feridas";"Pleno dia";"Decrescente";"Chuva";"Dupla";"Curva";"Não";3;0;3;0;0;0;3;1;-21,03304;-43,7767;"SR-MG";"UOP02";"DEL05"
270680;2020-02-21;"sexta-feira";"13:50:00";"PR";376;159,6;"MARINGA";"Falta de Atenção à Condução";"Colisão traseira";"Com Vítimas Feridas";"Pleno dia";"Crescente";"Céu Claro";"Dupla";"Não Informado";"Sim";3;0;2;0;1;0;2;2;-23,36498;-52,07632;"SR-PR";"UOP01";"DEL09"
270681;2020-02-21;"sexta-feira";"13:00:00";"RJ";101;415;"MANGARATIBA";"Avarias e/ou desgaste excessivo no pneu";"Colisão com objeto estático";"Com Vítimas Feridas";"Pleno dia";"Crescente";"Chuva";"Dupla";"Curva";"Sim";1;0;0;1;0;0;1;1;-22,91191;-43,89896;"SR-RJ";"UOP01";"DEL03"
270682;2020-02-21;"sexta-feira";"09:05:00";"MG";116;415,6;"GOVERNADOR VALADARES";"Falta de Atenção à Condução";"Colisão transversal";"Com Vítimas Feridas";"Pleno dia";"Decrescente";"Céu Claro";"Múltipla";"Interseção de vias";"Sim";2;0;1;0;1;0;1;2;-18,88401;-41,94924;"SR-MG";"UOP01";"DEL06"
270683;2020-02-21;"sexta-feira";"13:30:00";"RJ";40;94;"DUQUE DE CAXIAS";"Defeito Mecânico no Veículo";"Tombamento";"Com Vítimas Feridas";"Pleno dia";"Crescente";"Nublado";"Simples";"Curva";"Sim";1;0;0;1;0;0;1;1;-22,55763;-43,26574;"SR-RJ";"UOP01";"DEL01"
270684;2020-02-21;"sexta-feira";"09:40:00";"GO";364;155;"JATAI";"Condutor Dormindo";"Saída de leito carroçável";"Com Vítimas Feridas";"Pleno dia";"Crescente";"Céu Claro";"Simples";"Reta";"Não";4;0;1;1;2;0;2;1;-18,13147;-51,46077;"SR-GO";"UOP01";"DEL05"
270685;2020-02-21;"sexta-feira";"11:00:00";"RJ";465;22;"RIO DE JANEIRO";"Desobediência às normas de trânsito pelo condutor";"Colisão transversal";"Com Vítimas Feridas";"Pleno dia";"Crescente";"Garoa/Chuvisco";"Simples";"Curva";"Não";2;0;1;0;1;0;1;2;-22,86358;-43,60148;"SR-RJ";"UOP03";"DEL01"
270686;2020-02-21;"sexta-feira";"14:10:00";"SC";101;173;"TIJUCAS";"Falta de Atenção à Condução";"Colisão traseira";"Com Vítimas Feridas";"Pleno dia";"Decrescente";"Céu Claro";"Dupla";"Reta";"Sim";2;0;1;0;1;0;1;2;-27,32203;-48,62758;"SR-SC";"UOP03";"DEL04"
270687;2020-02-18;"terça-feira";"11:30:00";"MS";163;840;"SONORA";"Pista Escorregadia";"Colisão lateral";"Com Vítimas Feridas";"Pleno dia";"Decrescente";"Nublado";"Simples";"Reta";"Não";5;0;1;0;4;0;1;2;-17,52246;-54,73977;"SR-MS";"UOP01";"DEL06"
270688;2020-02-21;"sexta-feira";"14:00:00";"RJ";101;414;"ITAGUAI";"Falta de Atenção à Condução";"Colisão traseira";"Sem Vítimas";"Pleno dia";"Crescente";"Chuva";"Dupla";"Reta";"Não";2;0;0;0;2;0;0;2;-22,9039;-43,87258;"SR-RJ";"UOP01";"DEL03"
270689;2020-02-21;"sexta-feira";"13:45:00";"PR";476;242,5;"LAPA";"Falta de Atenção à Condução";"Tombamento";"Com Vítimas Feridas";"Pleno dia";"Crescente";"Céu Claro";"Simples";"Curva";"Não";1;0;1;0;0;0;1;1;-25,85877;-50,08609;"SR-PR";"UOP05";"DEL03"
270690;2020-02-21;"sexta-feira";"12:30:00";"MT";163;605;"NOVA MUTUM";"Falta de Atenção à Condução";"Saída de leito carroçável";"Com Vítimas Feridas";"Pleno dia";"Decrescente";"Nublado";"Simples";"Reta";"Não";1;0;1;0;0;0;1;1;-13,87237;-56,08739;"SR-MT";"UOP01";"DEL01"
270691;2020-02-21;"sexta-feira";"14:22:00";"SC";101;200;"SAO JOSE";"Desobediência às normas de trânsito pelo condutor";"Colisão traseira";"Sem Vítimas";"Pleno dia";"Decrescente";"Nublado";"Dupla";"Reta";"Sim";1;0;0;0;0;1;0;1;-27,54389;-48,62103;"SR-SC";"UOP01";"DEL01"
270692;2020-02-21;"sexta-feira";"13:50:00";"SP";116;144;"SAO JOSE DOS CAMPOS";"Não guardar distância de segurança";"Colisão traseira";"Com Vítimas Feridas";"Pleno dia";"Decrescente";"Chuva";"Dupla";"Reta";"Sim";4;0;1;0;3;0;1;3;-23,18274;-45,84634;"SR-SP";"UOP01";"DEL02"
270693;2020-02-14;"sexta-feira";"17:15:00";"MA";135;3,5;"SAO LUIS";"Desobediência às normas de trânsito pelo condutor";"Colisão transversal";"Com Vítimas Feridas";"Pleno dia";"Crescente";"Céu Claro";"Dupla";"Reta";"Sim";6;0;1;0;5;0;1;5;-2,606802;-44,24751;"SR-MA";"UOP01";"DEL01"
270694;2020-02-21;"sexta-feira";"14:10:00";"PE";101;73,9;"RECIFE";"Falta de Atenção à Condução";"Queda de ocupante de veículo";"Com Vítimas Feridas";"Pleno dia";"Decrescente";"Nublado";"Dupla";"Curva";"Não";2;0;1;1;0;0;2;1;-8,093369;-34,94746;"SR-PE";"UOP01";"DEL01"
270695;2020-02-21;"sexta-feira";"14:40:00";"CE";222;1,8;"FORTALEZA";"Animais na Pista";"Atropelamento de Animal";"Com Vítimas Feridas";"Pleno dia";"Decrescente";"Céu Claro";"Múltipla";"Reta";"Sim";3;0;2;0;1;0;2;2;-3,738993;-38,58589;"SR-CE";"UOP01";"DEL01"
270696;2020-02-21;"sexta-feira";"14:00:00";"SC";101;209;"SAO JOSE";"Desobediência às normas de trânsito pelo condutor";"Colisão lateral";"Com Vítimas Feridas";"Pleno dia";"Decrescente";"Céu Claro";"Dupla";"Reta";"Não";2;0;1;0;1;0;1;2;-27,61001;-48,63895;"SR-SC";"UOP01";"DEL01"
270698;2020-02-21;"sexta-feira";"10:45:00";"PR";153;59,5;"GUAPIRAMA";"Desobediência às normas de trânsito pelo condutor";"Colisão transversal";"Com Vítimas Feridas";"Pleno dia";"Decrescente";"Céu Claro";"Simples";"Reta";"Não";2;0;1;0;1;0;1;2;-23,43571;-50,08375;"SR-PR";"UOP05";"DEL07"
270699;2020-02-21;"sexta-feira";"14:15:00";"PR";376;640;"TIJUCAS DO SUL";"Falta de Atenção à Condução";"Colisão lateral";"Com Vítimas Feridas";"Pleno dia";"Decrescente";"Nublado";"Dupla";"Reta";"Não";3;0;2;0;1;0;2;2;-25,78246;-49,12098;"SR-PR";"UOP05";"DEL01"
270700;2020-02-21;"sexta-feira";"14:25:00";"MG";153;43;"MONTE ALEGRE DE MINAS";"Falta de Atenção à Condução";"Saída de leito carroçável";"Com Vítimas Feridas";"Pleno dia";"Crescente";"Sol";"Dupla";"Reta";"Não";4;0;4;0;0;0;4;1;-18,76411;-49,07452;"SR-MG";"UOP03";"DEL15"
270701;2020-02-21;"sexta-feira";"13:40:00";"PB";230;160,6;"CAMPINA GRANDE";"Não guardar distância de segurança";"Colisão lateral";"Com Vítimas Feridas";"Pleno dia";"Decrescente";"Céu Claro";"Simples";"Retorno Regulamentado";"Sim";2;0;1;0;1;0;1;2;-7,2582;-35,9267;"SR-PB";"UOP01";"DEL02"
270702;2020-02-01;"sábado";"10:55:00";"PR";116;115;"CURITIBA";"Falta de Atenção à Condução";"Colisão lateral";"Com Vítimas Feridas";"Pleno dia";"Crescente";"Nublado";"Dupla";"Reta";"Sim";2;0;0;1;1;0;1;2;-25,55953;-49,2656;"SR-PR";"DEL7/1";"UOP04/PR"
270703;2020-02-01;"sábado";"20:00:00";"MG";40;410,3;"CURVELO";"Velocidade Incompatível";"Colisão traseira";"Com Vítimas Feridas";"Plena Noite";"Decrescente";"Céu Claro";"Simples";"Reta";"Não";3;0;2;0;1;0;2;2;-19,11954;-44,64397;"SR-MG";"UOP01";"DEL02"
270704;2020-02-21;"sexta-feira";"13:00:00";"BA";415;20;"ILHEUS";"Falta de Atenção à Condução";"Colisão transversal";"Com Vítimas Feridas";"Pleno dia";"Decrescente";"Céu Claro";"Simples";"Reta";"Não";2;0;1;0;1;0;1;2;-14,78382;-39,23251;"SR-BA";"UOP01";"DEL05"
270705;2020-02-21;"sexta-feira";"14:40:00";"DF";70;3,2;"BRASILIA";"Falta de Atenção à Condução";"Colisão traseira";"Com Vítimas Feridas";"Pleno dia";"Crescente";"Nublado";"Dupla";"Não Informado";"Não";2;0;1;0;1;0;1;2;-15,80215;-48,08367;"SR-DF";"UOP03";"DEL01"
270706;2020-02-21;"sexta-feira";"14:40:00";"BA";101;921;"NOVA VICOSA";"Falta de Atenção à Condução";"Colisão frontal";"Com Vítimas Fatais";"Pleno dia";"Crescente";"Céu Claro";"Simples";"Reta";"Não";3;1;1;1;0;0;2;2;-17,89007;-39,81451;"SR-BA";"UOP02";"DEL09"
270707;2020-02-21;"sexta-feira";"13:40:00";"RJ";101;320,5;"NITEROI";"Falta de Atenção à Condução";"Queda de ocupante de veículo";"Com Vítimas Feridas";"Pleno dia";"Decrescente";"Céu Claro";"Múltipla";"Curva";"Sim";1;0;1;0;0;0;1;1;-22,86171;-43,10714;"SR-RJ";"UOP01";"DEL02"
270708;2020-02-21;"sexta-feira";"14:50:00";"PE";232;113;"BEZERROS";"Pista Escorregadia";"Colisão transversal";"Com Vítimas Feridas";"Pleno dia";"Decrescente";"Sol";"Dupla";"Reta";"Sim";8;0;4;0;4;0;4;2;-8,299065;-35,84022;"SR-PE";"UOP02";"DEL02"
270709;2020-02-21;"sexta-feira";"14:00:00";"PE";101;62,9;"RECIFE";"Falta de Atenção do Pedestre";"Atropelamento de Pedestre";"Com Vítimas Feridas";"Pleno dia";"Decrescente";"Nublado";"Dupla";"Reta";"Sim";2;0;0;1;1;0;1;1;-7,999059;-34,93899;"SR-PE";"UOP02";"DEL01"
270710;2020-02-21;"sexta-feira";"14:50:00";"AL";104;92,3;"RIO LARGO";"Falta de Atenção à Condução";"Colisão traseira";"Com Vítimas Feridas";"Pleno dia";"Decrescente";"Nublado";"Dupla";"Reta";"Sim";2;0;1;0;1;0;1;2;-9,518185;-35,80329;"SR-AL";"UOP01";"DEL01"
270711;2020-02-21;"sexta-feira";"15:30:00";"BA";324;514;"FEIRA DE SANTANA";"Falta de Atenção à Condução";"Queda de ocupante de veículo";"Com Vítimas Feridas";"Pleno dia";"Crescente";"Céu Claro";"Simples";"Reta";"Sim";3;0;1;0;2;0;1;3;-12,23229;-38,95215;"SR-BA";"UOP01";"DEL02"
270712;2020-02-21;"sexta-feira";"14:45:00";"GO";60;34;"GOIANIA";"Carga excessiva e/ou mal acondicionada";"Derramamento de carga";"Sem Vítimas";"Pleno dia";"Crescente";"Céu Claro";"Dupla";"Rotatória";"Não";1;0;0;0;1;0;0;1;-16,6777;-49,2676;"SR-GO";"UOP02";"DEL01"
270713;2020-02-21;"sexta-feira";"13:40:00";"RJ";101;286;"ITABORAI";"Falta de Atenção à Condução";"Colisão traseira";"Sem Vítimas";"Pleno dia";"Crescente";"Nublado";"Dupla";"Reta";"Não";2;0;0;0;2;0;0;2;-22,75409;-42,82492;"SR-RJ";"UOP03";"DEL02"
270714;2020-02-21;"sexta-feira";"15:00:00";"MG";116;121,7;"ITAOBIM";"Desobediência às normas de trânsito pelo condutor";"Colisão traseira";"Com Vítimas Feridas";"Pleno dia";"Crescente";"Sol";"Simples";"Reta";"Não";2;0;1;0;1;0;1;2;-16,60915;-41,50001;"SR-MG";"UOP02";"DEL11"
270715;2020-02-21;"sexta-feira";"15:00:00";"MG";40;631,4;"CONSELHEIRO LAFAIETE";"Desobediência às normas de trânsito pelo condutor";"Colisão transversal";"Com Vítimas Feridas";"Pleno dia";"Decrescente";"Céu Claro";"Simples";"Não Informado";"Sim";3;0;1;1;1;0;2;2;-20,67279;-43,79764;"SR-MG";"UOP02";"DEL05"
270718;2020-02-21;"sexta-feira";"14:50:00";"PB";230;117,3;"INGA";"Falta de Atenção à Condução";"Colisão traseira";"Com Vítimas Feridas";"Pleno dia";"Crescente";"Nublado";"Dupla";"Não Informado";"Não";3;0;2;0;1;0;2;2;-7,2393;-35,6128;"SR-PB";"UOP01";"DEL02"
270719;2020-02-21;"sexta-feira";"10:55:00";"RO";364;12,3;"VILHENA";"Desobediência às normas de trânsito pelo condutor";"Colisão transversal";"Com Vítimas Feridas";"Pleno dia";"Crescente";"Nublado";"Dupla";"Rotatória";"Sim";2;0;1;1;0;0;2;2;-12,7437;-60,12148;"SR-RO";"UOP01";"DEL04"
270720;2020-02-21;"sexta-feira";"14:50:00";"MG";262;443,3;"NOVA SERRANA";"Falta de Atenção à Condução";"Colisão traseira";"Com Vítimas Feridas";"Pleno dia";"Decrescente";"Chuva";"Dupla";"Não Informado";"Sim";2;0;1;0;1;0;1;2;-19,87108;-44,97517;"SR-MG";"UOP03";"DEL08"
270721;2020-02-21;"sexta-feira";"15:25:00";"SE";101;69,4;"MARUIM";"Falta de Atenção à Condução";"Colisão traseira";"Com Vítimas Feridas";"Pleno dia";"Crescente";"Céu Claro";"Simples";"Reta";"Sim";8;0;1;0;7;0;1;3;-10,72937;-37,08101;"SR-SE";"UOP01";"DEL01"
270722;2020-02-09;"domingo";"16:40:00";"MG";40;402,8;"CURVELO";"Velocidade Incompatível";"Capotamento";"Com Vítimas Fatais";"Pleno dia";"Crescente";"Céu Claro";"Simples";"Reta";"Não";2;1;0;1;0;0;1;1;-19,055;-44,654;"SR-MG";"UOP01";"DEL02"
270723;2020-02-21;"sexta-feira";"14:30:00";"MS";60;103;"PARAISO DAS AGUAS";"Avarias e/ou desgaste excessivo no pneu";"Saída de leito carroçável";"Com Vítimas Feridas";"Pleno dia";"Crescente";"Nublado";"Simples";"Reta";"Não";3;0;3;0;0;0;3;1;-19,27349;-53,25214;"SR-MS";"UOP02";"DEL06"
270724;2020-02-21;"sexta-feira";"15:00:00";"RS";116;235;"NOVO HAMBURGO";"Falta de Atenção à Condução";"Colisão com objeto estático";"Com Vítimas Feridas";"Pleno dia";"Decrescente";"Céu Claro";"Múltipla";"Não Informado";"Sim";2;0;1;0;0;1;1;2;-29,66038;-51,14387;"SR-RS";"UOP02";"DEL01"
270725;2020-02-21;"sexta-feira";"15:30:00";"ES";262;51,9;"MARECHAL FLORIANO";"Falta de Atenção à Condução";"Colisão transversal";"Com Vítimas Feridas";"Pleno dia";"Crescente";"Nublado";"Simples";"Reta";"Não";2;0;0;1;1;0;1;2;-20,41363;-40,72366;"SR-ES";"UOP01";"DEL01"
270726;2020-02-21;"sexta-feira";"15:55:00";"ES";101;135;"LINHARES";"Ultrapassagem Indevida";"Colisão traseira";"Com Vítimas Feridas";"Pleno dia";"Crescente";"Sol";"Simples";"Reta";"Não";3;0;1;0;2;0;1;2;-19,27504;-40,08788;"SR-ES";"UOP01";"DEL04"
270727;2020-02-21;"sexta-feira";"15:50:00";"RJ";101;471;"ANGRA DOS REIS";"Falta de Atenção à Condução";"Colisão lateral";"Com Vítimas Feridas";"Pleno dia";"Crescente";"Chuva";"Simples";"Desvio Temporário";"Não";3;0;1;0;1;1;1;2;-22,9965;-44,22906;"SR-RJ";"UOP02";"DEL03"