"id";"data_inversa";"dia_semana";"horario";"uf";"br";"km";"municipio";"causa_acidente";"tipo_acidente";"classificacao_acidente";"fase_dia";"sentido_via";"condicao_metereologica";"tipo_pista";"tracado_via";"uso_solo";"pessoas";"mortos";"feridos_leves";"feridos_graves";"ilesos";"ignorados";"feridos";"veiculos";"latitude";"longitude";"regional";"delegacia";"uop"
270917;2020-02-22;"sábado";"10:00:00";"PR";376;670;"GUARATUBA";"Falta de Atenção à Condução";"Colisão traseira";"Com Vítimas Feridas";"Pleno dia";"Crescente";"Céu Claro";"Dupla";"Reta";"Não";3;0;1;0;2;0;1;2;-25,87689;-48,93586;"SR-PR";"UOP05";"DEL01"
270918;2020-02-22;"sábado";"09:30:00";"ES";101;368,5;"ANCHIETA";"Ingestão de álcool e/ou substâncias psicoativas pelo pedestre";"Tombamento";"Com Vítimas Feridas";"Pleno dia";"Crescente";"Nublado";"Simples";"Curva";"Não";1;0;1;0;0;0;1;1;-20,75375;-40,75895;"SR-ES";"UOP01";"DEL03"
270919;2020-02-22;"sábado";"04:20:00";"PI";316;267,3;"IPIRANGA DO PIAUI";"Ingestão de Álcool";"Colisão lateral";"Com Vítimas Feridas";"Plena Noite";"Decrescente";"Nublado";"Simples";"Curva";"Não";2;0;1;0;1;0;1;2;-6,899015;-41,74204;"SR-PI";"UOP02";"DEL04"
270920;2020-01-30;"quinta-feira";"07:30:00";"RJ";116;181;"NOVA IGUACU";"Falta de Atenção à Condução";"Engavetamento";"Com Vítimas Feridas";"Pleno dia";"Decrescente";"Céu Claro";"Dupla";"Reta";"Não";5;0;3;0;2;0;3;4;-22,76131;-43,42349;"SR-RJ";"DEL5/1";"UOP02/RJ"
270921;2020-02-22;"sábado";"06:50:00";"PR";476;131;"CURITIBA";"Falta de Atenção à Condução";"Colisão lateral";"Com Vítimas Feridas";"Pleno dia";"Crescente";"Céu Claro";"Dupla";"Reta";"Sim";5;0;0;1;1;3;1;2;-25,54685;-49,29074;"SR-PR";"UOP06";"DEL01"
270922;2020-02-22;"sábado";"10:15:00";"ES";101;95,5;"JAGUARE";"Não guardar distância de segurança";"Engavetamento";"Com Vítimas Feridas";"Pleno dia";"Decrescente";"Sol";"Simples";"Reta";"Não";12;0;2;0;10;0;2;3;-18,93905;-39,97577;"SR-ES";"UOP02";"DEL04"
270923;2020-02-22;"sábado";"08:10:00";"RJ";101;236;"SILVA JARDIM";"Falta de Atenção à Condução";"Colisão transversal";"Com Vítimas Feridas";"Pleno dia";"Crescente";"Céu Claro";"Simples";"Interseção de vias";"Sim";2;0;1;0;1;0;1;1;-22,61014;-42,40427;"SR-RJ";"UOP03";"DEL02"
270924;2020-02-22;"sábado";"11:00:00";"PR";476;161;"ARAUCARIA";"Ingestão de Álcool";"Colisão lateral";"Com Vítimas Feridas";"Pleno dia";"Crescente";"Nublado";"Simples";"Reta";"Não";3;0;0;1;2;0;1;3;-25,62287;-49,44758;"SR-PR";"UOP04";"DEL01"
270925;2020-02-22;"sábado";"11:05:00";"PB";101;57,1;"SANTA RITA";"Avarias e/ou desgaste excessivo no pneu";"Saída de leito carroçável";"Com Vítimas Feridas";"Pleno dia";"Decrescente";"Sol";"Dupla";"Reta";"Não";4;0;4;0;0;0;4;1;-6,978667;-35,07724;"SR-PB";"UOP03";"DEL01"
270927;2020-02-22;"sábado";"10:12:00";"SP";116;191,5;"SANTA ISABEL";"Falta de Atenção à Condução";"Colisão transversal";"Com Vítimas Feridas";"Pleno dia";"Decrescente";"Nublado";"Dupla";"Não Informado";"Sim";3;0;1;0;2;0;1;2;-23,37124;-46,2426;"SR-SP";"UOP01";"DEL02"
270928;2020-02-22;"sábado";"07:30:00";"MS";158;175,8;"APARECIDA DO TABOADO";"Falta de Atenção à Condução";"Saída de leito carroçável";"Com Vítimas Feridas";"Pleno dia";"Decrescente";"Nublado";"Simples";"Não Informado";"Não";1;0;1;0;0;0;1;1;-20,23206;-51,32639;"SR-MS";"UOP01";"DEL08"
270929;2020-02-22;"sábado";"08:40:00";"MT";364;350;"SANTO ANTONIO DO LEVERGER";"Falta de Atenção à Condução";"Saída de leito carroçável";"Com Vítimas Feridas";"Pleno dia";"Crescente";"Chuva";"Simples";"Reta";"Não";1;0;1;0;0;0;1;1;-15,80518;-55,55687;"SR-MT";"UOP02";"DEL01"
270931;2020-02-22;"sábado";"10:45:00";"SC";280;49,5;"GUARAMIRIM";"Falta de Atenção à Condução";"Colisão transversal";"Com Vítimas Feridas";"Pleno dia";"Decrescente";"Céu Claro";"Simples";"Interseção de vias";"Não";2;0;1;0;1;0;1;2;-26,4585;-48,93693;"SR-SC";"UOP03";"DEL03"
270932;2020-02-22;"sábado";"11:40:00";"PR";277;347,4;"GUARAPUAVA";"Falta de Atenção à Condução";"Colisão transversal";"Com Vítimas Feridas";"Pleno dia";"Crescente";"Céu Claro";"Simples";"Reta";"Sim";2;0;1;0;1;0;1;2;-25,37662;-51,50469;"SR-PR";"UOP01";"DEL08"
270933;2020-02-22;"sábado";"11:00:00";"PR";277;35;"MORRETES";"Falta de Atenção à Condução";"Colisão lateral";"Com Vítimas Feridas";"Pleno dia";"Decrescente";"Garoa/Chuvisco";"Dupla";"Não Informado";"Não";4;0;2;0;2;0;2;2;-25,57231;-48,83514;"SR-PR";"UOP07";"DEL01"
270934;2020-02-22;"sábado";"11:40:00";"PB";101;83,8;"BAYEUX";"Desobediência às normas de trânsito pelo condutor";"Engavetamento";"Sem Vítimas";"Pleno dia";"Crescente";"Nublado";"Dupla";"Reta";"Sim";3;0;0;0;3;0;0;3;-7,13377;-34,92964;"SR-PB";"UOP01";"DEL01"
270935;2020-02-22;"sábado";"07:20:00";"TO";235;173;"TUPIRAMA";"Falta de Atenção à Condução";"Saída de leito carroçável";"Com Vítimas Feridas";"Pleno dia";"Crescente";"Céu Claro";"Simples";"Reta";"Não";2;0;2;0;0;0;2;1;-8,966375;-48,24752;"SR-TO";"UOP03";"DEL02"
270936;2020-02-22;"sábado";"11:35:00";"RN";406;168;"SAO GONCALO DO AMARANTE";"Velocidade Incompatível";"Colisão traseira";"Com Vítimas Feridas";"Pleno dia";"Decrescente";"Sol";"Dupla";"Reta";"Não";2;0;1;0;1;0;1;2;-5,752695;-35,31535;"SR-RN";"UOP01";"DEL02"
270937;2020-02-22;"sábado";"10:45:00";"SC";282;26,5;"SANTO AMARO DA IMPERATRIZ";"Velocidade Incompatível";"Tombamento";"Com Vítimas Feridas";"Pleno dia";"Decrescente";"Céu Claro";"Simples";"Reta";"Não";2;0;1;0;0;1;1;2;-27,67741;-48,76621;"SR-SC";"UOP03";"DEL01"
270939;2020-01-18;"sábado";"15:00:00";"SP";116;467;"JACUPIRANGA";"Avarias e/ou desgaste excessivo no pneu";"Saída de leito carroçável";"Com Vítimas Feridas";"Pleno dia";"Crescente";"Garoa/Chuvisco";"Dupla";"Reta";"Não";2;0;2;0;0;0;2;1;-24,64935;-47,93125;"SR-SP";"DEL6/5";"UOP01/SP"
270940;2020-02-22;"sábado";"11:30:00";"PA";316;74,2;"CASTANHAL";"Falta de Atenção à Condução";"Colisão transversal";"Com Vítimas Feridas";"Pleno dia";"Decrescente";"Nublado";"Simples";"Reta";"Não";5;0;3;1;1;0;4;2;-1,291316;-47,83082;"SR-PA";"UOP01";"DEL01"
270941;2020-02-22;"sábado";"08:20:00";"MG";116;267;"TEOFILO OTONI";"Pista Escorregadia";"Tombamento";"Com Vítimas Feridas";"Pleno dia";"Crescente";"Céu Claro";"Simples";"Curva";"Não";1;0;1;0;0;0;1;1;-17,77863;-41,49957;"SR-MG";"UOP01";"DEL11"
270942;2020-02-22;"sábado";"11:30:00";"RN";110;44,6;"MOSSORO";"Falta de Atenção à Condução";"Colisão transversal";"Com Vítimas Feridas";"Pleno dia";"Crescente";"Nublado";"Simples";"Reta";"Sim";2;0;2;0;0;0;2;2;-5,187178;-37,30391;"SR-RN";"UOP01";"DEL04"
270943;2020-02-22;"sábado";"12:00:00";"MG";116;282,6;"TEOFILO OTONI";"Falta de Atenção à Condução";"Colisão lateral";"Com Vítimas Feridas";"Pleno dia";"Decrescente";"Céu Claro";"Simples";"Curva";"Não";1;0;1;0;0;0;1;1;-17,90237;-41,52293;"SR-MG";"UOP01";"DEL11"
270944;2020-02-22;"sábado";"09:00:00";"PE";101;74;"RECIFE";"Falta de Atenção à Condução";"Capotamento";"Com Vítimas Feridas";"Pleno dia";"Crescente";"Nublado";"Dupla";"Não Informado";"Sim";3;0;3;0;0;0;3;1;-8,103716;-34,94858;"SR-PE";"UOP01";"DEL01"
270945;2020-02-22;"sábado";"12:10:00";"PR";376;622;"SAO JOSE DOS PINHAIS";"Falta de Atenção à Condução";"Colisão traseira";"Sem Vítimas";"Pleno dia";"Crescente";"Nublado";"Dupla";"Reta";"Não";2;0;0;0;2;0;0;2;-25,62623;-49,16548;"SR-PR";"UOP01";"DEL01"
270946;2020-02-22;"sábado";"12:15:00";"SC";101;81;"BARRA VELHA";"Falta de Atenção à Condução";"Engavetamento";"Com Vítimas Feridas";"Pleno dia";"Crescente";"Céu Claro";"Dupla";"Não Informado";"Não";6;0;3;0;3;0;3;3;-26,60256;-48,72554;"SR-SC";"UOP02";"DEL03"
270947;2020-02-22;"sábado";"12:10:00";"SC";280;31,3;"ARAQUARI";"Desobediência às normas de trânsito pelo condutor";"Colisão transversal";"Com Vítimas Feridas";"Pleno dia";"Crescente";"Céu Claro";"Simples";"Reta";"Sim";2;0;1;0;1;0;1;2;-26,4165;-48,77181;"SR-SC";"UOP03";"DEL03"
270948;2020-02-22;"sábado";"12:05:00";"ES";101;101;"JAGUARE";"Ultrapassagem Indevida";"Colisão frontal";"Com Vítimas Fatais";"Pleno dia";"Crescente";"Céu Claro";"Simples";"Não Informado";"Não";5;3;0;0;1;1;0;2;-18,98834;-39,99933;"SR-ES";"UOP02";"DEL04"
270949;2020-01-18;"sábado";"05:10:00";"RJ";116;222;"PARACAMBI";"Defeito Mecânico no Veículo";"Tombamento";"Sem Vítimas";"Amanhecer";"Decrescente";"Céu Claro";"Dupla";"Desvio Temporário";"Não";1;0;0;0;1;0;0;1;-22,68055;-43,83991;"SR-RJ";"DEL5/7";"UOP01/RJ"
270950;2020-02-22;"sábado";"12:30:00";"ES";101;366,6;"ANCHIETA";"Falta de Atenção à Condução";"Engavetamento";"Com Vítimas Feridas";"Pleno dia";"Decrescente";"Nublado";"Simples";"Reta";"Não";7;0;4;0;3;0;4;3;-20,74047;-40,76046;"SR-ES";"UOP01";"DEL03"
270951;2020-02-22;"sábado";"10:10:00";"RS";480;72,4;"ERECHIM";"Desobediência às normas de trânsito pelo condutor";"Colisão transversal";"Com Vítimas Feridas";"Pleno dia";"Crescente";"Céu Claro";"Simples";"Interseção de vias";"Sim";3;0;2;0;0;1;2;2;-27,63998;-52,30602;"SR-RS";"UOP04";"DEL08"
270952;2020-02-22;"sábado";"10:26:00";"PR";369;173;"ROLANDIA";"Desobediência às normas de trânsito pelo condutor";"Colisão transversal";"Sem Vítimas";"Pleno dia";"Decrescente";"Nublado";"Simples";"Interseção de vias";"Sim";2;0;0;0;1;1;0;2;-23,3195;-51,38061;"SR-PR";"UOP01";"DEL07"
270953;2020-02-22;"sábado";"11:30:00";"ES";262;53,8;"MARECHAL FLORIANO";"Ingestão de Álcool";"Colisão traseira";"Com Vítimas Feridas";"Pleno dia";"Crescente";"Nublado";"Simples";"Não Informado";"Não";4;0;1;0;3;0;1;3;-20,41417;-40,74019;"SR-ES";"UOP01";"DEL01"
270954;2020-02-22;"sábado";"09:50:00";"RJ";40;21;"TRES RIOS";"Velocidade Incompatível";"Saída de leito carroçável";"Com Vítimas Feridas";"Pleno dia";"Crescente";"Nublado";"Simples";"Rotatória";"Não";3;0;3;0;0;0;3;1;-22,11775;-43,15756;"SR-RJ";"UOP01";"DEL06"
270955;2020-02-22;"sábado";"08:45:00";"MT";70;710,4;"CACERES";"Pista Escorregadia";"Tombamento";"Sem Vítimas";"Pleno dia";"Crescente";"Chuva";"Simples";"Curva";"Não";3;0;0;0;3;0;0;1;-16,247;-57,51219;"SR-MT";"UOP01";"DEL03"
270956;2020-02-22;"sábado";"12:30:00";"AL";101;15,4;"NOVO LINO";"Falta de Atenção à Condução";"Capotamento";"Com Vítimas Feridas";"Pleno dia";"Decrescente";"Céu Claro";"Dupla";"Reta";"Não";5;0;2;2;1;0;4;1;-8,989624;-35,67169;"SR-AL";"UOP02";"DEL01"
270958;2020-02-22;"sábado";"13:00:00";"RJ";116;294;"PORTO REAL";"Ingestão de álcool e/ou substâncias psicoativas pelo pedestre";"Colisão lateral";"Sem Vítimas";"Pleno dia";"Decrescente";"Céu Claro";"Dupla";"Não Informado";"Não";3;0;0;0;3;0;0;3;-22,45429;-44,30084;"SR-RJ";"UOP02";"DEL07"
270959;2020-02-22;"sábado";"13:00:00";"MG";381;425;"SABARA";"Falta de Atenção à Condução";"Colisão lateral";"Com Vítimas Feridas";"Pleno dia";"Decrescente";"Céu Claro";"Simples";"Reta";"Não";2;0;1;0;1;0;1;2;-19,78992;-43,68234;"SR-MG";"UOP01";"DEL01"
270960;2020-02-06;"quinta-feira";"22:20:00";"SP";153;61,6;"SAO JOSE DO RIO PRETO";"Defeito na Via";"Tombamento";"Com Vítimas Feridas";"Plena Noite";"Decrescente";"Ignorado";"Dupla";"Interseção de vias";"Sim";1;0;1;0;0;0;1;1;-20,80947;-49,3562;"SR-SP";"UOP01";"DEL09"
270961;2020-02-22;"sábado";"13:00:00";"GO";60;4;"SANTO ANTONIO DO DESCOBERTO";"Avarias e/ou desgaste excessivo no pneu";"Saída de leito carroçável";"Com Vítimas Feridas";"Pleno dia";"Crescente";"Chuva";"Dupla";"Curva";"Não";5;0;1;0;4;0;1;1;-16,08825;-48,27298;"SR-DF";"UOP02";"DEL01"
270962;2020-02-22;"sábado";"13:20:00";"SC";470;143;"RIO DO SUL";"Desobediência às normas de trânsito pelo condutor";"Colisão transversal";"Com Vítimas Feridas";"Pleno dia";"Decrescente";"Sol";"Simples";"Reta";"Sim";2;0;2;0;0;0;2;2;-27,23314;-49,67289;"SR-SC";"UOP02";"DEL04"
270963;2020-02-20;"quinta-feira";"23:20:00";"MA";10;178;"CAMPESTRE DO MARANHAO";"Ingestão de Álcool";"Tombamento";"Com Vítimas Fatais";"Plena Noite";"Decrescente";"Céu Claro";"Simples";"Reta";"Sim";1;1;0;0;0;0;0;1;-6,158751;-47,36765;"SR-MA";"UOP02";"DEL04"
270964;2020-02-22;"sábado";"13:00:00";"RJ";101;304;"SAO GONCALO";"Falta de Atenção à Condução";"Atropelamento de Pedestre";"Com Vítimas Feridas";"Pleno dia";"Decrescente";"Nublado";"Dupla";"Reta";"Sim";2;0;1;0;1;0;1;1;-22,78492;-42,98628;"SR-RJ";"UOP01";"DEL02"
270965;2020-02-22;"sábado";"12:10:00";"PE";232;79;"GRAVATA";"Falta de Atenção à Condução";"Colisão traseira";"Sem Vítimas";"Pleno dia";"Decrescente";"Céu Claro";"Simples";"Desvio Temporário";"Sim";2;0;0;0;2;0;0;2;-8,194606;-35,56075;"SR-PE";"UOP04";"DEL01"
270966;2020-02-22;"sábado";"13:30:00";"MG";40;549;"NOVA LIMA";"Velocidade Incompatível";"Colisão lateral";"Com Vítimas Feridas";"Pleno dia";"Decrescente";"Sol";"Dupla";"Curva";"Sim";4;0;1;2;1;0;3;3;-20,03972;-43,96703;"SR-MG";"UOP02";"DEL01"
270967;2020-02-22;"sábado";"11:50:00";"SC";101;174;"GOVERNADOR CELSO RAMOS";"Velocidade Incompatível";"Saída de leito carroçável";"Com Vítimas Feridas";"Pleno dia";"Decrescente";"Sol";"Dupla";"Reta";"Não";2;0;2;0;0;0;2;1;-27,33082;-48,62698;"SR-SC";"UOP01";"DEL01"
270968;2020-02-22;"sábado";"12:50:00";"SC";101;331;"TUBARAO";"Falta de Atenção à Condução";"Tombamento";"Com Vítimas Feridas";"Pleno dia";"Decrescente";"Céu Claro";"Dupla";"Reta";"Não";1;0;0;1;0;0;1;1;-28,45711;-48,98437;"SR-SC";"UOP01";"DEL02"
270969;2020-02-22;"sábado";"12:20:00";"SC";101;134;"BALNEARIO CAMBORIU";"Falta de Atenção à Condução";"Colisão lateral";"Com Vítimas Feridas";"Pleno dia";"Crescente";"Sol";"Dupla";"Reta";"Sim";2;0;1;0;1;0;1;2;-27,00218;-48,63643;"SR-SC";"UOP03";"DEL04"
270970;2020-02-22;"sábado";"13:30:00";"GO";60;34;"GOIANIA";"Não guardar distância de segurança";"Colisão traseira";"Com Vítimas Feridas";"Pleno dia";"Decrescente";"Céu Claro";"Dupla";"Não Informado";"Não";4;0;1;0;3;0;1;2;-16,7129;-49,358;"SR-GO";"UOP02";"DEL01"
270971;2020-02-22;"sábado";"12:00:00";"MT";163;697;"SORRISO";"Velocidade Incompatível";"Saída de leito carroçável";"Com Vítimas Feridas";"Pleno dia";"Crescente";"Chuva";"Simples";"Reta";"Não";1;0;1;0;0;0;1;1;-13,00311;-55,8879;"SR-MT";"UOP01";"DEL06"
270972;2020-02-22;"sábado";"08:05:00";"SC";101;380;"ICARA";"Falta de Atenção do Pedestre";"Atropelamento de Pedestre";"Com Vítimas Feridas";"Pleno dia";"Crescente";"Céu Claro";"Dupla";"Reta";"Sim";2;0;0;1;1;0;1;1;-28,75047;-49,26873;"SR-SC";"UOP02";"DEL02"
270973;2020-02-22;"sábado";"12:50:00";"MG";356;267,5;"MURIAE";"Falta de Atenção à Condução";"Colisão transversal";"Com Vítimas Feridas";"Pleno dia";"Decrescente";"Sol";"Simples";"Interseção de vias";"Sim";2;0;1;0;1;0;1;2;-21,12574;-42,3527;"SR-MG";"UOP02";"DEL07"
270974;2020-02-22;"sábado";"11:45:00";"MG";116;268,5;"TEOFILO OTONI";"Não guardar distância de segurança";"Colisão traseira";"Sem Vítimas";"Pleno dia";"Crescente";"Céu Claro";"Simples";"Não Informado";"Não";2;0;0;0;1;1;0;2;-17,78709;-41,49977;"SR-MG";"UOP01";"DEL11"
270975;2020-02-06;"quinta-feira";"09:45:00";"SP";116;474,5;"JACUPIRANGA";"Falta de Atenção à Condução";"Saída de leito carroçável";"Com Vítimas Feridas";"Pleno dia";"Decrescente";"Céu Claro";"Dupla";"Reta";"Não";1;0;1;0;0;0;1;1;-24,68015;-47,98251;"SR-SP";"DEL6/5";"UOP01/SP"
270977;2020-02-22;"sábado";"14:20:00";"GO";70;19;"COCALZINHO DE GOIAS";"Falta de Atenção à Condução";"Colisão traseira";"Sem Vítimas";"Pleno dia";"Crescente";"Céu Claro";"Simples";"Não Informado";"Não";2;0;0;0;2;0;0;2;-15,74342;-48,36575;"SR-DF";"UOP03";"DEL01"
270978;2020-02-22;"sábado";"14:20:00";"SC";280;29;"ARAQUARI";"Desobediência às normas de trânsito pelo condutor";"Colisão transversal";"Com Vítimas Feridas";"Pleno dia";"Crescente";"Céu Claro";"Simples";"Reta";"Sim";2;0;1;0;1;0;1;2;-26,41066;-48,75296;"SR-SC";"UOP03";"DEL03"
270979;2020-02-22;"sábado";"02:05:00";"PE";423;93,6;"GARANHUNS";"Ingestão de Álcool";"Queda de ocupante de veículo";"Com Vítimas Feridas";"Plena Noite";"Decrescente";"Nublado";"Simples";"Não Informado";"Sim";1;0;1;0;0;0;1;1;-8,872017;-36,46668;"SR-PE";"UOP01";"DEL03"
270980;2020-02-22;"sábado";"14:30:00";"BA";116;16,7;"VITORIA DA CONQUISTA";"Falta de Atenção à Condução";"Colisão transversal";"Com Vítimas Feridas";"Pleno dia";"Decrescente";"Sol";"Simples";"Interseção de vias";"Não";3;0;2;0;1;0;2;2;-14,90235;-40,84422;"SR-BA";"UOP01";"DEL08"
270981;2020-02-22;"sábado";"08:25:00";"SP";381;16,5;"BRAGANCA PAULISTA";"Condutor Dormindo";"Colisão com objeto estático";"Com Vítimas Feridas";"Pleno dia";"Crescente";"Nublado";"Dupla";"Não Informado";"Não";2;0;2;0;0;0;2;1;-22,95797;-46,48079;"SR-SP";"UOP01";"DEL03"
270982;2020-02-22;"sábado";"13:45:00";"PR";116;102;"SAO JOSE DOS PINHAIS";"Falta de Atenção à Condução";"Colisão lateral";"Sem Vítimas";"Pleno dia";"Crescente";"Nublado";"Dupla";"Reta";"Não";2;0;0;0;2;0;0;2;-25,56942;-49,18098;"SR-PR";"UOP01";"DEL01"
270983;2020-02-22;"sábado";"12:00:00";"SC";282;526;"XAXIM";"Velocidade Incompatível";"Saída de leito carroçável";"Com Vítimas Feridas";"Pleno dia";"Crescente";"Sol";"Simples";"Curva";"Não";1;0;1;0;0;0;1;1;-26,96943;-52,57497;"SR-SC";"UOP01";"DEL07"
270984;2020-02-22;"sábado";"14:20:00";"PR";376;161,2;"MARINGA";"Mal Súbito";"Queda de ocupante de veículo";"Com Vítimas Feridas";"Pleno dia";"Decrescente";"Sol";"Dupla";"Reta";"Sim";1;0;1;0;0;0;1;1;-23,36726;-52,06833;"SR-PR";"UOP01";"DEL09"
270985;2020-02-22;"sábado";"14:10:00";"SC";101;115,9;"ITAJAI";"Não guardar distância de segurança";"Colisão traseira";"Com Vítimas Fatais";"Pleno dia";"Crescente";"Sol";"Múltipla";"Reta";"Sim";2;1;0;0;1;0;0;2;-26,87064;-48,72954;"SR-SC";"UOP04";"DEL04"
270987;2020-02-22;"sábado";"14:20:00";"CE";20;426;"FORTALEZA";"Falta de Atenção à Condução";"Colisão lateral";"Com Vítimas Feridas";"Pleno dia";"Decrescente";"Chuva";"Dupla";"Reta";"Não";2;0;1;0;1;0;1;2;-3,860557;-38,54215;"SR-CE";"UOP02";"DEL01"
270988;2020-02-22;"sábado";"12:30:00";"SC";101;262;"GAROPABA";"Ingestão de Álcool";"Saída de leito carroçável";"Com Vítimas Feridas";"Pleno dia";"Decrescente";"Céu Claro";"Dupla";"Reta";"Não";2;0;1;0;1;0;1;2;-28,03539;-48,70884;"SR-SC";"UOP03";"DEL02"
270989;2020-02-22;"sábado";"14:40:00";"SP";116;141;"SAO JOSE DOS CAMPOS";"Defeito Mecânico no Veículo";"Tombamento";"Com Vítimas Feridas";"Pleno dia";"Crescente";"Nublado";"Dupla";"Reta";"Não";1;0;1;0;0;0;1;1;-23,17005;-45,82091;"SR-SP";"UOP01";"DEL06"
270990;2020-02-22;"sábado";"12:30:00";"PR";277;472;"NOVA LARANJEIRAS";"Falta de Atenção à Condução";"Colisão transversal";"Com Vítimas Feridas";"Pleno dia";"Crescente";"Céu Claro";"Simples";"Curva";"Sim";2;0;1;0;1;0;1;2;-25,30701;-52,54301;"SR-PR";"UOP03";"DEL04"
270991;2020-02-22;"sábado";"15:00:00";"MG";40;609,8;"CONGONHAS";"Ingestão de Álcool";"Saída de leito carroçável";"Com Vítimas Feridas";"Pleno dia";"Crescente";"Céu Claro";"Simples";"Curva";"Sim";2;0;1;0;1;0;1;1;-20,49314;-43,83689;"SR-MG";"UOP02";"DEL05"
270992;2020-02-22;"sábado";"13:27:00";"SP";116;363;"MIRACATU";"Carga excessiva e/ou mal acondicionada";"Derramamento de carga";"Sem Vítimas";"Pleno dia";"Decrescente";"Garoa/Chuvisco";"Dupla";"Curva";"Não";1;0;0;0;1;0;0;1;-24,13876;-47,27331;"SR-SP";"UOP02";"DEL04"
270993;2020-02-22;"sábado";"13:10:00";"PR";277;453,6;"LARANJEIRAS DO SUL";"Desobediência às normas de trânsito pelo condutor";"Colisão transversal";"Com Vítimas Feridas";"Pleno dia";"Decrescente";"Céu Claro";"Simples";"Reta";"Sim";2;0;0;1;1;0;1;2;-25,38432;-52,40744;"SR-PR";"UOP03";"DEL04"
270996;2020-02-21;"sexta-feira";"07:20:00";"PA";163;1003,3;"SANTAREM";"Desobediência às normas de trânsito pelo condutor";"Colisão transversal";"Com Vítimas Feridas";"Pleno dia";"Crescente";"Garoa/Chuvisco";"Simples";"Reta";"Sim";2;0;1;0;1;0;1;2;-2,446885;-54,73048;"SR-PA";"UOP01";"DEL05"
270997;2020-02-22;"sábado";"13:55:00";"RO";364;22;"VILHENA";"Não guardar distância de segurança";"Engavetamento";"Com Vítimas Feridas";"Pleno dia";"Crescente";"Chuva";"Simples";"Reta";"Não";3;0;1;0;2;0;1;3;-12,72527;-60,21119;"SR-RO";"UOP01";"DEL04"
270998;2020-02-22;"sábado";"14:45:00";"SP";116;56;"LORENA";"Mal Súbito";"Colisão traseira";"Com Vítimas Feridas";"Pleno dia";"Decrescente";"Nublado";"Dupla";"Reta";"Não";3;0;1;0;2;0;1;2;-22,76904;-45,13041;"SR-SP";"UOP02";"DEL08"
270999;2020-02-22;"sábado";"15:30:00";"BA";116;564;"NOVA ITARANA";"Ultrapassagem Indevida";"Colisão frontal";"Com Vítimas Fatais";"Pleno dia";"Crescente";"Céu Claro";"Simples";"Reta";"Não";3;1;2;0;0;0;2;2;-12,96345;-39,92778;"SR-BA";"UOP02";"DEL03"
271000;2020-02-22;"sábado";"13:35:00";"MT";163;638;"NOVA MUTUM";"Defeito na Via";"Capotamento";"Com Vítimas Feridas";"Pleno dia";"Crescente";"Chuva";"Simples";"Reta";"Não";2;0;2;0;0;0;2;1;-13,57556;-56,02965;"SR-MT";"UOP01";"DEL01"
271001;2020-02-02;"domingo";"20:15:00";"SP";116;207;"GUARULHOS";"Ingestão de Álcool";"Colisão lateral";"Sem Vítimas";"Plena Noite";"Crescente";"Chuva";"Múltipla";"Reta";"Sim";3;0;0;0;3;0;0;3;-23,41972;-46,38419;"SR-SP";"DEL6/1";"UOP01/SP"
271002;2020-02-22;"sábado";"15:30:00";"ES";447;11;"VILA VELHA";"Falta de Atenção do Pedestre";"Atropelamento de Pedestre";"Com Vítimas Feridas";"Pleno dia";"Decrescente";"Nublado";"Dupla";"Reta";"Sim";3;0;1;1;0;1;2;1;-20,35784;-40,33283;"SR-ES";"UOP01";"DEL01"
271004;2020-02-22;"sábado";"10:45:00";"MG";365;555;"NOVA PONTE";"Avarias e/ou desgaste excessivo no pneu";"Colisão com objeto estático";"Com Vítimas Feridas";"Pleno dia";"Crescente";"Nublado";"Simples";"Reta";"Não";5;0;3;0;2;0;3;2;-18,93208;-47,73258;"SR-MG";"UOP02";"DEL15"
271006;2020-02-22;"sábado";"15:30:00";"SC";470;188,5;"POUSO REDONDO";"Velocidade Incompatível";"Tombamento";"Com Vítimas Fatais";"Pleno dia";"Crescente";"Sol";"Simples";"Reta";"Não";2;1;0;0;1;0;0;2;-27,26689;-50,06012;"SR-SC";"UOP02";"DEL04"
271007;2020-02-22;"sábado";"14:00:00";"MS";262;98,8;"TRES LAGOAS";"Defeito na Via";"Saída de leito carroçável";"Com Vítimas Feridas";"Pleno dia";"Decrescente";"Céu Claro";"Simples";"Curva";"Não";5;0;4;1;0;0;5;1;-20,57418;-52,47719;"SR-MS";"UOP02";"DEL07"
271009;2020-02-22;"sábado";"15:55:00";"GO";153;559;"PROFESSOR JAMIL";"Velocidade Incompatível";"Saída de leito carroçável";"Com Vítimas Feridas";"Pleno dia";"Crescente";"Chuva";"Dupla";"Não Informado";"Não";1;0;1;0;0;0;1;1;-17,2115;-49,2226;"SR-GO";"UOP01";"DEL03"
271011;2020-02-22;"sábado";"15:40:00";"BA";101;869;"TEIXEIRA DE FREITAS";"Falta de Atenção à Condução";"Colisão transversal";"Com Vítimas Feridas";"Pleno dia";"Decrescente";"Sol";"Simples";"Não Informado";"Não";2;0;1;0;1;0;1;2;-17,47254;-39,70513;"SR-BA";"UOP02";"DEL09"