"id";"data_inversa";"dia_semana";"horario";"uf";"br";"km";"municipio";"causa_acidente";"tipo_acidente";"classificacao_acidente";"fase_dia";"sentido_via";"condicao_metereologica";"tipo_pista";"tracado_via";"uso_solo";"pessoas";"mortos";"feridos_leves";"feridos_graves";"ilesos";"ignorados";"feridos";"veiculos";"latitude";"longitude";"regional";"delegacia";"uop"
271012;2020-02-22;"sábado";"16:02:00";"RN";101;61,1;"CEARA-MIRIM";"Ingestão de Álcool";"Saída de leito carroçável";"Com Vítimas Feridas";"Pleno dia";"Decrescente";"Sol";"Simples";"Reta";"Não";2;0;2;0;0;0;2;1;-5,607715;-35,25871;"SR-RN";"UOP01";"DEL02"
271013;2020-02-22;"sábado";"16:00:00";"RJ";393;268;"BARRA DO PIRAI";"Agressão Externa";"Colisão com objeto em movimento";"Sem Vítimas";"Pleno dia";"Crescente";"Nublado";"Simples";"Reta";"Não";1;0;0;0;1;0;0;1;-22,4878;-43,90933;"SR-RJ";"UOP02";"DEL05"
271014;2020-02-22;"sábado";"15:30:00";"PB";101;120,3;"CAAPORA";"Defeito na Via";"Colisão com objeto estático";"Com Vítimas Feridas";"Pleno dia";"Decrescente";"Céu Claro";"Dupla";"Reta";"Não";2;0;1;0;1;0;1;1;-7,435226;-34,97278;"SR-PB";"UOP01";"DEL01"
271015;2020-02-22;"sábado";"16:13:00";"MG";381;396,7;"BOM JESUS DO AMPARO";"Desobediência às normas de trânsito pelo condutor";"Colisão transversal";"Com Vítimas Feridas";"Pleno dia";"Decrescente";"Céu Claro";"Simples";"Reta";"Sim";5;0;4;0;1;0;4;2;-19,7636;-43,45978;"SR-MG";"UOP01";"DEL01"
271016;2020-02-22;"sábado";"15:50:00";"SC";101;358;"SANGAO";"Falta de Atenção à Condução";"Saída de leito carroçável";"Com Vítimas Feridas";"Pleno dia";"Decrescente";"Céu Claro";"Dupla";"Reta";"Não";4;0;2;2;0;0;4;1;-28,6486;-49,10387;"SR-SC";"UOP01";"DEL02"
271017;2020-02-22;"sábado";"09:00:00";"PA";163;964;"BELTERRA";"Pista Escorregadia";"Capotamento";"Sem Vítimas";"Pleno dia";"Crescente";"Chuva";"Simples";"Curva";"Não";2;0;0;0;0;2;0;1;-2,689977;-54,87344;"SR-PA";"UOP01";"DEL05"
271018;2020-02-22;"sábado";"13:10:00";"PI";316;10,5;"TERESINA";"Falta de Atenção à Condução";"Colisão transversal";"Com Vítimas Feridas";"Pleno dia";"Crescente";"Nublado";"Múltipla";"Interseção de vias";"Sim";3;0;2;0;0;1;2;2;-5,182802;-42,7635;"SR-PI";"UOP02";"DEL01"
271019;2020-02-22;"sábado";"16:40:00";"GO";153;505;"APARECIDA DE GOIANIA";"Desobediência às normas de trânsito pelo condutor";"Colisão lateral";"Com Vítimas Feridas";"Pleno dia";"Decrescente";"Céu Claro";"Dupla";"Reta";"Sim";2;0;0;1;1;0;1;2;-16,7537;-49,2411;"SR-GO";"UOP01";"DEL01"
271020;2020-02-22;"sábado";"14:00:00";"GO";414;331,5;"COCALZINHO DE GOIAS";"Velocidade Incompatível";"Saída de leito carroçável";"Com Vítimas Feridas";"Pleno dia";"Decrescente";"Chuva";"Simples";"Não Informado";"Não";3;0;2;0;1;0;2;1;-15,48181;-48,61622;"SR-GO";"UOP01";"DEL02"
271021;2020-02-22;"sábado";"15:50:00";"RS";290;46;"GLORINHA";"Não guardar distância de segurança";"Engavetamento";"Com Vítimas Feridas";"Pleno dia";"Decrescente";"Céu Claro";"Múltipla";"Reta";"Não";4;0;1;0;3;0;1;3;-29,89154;-50,72021;"SR-RS";"UOP01";"DEL03"
271022;2020-02-22;"sábado";"15:30:00";"MG";365;398,8;"PATOS DE MINAS";"Velocidade Incompatível";"Colisão frontal";"Com Vítimas Feridas";"Pleno dia";"Decrescente";"Chuva";"Simples";"Reta";"Não";8;0;7;0;1;0;7;4;-18,62845;-46,40555;"SR-MG";"UOP01";"DEL10"
271023;2020-02-22;"sábado";"16:05:00";"CE";116;40;"HORIZONTE";"Ingestão de Álcool";"Colisão traseira";"Sem Vítimas";"Pleno dia";"Crescente";"Céu Claro";"Múltipla";"Reta";"Sim";2;0;0;0;2;0;0;2;-4,09497;-38,50352;"SR-CE";"UOP02";"DEL01"
271024;2020-02-22;"sábado";"15:00:00";"SC";101;144;"ITAPEMA";"Ingestão de Álcool";"Colisão com objeto estático";"Com Vítimas Feridas";"Pleno dia";"Decrescente";"Sol";"Dupla";"Reta";"Sim";2;0;1;0;1;0;1;1;-27,07327;-48,59673;"SR-SC";"UOP03";"DEL04"
271025;2020-02-22;"sábado";"16:00:00";"MG";40;732,3;"OLIVEIRA FORTES";"Velocidade Incompatível";"Saída de leito carroçável";"Sem Vítimas";"Pleno dia";"Crescente";"Chuva";"Dupla";"Curva";"Não";1;0;0;0;1;0;0;1;-21,34762;-43,58123;"SR-MG";"UOP01";"DEL05"
271027;2020-02-22;"sábado";"17:30:00";"DF";20;17,4;"BRASILIA";"Ingestão de Álcool";"Colisão traseira";"Com Vítimas Feridas";"Anoitecer";"Decrescente";"Chuva";"Dupla";"Não Informado";"Sim";6;0;5;0;1;0;5;2;-15,62137;-47,71698;"SR-DF";"UOP01";"DEL02"
271028;2020-02-22;"sábado";"17:40:00";"PR";376;599;"CURITIBA";"Restrição de Visibilidade";"Colisão traseira";"Sem Vítimas";"Pleno dia";"Crescente";"Céu Claro";"Dupla";"Reta";"Sim";2;0;0;0;2;0;0;2;-25,5263;-49,32958;"SR-PR";"UOP04";"DEL01"
271029;2020-02-22;"sábado";"17:15:00";"MG";459;95,5;"POUSO ALEGRE";"Ingestão de Álcool";"Queda de ocupante de veículo";"Com Vítimas Feridas";"Pleno dia";"Crescente";"Nublado";"Simples";"Curva";"Não";2;0;0;2;0;0;2;1;-22,18978;-45,98303;"SR-MG";"UOP01";"DEL09"
271030;2020-02-22;"sábado";"14:30:00";"MG";116;90,9;"MEDINA";"Pista Escorregadia";"Colisão frontal";"Com Vítimas Feridas";"Pleno dia";"Crescente";"Chuva";"Simples";"Não Informado";"Não";3;0;1;1;1;0;2;2;-16,35068;-41,47415;"SR-MG";"UOP02";"DEL11"
271031;2020-02-22;"sábado";"14:00:00";"MG";40;666;"CARANDAI";"Desobediência às normas de trânsito pelo condutor";"Colisão transversal";"Com Vítimas Feridas";"Pleno dia";"Decrescente";"Nublado";"Simples";"Não Informado";"Não";4;0;1;0;3;0;1;2;-20,94471;-43,80862;"SR-MG";"UOP02";"DEL05"
271032;2020-02-22;"sábado";"18:15:00";"BA";324;358;"RIACHAO DO JACUIPE";"Desobediência às normas de trânsito pelo condutor";"Colisão frontal";"Com Vítimas Feridas";"Anoitecer";"Decrescente";"Céu Claro";"Simples";"Reta";"Não";8;0;7;1;0;0;8;2;-11,83862;-39,35114;"SR-BA";"UOP02";"DEL04"
271033;2020-02-22;"sábado";"18:30:00";"CE";222;220,5;"SOBRAL";"Falta de Atenção à Condução";"Colisão transversal";"Com Vítimas Feridas";"Plena Noite";"Decrescente";"Céu Claro";"Simples";"Curva";"Não";2;0;1;0;1;0;1;2;-3,734883;-40,31796;"SR-CE";"UOP01";"DEL04"
271034;2020-02-22;"sábado";"18:35:00";"MG";116;689,4;"MURIAE";"Pista Escorregadia";"Colisão frontal";"Com Vítimas Feridas";"Amanhecer";"Decrescente";"Chuva";"Simples";"Curva";"Não";2;0;1;0;1;0;1;2;-21,00211;-42,36709;"SR-MG";"UOP02";"DEL07"
271035;2020-02-22;"sábado";"18:09:00";"SP";116;205;"ARUJA";"Objeto estático sobre o leito carroçável";"Colisão com objeto estático";"Com Vítimas Feridas";"Anoitecer";"Decrescente";"Garoa/Chuvisco";"Dupla";"Reta";"Sim";3;0;2;0;1;0;2;1;-23,41475;-46,36601;"SR-SP";"UOP01";"DEL01"
271036;2020-02-22;"sábado";"18:45:00";"RN";101;112;"PARNAMIRIM";"Falta de Atenção à Condução";"Colisão transversal";"Com Vítimas Feridas";"Plena Noite";"Crescente";"Céu Claro";"Dupla";"Reta";"Não";2;0;0;1;1;0;1;2;-5,96429;-35,26488;"SR-RN";"UOP01";"DEL01"
271038;2020-02-22;"sábado";"19:00:00";"RN";101;58;"CEARA-MIRIM";"Ingestão de Álcool";"Colisão transversal";"Com Vítimas Feridas";"Plena Noite";"Crescente";"Céu Claro";"Simples";"Interseção de vias";"Não";2;0;0;1;1;0;1;2;-5,587614;-35,27668;"SR-RN";"UOP01";"DEL02"
271039;2020-02-22;"sábado";"17:45:00";"MS";60;376,1;"CAMPO GRANDE";"Desobediência às normas de trânsito pelo condutor";"Colisão lateral";"Com Vítimas Feridas";"Anoitecer";"Crescente";"Céu Claro";"Simples";"Reta";"Não";4;0;1;0;3;0;1;2;-20,59682;-54,72845;"SR-MS";"UOP04";"DEL01"
271040;2020-02-22;"sábado";"09:00:00";"PR";116;29;"CAMPINA GRANDE DO SUL";"Velocidade Incompatível";"Colisão com objeto estático";"Com Vítimas Feridas";"Pleno dia";"Decrescente";"Garoa/Chuvisco";"Dupla";"Curva";"Sim";3;0;1;0;2;0;1;2;-25,06739;-48,60379;"SR-PR";"UOP02";"DEL01"
271041;2020-02-22;"sábado";"19:20:00";"GO";60;15;"ALEXANIA";"Avarias e/ou desgaste excessivo no pneu";"Colisão traseira";"Com Vítimas Feridas";"Plena Noite";"Decrescente";"Chuva";"Dupla";"Curva";"Não";6;0;1;0;5;0;1;2;-16,10945;-48,35829;"SR-DF";"UOP02";"DEL01"
271042;2020-02-22;"sábado";"19:00:00";"PE";232;9,6;"RECIFE";"Falta de Atenção do Pedestre";"Atropelamento de Pedestre";"Com Vítimas Feridas";"Plena Noite";"Decrescente";"Céu Claro";"Dupla";"Reta";"Sim";3;0;1;1;0;1;2;1;-8,077644;-34,97864;"SR-PE";"UOP01";"DEL01"
271044;2020-02-22;"sábado";"19:10:00";"PI";343;4,2;"TERESINA";"Não guardar distância de segurança";"Colisão traseira";"Com Vítimas Feridas";"Plena Noite";"Decrescente";"Nublado";"Múltipla";"Reta";"Sim";2;0;1;0;1;0;1;2;-5,080295;-42,7871;"SR-PI";"UOP01";"DEL01"
271045;2020-02-22;"sábado";"18:00:00";"SC";280;56;"GUARAMIRIM";"Ingestão de Álcool";"Colisão frontal";"Com Vítimas Fatais";"Pleno dia";"Crescente";"Céu Claro";"Simples";"Curva";"Sim";8;1;1;4;1;1;5;3;-26,57116;-48,95807;"SR-SC";"UOP03";"DEL03"
271046;2020-02-22;"sábado";"17:00:00";"MG";40;618,7;"CONGONHAS";"Falta de Atenção à Condução";"Colisão traseira";"Sem Vítimas";"Pleno dia";"Decrescente";"Chuva";"Simples";"Curva";"Sim";2;0;0;0;2;0;0;2;-20,5727;-43,81235;"SR-MG";"UOP02";"DEL05"
271047;2020-02-22;"sábado";"14:50:00";"MT";364;347;"SANTO ANTONIO DO LEVERGER";"Desobediência às normas de trânsito pelo pedestre";"Tombamento";"Com Vítimas Feridas";"Pleno dia";"Crescente";"Céu Claro";"Dupla";"Desvio Temporário";"Não";1;0;1;0;0;0;1;1;-15,80735;-55,54692;"SR-MT";"UOP02";"DEL01"
271048;2020-02-22;"sábado";"19:20:00";"PA";230;118,5;"MARABA";"Desobediência às normas de trânsito pelo condutor";"Colisão transversal";"Com Vítimas Feridas";"Plena Noite";"Crescente";"Céu Claro";"Dupla";"Interseção de vias";"Sim";4;0;2;0;2;0;2;2;-5,350332;-49,10226;"SR-PA";"UOP01";"DEL03"
271049;2020-02-22;"sábado";"19:20:00";"GO";153;59,9;"PORANGATU";"Ingestão de Álcool";"Colisão frontal";"Com Vítimas Feridas";"Plena Noite";"Crescente";"Chuva";"Simples";"Reta";"Não";2;0;1;0;1;0;1;2;-13,33063;-49,12;"SR-GO";"UOP01";"DEL07"
271050;2020-02-22;"sábado";"19:35:00";"MG";40;416;"CURVELO";"Desobediência às normas de trânsito pelo condutor";"Colisão lateral";"Com Vítimas Feridas";"Plena Noite";"Decrescente";"Chuva";"Simples";"Reta";"Não";4;0;2;0;2;0;2;3;-19,15189;-44,60268;"SR-MG";"UOP01";"DEL02"
271051;2020-02-22;"sábado";"17:30:00";"PR";376;161,3;"MARINGA";"Falta de Atenção à Condução";"Colisão lateral";"Com Vítimas Feridas";"Anoitecer";"Crescente";"Nublado";"Dupla";"Reta";"Sim";2;0;1;0;1;0;1;2;-23,37282;-52,05547;"SR-PR";"UOP01";"DEL09"
271052;2020-02-22;"sábado";"17:30:00";"PR";373;438;"CHOPINZINHO";"Ingestão de Álcool";"Colisão frontal";"Com Vítimas Fatais";"Anoitecer";"Crescente";"Céu Claro";"Simples";"Curva";"Não";2;1;0;0;1;0;0;2;-25,79881;-52,2749;"SR-PR";"UOP01";"DEL02"
271053;2020-02-22;"sábado";"17:40:00";"PA";316;96;"SANTA MARIA DO PARA";"Carga excessiva e/ou mal acondicionada";"Saída de leito carroçável";"Com Vítimas Feridas";"Pleno dia";"Crescente";"Céu Claro";"Simples";"Reta";"Não";2;0;1;0;0;1;1;2;-1,328787;-47,63912;"SR-PA";"UOP02";"DEL01"
271054;2020-02-22;"sábado";"18:30:00";"RJ";101;298;"ITABORAI";"Falta de Atenção à Condução";"Queda de ocupante de veículo";"Com Vítimas Feridas";"Plena Noite";"Decrescente";"Garoa/Chuvisco";"Dupla";"Reta";"Sim";2;0;2;0;0;0;2;1;-22,7714;-42,92896;"SR-RJ";"UOP01";"DEL02"
271055;2020-02-22;"sábado";"19:20:00";"MG";381;874,5;"ESTIVA";"Velocidade Incompatível";"Capotamento";"Com Vítimas Feridas";"Plena Noite";"Crescente";"Nublado";"Dupla";"Reta";"Não";1;0;1;0;0;0;1;1;-22,45619;-46,00793;"SR-MG";"UOP01";"DEL16"
271056;2020-02-22;"sábado";"19:45:00";"PA";163;989;"SANTAREM";"Ultrapassagem Indevida";"Colisão frontal";"Com Vítimas Fatais";"Plena Noite";"Crescente";"Nublado";"Simples";"Reta";"Não";4;1;0;0;3;0;0;2;-2,565797;-54,72138;"SR-PA";"UOP01";"DEL05"
271057;2020-02-22;"sábado";"19:15:00";"MG";40;790,1;"JUIZ DE FORA";"Falta de Atenção à Condução";"Tombamento";"Com Vítimas Feridas";"Plena Noite";"Decrescente";"Nublado";"Dupla";"Reta";"Não";1;0;1;0;0;0;1;1;-21,77131;-43,43619;"SR-MG";"UOP01";"DEL05"
271059;2020-02-22;"sábado";"19:30:00";"ES";101;71;"SAO MATEUS";"Falta de Atenção à Condução";"Colisão transversal";"Com Vítimas Feridas";"Plena Noite";"Crescente";"Céu Claro";"Simples";"Reta";"Não";2;0;1;0;1;0;1;2;-18,75351;-39,8626;"SR-ES";"UOP02";"DEL04"
271060;2020-02-22;"sábado";"19:20:00";"MG";459;84,7;"CONGONHAL";"Ingestão de Álcool";"Saída de leito carroçável";"Com Vítimas Feridas";"Plena Noite";"Crescente";"Nublado";"Simples";"Reta";"Sim";1;0;1;0;0;0;1;1;-22,15026;-46,03468;"SR-MG";"UOP01";"DEL09"
271061;2020-02-22;"sábado";"19:50:00";"SP";116;222,7;"GUARULHOS";"Falta de Atenção à Condução";"Colisão lateral";"Com Vítimas Feridas";"Plena Noite";"Crescente";"Nublado";"Múltipla";"Reta";"Sim";3;0;2;0;1;0;2;2;-23,476;-46,52611;"SR-SP";"UOP01";"DEL01"
271062;2020-02-22;"sábado";"19:00:00";"MS";463;1,9;"DOURADOS";"Ingestão de Álcool";"Tombamento";"Com Vítimas Feridas";"Plena Noite";"Decrescente";"Céu Claro";"Simples";"Não Informado";"Sim";1;0;0;1;0;0;1;1;-22,25906;-54,8137;"SR-MS";"UOP01";"DEL04"
271063;2020-02-22;"sábado";"20:10:00";"MG";381;510;"SAO JOAQUIM DE BICAS";"Falta de Atenção à Condução";"Tombamento";"Com Vítimas Feridas";"Plena Noite";"Crescente";"Céu Claro";"Múltipla";"Interseção de vias";"Sim";1;0;1;0;0;0;1;1;-20,0559;-44,28623;"SR-MG";"UOP03";"DEL01"
271064;2020-02-22;"sábado";"20:00:00";"GO";70;10,9;"AGUAS LINDAS DE GOIAS";"Velocidade Incompatível";"Tombamento";"Com Vítimas Feridas";"Plena Noite";"Crescente";"Nublado";"Dupla";"Não Informado";"Sim";1;0;1;0;0;0;1;1;-15,73738;-48,29228;"SR-DF";"UOP03";"DEL01"
271065;2020-02-22;"sábado";"19:30:00";"RS";287;249;"SANTA MARIA";"Falta de Atenção do Pedestre";"Atropelamento de Pedestre";"Com Vítimas Feridas";"Plena Noite";"Crescente";"Céu Claro";"Simples";"Reta";"Sim";2;0;2;0;0;0;2;1;-29,69401;-53,861;"SR-RS";"UOP01";"DEL09"
271066;2020-02-22;"sábado";"20:10:00";"PI";343;347,3;"TERESINA";"Falta de Atenção do Pedestre";"Atropelamento de Pedestre";"Com Vítimas Feridas";"Plena Noite";"Crescente";"Nublado";"Simples";"Não Informado";"Sim";3;0;2;1;0;0;3;1;-5,116224;-42,78146;"SR-PI";"UOP01";"DEL01"
271067;2020-02-22;"sábado";"16:00:00";"MT";70;715,7;"CACERES";"Fenômenos da Natureza";"Capotamento";"Sem Vítimas";"Pleno dia";"Crescente";"Chuva";"Simples";"Curva";"Não";4;0;0;0;4;0;0;1;-16,24065;-57,55553;"SR-MT";"UOP01";"DEL03"
271068;2020-02-22;"sábado";"20:30:00";"ES";101;308;"VIANA";"Restrição de Visibilidade";"Colisão com objeto estático";"Com Vítimas Feridas";"Plena Noite";"Crescente";"Chuva";"Simples";"Reta";"Não";1;0;1;0;0;0;1;1;-20,40809;-40,45835;"SR-ES";"UOP01";"DEL03"
271069;2020-02-22;"sábado";"18:49:00";"GO";60;180,3;"ABADIA DE GOIAS";"Falta de Atenção à Condução";"Saída de leito carroçável";"Sem Vítimas";"Plena Noite";"Decrescente";"Chuva";"Dupla";"Desvio Temporário";"Não";2;0;0;0;2;0;0;1;-16,7666;-49,4751;"SR-GO";"UOP02";"DEL01"
271070;2020-02-22;"sábado";"19:25:00";"MG";262;167;"SAO DOMINGOS DO PRATA";"Desobediência às normas de trânsito pelo condutor";"Atropelamento de Pedestre";"Com Vítimas Feridas";"Plena Noite";"Crescente";"Nublado";"Simples";"Reta";"Não";2;0;0;1;0;1;1;1;-19,95592;-42,88479;"SR-MG";"UOP03";"DEL03"
271071;2020-02-22;"sábado";"20:00:00";"RN";101;82,4;"NATAL";"Defeito na Via";"Colisão lateral";"Com Vítimas Feridas";"Plena Noite";"Crescente";"Céu Claro";"Dupla";"Reta";"Sim";3;0;2;0;1;0;2;2;-5,767915;-35,27456;"SR-RN";"UOP01";"DEL02"
271072;2020-02-22;"sábado";"20:40:00";"RS";116;525,8;"PELOTAS";"Falta de Atenção do Pedestre";"Atropelamento de Pedestre";"Com Vítimas Fatais";"Plena Noite";"Crescente";"Céu Claro";"Simples";"Reta";"Sim";5;1;0;0;3;1;0;1;-31,73595;-52,3935;"SR-RS";"UOP01";"DEL07"
271073;2020-02-22;"sábado";"16:35:00";"RS";290;605;"ALEGRETE";"Falta de Atenção à Condução";"Colisão lateral";"Sem Vítimas";"Pleno dia";"Crescente";"Céu Claro";"Simples";"Reta";"Não";5;0;0;0;4;1;0;2;-29,8896;-56,00626;"SR-RS";"UOP02";"DEL13"
271074;2020-02-22;"sábado";"18:50:00";"SP";116;326;"JUQUITIBA";"Ingestão de Álcool";"Colisão lateral";"Sem Vítimas";"Plena Noite";"Decrescente";"Garoa/Chuvisco";"Dupla";"Reta";"Sim";2;0;0;0;2;0;0;2;-23,93901;-47,06241;"SR-SP";"UOP01";"DEL04"
271075;2020-02-22;"sábado";"18:30:00";"RO";364;308;"PRESIDENTE MEDICI";"Falta de Atenção à Condução";"Queda de ocupante de veículo";"Com Vítimas Feridas";"Anoitecer";"Decrescente";"Chuva";"Simples";"Reta";"Sim";1;0;1;0;0;0;1;1;-11,17243;-61,90157;"SR-RO";"UOP01";"DEL02"
271076;2020-02-22;"sábado";"20:30:00";"SC";101;96;"BARRA VELHA";"Falta de Atenção à Condução";"Colisão traseira";"Com Vítimas Feridas";"Plena Noite";"Crescente";"Nublado";"Dupla";"Não Informado";"Não";4;0;2;0;2;0;2;3;-26,72543;-48,70237;"SR-SC";"UOP02";"DEL03"
271078;2020-02-22;"sábado";"08:10:00";"RJ";101;87;"CAMPOS DOS GOYTACAZES";"Velocidade Incompatível";"Colisão com objeto estático";"Com Vítimas Feridas";"Plena Noite";"Decrescente";"Chuva";"Dupla";"Curva";"Não";4;0;1;1;2;0;2;1;-21,82627;-41,49641;"SR-RJ";"UOP02";"DEL08"
271079;2020-02-22;"sábado";"20:00:00";"GO";60;94,6;"ANAPOLIS";"Restrição de Visibilidade";"Tombamento";"Com Vítimas Feridas";"Plena Noite";"Crescente";"Chuva";"Dupla";"Reta";"Sim";2;0;1;0;1;0;1;1;-16,3611;-48,9328;"SR-GO";"UOP01";"DEL02"
271080;2020-02-22;"sábado";"15:00:00";"MT";158;455,5;"RIBEIRAO CASCALHEIRA";"Velocidade Incompatível";"Saída de leito carroçável";"Com Vítimas Feridas";"Plena Noite";"Crescente";"Nublado";"Simples";"Curva";"Não";1;0;1;0;0;0;1;1;-13,18948;-51,92139;"SR-MT";"UOP02";"DEL07"
271081;2020-02-22;"sábado";"08:00:00";"AC";317;161;"CAPIXABA";"Falta de Atenção à Condução";"Tombamento";"Com Vítimas Feridas";"Pleno dia";"Crescente";"Céu Claro";"Simples";"Reta";"Não";2;0;1;0;0;1;1;1;-10,60855;-67,80153;"SR-AC";"UOP02";"DEL01"
271082;2020-02-22;"sábado";"20:00:00";"CE";304;20,5;"BEBERIBE";"Falta de Atenção à Condução";"Colisão transversal";"Com Vítimas Feridas";"Plena Noite";"Crescente";"Céu Claro";"Simples";"Reta";"Sim";3;0;2;0;1;0;2;2;-4,584993;-38,03151;"SR-CE";"UOP03";"DEL03"
271083;2020-02-22;"sábado";"16:20:00";"MG";381;539,6;"ITATIAIUCU";"Defeito Mecânico no Veículo";"Colisão traseira";"Com Vítimas Feridas";"Pleno dia";"Decrescente";"Nublado";"Dupla";"Não Informado";"Não";3;0;0;1;2;0;1;3;-20,24255;-44,41252;"SR-MG";"UOP03";"DEL04"
271084;2020-02-22;"sábado";"20:40:00";"BA";418;82;"NOVA VICOSA";"Fenômenos da Natureza";"Colisão com objeto estático";"Com Vítimas Feridas";"Plena Noite";"Crescente";"Chuva";"Simples";"Reta";"Não";2;0;2;0;0;0;2;1;-17,87825;-39,77543;"SR-BA";"UOP02";"DEL09"
271085;2020-02-22;"sábado";"21:25:00";"PR";376;187,4;"MARIALVA";"Desobediência às normas de trânsito pelo condutor";"Colisão transversal";"Com Vítimas Feridas";"Plena Noite";"Decrescente";"Nublado";"Dupla";"Retorno Regulamentado";"Sim";2;0;0;1;1;0;1;2;-23,45833;-51,84201;"SR-PR";"UOP01";"DEL09"
271086;2020-02-22;"sábado";"21:35:00";"PB";230;161,1;"CAMPINA GRANDE";"Não guardar distância de segurança";"Colisão traseira";"Com Vítimas Feridas";"Plena Noite";"Crescente";"Céu Claro";"Simples";"Reta";"Não";2;0;2;0;0;0;2;2;-7,2361;-35,941;"SR-PB";"UOP01";"DEL02"
271087;2020-02-22;"sábado";"19:15:00";"MG";262;467,2;"BOM DESPACHO";"Velocidade Incompatível";"Derramamento de carga";"Sem Vítimas";"Plena Noite";"Decrescente";"Chuva";"Simples";"Não Informado";"Não";1;0;0;0;1;0;0;1;-19,80324;-45,13352;"SR-MG";"UOP03";"DEL08"
271088;2020-02-22;"sábado";"21:40:00";"SP";116;214;"GUARULHOS";"Ingestão de Álcool";"Colisão lateral";"Com Vítimas Feridas";"Plena Noite";"Decrescente";"Nublado";"Múltipla";"Reta";"Sim";3;0;2;0;1;0;2;2;-23,44333;-46,44531;"SR-SP";"UOP01";"DEL01"
271089;2020-02-22;"sábado";"21:40:00";"MT";70;523;"CUIABA";"Desobediência às normas de trânsito pelo condutor";"Colisão transversal";"Com Vítimas Feridas";"Plena Noite";"Crescente";"Céu Claro";"Dupla";"Reta";"Sim";3;0;2;0;1;0;2;2;-15,64679;-56,00735;"SR-MT";"UOP02";"DEL05"
271090;2020-02-22;"sábado";"20:00:00";"ES";101;337,3;"GUARAPARI";"Ultrapassagem Indevida";"Colisão com objeto estático";"Com Vítimas Feridas";"Plena Noite";"Crescente";"Chuva";"Simples";"Reta";"Não";1;0;1;0;0;0;1;1;-20,63575;-40,54199;"SR-ES";"UOP01";"DEL03"
271091;2020-02-22;"sábado";"21:20:00";"SP";116;339;"JUQUITIBA";"Falta de Atenção à Condução";"Capotamento";"Com Vítimas Feridas";"Plena Noite";"Decrescente";"Garoa/Chuvisco";"Dupla";"Curva";"Não";3;0;2;0;1;0;2;1;-23,99839;-47,14927;"SR-SP";"UOP01";"DEL04"
271092;2020-02-22;"sábado";"14:30:00";"MS";163;673;"RIO VERDE DE MATO GROSSO";"Defeito Mecânico no Veículo";"Colisão lateral";"Sem Vítimas";"Pleno dia";"Decrescente";"Nublado";"Dupla";"Não Informado";"Não";2;0;0;0;2;0;0;2;-18,98291;-54,82611;"SR-MS";"UOP02";"DEL06"
271093;2020-02-22;"sábado";"22:20:00";"MG";267;126,3;"JUIZ DE FORA";"Falta de Atenção à Condução";"Colisão frontal";"Com Vítimas Feridas";"Plena Noite";"Crescente";"Nublado";"Simples";"Reta";"Não";2;0;0;1;1;0;1;2;-21,72382;-43,53971;"SR-MG";"UOP01";"DEL05"
271094;2020-02-22;"sábado";"21:30:00";"CE";222;21;"CAUCAIA";"Ingestão de Álcool";"Saída de leito carroçável";"Com Vítimas Feridas";"Plena Noite";"Decrescente";"Chuva";"Dupla";"Rotatória";"Não";2;0;2;0;0;0;2;2;-3,737153;-38,74294;"SR-CE";"UOP01";"DEL01"
271096;2020-02-14;"sexta-feira";"19:30:00";"MS";262;119;"AGUA CLARA";"Desobediência às normas de trânsito pelo condutor";"Saída de leito carroçável";"Com Vítimas Feridas";"Plena Noite";"Decrescente";"Céu Claro";"Simples";"Reta";"Não";8;0;1;0;7;0;1;2;-20,50819;-52,66356;"SR-MS";"UOP02";"DEL07"
271097;2020-02-22;"sábado";"20:10:00";"PA";163;1004;"SANTAREM";"Ingestão de Álcool";"Engavetamento";"Com Vítimas Feridas";"Plena Noite";"Crescente";"Céu Claro";"Dupla";"Reta";"Sim";4;0;1;0;3;0;1;3;-2,433377;-54,73385;"SR-PA";"UOP01";"DEL05"
271098;2020-02-22;"sábado";"17:40:00";"RS";287;441,3;"UNISTALDA";"Velocidade Incompatível";"Saída de leito carroçável";"Com Vítimas Fatais";"Pleno dia";"Crescente";"Céu Claro";"Simples";"Não Informado";"Não";1;1;0;0;0;0;0;1;-29,04052;-55,21903;"SR-RS";"UOP02";"DEL12"
271099;2020-02-22;"sábado";"21:05:00";"PE";428;103;"SANTA MARIA DA BOA VISTA";"Animais na Pista";"Capotamento";"Com Vítimas Feridas";"Plena Noite";"Crescente";"Céu Claro";"Simples";"Reta";"Não";2;0;1;0;0;1;1;1;-8,850882;-39,98045;"SR-PE";"UOP03";"DEL06"
271100;2020-02-22;"sábado";"22:30:00";"MG";365;820;"SANTA VITORIA";"Ingestão de Álcool";"Colisão traseira";"Com Vítimas Feridas";"Plena Noite";"Crescente";"Céu Claro";"Simples";"Reta";"Não";1;0;0;1;0;0;1;1;-18,87715;-50,09567;"SR-MG";"UOP03";"DEL15"
271101;2020-02-22;"sábado";"22:50:00";"MG";364;8,4;"PLANURA";"Condutor Dormindo";"Colisão com objeto estático";"Com Vítimas Feridas";"Plena Noite";"Crescente";"Nublado";"Simples";"Reta";"Não";2;0;2;0;0;0;2;1;-20,10591;-48,73741;"SR-MG";"UOP02";"DEL13"