"id";"data_inversa";"dia_semana";"horario";"uf";"br";"km";"municipio";"causa_acidente";"tipo_acidente";"classificacao_acidente";"fase_dia";"sentido_via";"condicao_metereologica";"tipo_pista";"tracado_via";"uso_solo";"pessoas";"mortos";"feridos_leves";"feridos_graves";"ilesos";"ignorados";"feridos";"veiculos";"latitude";"longitude";"regional";"delegacia";"uop"
271102;2020-02-22;"sábado";"22:00:00";"PI";343;317,4;"ALTOS";"Agressão Externa";"Colisão com objeto em movimento";"Com Vítimas Feridas";"Plena Noite";"Crescente";"Garoa/Chuvisco";"Simples";"Reta";"Não";2;0;2;0;0;0;2;1;-5,044959;-42,5445;"SR-PI";"UOP01";"DEL01"
271103;2020-02-22;"sábado";"14:40:00";"MG";262;48;"MANHUACU";"Ultrapassagem Indevida";"Colisão lateral";"Com Vítimas Feridas";"Pleno dia";"Crescente";"Nublado";"Simples";"Curva";"Não";1;0;1;0;0;0;1;1;-20,26495;-42,10379;"SR-MG";"UOP04";"DEL06"
271104;2020-02-22;"sábado";"20:20:00";"GO";414;416,5;"ABADIANIA";"Ingestão de Álcool";"Colisão lateral";"Com Vítimas Feridas";"Plena Noite";"Decrescente";"Chuva";"Simples";"Não Informado";"Não";2;0;0;1;1;0;1;2;-16,10363;-48,86669;"SR-GO";"UOP01";"DEL02"
271105;2020-02-22;"sábado";"21:00:00";"PE";101;69,9;"RECIFE";"Falta de Atenção do Pedestre";"Atropelamento de Pedestre";"Com Vítimas Feridas";"Plena Noite";"Decrescente";"Nublado";"Dupla";"Reta";"Não";2;0;1;0;1;0;1;1;-8,059516;-34,94581;"SR-PE";"UOP01";"DEL01"
271106;2020-02-22;"sábado";"20:30:00";"MG";381;529;"BRUMADINHO";"Velocidade Incompatível";"Saída de leito carroçável";"Com Vítimas Feridas";"Plena Noite";"Crescente";"Nublado";"Dupla";"Não Informado";"Não";2;0;1;0;1;0;1;1;-20,1662;-44,36914;"SR-MG";"UOP03";"DEL04"
271107;2020-02-22;"sábado";"22:20:00";"CE";304;47,5;"ARACATI";"Animais na Pista";"Atropelamento de Animal";"Sem Vítimas";"Plena Noite";"Decrescente";"Céu Claro";"Múltipla";"Reta";"Sim";1;0;0;0;1;0;0;1;-4,574024;-37,73636;"SR-CE";"UOP03";"DEL03"
271108;2020-02-22;"sábado";"22:30:00";"RJ";101;296;"ITABORAI";"Falta de Atenção à Condução";"Saída de leito carroçável";"Com Vítimas Feridas";"Plena Noite";"Crescente";"Nublado";"Dupla";"Curva";"Não";1;0;1;0;0;0;1;1;-22,76705;-42,9102;"SR-RJ";"UOP03";"DEL02"
271109;2020-02-22;"sábado";"22:10:00";"PE";423;95,5;"GARANHUNS";"Desobediência às normas de trânsito pelo condutor";"Colisão frontal";"Com Vítimas Feridas";"Plena Noite";"Decrescente";"Céu Claro";"Simples";"Curva";"Sim";6;0;5;0;1;0;5;2;-8,87892;-36,47796;"SR-PE";"UOP01";"DEL03"
271110;2020-02-22;"sábado";"20:15:00";"PR";373;460;"CHOPINZINHO";"Ingestão de Álcool";"Colisão com objeto estático";"Com Vítimas Feridas";"Plena Noite";"Crescente";"Céu Claro";"Simples";"Interseção de vias";"Não";2;0;0;1;1;0;1;1;-25,93602;-52,40158;"SR-PR";"UOP01";"DEL02"
271111;2020-02-22;"sábado";"23:00:00";"SP";381;86,5;"SAO PAULO";"Falta de Atenção à Condução";"Colisão frontal";"Com Vítimas Feridas";"Plena Noite";"Crescente";"Nublado";"Múltipla";"Reta";"Não";1;0;1;0;0;0;1;1;-23,4593;-46,57161;"SR-SP";"UOP01";"DEL03"
271112;2020-02-22;"sábado";"22:00:00";"MT";163;112;"RONDONOPOLIS";"Ingestão de Álcool";"Saída de leito carroçável";"Sem Vítimas";"Plena Noite";"Crescente";"Nublado";"Dupla";"Reta";"Não";1;0;0;0;1;0;0;1;-16,56185;-54,67931;"SR-MT";"UOP01";"DEL02"
271113;2020-02-22;"sábado";"23:00:00";"RJ";116;66;"TERESOPOLIS";"Falta de Atenção à Condução";"Colisão lateral";"Sem Vítimas";"Plena Noite";"Decrescente";"Nublado";"Simples";"Curva";"Não";2;0;0;0;2;0;0;2;-22,28531;-42,9306;"SR-RJ";"UOP02";"DEL06"
271114;2020-02-22;"sábado";"21:00:00";"MG";40;704;"BARBACENA";"Falta de Atenção à Condução";"Colisão traseira";"Com Vítimas Feridas";"Plena Noite";"Crescente";"Chuva";"Dupla";"Reta";"Sim";5;0;3;0;2;0;3;2;-21,20817;-43,74967;"SR-MG";"UOP02";"DEL05"
271115;2020-02-22;"sábado";"22:40:00";"SP";116;306,4;"SAO LOURENCO DA SERRA";"Falta de Atenção do Pedestre";"Atropelamento de Pedestre";"Com Vítimas Feridas";"Plena Noite";"Crescente";"Nublado";"Dupla";"Curva";"Sim";2;0;0;1;0;1;1;1;-23,84861;-46,93802;"SR-SP";"UOP01";"DEL04"
271116;2020-02-22;"sábado";"23:40:00";"ES";101;293;"CARIACICA";"Pista Escorregadia";"Tombamento";"Com Vítimas Feridas";"Plena Noite";"Decrescente";"Chuva";"Múltipla";"Reta";"Sim";1;0;1;0;0;0;1;1;-20,31526;-40,39567;"SR-ES";"UOP01";"DEL01"
271117;2020-02-23;"domingo";"00:25:00";"PR";369;245,7;"BOM SUCESSO";"Falta de Atenção à Condução";"Saída de leito carroçável";"Com Vítimas Feridas";"Plena Noite";"Decrescente";"Céu Claro";"Simples";"Curva";"Não";1;0;1;0;0;0;1;1;-23,705;-51,741;"SR-PR";"UOP03";"DEL07"
271118;2020-02-22;"sábado";"23:16:00";"PR";373;183;"PONTA GROSSA";"Ingestão de Álcool";"Colisão lateral";"Sem Vítimas";"Plena Noite";"Decrescente";"Céu Claro";"Simples";"Reta";"Não";2;0;0;0;2;0;0;2;-25,03936;-50,27676;"SR-PR";"UOP01";"DEL03"
271119;2020-02-23;"domingo";"00:15:00";"PR";116;121;"CURITIBA";"Velocidade Incompatível";"Colisão traseira";"Com Vítimas Feridas";"Plena Noite";"Decrescente";"Céu Claro";"Dupla";"Reta";"Não";5;0;0;4;1;0;4;3;-25,55993;-49,30744;"SR-PR";"UOP03";"DEL01"
271120;2020-02-23;"domingo";"00:10:00";"AL";316;101,1;"DOIS RIACHOS";"Animais na Pista";"Atropelamento de Animal";"Com Vítimas Feridas";"Plena Noite";"Decrescente";"Céu Claro";"Simples";"Reta";"Não";8;0;1;7;0;0;8;1;-9,388728;-37,10697;"SR-AL";"UOP01";"DEL03"
271121;2020-02-22;"sábado";"15:30:00";"MG";40;714;"BARBACENA";"Condutor Dormindo";"Colisão traseira";"Com Vítimas Feridas";"Pleno dia";"Decrescente";"Nublado";"Dupla";"Curva";"Não";4;0;3;0;1;0;3;2;-21,2483;-43,67987;"SR-MG";"UOP01";"DEL05"
271122;2020-02-23;"domingo";"00:45:00";"RJ";116;131;"MAGE";"Animais na Pista";"Atropelamento de Animal";"Sem Vítimas";"Plena Noite";"Decrescente";"Céu Claro";"Dupla";"Reta";"Não";1;0;0;0;1;0;0;1;-22,64968;-43,17378;"SR-RJ";"UOP02";"DEL04"
271123;2020-02-22;"sábado";"21:35:00";"SC";116;202;"PONTE ALTA";"Falta de Atenção à Condução";"Colisão traseira";"Sem Vítimas";"Plena Noite";"Decrescente";"Céu Claro";"Simples";"Reta";"Não";2;0;0;0;1;1;0;2;-27,4413;-50,39571;"SR-SC";"UOP03";"DEL05"
271124;2020-02-22;"sábado";"22:55:00";"MG";146;596,3;"BANDEIRA DO SUL";"Falta de Atenção à Condução";"Colisão com objeto estático";"Com Vítimas Feridas";"Plena Noite";"Decrescente";"Céu Claro";"Simples";"Não Informado";"Não";2;0;2;0;0;0;2;1;-21,74918;-46,40556;"SR-MG";"UOP01";"DEL09"
271125;2020-02-22;"sábado";"23:15:00";"SC";280;21;"ARAQUARI";"Falta de Atenção à Condução";"Colisão transversal";"Com Vítimas Feridas";"Plena Noite";"Decrescente";"Nublado";"Simples";"Reta";"Não";2;0;1;0;1;0;1;2;-26,37043;-48,6922;"SR-SC";"UOP03";"DEL03"
271126;2020-02-22;"sábado";"22:40:00";"DF";70;15,8;"BRASILIA";"Velocidade Incompatível";"Saída de leito carroçável";"Sem Vítimas";"Plena Noite";"Decrescente";"Céu Claro";"Dupla";"Reta";"Não";3;0;0;0;3;0;0;1;-15,79889;-48,18504;"SR-DF";"UOP03";"DEL01"
271127;2020-02-22;"sábado";"23:30:00";"RO";319;59,5;"PORTO VELHO";"Ingestão de Álcool";"Colisão traseira";"Sem Vítimas";"Plena Noite";"Crescente";"Garoa/Chuvisco";"Dupla";"Reta";"Sim";4;0;0;0;4;0;0;2;-8,740882;-63,89408;"SR-RO";"UOP01";"DEL01"
271128;2020-02-23;"domingo";"00:49:00";"BA";407;19;"JUAZEIRO";"Desobediência às normas de trânsito pelo condutor";"Colisão frontal";"Com Vítimas Feridas";"Plena Noite";"Crescente";"Nublado";"Simples";"Reta";"Não";3;0;1;1;1;0;2;2;-9,561148;-40,43635;"SR-BA";"UOP01";"DEL04"
271129;2020-02-23;"domingo";"01:05:00";"RS";116;302;"GUAIBA";"Ultrapassagem Indevida";"Colisão lateral";"Sem Vítimas";"Plena Noite";"Decrescente";"Nublado";"Dupla";"Reta";"Sim";2;0;0;0;2;0;0;2;-30,1397;-51,35943;"SR-RS";"UOP01";"DEL02"
271130;2020-02-22;"sábado";"21:20:00";"BA";415;18;"ILHEUS";"Não guardar distância de segurança";"Colisão traseira";"Com Vítimas Feridas";"Plena Noite";"Decrescente";"Nublado";"Simples";"Reta";"Não";6;0;2;0;4;0;2;2;-14,8482;-39,28199;"SR-BA";"UOP01";"DEL05"
271131;2020-02-23;"domingo";"01:50:00";"MG";364;3;"PLANURA";"Condutor Dormindo";"Tombamento";"Com Vítimas Feridas";"Plena Noite";"Crescente";"Nublado";"Simples";"Interseção de vias";"Sim";1;0;0;1;0;0;1;1;-20,13824;-48,70235;"SR-MG";"UOP02";"DEL13"
271132;2020-02-23;"domingo";"01:13:00";"PE";232;86,4;"GRAVATA";"Ingestão de Álcool";"Saída de leito carroçável";"Com Vítimas Feridas";"Plena Noite";"Crescente";"Céu Claro";"Dupla";"Curva";"Não";1;0;1;0;0;0;1;1;-8,212869;-35,62012;"SR-PE";"UOP04";"DEL01"
271133;2020-02-23;"domingo";"02:07:00";"PE";428;126,2;"LAGOA GRANDE";"Animais na Pista";"Atropelamento de Animal";"Sem Vítimas";"Plena Noite";"Crescente";"Céu Claro";"Simples";"Reta";"Não";2;0;0;0;2;0;0;1;-8,944483;-40,15677;"SR-PE";"UOP03";"DEL06"
271134;2020-02-23;"domingo";"00:40:00";"MG";50;67,3;"UBERLANDIA";"Ingestão de Álcool";"Atropelamento de Pedestre";"Com Vítimas Feridas";"Plena Noite";"Decrescente";"Nublado";"Dupla";"Reta";"Sim";2;0;1;0;1;0;1;1;-18,87541;-48,25918;"SR-MG";"UOP01";"DEL15"
271135;2020-02-23;"domingo";"02:00:00";"RJ";101;75,6;"CAMPOS DOS GOYTACAZES";"Desobediência às normas de trânsito pelo condutor";"Saída de leito carroçável";"Com Vítimas Feridas";"Plena Noite";"Decrescente";"Nublado";"Dupla";"Curva";"Não";1;0;0;1;0;0;1;1;-21,82206;-41,39908;"SR-RJ";"UOP02";"DEL08"
271136;2020-02-23;"domingo";"00:30:00";"PA";316;134;"BONITO";"Ingestão de Álcool";"Colisão com objeto estático";"Com Vítimas Feridas";"Plena Noite";"Crescente";"Céu Claro";"Simples";"Reta";"Não";2;0;0;1;1;0;1;2;-1,282969;-47,32505;"SR-PA";"UOP03";"DEL01"
271137;2020-02-23;"domingo";"01:09:00";"PA";163;999,8;"SANTAREM";"Ingestão de Álcool";"Tombamento";"Com Vítimas Feridas";"Plena Noite";"Crescente";"Céu Claro";"Simples";"Reta";"Sim";1;0;1;0;0;0;1;1;-2,482003;-54,73143;"SR-PA";"UOP01";"DEL05"
271138;2020-02-23;"domingo";"02:40:00";"RN";101;97;"NATAL";"Condutor Dormindo";"Colisão com objeto estático";"Sem Vítimas";"Plena Noite";"Decrescente";"Céu Claro";"Dupla";"Reta";"Sim";1;0;0;0;1;0;0;1;-5,857589;-35,21271;"SR-RN";"UOP01";"DEL01"
271139;2020-02-23;"domingo";"03:30:00";"PR";277;378,8;"GUARAPUAVA";"Ingestão de Álcool";"Saída de leito carroçável";"Sem Vítimas";"Plena Noite";"Decrescente";"Céu Claro";"Simples";"Reta";"Não";1;0;0;0;1;0;0;1;-25,41769;-51,77955;"SR-PR";"UOP01";"DEL08"
271140;2020-02-23;"domingo";"03:55:00";"MG";381;504,5;"BETIM";"Desobediência às normas de trânsito pelo condutor";"Colisão lateral";"Com Vítimas Feridas";"Plena Noite";"Decrescente";"Céu Claro";"Dupla";"Reta";"Sim";2;0;1;0;1;0;1;2;-20,04165;-44,26387;"SR-MG";"UOP03";"DEL01"
271141;2020-02-23;"domingo";"04:00:00";"PA";163;1004;"SANTAREM";"Ingestão de Álcool";"Queda de ocupante de veículo";"Com Vítimas Feridas";"Plena Noite";"Decrescente";"Céu Claro";"Dupla";"Reta";"Sim";2;0;2;0;0;0;2;1;-2,432549;-54,73432;"SR-PA";"UOP01";"DEL05"
271142;2020-02-23;"domingo";"03:25:00";"SC";101;84;"BARRA VELHA";"Falta de Atenção à Condução";"Colisão traseira";"Com Vítimas Feridas";"Plena Noite";"Decrescente";"Céu Claro";"Dupla";"Reta";"Não";3;0;1;0;2;0;1;2;-26,62405;-48,71395;"SR-SC";"UOP02";"DEL03"
271143;2020-02-23;"domingo";"03:50:00";"MG";40;473,8;"SETE LAGOAS";"Condutor Dormindo";"Colisão com objeto estático";"Com Vítimas Fatais";"Plena Noite";"Crescente";"Nublado";"Múltipla";"Não Informado";"Sim";3;1;1;1;0;0;2;1;-19,49635;-44,27992;"SR-MG";"UOP01";"DEL02"
271145;2020-02-23;"domingo";"04:40:00";"GO";153;675,9;"PANAMA";"Ingestão de Álcool";"Saída de leito carroçável";"Com Vítimas Fatais";"Plena Noite";"Crescente";"Nublado";"Dupla";"Curva";"Não";3;1;1;1;0;0;2;1;-18,1855;-49,2895;"SR-GO";"UOP02";"DEL03"
271146;2020-02-23;"domingo";"04:40:00";"RJ";101;296,7;"ITABORAI";"Falta de Atenção à Condução";"Queda de ocupante de veículo";"Com Vítimas Feridas";"Amanhecer";"Crescente";"Céu Claro";"Dupla";"Curva";"Sim";1;0;1;0;0;0;1;1;-22,76705;-42,9102;"SR-RJ";"UOP03";"DEL02"
271147;2020-02-23;"domingo";"02:00:00";"PR";277;6,5;"PARANAGUA";"Falta de Atenção à Condução";"Saída de leito carroçável";"Sem Vítimas";"Plena Noite";"Decrescente";"Garoa/Chuvisco";"Simples";"Curva";"Sim";1;0;0;0;0;1;0;1;-25,5682;-48,61529;"SR-PR";"UOP07";"DEL01"
271148;2020-02-23;"domingo";"04:30:00";"MG";381;440;"SANTA LUZIA";"Velocidade Incompatível";"Saída de leito carroçável";"Com Vítimas Feridas";"Plena Noite";"Decrescente";"Chuva";"Simples";"Curva";"Não";3;0;0;1;2;0;1;1;-19,8116;-43,79604;"SR-MG";"UOP01";"DEL01"
271149;2020-02-23;"domingo";"04:40:00";"SC";470;57;"BLUMENAU";"Ingestão de Álcool";"Colisão com objeto estático";"Sem Vítimas";"Plena Noite";"Crescente";"Nublado";"Simples";"Interseção de vias";"Sim";1;0;0;0;0;1;0;1;-26,88043;-49,13653;"SR-SC";"UOP01";"DEL04"
271150;2020-02-23;"domingo";"02:00:00";"BA";110;87;"JEREMOABO";"Condutor Dormindo";"Saída de leito carroçável";"Com Vítimas Feridas";"Plena Noite";"Decrescente";"Céu Claro";"Simples";"Reta";"Não";1;0;1;0;0;0;1;1;-10,18496;-38,28591;"SR-BA";"UOP01";"DEL07"
271151;2020-02-23;"domingo";"03:00:00";"MA";222;330;"IGARAPE DO MEIO";"Ingestão de Álcool";"Saída de leito carroçável";"Sem Vítimas";"Plena Noite";"Decrescente";"Ignorado";"Simples";"Reta";"Não";1;0;0;0;1;0;0;1;-3,588611;-45,02727;"SR-MA";"UOP01";"DEL02"
271152;2020-02-23;"domingo";"05:00:00";"SP";116;151,8;"SAO JOSE DOS CAMPOS";"Velocidade Incompatível";"Colisão traseira";"Com Vítimas Fatais";"Amanhecer";"Crescente";"Nublado";"Múltipla";"Reta";"Sim";5;1;2;0;2;0;2;3;-23,21981;-45,89992;"SR-SP";"UOP01";"DEL02"
271153;2020-02-23;"domingo";"04:30:00";"PE";408;75,2;"PAUDALHO";"Ingestão de Álcool";"Colisão traseira";"Sem Vítimas";"Amanhecer";"Decrescente";"Céu Claro";"Dupla";"Curva";"Sim";2;0;0;0;2;0;0;2;-7,905946;-35,17326;"SR-PE";"UOP01";"DEL01"
271154;2020-02-23;"domingo";"04:15:00";"PR";277;534,6;"IBEMA";"Mal Súbito";"Saída de leito carroçável";"Com Vítimas Feridas";"Plena Noite";"Decrescente";"Céu Claro";"Simples";"Não Informado";"Não";1;0;1;0;0;0;1;1;-25,10266;-52,98681;"SR-PR";"UOP02";"DEL04"
271155;2020-02-23;"domingo";"05:00:00";"MG";40;418;"CURVELO";"Desobediência às normas de trânsito pelo condutor";"Colisão frontal";"Com Vítimas Fatais";"Amanhecer";"Crescente";"Chuva";"Simples";"Reta";"Não";3;2;0;0;1;0;0;2;-19,15868;-44,58542;"SR-MG";"UOP01";"DEL02"
271156;2020-02-23;"domingo";"05:00:00";"CE";222;38,1;"CAUCAIA";"Ingestão de Álcool";"Colisão traseira";"Com Vítimas Fatais";"Amanhecer";"Decrescente";"Céu Claro";"Simples";"Reta";"Não";2;1;1;0;0;0;1;2;-3,692144;-38,89023;"SR-CE";"UOP01";"DEL01"
271158;2020-02-23;"domingo";"05:30:00";"ES";101;310;"VIANA";"Falta de Atenção à Condução";"Saída de leito carroçável";"Com Vítimas Feridas";"Amanhecer";"Decrescente";"Chuva";"Simples";"Reta";"Não";1;0;1;0;0;0;1;1;-20,4259;-40,46037;"SR-ES";"UOP01";"DEL03"
271159;2020-02-23;"domingo";"05:00:00";"PB";101;77;"SANTA RITA";"Falta de Atenção à Condução";"Saída de leito carroçável";"Com Vítimas Feridas";"Amanhecer";"Crescente";"Céu Claro";"Dupla";"Reta";"Sim";2;0;1;1;0;0;2;1;-7,099472;-34,96574;"SR-PB";"UOP03";"DEL01"
271160;2020-02-23;"domingo";"06:05:00";"GO";153;71;"PORANGATU";"Falta de Atenção à Condução";"Colisão transversal";"Com Vítimas Feridas";"Pleno dia";"Crescente";"Céu Claro";"Simples";"Interseção de vias";"Sim";3;0;1;0;2;0;1;2;-13,45846;-49,13558;"SR-GO";"UOP01";"DEL07"
271161;2020-02-23;"domingo";"06:30:00";"ES";101;146,2;"LINHARES";"Falta de Atenção à Condução";"Colisão lateral";"Com Vítimas Feridas";"Pleno dia";"Crescente";"Chuva";"Simples";"Reta";"Sim";2;0;0;1;1;0;1;2;-19,36991;-40,06561;"SR-ES";"UOP01";"DEL04"
271162;2020-02-23;"domingo";"04:20:00";"RJ";40;78,8;"PETROPOLIS";"Agressão Externa";"Saída de leito carroçável";"Sem Vítimas";"Plena Noite";"Crescente";"Nevoeiro/Neblina";"Simples";"Não Informado";"Não";43;0;0;0;43;0;0;1;-22,48486;-43,22843;"SR-RJ";"UOP03";"DEL06"
271163;2020-02-23;"domingo";"00:01:00";"PI";343;336,6;"TERESINA";"Defeito Mecânico no Veículo";"Incêndio";"Sem Vítimas";"Plena Noite";"Crescente";"Garoa/Chuvisco";"Simples";"Reta";"Não";1;0;0;0;1;0;0;1;-5,062547;-42,70519;"SR-PI";"UOP01";"DEL01"
271164;2020-02-23;"domingo";"05:45:00";"ES";101;293;"CARIACICA";"Falta de Atenção à Condução";"Colisão com objeto estático";"Com Vítimas Feridas";"Plena Noite";"Decrescente";"Chuva";"Dupla";"Reta";"Não";1;0;1;0;0;0;1;1;-20,33896;-40,38591;"SR-ES";"UOP01";"DEL01"
271165;2020-02-23;"domingo";"05:00:00";"PR";277;686;"SAO MIGUEL DO IGUACU";"Ingestão de Álcool";"Colisão traseira";"Com Vítimas Feridas";"Plena Noite";"Crescente";"Céu Claro";"Dupla";"Reta";"Não";3;0;1;2;0;0;3;2;-25,33976;-54,21578;"SR-PR";"UOP01";"DEL05"
271166;2020-01-30;"quinta-feira";"14:55:00";"SC";153;47;"VARGEM BONITA";"Falta de Atenção à Condução";"Colisão lateral";"Com Vítimas Feridas";"Pleno dia";"Decrescente";"Chuva";"Simples";"Curva";"Não";2;0;1;0;1;0;1;2;-26,91015;-51,78648;"SR-SC";"UOP06";"DEL07"
271167;2020-02-23;"domingo";"00:00:00";"MG";40;591;"ITABIRITO";"Agressão Externa";"Incêndio";"Sem Vítimas";"Plena Noite";"Crescente";"Nublado";"Simples";"Reta";"Não";1;0;0;0;0;1;0;1;-20,37467;-43,90772;"SR-MG";"UOP02";"DEL01"
271168;2020-02-23;"domingo";"06:45:00";"BA";324;610;"SIMOES FILHO";"Defeito Mecânico no Veículo";"Queda de ocupante de veículo";"Com Vítimas Feridas";"Pleno dia";"Decrescente";"Céu Claro";"Dupla";"Reta";"Sim";2;0;2;0;0;0;2;1;-12,82932;-38,41113;"SR-BA";"UOP01";"DEL01"
271169;2020-02-23;"domingo";"06:50:00";"ES";101;433,5;"ATILIO VIVACQUA";"Pista Escorregadia";"Capotamento";"Com Vítimas Feridas";"Pleno dia";"Crescente";"Nublado";"Simples";"Curva";"Não";1;0;1;0;0;0;1;1;-21,04218;-41,1839;"SR-ES";"UOP02";"DEL03"
271170;2020-02-23;"domingo";"06:30:00";"RJ";116;240,9;"PIRAI";"Pista Escorregadia";"Colisão com objeto estático";"Com Vítimas Feridas";"Pleno dia";"Decrescente";"Chuva";"Dupla";"Curva";"Não";1;0;1;0;0;0;1;1;-22,65028;-43,89345;"SR-RJ";"UOP01";"DEL07"
271171;2020-02-23;"domingo";"07:10:00";"RS";448;0;"SAPUCAIA DO SUL";"Falta de Atenção à Condução";"Colisão com objeto estático";"Sem Vítimas";"Pleno dia";"Decrescente";"Sol";"Dupla";"Viaduto";"Não";1;0;0;0;1;0;0;1;-29,82725;-51,17332;"SR-RS";"UOP02";"DEL01"
271172;2020-02-23;"domingo";"03:40:00";"SC";280;233;"CANOINHAS";"Ingestão de álcool e/ou substâncias psicoativas pelo pedestre";"Saída de leito carroçável";"Com Vítimas Feridas";"Plena Noite";"Crescente";"Céu Claro";"Simples";"Curva";"Não";1;0;1;0;0;0;1;1;-26,19146;-50,39215;"SR-SC";"UOP04";"DEL06"
271174;2020-02-23;"domingo";"07:45:00";"RS";287;254;"SANTA MARIA";"Falta de Atenção à Condução";"Colisão com objeto estático";"Com Vítimas Feridas";"Pleno dia";"Decrescente";"Céu Claro";"Simples";"Túnel";"Não";2;0;2;0;0;0;2;1;-29,68636;-53,91084;"SR-RS";"UOP01";"DEL09"
271175;2020-02-23;"domingo";"04:30:00";"MS";267;36,9;"BATAGUASSU";"Ingestão de Álcool";"Saída de leito carroçável";"Sem Vítimas";"Amanhecer";"Decrescente";"Nublado";"Simples";"Não Informado";"Não";1;0;0;0;1;0;0;1;-21,7526;-52,47901;"SR-MS";"DEL2";"UOP04/MS"
271176;2020-02-23;"domingo";"06:50:00";"SC";101;136,4;"BALNEARIO CAMBORIU";"Falta de Atenção do Pedestre";"Atropelamento de Pedestre";"Com Vítimas Feridas";"Pleno dia";"Decrescente";"Nublado";"Dupla";"Reta";"Sim";4;0;0;1;1;2;1;1;-27,00811;-48,61724;"SR-SC";"UOP03";"DEL04"
271177;2020-02-22;"sábado";"18:00:00";"RO";364;1062;"PORTO VELHO";"Desobediência às normas de trânsito pelo condutor";"Colisão frontal";"Com Vítimas Fatais";"Anoitecer";"Decrescente";"Nublado";"Simples";"Reta";"Não";3;1;0;1;1;0;1;2;-9,786353;-66,55164;"SR-RO";"UOP04";"DEL01"
271178;2020-02-23;"domingo";"07:15:00";"SC";101;131;"BALNEARIO CAMBORIU";"Falta de Atenção à Condução";"Saída de leito carroçável";"Com Vítimas Feridas";"Amanhecer";"Decrescente";"Sol";"Simples";"Reta";"Sim";4;0;2;2;0;0;4;1;-26,99295;-48,66059;"SR-SC";"UOP03";"DEL04"
271179;2020-02-23;"domingo";"05:40:00";"RO";319;62,1;"PORTO VELHO";"Pista Escorregadia";"Saída de leito carroçável";"Com Vítimas Feridas";"Amanhecer";"Decrescente";"Chuva";"Múltipla";"Interseção de vias";"Sim";1;0;1;0;0;0;1;1;-8,750145;-63,88782;"SR-RO";"UOP01";"DEL01"
271180;2020-02-23;"domingo";"08:00:00";"PR";476;124,5;"CURITIBA";"Condutor Dormindo";"Saída de leito carroçável";"Com Vítimas Feridas";"Pleno dia";"Decrescente";"Céu Claro";"Dupla";"Reta";"Sim";2;0;1;0;1;0;1;1;-25,39984;-49,21585;"SR-PR";"UOP06";"DEL01"
271181;2020-02-12;"quarta-feira";"02:30:00";"PR";116;36,4;"CAMPINA GRANDE DO SUL";"Falta de Atenção do Pedestre";"Queda de ocupante de veículo";"Com Vítimas Fatais";"Plena Noite";"Crescente";"Chuva";"Dupla";"Não Informado";"Não";3;1;0;0;1;1;0;2;-25,13138;-48,85747;"SR-PR";"UOP02";"DEL01"
271182;2020-02-23;"domingo";"05:10:00";"MG";116;411;"GOVERNADOR VALADARES";"Ingestão de Álcool";"Colisão com objeto estático";"Sem Vítimas";"Amanhecer";"Crescente";"Chuva";"Dupla";"Reta";"Sim";1;0;0;0;1;0;0;1;-18,86245;-41,97405;"SR-MG";"UOP01";"DEL06"
271183;2020-02-23;"domingo";"08:00:00";"TO";153;355;"FORTALEZA DO TABOCAO";"Não guardar distância de segurança";"Tombamento";"Com Vítimas Feridas";"Pleno dia";"Decrescente";"Nublado";"Simples";"Reta";"Sim";2;0;1;0;0;1;1;1;-9,023018;-48,50308;"SR-TO";"UOP03";"DEL02"
271184;2020-02-23;"domingo";"09:00:00";"PB";101;100;"ALHANDRA";"Ingestão de Álcool";"Colisão traseira";"Com Vítimas Feridas";"Pleno dia";"Decrescente";"Céu Claro";"Dupla";"Reta";"Não";3;0;2;0;1;0;2;2;-7,264698;-34,93678;"SR-PB";"UOP01";"DEL01"
271185;2020-02-23;"domingo";"09:00:00";"PR";116;27;"CAMPINA GRANDE DO SUL";"Falta de Atenção à Condução";"Tombamento";"Sem Vítimas";"Pleno dia";"Decrescente";"Céu Claro";"Dupla";"Reta";"Não";1;0;0;0;1;0;0;1;-25,1084;-48,79506;"SR-PR";"UOP02";"DEL01"
271186;2020-02-23;"domingo";"08:15:00";"MS";463;60;"PONTA PORA";"Avarias e/ou desgaste excessivo no pneu";"Queda de ocupante de veículo";"Com Vítimas Feridas";"Pleno dia";"Crescente";"Sol";"Simples";"Reta";"Não";2;0;2;0;0;0;2;1;-22,41403;-55,32316;"SR-MS";"UOP03";"DEL04"
271188;2020-02-23;"domingo";"09:50:00";"DF";70;16;"BRASILIA";"Animais na Pista";"Colisão lateral";"Com Vítimas Feridas";"Pleno dia";"Crescente";"Céu Claro";"Dupla";"Reta";"Sim";2;0;1;0;1;0;1;2;-15,79614;-48,19423;"SR-DF";"UOP03";"DEL01"
271189;2020-02-23;"domingo";"08:30:00";"MG";251;457,2;"GRAO MOGOL";"Pista Escorregadia";"Saída de leito carroçável";"Com Vítimas Feridas";"Pleno dia";"Crescente";"Chuva";"Simples";"Curva";"Não";1;0;1;0;0;0;1;1;-16,41787;-43,35992;"SR-MG";"UOP01";"DEL12"