"id";"data_inversa";"dia_semana";"horario";"uf";"br";"km";"municipio";"causa_acidente";"tipo_acidente";"classificacao_acidente";"fase_dia";"sentido_via";"condicao_metereologica";"tipo_pista";"tracado_via";"uso_solo";"pessoas";"mortos";"feridos_leves";"feridos_graves";"ilesos";"ignorados";"feridos";"veiculos";"latitude";"longitude";"regional";"delegacia";"uop"
271287;2020-02-23;"domingo";"18:40:00";"PE";232;509,3;"SALGUEIRO";"Não guardar distância de segurança";"Colisão traseira";"Com Vítimas Feridas";"Anoitecer";"Decrescente";"Céu Claro";"Simples";"Reta";"Sim";4;0;3;0;1;0;3;2;-8,064492;-39,12984;"SR-PE";"UOP01";"DEL05"
271288;2020-02-23;"domingo";"18:40:00";"PR";277;659;"MATELANDIA";"Velocidade Incompatível";"Colisão com objeto estático";"Sem Vítimas";"Anoitecer";"Crescente";"Céu Claro";"Dupla";"Viaduto";"Sim";1;0;0;0;1;0;0;1;-25,24664;-53,98335;"SR-PR";"UOP05";"DEL04"
271289;2020-02-23;"domingo";"19:35:00";"PR";277;70;"SAO JOSE DOS PINHAIS";"Animais na Pista";"Saída de leito carroçável";"Com Vítimas Feridas";"Plena Noite";"Crescente";"Nublado";"Dupla";"Curva";"Sim";1;0;0;1;0;0;1;1;-25,53318;-49,0797;"SR-PR";"UOP06";"DEL01"
271290;2020-02-23;"domingo";"14:30:00";"RO";429;166,7;"SAO MIGUEL DO GUAPORE";"Ingestão de Álcool";"Saída de leito carroçável";"Com Vítimas Feridas";"Pleno dia";"Crescente";"Nublado";"Simples";"Reta";"Não";3;0;1;0;0;2;1;1;-11,71148;-62,76629;"SR-RO";"UOP03";"DEL02"
271291;2020-02-23;"domingo";"19:50:00";"PR";373;414,7;"CANDOI";"Velocidade Incompatível";"Colisão traseira";"Com Vítimas Feridas";"Plena Noite";"Decrescente";"Céu Claro";"Simples";"Reta";"Não";2;0;2;0;0;0;2;2;-25,66088;-52,11933;"SR-PR";"UOP01";"DEL08"
271292;2020-02-23;"domingo";"19:50:00";"MT";70;68,3;"GENERAL CARNEIRO";"Ingestão de Álcool";"Colisão frontal";"Com Vítimas Feridas";"Plena Noite";"Crescente";"Céu Claro";"Simples";"Reta";"Sim";2;0;1;0;1;0;1;2;-15,70774;-52,7586;"SR-MT";"UOP01";"DEL07"
271293;2020-02-23;"domingo";"19:10:00";"PA";230;116;"MARABA";"Falta de Atenção à Condução";"Colisão lateral";"Com Vítimas Feridas";"Plena Noite";"Crescente";"Céu Claro";"Dupla";"Retorno Regulamentado";"Sim";3;0;1;0;2;0;1;2;-5,359475;-49,08301;"SR-PA";"UOP01";"DEL03"
271294;2020-02-23;"domingo";"18:00:00";"RO";364;492;"ARIQUEMES";"Animais na Pista";"Atropelamento de Animal";"Com Vítimas Feridas";"Pleno dia";"Decrescente";"Céu Claro";"Simples";"Reta";"Não";1;0;0;1;0;0;1;1;-10,09561;-62,9627;"SR-RO";"UOP01";"DEL03"
271295;2020-02-23;"domingo";"20:00:00";"SP";116;51,8;"LORENA";"Falta de Atenção à Condução";"Colisão traseira";"Com Vítimas Feridas";"Plena Noite";"Crescente";"Chuva";"Dupla";"Reta";"Sim";2;0;0;1;1;0;1;2;-22,74158;-45,09206;"SR-SP";"UOP02";"DEL08"
271296;2020-02-23;"domingo";"19:30:00";"MG";40;393;"CURVELO";"Ingestão de Álcool";"Colisão lateral";"Com Vítimas Feridas";"Plena Noite";"Crescente";"Chuva";"Simples";"Reta";"Não";2;0;1;0;1;0;1;2;-18,97271;-44,67203;"SR-MG";"UOP01";"DEL02"
271297;2020-02-23;"domingo";"19:20:00";"GO";153;495,2;"GOIANIA";"Falta de Atenção à Condução";"Colisão traseira";"Com Vítimas Feridas";"Plena Noite";"Decrescente";"Chuva";"Dupla";"Reta";"Sim";4;0;2;0;1;1;2;3;-16,6681;-49,2263;"SR-GO";"UOP01";"DEL01"
271298;2020-02-23;"domingo";"19:05:00";"SC";470;7;"NAVEGANTES";"Desobediência às normas de trânsito pelo condutor";"Colisão transversal";"Com Vítimas Feridas";"Plena Noite";"Crescente";"Céu Claro";"Simples";"Reta";"Não";2;0;1;0;1;0;1;2;-26,84499;-48,71505;"SR-SC";"UOP04";"DEL04"
271299;2020-02-23;"domingo";"20:00:00";"PR";277;106;"CAMPO LARGO";"Falta de Atenção à Condução";"Colisão traseira";"Com Vítimas Feridas";"Plena Noite";"Decrescente";"Nublado";"Dupla";"Não Informado";"Não";2;0;1;0;1;0;1;2;-25,43168;-49,42723;"SR-PR";"UOP04";"DEL01"
271300;2020-02-23;"domingo";"20:25:00";"RN";405;73;"APODI";"Ingestão de Álcool";"Saída de leito carroçável";"Sem Vítimas";"Plena Noite";"Crescente";"Céu Claro";"Simples";"Não Informado";"Não";1;0;0;0;1;0;0;1;-5,626227;-37,79783;"SR-RN";"UOP02";"DEL04"
271301;2020-02-23;"domingo";"19:45:00";"RS";290;16;"SANTO ANTONIO DA PATRULHA";"Defeito Mecânico no Veículo";"Incêndio";"Sem Vítimas";"Plena Noite";"Decrescente";"Nublado";"Dupla";"Reta";"Não";1;0;0;0;1;0;0;1;-29,87533;-50,39661;"SR-RS";"UOP01";"DEL03"
271302;2020-02-23;"domingo";"17:30:00";"RS";285;554,5;"SAO LUIZ GONZAGA";"Ingestão de Álcool";"Colisão traseira";"Com Vítimas Feridas";"Pleno dia";"Crescente";"Sol";"Simples";"Reta";"Não";2;0;2;0;0;0;2;2;-28,41735;-54,83443;"SR-RS";"UOP01";"DEL10"
271303;2020-02-23;"domingo";"20:05:00";"PE";101;69,2;"RECIFE";"Velocidade Incompatível";"Atropelamento de Pedestre";"Com Vítimas Feridas";"Plena Noite";"Decrescente";"Nublado";"Dupla";"Curva";"Sim";2;0;0;1;0;1;1;1;-8,059516;-34,94581;"SR-PE";"UOP01";"DEL01"
271304;2020-02-23;"domingo";"19:30:00";"RJ";493;105;"SEROPEDICA";"Velocidade Incompatível";"Saída de leito carroçável";"Com Vítimas Feridas";"Plena Noite";"Decrescente";"Nublado";"Dupla";"Reta";"Não";1;0;0;1;0;0;1;1;-22,7801;-43,7494;"SR-RJ";"UOP01";"DEL03"
271305;2020-02-23;"domingo";"11:30:00";"RS";386;71;"BOA VISTA DAS MISSOES";"Defeito na Via";"Queda de ocupante de veículo";"Com Vítimas Feridas";"Pleno dia";"Decrescente";"Céu Claro";"Simples";"Reta";"Sim";1;0;1;0;0;0;1;1;-27,65495;-53,32146;"SR-RS";"UOP02";"DEL08"
271306;2020-02-23;"domingo";"19:00:00";"RS";386;435;"NOVA SANTA RITA";"Desobediência às normas de trânsito pelo condutor";"Colisão lateral";"Com Vítimas Feridas";"Plena Noite";"Crescente";"Céu Claro";"Dupla";"Rotatória";"Sim";4;0;2;1;1;0;3;2;-29,84637;-51,27574;"SR-RS";"UOP02";"DEL04"
271307;2020-02-23;"domingo";"18:25:00";"RO";364;237,4;"CACOAL";"Ingestão de Álcool";"Colisão lateral";"Sem Vítimas";"Anoitecer";"Crescente";"Nublado";"Dupla";"Reta";"Sim";2;0;0;0;2;0;0;2;-11,44153;-61,44973;"SR-RO";"UOP02";"DEL02"
271308;2020-02-23;"domingo";"19:50:00";"PB";230;24;"JOAO PESSOA";"Defeito na Via";"Tombamento";"Com Vítimas Feridas";"Plena Noite";"Decrescente";"Céu Claro";"Dupla";"Interseção de vias";"Sim";1;0;1;0;0;0;1;1;-7,166215;-34,86299;"SR-PB";"UOP01";"DEL01"
271309;2020-02-23;"domingo";"18:50:00";"PI";343;301;"ALTOS";"Ingestão de Álcool";"Saída de leito carroçável";"Com Vítimas Feridas";"Plena Noite";"Crescente";"Nublado";"Simples";"Reta";"Não";1;0;1;0;0;0;1;1;-5,009246;-42,41998;"SR-PI";"UOP03";"DEL01"
271310;2020-02-23;"domingo";"21:00:00";"TO";153;136;"ARAGUAINA";"Ingestão de Álcool";"Colisão lateral";"Com Vítimas Feridas";"Plena Noite";"Decrescente";"Céu Claro";"Dupla";"Reta";"Sim";4;0;2;0;2;0;2;2;-7,137507;-48,20094;"SR-TO";"UOP04";"DEL02"
271311;2020-02-23;"domingo";"20:50:00";"GO";153;517;"APARECIDA DE GOIANIA";"Falta de Atenção à Condução";"Saída de leito carroçável";"Sem Vítimas";"Plena Noite";"Decrescente";"Chuva";"Dupla";"Não Informado";"Não";1;0;0;0;1;0;0;1;-16,8581;-49,2488;"SR-GO";"UOP03";"DEL01"
271312;2020-02-23;"domingo";"18:20:00";"RN";110;89,4;"UPANEMA";"Animais na Pista";"Atropelamento de Animal";"Com Vítimas Feridas";"Plena Noite";"Crescente";"Céu Claro";"Simples";"Reta";"Não";2;0;1;1;0;0;2;1;-5,568601;-37,31722;"SR-RN";"UOP01";"DEL04"
271313;2020-02-23;"domingo";"08:00:00";"SP";381;26;"ATIBAIA";"Ingestão de álcool e/ou substâncias psicoativas pelo pedestre";"Engavetamento";"Com Vítimas Feridas";"Plena Noite";"Decrescente";"Céu Claro";"Dupla";"Reta";"Não";4;0;1;0;3;0;1;3;-23,03227;-46,54109;"SR-SP";"UOP01";"DEL03"
271314;2020-02-23;"domingo";"21:35:00";"PE";101;178,5;"JOAQUIM NABUCO";"Ingestão de Álcool";"Colisão traseira";"Com Vítimas Fatais";"Plena Noite";"Decrescente";"Céu Claro";"Dupla";"Reta";"Não";2;1;0;0;0;1;0;2;-8,621085;-35,55116;"SR-PE";"UOP03";"DEL01"
271315;2020-02-23;"domingo";"19:15:00";"RR";401;5;"CANTA";"Falta de Atenção à Condução";"Colisão traseira";"Com Vítimas Feridas";"Plena Noite";"Crescente";"Céu Claro";"Simples";"Curva";"Não";3;0;1;1;0;1;2;3;2,786236;-60,65054;"SR-RR";"UOP01";"DEL01"
271316;2020-02-23;"domingo";"20:45:00";"RJ";40;82;"PETROPOLIS";"Defeito Mecânico no Veículo";"Tombamento";"Com Vítimas Feridas";"Plena Noite";"Crescente";"Nublado";"Simples";"Curva";"Não";1;0;1;0;0;0;1;1;-22,51183;-43,23076;"SR-RJ";"UOP03";"DEL06"
271317;2020-02-23;"domingo";"21:30:00";"PE";101;85,5;"JABOATAO DOS GUARARAPES";"Ingestão de Álcool";"Atropelamento de Pedestre";"Com Vítimas Feridas";"Plena Noite";"Crescente";"Nublado";"Simples";"Reta";"Sim";3;0;0;1;2;0;1;1;-8,180656;-34,95965;"SR-PE";"UOP03";"DEL01"
271318;2020-02-23;"domingo";"22:10:00";"PR";369;139;"IBIPORA";"Desobediência às normas de trânsito pelo condutor";"Colisão frontal";"Com Vítimas Feridas";"Plena Noite";"Crescente";"Nublado";"Simples";"Reta";"Sim";3;0;1;1;0;1;2;2;-23,27498;-51,05916;"SR-PR";"UOP01";"DEL07"
271321;2020-02-23;"domingo";"22:25:00";"RS";158;344,6;"SANTA MARIA";"Animais na Pista";"Colisão frontal";"Com Vítimas Feridas";"Plena Noite";"Crescente";"Céu Claro";"Simples";"Curva";"Não";5;0;1;0;4;0;1;2;-29,74671;-53,9602;"SR-RS";"UOP01";"DEL09"
271322;2020-02-23;"domingo";"19:31:00";"RJ";116;219,4;"PIRAI";"Ingestão de Álcool";"Colisão transversal";"Com Vítimas Feridas";"Plena Noite";"Crescente";"Nublado";"Dupla";"Não Informado";"Não";7;0;3;1;3;0;4;2;-22,67691;-43,81639;"SR-RJ";"UOP01";"DEL07"
271323;2020-02-23;"domingo";"21:50:00";"PR";369;233,5;"JANDAIA DO SUL";"Velocidade Incompatível";"Saída de leito carroçável";"Com Vítimas Fatais";"Plena Noite";"Crescente";"Céu Claro";"Simples";"Reta";"Não";2;1;0;0;0;1;0;1;-23,63069;-51,6739;"SR-PR";"UOP03";"DEL07"
271324;2020-02-23;"domingo";"19:15:00";"SC";280;24;"ARAQUARI";"Falta de Atenção à Condução";"Colisão traseira";"Sem Vítimas";"Anoitecer";"Crescente";"Céu Claro";"Simples";"Reta";"Sim";2;0;0;0;2;0;0;2;-26,37707;-48,71931;"SR-SC";"UOP03";"DEL03"
271325;2020-02-23;"domingo";"19:45:00";"RS";472;175,6;"SANTA ROSA";"Ingestão de Álcool";"Colisão frontal";"Com Vítimas Feridas";"Plena Noite";"Crescente";"Céu Claro";"Simples";"Curva";"Sim";2;0;1;0;1;0;1;2;-27,8536;-54,52001;"SR-RS";"UOP01";"DEL10"
271326;2020-02-23;"domingo";"20:10:00";"RS";472;175,6;"SANTA ROSA";"Ingestão de Álcool";"Saída de leito carroçável";"Sem Vítimas";"Plena Noite";"Crescente";"Céu Claro";"Simples";"Curva";"Sim";1;0;0;0;1;0;0;1;-27,85355;-54,51993;"SR-RS";"UOP01";"DEL10"
271327;2020-02-23;"domingo";"21:25:00";"RJ";356;34;"ITAPERUNA";"Desobediência às normas de trânsito pelo condutor";"Colisão lateral";"Com Vítimas Feridas";"Plena Noite";"Decrescente";"Céu Claro";"Simples";"Reta";"Sim";3;0;1;0;2;0;1;2;-21,20442;-41,8906;"SR-RJ";"UOP03";"DEL08"
271328;2020-02-23;"domingo";"23:00:00";"GO";414;386,2;"CORUMBA DE GOIAS";"Ingestão de Álcool";"Saída de leito carroçável";"Com Vítimas Fatais";"Plena Noite";"Crescente";"Céu Claro";"Simples";"Reta";"Não";3;2;0;1;0;0;1;1;-15,87598;-48,78493;"SR-GO";"UOP01";"DEL02"
271329;2020-02-23;"domingo";"22:20:00";"MG";262;367,8;"JUATUBA";"Condutor Dormindo";"Saída de leito carroçável";"Com Vítimas Feridas";"Plena Noite";"Crescente";"Nublado";"Dupla";"Reta";"Não";2;0;2;0;0;0;2;1;-19,97391;-44,27096;"SR-MG";"UOP03";"DEL01"
271331;2020-02-23;"domingo";"22:50:00";"MG";365;638,5;"UBERLANDIA";"Falta de Atenção à Condução";"Colisão traseira";"Com Vítimas Feridas";"Plena Noite";"Decrescente";"Céu Claro";"Dupla";"Reta";"Não";2;0;1;0;1;0;1;2;-18,89124;-48,42723;"SR-MG";"UOP01";"DEL15"
271332;2020-02-23;"domingo";"23:10:00";"SP";116;125,2;"CACAPAVA";"Desobediência às normas de trânsito pelo pedestre";"Atropelamento de Pedestre";"Com Vítimas Fatais";"Plena Noite";"Crescente";"Nublado";"Dupla";"Reta";"Não";2;1;1;0;0;0;1;1;-23,09873;-45,68608;"SR-SP";"UOP01";"DEL06"
271333;2020-02-23;"domingo";"22:35:00";"RJ";101;297;"ITABORAI";"Velocidade Incompatível";"Tombamento";"Com Vítimas Feridas";"Plena Noite";"Decrescente";"Nublado";"Dupla";"Reta";"Sim";2;0;2;0;0;0;2;1;-22,76942;-42,91874;"SR-RJ";"UOP03";"DEL02"
271334;2020-02-23;"domingo";"23:00:00";"SC";101;166,5;"TIJUCAS";"Ingestão de Álcool";"Atropelamento de Pedestre";"Com Vítimas Fatais";"Plena Noite";"Decrescente";"Céu Claro";"Dupla";"Reta";"Não";2;1;0;0;1;0;0;1;-27,26148;-48,6318;"SR-SC";"UOP03";"DEL04"
271336;2020-02-23;"domingo";"22:30:00";"SP";116;284;"ITAPECERICA DA SERRA";"Ingestão de Álcool";"Colisão lateral";"Sem Vítimas";"Plena Noite";"Decrescente";"Nublado";"Dupla";"Reta";"Sim";3;0;0;0;3;0;0;2;-23,69249;-46,82345;"SR-SP";"UOP01";"DEL04"
271338;2020-02-23;"domingo";"23:30:00";"CE";116;64,5;"CHOROZINHO";"Desobediência às normas de trânsito pelo condutor";"Colisão com objeto estático";"Com Vítimas Feridas";"Plena Noite";"Crescente";"Céu Claro";"Simples";"Desvio Temporário";"Não";1;0;1;0;0;0;1;1;-4,281252;-38,49424;"SR-CE";"UOP02";"DEL03"
271339;2020-02-23;"domingo";"22:55:00";"BA";324;516,2;"FEIRA DE SANTANA";"Ingestão de Álcool";"Colisão transversal";"Com Vítimas Feridas";"Plena Noite";"Crescente";"Céu Claro";"Simples";"Reta";"Sim";3;0;3;0;0;0;3;2;-12,24171;-38,93768;"SR-BA";"UOP01";"DEL02"
271340;2020-02-23;"domingo";"18:40:00";"SC";470;124,8;"IBIRAMA";"Velocidade Incompatível";"Colisão frontal";"Com Vítimas Feridas";"Pleno dia";"Decrescente";"Sol";"Simples";"Reta";"Sim";2;0;1;0;1;0;1;2;-27,11319;-49,52916;"SR-SC";"UOP02";"DEL04"
271341;2020-02-23;"domingo";"22:00:00";"SC";470;179;"POUSO REDONDO";"Ingestão de álcool e/ou substâncias psicoativas pelo pedestre";"Colisão frontal";"Com Vítimas Feridas";"Plena Noite";"Decrescente";"Céu Claro";"Simples";"Reta";"Não";5;0;1;2;2;0;3;4;-27,24791;-49,97716;"SR-SC";"UOP02";"DEL04"
271342;2020-02-23;"domingo";"22:25:00";"RO";319;61,9;"PORTO VELHO";"Ingestão de Álcool";"Colisão transversal";"Com Vítimas Feridas";"Plena Noite";"Decrescente";"Céu Claro";"Dupla";"Reta";"Sim";2;0;1;1;0;0;2;2;-8,748093;-63,88809;"SR-RO";"UOP01";"DEL01"
271343;2020-02-23;"domingo";"19:10:00";"MG";262;45;"MANHUACU";"Falta de Atenção à Condução";"Colisão traseira";"Sem Vítimas";"Plena Noite";"Decrescente";"Nublado";"Simples";"Reta";"Não";2;0;0;0;2;0;0;2;-20,26145;-42,09686;"SR-MG";"UOP04";"DEL06"
271344;2020-02-24;"segunda-feira";"00:25:00";"RJ";101;323;"NITEROI";"Desobediência às normas de trânsito pelo pedestre";"Atropelamento de Pedestre";"Com Vítimas Feridas";"Plena Noite";"Decrescente";"Céu Claro";"Múltipla";"Reta";"Não";2;0;0;1;1;0;1;1;-22,87685;-43,11729;"SR-RJ";"UOP01";"DEL02"
271345;2020-02-24;"segunda-feira";"00:20:00";"PE";101;81,7;"JABOATAO DOS GUARARAPES";"Animais na Pista";"Atropelamento de Animal";"Com Vítimas Fatais";"Plena Noite";"Crescente";"Céu Claro";"Dupla";"Reta";"Não";1;1;0;0;0;0;0;1;-8,159749;-34,94025;"SR-PE";"UOP03";"DEL01"
271346;2020-02-23;"domingo";"19:30:00";"MT";70;376,7;"CAMPO VERDE";"Falta de Atenção à Condução";"Colisão traseira";"Com Vítimas Feridas";"Plena Noite";"Crescente";"Garoa/Chuvisco";"Simples";"Reta";"Sim";5;0;0;2;3;0;2;2;-15,52283;-55,12699;"SR-MT";"UOP01";"DEL05"
271347;2020-02-23;"domingo";"17:40:00";"RO";319;62,9;"PORTO VELHO";"Falta de Atenção à Condução";"Tombamento";"Com Vítimas Feridas";"Plena Noite";"Crescente";"Céu Claro";"Múltipla";"Reta";"Sim";2;0;1;0;0;1;1;2;-8,766685;-63,88405;"SR-RO";"UOP01";"DEL01"
271348;2020-02-24;"segunda-feira";"00:10:00";"SC";470;9,5;"NAVEGANTES";"Desobediência às normas de trânsito pelo condutor";"Colisão frontal";"Com Vítimas Feridas";"Plena Noite";"Decrescente";"Nublado";"Simples";"Reta";"Sim";2;0;0;1;1;0;1;2;-26,83314;-48,72743;"SR-SC";"UOP04";"DEL04"
271349;2020-02-23;"domingo";"23:25:00";"SC";282;410;"CATANDUVAS";"Falta de Atenção do Pedestre";"Atropelamento de Pedestre";"Com Vítimas Fatais";"Plena Noite";"Decrescente";"Céu Claro";"Simples";"Não Informado";"Sim";2;1;0;0;1;0;0;1;-27,0614;-51,67188;"SR-SC";"UOP07";"DEL07"
271350;2020-02-23;"domingo";"22:40:00";"RS";392;647,1;"GUARANI DAS MISSOES";"Desobediência às normas de trânsito pelo condutor";"Saída de leito carroçável";"Com Vítimas Feridas";"Plena Noite";"Crescente";"Céu Claro";"Simples";"Reta";"Não";4;0;0;3;0;1;3;1;-28,13692;-54,59728;"SR-RS";"UOP01";"DEL10"
271351;2020-02-23;"domingo";"23:25:00";"PR";487;125,8;"TUNEIRAS DO OESTE";"Condutor Dormindo";"Saída de leito carroçável";"Com Vítimas Feridas";"Plena Noite";"Decrescente";"Nublado";"Simples";"Não Informado";"Sim";18;0;3;0;15;0;3;1;-23,86652;-52,87755;"SR-PR";"UOP03";"DEL09"
271352;2020-02-23;"domingo";"22:45:00";"RR";NA;NA;"BOA VISTA";"Desobediência às normas de trânsito pelo condutor";"Colisão transversal";"Com Vítimas Feridas";"Plena Noite";"Não Informado";"Céu Claro";"Dupla";"Interseção de vias";"Sim";2;0;1;0;1;0;1;2;2,803434;-60,68508;"SR-RR";"UOP01";"DEL01"
271353;2020-02-24;"segunda-feira";"01:20:00";"MG";116;276;"TEOFILO OTONI";"Falta de Atenção à Condução";"Tombamento";"Com Vítimas Feridas";"Plena Noite";"Crescente";"Céu Claro";"Múltipla";"Desvio Temporário";"Sim";1;0;1;0;0;0;1;1;-17,85106;-41,51454;"SR-MG";"UOP01";"DEL11"
271354;2020-02-24;"segunda-feira";"00:05:00";"BA";101;566,8;"ARATACA";"Falta de Atenção à Condução";"Tombamento";"Com Vítimas Feridas";"Plena Noite";"Crescente";"Céu Claro";"Simples";"Não Informado";"Não";2;0;0;1;1;0;1;1;-15,25486;-39,45038;"SR-BA";"UOP02";"DEL05"
271355;2020-02-24;"segunda-feira";"00:45:00";"SC";470;6,8;"NAVEGANTES";"Defeito na Via";"Colisão frontal";"Com Vítimas Fatais";"Plena Noite";"Decrescente";"Nublado";"Simples";"Não Informado";"Sim";2;1;0;0;1;0;0;2;-26,85224;-48,70954;"SR-SC";"UOP04";"DEL04"
271356;2020-02-24;"segunda-feira";"02:40:00";"MG";364;18,8;"FRUTAL";"Ingestão de Álcool";"Danos eventuais";"Sem Vítimas";"Plena Noite";"Crescente";"Nublado";"Simples";"Reta";"Não";3;0;0;0;2;1;0;2;-20,05489;-48,82471;"SR-MG";"UOP02";"DEL13"
271357;2020-02-24;"segunda-feira";"02:30:00";"PR";476;136;"CURITIBA";"Falta de Atenção à Condução";"Colisão com objeto estático";"Com Vítimas Feridas";"Plena Noite";"Decrescente";"Nublado";"Dupla";"Reta";"Sim";2;0;2;0;0;0;2;1;-25,49105;-49,27168;"SR-PR";"UOP03";"DEL01"
271358;2020-02-23;"domingo";"12:00:00";"MA";230;132;"PASTOS BONS";"Defeito Mecânico no Veículo";"Incêndio";"Sem Vítimas";"Pleno dia";"Decrescente";"Céu Claro";"Simples";"Reta";"Não";2;0;0;0;1;1;0;1;-6,580751;-44,00019;"SR-MA";"UOP01";"DEL05"
271360;2020-02-24;"segunda-feira";"01:30:00";"SE";235;54;"ITABAIANA";"Falta de Atenção à Condução";"Queda de ocupante de veículo";"Com Vítimas Feridas";"Plena Noite";"Crescente";"Céu Claro";"Simples";"Reta";"Sim";1;0;0;1;0;0;1;1;-10,67605;-37,44328;"SR-SE";"UOP02";"DEL01"
271361;2020-02-24;"segunda-feira";"03:00:00";"MG";365;435,2;"PATOS DE MINAS";"Condutor Dormindo";"Saída de leito carroçável";"Com Vítimas Feridas";"Plena Noite";"Decrescente";"Chuva";"Simples";"Curva";"Não";1;0;1;0;0;0;1;1;-18,77916;-46,69048;"SR-MG";"UOP01";"DEL10"
271362;2020-02-24;"segunda-feira";"01:30:00";"PI";316;144,2;"ELESBAO VELOSO";"Condutor Dormindo";"Saída de leito carroçável";"Com Vítimas Feridas";"Plena Noite";"Crescente";"Chuva";"Simples";"Não Informado";"Não";2;0;1;1;0;0;2;1;-6,105093;-42,21241;"SR-PI";"UOP02";"DEL04"
271363;2020-02-24;"segunda-feira";"03:45:00";"SC";101;329,3;"CAPIVARI DE BAIXO";"Falta de Atenção à Condução";"Colisão com objeto estático";"Com Vítimas Feridas";"Plena Noite";"Crescente";"Céu Claro";"Múltipla";"Reta";"Não";3;0;1;0;2;0;1;3;-28,44405;-48,96611;"SR-SC";"UOP01";"DEL02"
271364;2020-02-24;"segunda-feira";"02:00:00";"SC";101;134;"BALNEARIO CAMBORIU";"Falta de Atenção à Condução";"Queda de ocupante de veículo";"Com Vítimas Feridas";"Plena Noite";"Decrescente";"Céu Claro";"Simples";"Reta";"Não";1;0;0;1;0;0;1;1;-27,00218;-48,63643;"SR-SC";"UOP03";"DEL04"
271365;2020-02-24;"segunda-feira";"04:20:00";"SC";101;255,5;"PAULO LOPES";"Ingestão de Álcool";"Saída de leito carroçável";"Com Vítimas Feridas";"Plena Noite";"Decrescente";"Céu Claro";"Simples";"Não Informado";"Sim";4;0;3;1;0;0;4;1;-27,98242;-48,67898;"SR-SC";"UOP03";"DEL02"
271366;2020-02-24;"segunda-feira";"03:10:00";"MT";163;104;"RONDONOPOLIS";"Pista Escorregadia";"Saída de leito carroçável";"Sem Vítimas";"Plena Noite";"Crescente";"Garoa/Chuvisco";"Dupla";"Não Informado";"Não";1;0;0;0;0;1;0;1;-16,62878;-54,6973;"SR-MT";"DEL2/2";"UOP02/MT"
271367;2020-02-24;"segunda-feira";"04:15:00";"SP";116;388,9;"MIRACATU";"Não guardar distância de segurança";"Colisão traseira";"Com Vítimas Feridas";"Plena Noite";"Decrescente";"Céu Claro";"Dupla";"Reta";"Não";5;0;0;4;1;0;4;2;-24,27326;-47,40644;"SR-SP";"UOP02";"DEL04"
271368;2020-02-24;"segunda-feira";"03:45:00";"RS";287;342,8;"SAO VICENTE DO SUL";"Ingestão de Álcool";"Saída de leito carroçável";"Com Vítimas Feridas";"Plena Noite";"Crescente";"Céu Claro";"Simples";"Reta";"Não";1;0;0;1;0;0;1;1;-29,57878;-54,68185;"SR-RS";"UOP02";"DEL12"
271369;2020-02-24;"segunda-feira";"05:20:00";"PR";277;80,7;"CURITIBA";"Velocidade Incompatível";"Colisão traseira";"Com Vítimas Feridas";"Amanhecer";"Decrescente";"Céu Claro";"Dupla";"Reta";"Sim";5;0;1;0;4;0;1;4;-25,56894;-49,18198;"SR-PR";"UOP04";"DEL01"
271370;2020-02-24;"segunda-feira";"05:40:00";"SC";101;214,2;"PALHOCA";"Velocidade Incompatível";"Saída de leito carroçável";"Sem Vítimas";"Pleno dia";"Crescente";"Céu Claro";"Simples";"Reta";"Sim";1;0;0;0;0;1;0;1;-27,64443;-48,67057;"SR-SC";"UOP02";"DEL01"
271371;2020-02-24;"segunda-feira";"05:45:00";"MG";381;488,7;"BETIM";"Falta de Atenção à Condução";"Atropelamento de Pedestre";"Com Vítimas Feridas";"Amanhecer";"Decrescente";"Nublado";"Múltipla";"Reta";"Sim";2;0;1;0;1;0;1;1;-19,95603;-44,12918;"SR-MG";"UOP03";"DEL01"
271372;2020-02-24;"segunda-feira";"05:45:00";"SC";101;122;"ITAJAI";"Falta de Atenção à Condução";"Colisão lateral";"Sem Vítimas";"Amanhecer";"Crescente";"Nublado";"Dupla";"Reta";"Não";2;0;0;0;2;0;0;2;-26,92956;-48,705;"SR-SC";"UOP04";"DEL04"
271373;2020-02-24;"segunda-feira";"03:50:00";"RN";101;51;"CEARA-MIRIM";"Ingestão de Álcool";"Colisão com objeto estático";"Sem Vítimas";"Plena Noite";"Crescente";"Céu Claro";"Simples";"Reta";"Não";1;0;0;0;1;0;0;1;-5,53884;-35,31632;"SR-RN";"UOP01";"DEL02"
271374;2020-02-23;"domingo";"20:00:00";"MA";316;163,9;"ARAGUANA";"Defeito na Via";"Colisão frontal";"Com Vítimas Fatais";"Plena Noite";"Crescente";"Céu Claro";"Simples";"Reta";"Não";5;1;3;1;0;0;4;2;-2,965401;-45,66157;"SR-MA";"UOP02";"DEL02"
271375;2020-02-23;"domingo";"22:00:00";"RJ";101;417;"MANGARATIBA";"Falta de Atenção à Condução";"Colisão frontal";"Com Vítimas Feridas";"Plena Noite";"Crescente";"Chuva";"Simples";"Curva";"Não";3;0;1;0;2;0;1;2;-22,91294;-43,89732;"SR-RJ";"UOP01";"DEL03"