"id";"data_inversa";"dia_semana";"horario";"uf";"br";"km";"municipio";"causa_acidente";"tipo_acidente";"classificacao_acidente";"fase_dia";"sentido_via";"condicao_metereologica";"tipo_pista";"tracado_via";"uso_solo";"pessoas";"mortos";"feridos_leves";"feridos_graves";"ilesos";"ignorados";"feridos";"veiculos";"latitude";"longitude";"regional";"delegacia";"uop"
271376;2020-02-24;"segunda-feira";"06:15:00";"PR";277;618,5;"CEU AZUL";"Condutor Dormindo";"Colisão lateral";"Sem Vítimas";"Amanhecer";"Decrescente";"Céu Claro";"Simples";"Não Informado";"Não";2;0;0;0;2;0;0;2;-25,07578;-53,69272;"SR-PR";"UOP05";"DEL04"
271377;2020-02-24;"segunda-feira";"07:40:00";"SP";153;57;"SAO JOSE DO RIO PRETO";"Velocidade Incompatível";"Tombamento";"Com Vítimas Feridas";"Pleno dia";"Crescente";"Nublado";"Simples";"Não Informado";"Sim";1;0;1;0;0;0;1;1;-20,76991;-49,34982;"SR-SP";"UOP01";"DEL09"
271378;2020-02-24;"segunda-feira";"06:35:00";"RO";364;273,9;"CACOAL";"Falta de Atenção à Condução";"Colisão transversal";"Com Vítimas Fatais";"Pleno dia";"Crescente";"Céu Claro";"Simples";"Interseção de vias";"Não";3;1;1;0;1;0;1;3;-11,38643;-61,74883;"SR-RO";"UOP02";"DEL02"
271379;2020-02-24;"segunda-feira";"06:30:00";"MT";364;140;"PEDRA PRETA";"Falta de Atenção à Condução";"Queda de ocupante de veículo";"Com Vítimas Feridas";"Pleno dia";"Crescente";"Nublado";"Simples";"Não Informado";"Não";1;0;1;0;0;0;1;1;-16,79737;-54,12056;"SR-MT";"UOP01";"DEL02"
271380;2020-02-24;"segunda-feira";"07:50:00";"SC";101;186;"BIGUACU";"Defeito Mecânico no Veículo";"Queda de ocupante de veículo";"Com Vítimas Feridas";"Pleno dia";"Decrescente";"Céu Claro";"Dupla";"Curva";"Sim";2;0;2;0;0;0;2;1;-27,43411;-48,62567;"SR-SC";"UOP01";"DEL01"
271381;2020-02-24;"segunda-feira";"07:14:00";"RJ";101;332;"RIO DE JANEIRO";"Condutor Dormindo";"Saída de leito carroçável";"Com Vítimas Feridas";"Pleno dia";"Crescente";"Céu Claro";"Dupla";"Reta";"Não";1;0;0;1;0;0;1;1;-22,87133;-43,20408;"SR-RJ";"UOP01";"DEL02"
271382;2020-02-01;"sábado";"14:20:00";"BA";330;801;"JEQUIE";"Falta de Atenção à Condução";"Colisão transversal";"Com Vítimas Feridas";"Pleno dia";"Crescente";"Céu Claro";"Simples";"Curva";"Não";2;0;0;1;1;0;1;2;-13,96707;-39,9584;"SR-BA";"DEL10/3";"UOP01/BA"
271383;2020-02-24;"segunda-feira";"08:00:00";"RJ";116;164;"RIO DE JANEIRO";"Falta de Atenção à Condução";"Tombamento";"Com Vítimas Feridas";"Pleno dia";"Crescente";"Céu Claro";"Múltipla";"Reta";"Sim";3;0;1;0;2;0;1;1;-22,81074;-43,28844;"SR-RJ";"UOP02";"DEL01"
271385;2020-02-24;"segunda-feira";"08:30:00";"SC";101;211,3;"PALHOCA";"Defeito Mecânico no Veículo";"Colisão traseira";"Com Vítimas Feridas";"Pleno dia";"Crescente";"Sol";"Dupla";"Reta";"Sim";2;0;0;1;1;0;1;2;-27,62329;-48,65246;"SR-SC";"UOP02";"DEL01"
271386;2020-02-24;"segunda-feira";"08:00:00";"SP";116;150,9;"SAO JOSE DOS CAMPOS";"Não guardar distância de segurança";"Colisão lateral";"Com Vítimas Feridas";"Pleno dia";"Decrescente";"Nublado";"Dupla";"Reta";"Sim";3;0;1;0;2;0;1;3;-23,21336;-45,89306;"SR-SP";"UOP01";"DEL02"
271387;2020-02-24;"segunda-feira";"08:30:00";"RS";290;77,7;"GRAVATAI";"Condutor Dormindo";"Colisão traseira";"Com Vítimas Feridas";"Pleno dia";"Decrescente";"Sol";"Dupla";"Reta";"Não";2;0;1;1;0;0;2;2;-29,95503;-51,02736;"SR-RS";"UOP01";"DEL01"
271388;2020-02-24;"segunda-feira";"06:10:00";"RR";174;487;"BOA VISTA";"Desobediência às normas de trânsito pelo condutor";"Saída de leito carroçável";"Com Vítimas Fatais";"Amanhecer";"Decrescente";"Céu Claro";"Simples";"Reta";"Não";3;1;0;1;0;1;1;2;2,725488;-60,79894;"SR-RR";"UOP01";"DEL01"
271389;2020-02-24;"segunda-feira";"08:30:00";"RJ";101;269;"RIO BONITO";"Falta de Atenção à Condução";"Colisão com objeto estático";"Com Vítimas Feridas";"Pleno dia";"Decrescente";"Céu Claro";"Dupla";"Reta";"Sim";4;0;1;0;3;0;1;1;-22,71495;-42,67805;"SR-RJ";"UOP03";"DEL02"
271390;2020-02-24;"segunda-feira";"09:00:00";"MG";381;761,4;"CAMPANHA";"Velocidade Incompatível";"Colisão com objeto estático";"Com Vítimas Feridas";"Pleno dia";"Crescente";"Chuva";"Dupla";"Curva";"Não";1;0;1;0;0;0;1;1;-21,71972;-45,32848;"SR-MG";"UOP02";"DEL16"
271391;2020-02-24;"segunda-feira";"09:15:00";"MG";40;467,6;"SETE LAGOAS";"Avarias e/ou desgaste excessivo no pneu";"Saída de leito carroçável";"Com Vítimas Feridas";"Pleno dia";"Crescente";"Chuva";"Dupla";"Reta";"Sim";2;0;1;0;1;0;1;1;-19,45039;-44,31668;"SR-MG";"UOP01";"DEL02"
271392;2020-02-24;"segunda-feira";"09:15:00";"MG";381;559,7;"ITAGUARA";"Defeito Mecânico no Veículo";"Saída de leito carroçável";"Com Vítimas Feridas";"Pleno dia";"Crescente";"Nublado";"Dupla";"Curva";"Sim";2;0;1;0;1;0;1;1;-20,3823;-44,48068;"SR-MG";"UOP03";"DEL04"
271393;2020-02-24;"segunda-feira";"09:15:00";"SC";101;138,3;"BALNEARIO CAMBORIU";"Desobediência às normas de trânsito pelo condutor";"Colisão transversal";"Com Vítimas Feridas";"Pleno dia";"Crescente";"Céu Claro";"Dupla";"Reta";"Sim";2;0;1;0;1;0;1;2;-27,02397;-48,60762;"SR-SC";"UOP03";"DEL04"
271394;2020-02-24;"segunda-feira";"08:05:00";"SC";282;519,9;"XAXIM";"Falta de Atenção à Condução";"Colisão traseira";"Sem Vítimas";"Pleno dia";"Crescente";"Céu Claro";"Simples";"Curva";"Não";2;0;0;0;2;0;0;2;-26,94753;-52,51754;"SR-SC";"UOP01";"DEL07"
271396;2020-02-24;"segunda-feira";"09:40:00";"PE";101;78,3;"RECIFE";"Falta de Atenção do Pedestre";"Atropelamento de Pedestre";"Com Vítimas Feridas";"Pleno dia";"Crescente";"Céu Claro";"Dupla";"Reta";"Sim";3;0;0;1;1;1;1;1;-8,134965;-34,94739;"SR-PE";"UOP01";"DEL01"
271397;2020-02-24;"segunda-feira";"06:00:00";"BA";367;41;"PORTO SEGURO";"Ingestão de Álcool";"Saída de leito carroçável";"Sem Vítimas";"Amanhecer";"Crescente";"Céu Claro";"Simples";"Curva";"Não";1;0;0;0;1;0;0;1;-16,38654;-39,21917;"SR-BA";"UOP01";"DEL09"
271398;2020-02-24;"segunda-feira";"09:40:00";"PA";163;990;"SANTAREM";"Não guardar distância de segurança";"Colisão traseira";"Sem Vítimas";"Pleno dia";"Decrescente";"Céu Claro";"Simples";"Reta";"Não";2;0;0;0;2;0;0;2;-2,545244;-54,7229;"SR-PA";"UOP01";"DEL05"
271399;2020-02-24;"segunda-feira";"05:30:00";"CE";230;88,1;"VARZEA ALEGRE";"Falta de Atenção à Condução";"Colisão traseira";"Com Vítimas Feridas";"Amanhecer";"Crescente";"Chuva";"Simples";"Não Informado";"Não";3;0;0;2;0;1;2;2;-6,810256;-39,35909;"SR-CE";"UOP01";"DEL05"
271400;2020-02-24;"segunda-feira";"09:00:00";"GO";70;408,1;"MONTES CLAROS DE GOIAS";"Falta de Atenção à Condução";"Saída de leito carroçável";"Com Vítimas Feridas";"Pleno dia";"Crescente";"Chuva";"Simples";"Reta";"Não";2;0;2;0;0;0;2;1;-15,88502;-51,68885;"SR-GO";"UOP01";"DEL04"
271401;2020-02-24;"segunda-feira";"05:30:00";"MG";381;410;"NOVA UNIAO";"Falta de Atenção à Condução";"Colisão frontal";"Com Vítimas Feridas";"Amanhecer";"Crescente";"Ignorado";"Simples";"Não Informado";"Não";4;0;0;1;2;1;1;2;-19,72573;-43,58722;"SR-MG";"UOP01";"DEL01"
271402;2020-02-24;"segunda-feira";"09:30:00";"SC";101;95,9;"BARRA VELHA";"Avarias e/ou desgaste excessivo no pneu";"Queda de ocupante de veículo";"Com Vítimas Feridas";"Pleno dia";"Crescente";"Nublado";"Dupla";"Não Informado";"Não";1;0;1;0;0;0;1;1;-26,70876;-48,70221;"SR-SC";"UOP02";"DEL03"
271403;2020-02-24;"segunda-feira";"07:50:00";"AC";364;150;"RIO BRANCO";"Defeito na Via";"Colisão lateral";"Com Vítimas Feridas";"Pleno dia";"Decrescente";"Céu Claro";"Simples";"Desvio Temporário";"Não";2;0;1;0;1;0;1;2;-9,871933;-67,91003;"SR-AC";"UOP01";"DEL01"
271404;2020-02-24;"segunda-feira";"09:45:00";"MG";262;562,5;"CORREGO DANTA";"Velocidade Incompatível";"Saída de leito carroçável";"Com Vítimas Feridas";"Pleno dia";"Crescente";"Garoa/Chuvisco";"Simples";"Curva";"Não";2;0;2;0;0;0;2;1;-19,74565;-45,95351;"SR-MG";"UOP02";"DEL08"
271405;2020-02-24;"segunda-feira";"10:10:00";"PB";230;72,3;"SOBRADO";"Falta de Atenção à Condução";"Saída de leito carroçável";"Com Vítimas Feridas";"Pleno dia";"Decrescente";"Céu Claro";"Simples";"Reta";"Não";1;0;0;1;0;0;1;1;-7,1907;-35,2418;"SR-PB";"UOP02";"DEL01"
271406;2020-02-24;"segunda-feira";"10:49:00";"PI";316;258;"IPIRANGA DO PIAUI";"Falta de Atenção à Condução";"Colisão transversal";"Com Vítimas Feridas";"Pleno dia";"Decrescente";"Céu Claro";"Simples";"Não Informado";"Sim";3;0;2;0;1;0;2;2;-6,810592;-41,73818;"SR-PI";"UOP02";"DEL04"
271407;2020-02-24;"segunda-feira";"11:00:00";"MG";381;528,3;"BRUMADINHO";"Falta de Atenção à Condução";"Tombamento";"Com Vítimas Feridas";"Pleno dia";"Crescente";"Nublado";"Dupla";"Curva";"Não";5;0;2;0;3;0;2;4;-20,16368;-44,36025;"SR-MG";"UOP03";"DEL04"
271408;2020-02-24;"segunda-feira";"11:20:00";"GO";153;500,1;"GOIANIA";"Falta de Atenção à Condução";"Colisão traseira";"Com Vítimas Feridas";"Pleno dia";"Crescente";"Chuva";"Dupla";"Não Informado";"Sim";7;0;1;4;2;0;5;3;-16,71118;-49,23174;"SR-GO";"UOP01";"DEL01"
271409;2020-02-24;"segunda-feira";"09:30:00";"MG";267;157,5;"LIMA DUARTE";"Defeito Mecânico no Veículo";"Incêndio";"Sem Vítimas";"Pleno dia";"Decrescente";"Nublado";"Simples";"Reta";"Não";1;0;0;0;1;0;0;1;-21,83886;-43,78;"SR-MG";"UOP01";"DEL05"
271410;2020-02-24;"segunda-feira";"11:15:00";"RS";290;86,4;"PORTO ALEGRE";"Defeito Mecânico no Veículo";"Tombamento";"Com Vítimas Feridas";"Pleno dia";"Decrescente";"Sol";"Dupla";"Reta";"Sim";2;0;2;0;0;0;2;1;-29,96841;-51,11714;"SR-RS";"UOP01";"DEL01"
271411;2020-02-24;"segunda-feira";"12:15:00";"GO";60;18;"ALEXANIA";"Avarias e/ou desgaste excessivo no pneu";"Saída de leito carroçável";"Com Vítimas Feridas";"Pleno dia";"Decrescente";"Chuva";"Dupla";"Curva";"Não";3;0;2;0;1;0;2;1;-16,11452;-48,38654;"SR-DF";"UOP02";"DEL01"
271412;2020-02-24;"segunda-feira";"12:00:00";"ES";101;284;"CARIACICA";"Defeito Mecânico no Veículo";"Tombamento";"Com Vítimas Feridas";"Pleno dia";"Decrescente";"Nublado";"Dupla";"Desvio Temporário";"Sim";2;0;2;0;0;0;2;1;-20,24335;-40,36969;"SR-ES";"UOP01";"DEL01"
271413;2020-02-24;"segunda-feira";"12:35:00";"GO";20;177,9;"ALVORADA DO NORTE";"Falta de Atenção à Condução";"Colisão traseira";"Com Vítimas Feridas";"Pleno dia";"Decrescente";"Chuva";"Simples";"Rotatória";"Não";6;0;3;1;2;0;4;2;-14,49861;-46,51016;"SR-DF";"UOP02";"DEL02"
271414;2020-02-24;"segunda-feira";"11:40:00";"MG";381;627,9;"OLIVEIRA";"Velocidade Incompatível";"Colisão com objeto estático";"Com Vítimas Feridas";"Pleno dia";"Decrescente";"Garoa/Chuvisco";"Dupla";"Curva";"Não";2;0;2;0;0;0;2;1;-20,82917;-44,81715;"SR-MG";"UOP01";"DEL04"
271415;2020-02-24;"segunda-feira";"11:55:00";"BA";116;696;"JEQUIE";"Pista Escorregadia";"Colisão lateral";"Com Vítimas Feridas";"Pleno dia";"Crescente";"Chuva";"Simples";"Curva";"Não";3;0;1;0;2;0;1;2;-14,03518;-40,20218;"SR-BA";"UOP01";"DEL03"
271417;2020-02-24;"segunda-feira";"11:25:00";"PR";277;55,3;"SAO JOSE DOS PINHAIS";"Velocidade Incompatível";"Saída de leito carroçável";"Com Vítimas Fatais";"Pleno dia";"Crescente";"Nublado";"Dupla";"Reta";"Não";1;1;0;0;0;0;0;1;-25,58845;-48,94524;"SR-PR";"UOP06";"DEL01"
271418;2020-02-24;"segunda-feira";"12:45:00";"ES";101;162;"LINHARES";"Ultrapassagem Indevida";"Colisão lateral";"Com Vítimas Feridas";"Pleno dia";"Crescente";"Nublado";"Simples";"Reta";"Não";1;0;1;0;0;0;1;1;-19,49015;-40,12624;"SR-ES";"UOP01";"DEL04"
271419;2020-02-24;"segunda-feira";"13:40:00";"SP";116;209;"GUARULHOS";"Falta de Atenção à Condução";"Colisão lateral";"Com Vítimas Feridas";"Pleno dia";"Decrescente";"Céu Claro";"Dupla";"Desvio Temporário";"Sim";2;0;1;0;1;0;1;2;-23,42844;-46,41029;"SR-SP";"UOP01";"DEL01"
271420;2020-02-24;"segunda-feira";"12:43:00";"RO";364;711;"PORTO VELHO";"Não guardar distância de segurança";"Colisão traseira";"Sem Vítimas";"Pleno dia";"Decrescente";"Nublado";"Dupla";"Reta";"Sim";2;0;0;0;2;0;0;2;-8,781539;-63,86531;"SR-RO";"UOP01";"DEL01"
271421;2020-02-24;"segunda-feira";"09:30:00";"MT";364;342;"SANTO ANTONIO DO LEVERGER";"Falta de Atenção à Condução";"Colisão traseira";"Com Vítimas Feridas";"Pleno dia";"Decrescente";"Nublado";"Múltipla";"Reta";"Não";2;0;2;0;0;0;2;1;-15,82666;-55,5089;"SR-MT";"UOP02";"DEL01"
271422;2020-02-24;"segunda-feira";"13:30:00";"TO";153;678,4;"GURUPI";"Falta de Atenção à Condução";"Colisão traseira";"Com Vítimas Feridas";"Pleno dia";"Decrescente";"Céu Claro";"Simples";"Reta";"Não";3;0;1;0;2;0;1;2;-11,7746;-49,10745;"SR-TO";"UOP01";"DEL02"
271423;2020-02-24;"segunda-feira";"13:10:00";"RS";386;67;"BOA VISTA DAS MISSOES";"Defeito Mecânico no Veículo";"Incêndio";"Sem Vítimas";"Pleno dia";"Crescente";"Nublado";"Simples";"Reta";"Não";1;0;0;0;1;0;0;1;-27,64321;-53,32747;"SR-RS";"UOP02";"DEL08"
271424;2020-02-24;"segunda-feira";"13:00:00";"RN";101;108,9;"PARNAMIRIM";"Falta de Atenção à Condução";"Colisão traseira";"Com Vítimas Feridas";"Pleno dia";"Crescente";"Sol";"Dupla";"Reta";"Sim";2;0;1;0;1;0;1;2;-5,928251;-35,26466;"SR-RN";"UOP01";"DEL01"
271425;2020-02-24;"segunda-feira";"13:25:00";"MG";116;305,8;"ITAMBACURI";"Desobediência às normas de trânsito pelo condutor";"Colisão frontal";"Com Vítimas Fatais";"Pleno dia";"Crescente";"Nublado";"Simples";"Não Informado";"Não";4;1;3;0;0;0;3;2;-18,03189;-41,65291;"SR-MG";"UOP01";"DEL11"
271426;2020-02-24;"segunda-feira";"13:15:00";"ES";262;191;"IUNA";"Falta de Atenção à Condução";"Colisão lateral";"Com Vítimas Feridas";"Pleno dia";"Crescente";"Céu Claro";"Simples";"Não Informado";"Não";2;0;0;1;1;0;1;2;-20,30273;-41,74702;"SR-ES";"UOP02";"DEL01"
271427;2020-02-24;"segunda-feira";"13:50:00";"PR";116;131;"FAZENDA RIO GRANDE";"Falta de Atenção à Condução";"Colisão lateral";"Com Vítimas Feridas";"Pleno dia";"Crescente";"Nublado";"Dupla";"Reta";"Sim";2;0;1;0;1;0;1;2;-25,64831;-49,31251;"SR-PR";"UOP03";"DEL01"
271428;2020-02-24;"segunda-feira";"12:20:00";"CE";304;52,6;"ARACATI";"Falta de Atenção à Condução";"Colisão traseira";"Sem Vítimas";"Pleno dia";"Crescente";"Céu Claro";"Simples";"Reta";"Não";2;0;0;0;2;0;0;2;-4,570807;-37,74473;"SR-CE";"UOP03";"DEL03"
271429;2020-02-24;"segunda-feira";"13:00:00";"MS";163;264;"DOURADOS";"Falta de Atenção à Condução";"Colisão frontal";"Com Vítimas Feridas";"Pleno dia";"Decrescente";"Sol";"Dupla";"Reta";"Sim";2;0;0;1;1;0;1;2;-22,22743;-54,73933;"SR-MS";"UOP01";"DEL04"
271430;2020-02-24;"segunda-feira";"13:15:00";"AL";104;18,8;"SAO JOSE DA LAJE";"Falta de Atenção à Condução";"Colisão lateral";"Com Vítimas Feridas";"Pleno dia";"Crescente";"Céu Claro";"Simples";"Curva";"Não";3;0;0;1;2;0;1;2;-9,041939;-36,03775;"SR-AL";"UOP02";"DEL01"
271431;2020-02-24;"segunda-feira";"14:25:00";"SC";280;24;"ARAQUARI";"Ingestão de Álcool";"Colisão transversal";"Sem Vítimas";"Pleno dia";"Crescente";"Céu Claro";"Simples";"Reta";"Sim";2;0;0;0;2;0;0;2;-26,37725;-48,71953;"SR-SC";"UOP03";"DEL03"
271432;2020-02-24;"segunda-feira";"13:50:00";"AL";101;78,7;"RIO LARGO";"Desobediência às normas de trânsito pelo condutor";"Colisão traseira";"Com Vítimas Feridas";"Pleno dia";"Crescente";"Céu Claro";"Dupla";"Curva";"Não";2;0;1;0;1;0;1;2;-9,437055;-35,83677;"SR-AL";"UOP01";"DEL01"
271433;2020-02-24;"segunda-feira";"13:20:00";"RJ";116;265;"BARRA MANSA";"Pista Escorregadia";"Colisão com objeto estático";"Com Vítimas Feridas";"Pleno dia";"Crescente";"Chuva";"Dupla";"Curva";"Sim";3;0;2;1;0;0;3;1;-22,58785;-44,08578;"SR-RJ";"UOP02";"DEL07"
271434;2020-02-24;"segunda-feira";"14:30:00";"MG";381;495;"BETIM";"Não guardar distância de segurança";"Colisão lateral";"Com Vítimas Feridas";"Pleno dia";"Decrescente";"Garoa/Chuvisco";"Múltipla";"Reta";"Sim";3;0;1;0;2;0;1;2;-19,98891;-44,20522;"SR-MG";"UOP03";"DEL01"
271436;2020-02-24;"segunda-feira";"14:30:00";"SP";381;74,9;"SAO PAULO";"Velocidade Incompatível";"Saída de leito carroçável";"Com Vítimas Feridas";"Pleno dia";"Decrescente";"Garoa/Chuvisco";"Múltipla";"Curva";"Não";1;0;0;1;0;0;1;1;-23,37622;-46,56321;"SR-SP";"UOP01";"DEL03"
271437;2020-02-23;"domingo";"18:50:00";"SC";280;231,9;"CANOINHAS";"Ingestão de Álcool";"Colisão traseira";"Com Vítimas Feridas";"Pleno dia";"Decrescente";"Céu Claro";"Simples";"Reta";"Sim";3;0;2;0;1;0;2;2;-26,1893;-50,37171;"SR-SC";"UOP04";"DEL06"
271438;2020-02-24;"segunda-feira";"14:10:00";"RJ";101;544,9;"PARATY";"Não guardar distância de segurança";"Colisão traseira";"Com Vítimas Feridas";"Pleno dia";"Decrescente";"Céu Claro";"Simples";"Curva";"Não";2;0;1;0;1;0;1;2;-23,04627;-44,61729;"SR-RJ";"UOP03";"DEL03"
271439;2020-02-24;"segunda-feira";"14:50:00";"SP";116;158,2;"JACAREI";"Falta de Atenção à Condução";"Colisão com objeto estático";"Com Vítimas Feridas";"Pleno dia";"Crescente";"Nublado";"Simples";"Reta";"Sim";2;0;1;0;0;1;1;1;-23,26585;-45,95984;"SR-SP";"UOP01";"DEL02"
271440;2020-02-24;"segunda-feira";"15:20:00";"PE";101;41,3;"IGARASSU";"Não guardar distância de segurança";"Queda de ocupante de veículo";"Com Vítimas Feridas";"Pleno dia";"Decrescente";"Céu Claro";"Dupla";"Curva";"Sim";2;0;1;0;0;1;1;2;-7,830383;-34,91427;"SR-PE";"UOP02";"DEL01"
271441;2020-02-24;"segunda-feira";"14:30:00";"BA";116;326,2;"ARACI";"Falta de Atenção à Condução";"Colisão transversal";"Com Vítimas Feridas";"Pleno dia";"Crescente";"Céu Claro";"Simples";"Interseção de vias";"Não";2;0;0;1;1;0;1;2;-11,38289;-38,96583;"SR-BA";"UOP01";"DEL02"
271442;2020-02-24;"segunda-feira";"15:10:00";"MG";381;600,4;"CARMOPOLIS DE MINAS";"Falta de Atenção à Condução";"Saída de leito carroçável";"Com Vítimas Feridas";"Pleno dia";"Crescente";"Nublado";"Dupla";"Não Informado";"Não";1;0;1;0;0;0;1;1;-20,60547;-44,72363;"SR-MG";"UOP01";"DEL04"
271443;2020-02-24;"segunda-feira";"15:40:00";"SP";116;274,2;"TABOAO DA SERRA";"Falta de Atenção à Condução";"Colisão lateral";"Com Vítimas Feridas";"Pleno dia";"Crescente";"Céu Claro";"Dupla";"Reta";"Não";3;0;1;0;2;0;1;2;-23,63445;-46,82419;"SR-SP";"UOP01";"DEL04"
271444;2020-02-24;"segunda-feira";"15:00:00";"PB";101;91;"JOAO PESSOA";"Falta de Atenção à Condução";"Colisão traseira";"Com Vítimas Feridas";"Pleno dia";"Crescente";"Céu Claro";"Dupla";"Reta";"Sim";1;0;1;0;0;0;1;1;-7,188264;-34,90308;"SR-PB";"UOP01";"DEL01"
271445;2020-02-24;"segunda-feira";"15:50:00";"SP";101;10;"UBATUBA";"Desobediência às normas de trânsito pelo condutor";"Colisão com objeto estático";"Com Vítimas Feridas";"Pleno dia";"Decrescente";"Céu Claro";"Simples";"Reta";"Não";3;0;0;1;2;0;1;2;-23,35323;-44,85162;"SR-SP";"UOP02";"DEL06"
271446;2020-02-24;"segunda-feira";"15:30:00";"MG";381;438;"SABARA";"Desobediência às normas de trânsito pelo condutor";"Colisão lateral";"Com Vítimas Feridas";"Pleno dia";"Decrescente";"Nublado";"Simples";"Interseção de vias";"Sim";4;0;0;1;1;2;1;2;-19,80934;-43,77779;"SR-MG";"UOP01";"DEL01"
271447;2020-02-24;"segunda-feira";"14:10:00";"MS";359;221;"COXIM";"Pista Escorregadia";"Saída de leito carroçável";"Com Vítimas Feridas";"Pleno dia";"Crescente";"Chuva";"Simples";"Curva";"Não";3;0;2;0;1;0;2;1;-18,5052;-54,65325;"SR-MS";"UOP01";"DEL06"
271448;2020-02-24;"segunda-feira";"16:08:00";"SE";235;4,5;"NOSSA SENHORA DO SOCORRO";"Não guardar distância de segurança";"Colisão traseira";"Com Vítimas Feridas";"Pleno dia";"Crescente";"Céu Claro";"Dupla";"Não Informado";"Sim";6;0;4;0;2;0;4;3;-10,9064;-37,1197;"SR-SE";"UOP01";"DEL01"
271449;2020-02-24;"segunda-feira";"16:12:00";"SP";116;288,7;"ITAPECERICA DA SERRA";"Avarias e/ou desgaste excessivo no pneu";"Tombamento";"Com Vítimas Feridas";"Pleno dia";"Crescente";"Nublado";"Dupla";"Reta";"Sim";3;0;2;0;0;1;2;1;-23,71925;-46,88314;"SR-SP";"UOP01";"DEL04"
271450;2020-02-24;"segunda-feira";"15:12:00";"MG";50;182,5;"UBERABA";"Falta de Atenção à Condução";"Colisão com objeto estático";"Com Vítimas Feridas";"Pleno dia";"Decrescente";"Céu Claro";"Dupla";"Reta";"Sim";2;0;1;0;1;0;1;1;-19,79381;-47,91116;"SR-MG";"UOP01";"DEL13"
271451;2020-02-24;"segunda-feira";"15:30:00";"RS";158;322,2;"SANTA MARIA";"Defeito na Via";"Queda de ocupante de veículo";"Com Vítimas Feridas";"Pleno dia";"Decrescente";"Céu Claro";"Simples";"Curva";"Sim";2;0;2;0;0;0;2;1;-29,69143;-53,77424;"SR-RS";"UOP01";"DEL09"
271452;2020-02-24;"segunda-feira";"16:25:00";"MG";459;24,2;"CALDAS";"Condutor Dormindo";"Colisão com objeto estático";"Com Vítimas Feridas";"Pleno dia";"Decrescente";"Chuva";"Simples";"Reta";"Não";1;0;1;0;0;0;1;1;-21,87708;-46,38598;"SR-MG";"UOP01";"DEL09"
271453;2020-02-24;"segunda-feira";"14:50:00";"RR";432;202;"CANTA";"Ingestão de Álcool";"Saída de leito carroçável";"Com Vítimas Feridas";"Pleno dia";"Decrescente";"Céu Claro";"Simples";"Curva";"Não";1;0;0;1;0;0;1;1;2,700705;-60,60826;"SR-RR";"UOP01";"DEL01"
271454;2020-02-24;"segunda-feira";"16:00:00";"MG";354;732,3;"POUSO ALTO";"Velocidade Incompatível";"Colisão frontal";"Com Vítimas Feridas";"Pleno dia";"Decrescente";"Chuva";"Simples";"Curva";"Não";5;0;4;0;1;0;4;2;-22,17362;-44,96442;"SR-MG";"UOP01";"DEL17"
271455;2020-02-24;"segunda-feira";"11:40:00";"BA";101;895;"CARAVELAS";"Carga excessiva e/ou mal acondicionada";"Tombamento";"Sem Vítimas";"Pleno dia";"Crescente";"Céu Claro";"Simples";"Curva";"Não";1;0;0;0;1;0;0;1;-17,68371;-39,77372;"SR-BA";"UOP02";"DEL09"
271456;2020-02-24;"segunda-feira";"16:40:00";"PR";476;144;"CURITIBA";"Agressão Externa";"Colisão lateral";"Com Vítimas Feridas";"Pleno dia";"Decrescente";"Céu Claro";"Dupla";"Curva";"Não";3;0;1;0;1;1;1;3;-25,5425;-49,31301;"SR-PR";"UOP04";"DEL01"
271457;2020-02-24;"segunda-feira";"17:10:00";"MG";262;362,5;"JUATUBA";"Desobediência às normas de trânsito pelo condutor";"Colisão transversal";"Com Vítimas Feridas";"Pleno dia";"Decrescente";"Chuva";"Simples";"Não Informado";"Sim";2;0;1;0;1;0;1;2;-19,97161;-44,28687;"SR-MG";"UOP03";"DEL01"
271458;2020-02-24;"segunda-feira";"17:40:00";"ES";101;1,3;"VITORIA";"Não guardar distância de segurança";"Tombamento";"Com Vítimas Feridas";"Anoitecer";"Decrescente";"Nublado";"Múltipla";"Reta";"Sim";1;0;1;0;0;0;1;1;-20,25076;-40,28687;"SR-ES";"UOP01";"DEL02"
271459;2020-02-24;"segunda-feira";"17:40:00";"RS";116;196,8;"PICADA CAFE";"Falta de Atenção à Condução";"Colisão transversal";"Com Vítimas Feridas";"Pleno dia";"Decrescente";"Chuva";"Simples";"Reta";"Sim";2;0;1;0;1;0;1;2;-29,46517;-51,14805;"SR-RS";"UOP02";"DEL05"
271460;2020-02-24;"segunda-feira";"14:55:00";"AC";317;258;"EPITACIOLANDIA";"Velocidade Incompatível";"Saída de leito carroçável";"Com Vítimas Feridas";"Pleno dia";"Crescente";"Sol";"Simples";"Curva";"Não";2;0;2;0;0;0;2;1;-10,87669;-68,50265;"SR-AC";"UOP02";"DEL01"