"id";"data_inversa";"dia_semana";"horario";"uf";"br";"km";"municipio";"causa_acidente";"tipo_acidente";"classificacao_acidente";"fase_dia";"sentido_via";"condicao_metereologica";"tipo_pista";"tracado_via";"uso_solo";"pessoas";"mortos";"feridos_leves";"feridos_graves";"ilesos";"ignorados";"feridos";"veiculos";"latitude";"longitude";"regional";"delegacia";"uop"
271461;2020-02-24;"segunda-feira";"17:21:00";"BA";324;515;"FEIRA DE SANTANA";"Falta de Atenção à Condução";"Queda de ocupante de veículo";"Com Vítimas Feridas";"Anoitecer";"Decrescente";"Céu Claro";"Simples";"Reta";"Sim";2;0;2;0;0;0;2;1;-12,23548;-38,94397;"SR-BA";"UOP01";"DEL02"
271462;2020-02-24;"segunda-feira";"09:30:00";"MA";402;127;"PRIMEIRA CRUZ";"Defeito Mecânico no Veículo";"Saída de leito carroçável";"Com Vítimas Fatais";"Pleno dia";"Crescente";"Sol";"Simples";"Curva";"Não";5;1;0;4;0;0;4;1;-2,756251;-43,33268;"SR-MA";"UOP01";"DEL01"
271463;2020-02-24;"segunda-feira";"17:00:00";"MG";381;932,6;"EXTREMA";"Velocidade Incompatível";"Saída de leito carroçável";"Com Vítimas Feridas";"Pleno dia";"Crescente";"Chuva";"Dupla";"Curva";"Não";2;0;1;0;1;0;1;1;-22,81198;-46,28431;"SR-MG";"UOP03";"DEL16"
271465;2020-02-14;"sexta-feira";"08:50:00";"MG";50;72;"UBERLANDIA";"Falta de Atenção à Condução";"Colisão traseira";"Com Vítimas Feridas";"Pleno dia";"Decrescente";"Sol";"Dupla";"Reta";"Sim";3;0;2;0;1;0;2;2;-18,8514;-48,25346;"SR-MG";"UOP01";"DEL15"
271466;2020-02-24;"segunda-feira";"17:45:00";"SP";116;276;"EMBU DAS ARTES";"Não guardar distância de segurança";"Colisão traseira";"Com Vítimas Feridas";"Anoitecer";"Decrescente";"Chuva";"Dupla";"Reta";"Sim";3;0;2;0;1;0;2;2;-23,64262;-46,83811;"SR-SP";"UOP01";"DEL04"
271467;2020-02-24;"segunda-feira";"09:45:00";"RJ";101;557;"PARATY";"Falta de Atenção à Condução";"Colisão lateral";"Com Vítimas Feridas";"Pleno dia";"Crescente";"Céu Claro";"Simples";"Reta";"Sim";3;0;0;1;1;1;1;2;-23,09154;-44,6959;"SR-RJ";"UOP04";"DEL03"
271468;2020-02-24;"segunda-feira";"18:30:00";"RN";110;2,8;"AREIA BRANCA";"Ingestão de álcool e/ou substâncias psicoativas pelo pedestre";"Atropelamento de Pedestre";"Com Vítimas Feridas";"Plena Noite";"Crescente";"Céu Claro";"Simples";"Reta";"Não";2;0;1;0;1;0;1;1;-4,941901;-37,11632;"SR-RN";"UOP01";"DEL04"
271471;2020-02-24;"segunda-feira";"15:55:00";"PE";423;77;"JUCATI";"Desobediência às normas de trânsito pelo condutor";"Colisão frontal";"Com Vítimas Feridas";"Pleno dia";"Decrescente";"Céu Claro";"Simples";"Reta";"Não";2;0;0;1;0;1;1;2;-8,740482;-36,4307;"SR-PE";"UOP01";"DEL03"
271472;2020-02-24;"segunda-feira";"18:47:00";"RJ";116;79;"TERESOPOLIS";"Falta de Atenção à Condução";"Colisão transversal";"Com Vítimas Feridas";"Plena Noite";"Decrescente";"Chuva";"Simples";"Reta";"Sim";2;0;1;0;0;1;1;2;-22,3817;-42,95478;"SR-RJ";"UOP02";"DEL06"
271473;2020-02-24;"segunda-feira";"14:05:00";"MT";70;295;"PRIMAVERA DO LESTE";"Ingestão de Álcool";"Saída de leito carroçável";"Com Vítimas Feridas";"Pleno dia";"Crescente";"Nublado";"Simples";"Reta";"Não";1;0;1;0;0;0;1;1;-15,57987;-54,42092;"SR-MT";"UOP01";"DEL05"
271475;2020-02-24;"segunda-feira";"18:15:00";"MS";163;542,9;"BANDEIRANTES";"Falta de Atenção à Condução";"Saída de leito carroçável";"Sem Vítimas";"Plena Noite";"Crescente";"Nublado";"Simples";"Reta";"Não";2;0;0;0;2;0;0;1;-19,97194;-54,38262;"SR-MS";"UOP02";"DEL01"
271476;2020-02-24;"segunda-feira";"18:50:00";"RN";101;97;"NATAL";"Não guardar distância de segurança";"Colisão traseira";"Com Vítimas Feridas";"Plena Noite";"Crescente";"Céu Claro";"Dupla";"Curva";"Sim";2;0;0;1;1;0;1;2;-5,857589;-35,21271;"SR-RN";"UOP01";"DEL01"
271477;2020-02-24;"segunda-feira";"18:40:00";"SP";116;387,5;"MIRACATU";"Velocidade Incompatível";"Colisão lateral";"Com Vítimas Feridas";"Pleno dia";"Decrescente";"Nublado";"Dupla";"Reta";"Não";2;0;2;0;0;0;2;2;-24,26559;-47,38859;"SR-SP";"UOP02";"DEL04"
271479;2020-02-24;"segunda-feira";"18:00:00";"PI";316;82,9;"LAGOINHA DO PIAUI";"Desobediência às normas de trânsito pelo condutor";"Colisão transversal";"Com Vítimas Feridas";"Plena Noite";"Crescente";"Céu Claro";"Simples";"Interseção de vias";"Sim";3;0;3;0;0;0;3;2;-5,765278;-42,61082;"SR-PI";"UOP02";"DEL01"
271480;2020-02-24;"segunda-feira";"19:05:00";"GO";153;527,2;"HIDROLANDIA";"Ingestão de Álcool";"Colisão traseira";"Com Vítimas Feridas";"Plena Noite";"Decrescente";"Nublado";"Dupla";"Curva";"Não";2;0;1;0;1;0;1;2;-16,93313;-49,25171;"SR-GO";"UOP03";"DEL01"
271481;2020-02-24;"segunda-feira";"18:00:00";"MG";40;443,4;"PARAOPEBA";"Velocidade Incompatível";"Saída de leito carroçável";"Com Vítimas Feridas";"Anoitecer";"Crescente";"Chuva";"Dupla";"Não Informado";"Não";1;0;1;0;0;0;1;1;-19,28738;-44,41424;"SR-MG";"UOP01";"DEL02"
271482;2020-02-24;"segunda-feira";"19:20:00";"RJ";116;238;"PIRAI";"Falta de Atenção do Pedestre";"Atropelamento de Pedestre";"Com Vítimas Feridas";"Plena Noite";"Decrescente";"Nublado";"Dupla";"Reta";"Não";2;0;1;0;1;0;1;1;-22,66467;-43,88337;"SR-RJ";"UOP01";"DEL07"
271483;2020-02-24;"segunda-feira";"19:18:00";"PB";101;6,1;"MATARACA";"Velocidade Incompatível";"Colisão com objeto estático";"Com Vítimas Feridas";"Plena Noite";"Decrescente";"Céu Claro";"Simples";"Interseção de vias";"Não";1;0;1;0;0;0;1;1;-6,554666;-35,12959;"SR-PB";"UOP03";"DEL01"
271484;2020-02-24;"segunda-feira";"19:41:00";"DF";60;11,1;"BRASILIA";"Animais na Pista";"Atropelamento de Animal";"Com Vítimas Feridas";"Pleno dia";"Crescente";"Garoa/Chuvisco";"Dupla";"Não Informado";"Não";2;0;2;0;0;0;2;1;-15,91237;-48,15954;"SR-DF";"UOP02";"DEL01"
271485;2020-02-24;"segunda-feira";"19:35:00";"PR";277;570,1;"CASCAVEL";"Ultrapassagem Indevida";"Colisão lateral";"Com Vítimas Feridas";"Plena Noite";"Decrescente";"Céu Claro";"Simples";"Reta";"Não";6;0;1;0;5;0;1;2;-25,01742;-53,28196;"SR-PR";"UOP01";"DEL04"
271486;2020-02-24;"segunda-feira";"19:40:00";"PI";343;9,1;"PARNAIBA";"Desobediência às normas de trânsito pelo condutor";"Colisão traseira";"Com Vítimas Feridas";"Plena Noite";"Crescente";"Nublado";"Simples";"Reta";"Sim";4;0;1;1;1;1;2;3;-2,900722;-41,73268;"SR-PI";"UOP01";"DEL05"
271488;2020-02-24;"segunda-feira";"18:45:00";"MT";163;873;"SINOP";"Ingestão de Álcool";"Saída de leito carroçável";"Sem Vítimas";"Plena Noite";"Decrescente";"Nublado";"Simples";"Curva";"Não";1;0;0;0;1;0;0;1;-11,65546;-55,44171;"SR-MT";"UOP02";"DEL06"
271490;2020-02-24;"segunda-feira";"20:10:00";"CE";116;10,4;"FORTALEZA";"Animais na Pista";"Atropelamento de Animal";"Com Vítimas Feridas";"Plena Noite";"Crescente";"Nublado";"Dupla";"Reta";"Sim";1;0;1;0;0;0;1;1;-3,836038;-38,50273;"SR-CE";"UOP02";"DEL01"
271491;2020-02-24;"segunda-feira";"20:30:00";"GO";60;123;"GOIANAPOLIS";"Desobediência às normas de trânsito pelo pedestre";"Atropelamento de Pedestre";"Com Vítimas Feridas";"Plena Noite";"Decrescente";"Chuva";"Dupla";"Reta";"Não";2;0;0;1;0;1;1;1;-16,5184;-49,1242;"SR-GO";"UOP01";"DEL01"
271492;2020-02-24;"segunda-feira";"21:00:00";"SP";153;78,9;"BADY BASSITT";"Falta de Atenção à Condução";"Colisão transversal";"Sem Vítimas";"Plena Noite";"Crescente";"Nublado";"Simples";"Desvio Temporário";"Não";2;0;0;0;2;0;0;2;-20,90428;-49,46169;"SR-SP";"UOP01";"DEL09"
271493;2020-02-24;"segunda-feira";"19:05:00";"RJ";40;108;"DUQUE DE CAXIAS";"Falta de Atenção à Condução";"Colisão traseira";"Com Vítimas Feridas";"Plena Noite";"Decrescente";"Nublado";"Múltipla";"Reta";"Sim";4;0;1;0;3;0;1;2;-22,66477;-43,28495;"SR-RJ";"UOP01";"DEL01"
271494;2020-02-24;"segunda-feira";"21:00:00";"GO";153;495;"GOIANIA";"Desobediência às normas de trânsito pelo pedestre";"Atropelamento de Pedestre";"Com Vítimas Fatais";"Plena Noite";"Decrescente";"Céu Claro";"Dupla";"Reta";"Sim";3;1;0;1;1;0;1;2;-16,6681;-49,2263;"SR-GO";"UOP01";"DEL01"
271495;2020-02-24;"segunda-feira";"19:40:00";"SC";101;32,4;"JOINVILLE";"Falta de Atenção do Pedestre";"Atropelamento de Pedestre";"Com Vítimas Feridas";"Anoitecer";"Decrescente";"Céu Claro";"Dupla";"Reta";"Sim";2;0;0;1;0;1;1;1;-26,22699;-48,91657;"SR-SC";"UOP01";"DEL03"
271496;2020-02-24;"segunda-feira";"20:50:00";"SC";470;139,6;"RIO DO SUL";"Desobediência às normas de trânsito pelo condutor";"Colisão traseira";"Com Vítimas Feridas";"Plena Noite";"Crescente";"Céu Claro";"Simples";"Rotatória";"Sim";2;0;1;0;1;0;1;2;-27,21756;-49,65461;"SR-SC";"UOP02";"DEL04"
271497;2020-02-24;"segunda-feira";"20:20:00";"RO";364;196,8;"PIMENTA BUENO";"Defeito na Via";"Tombamento";"Com Vítimas Feridas";"Plena Noite";"Crescente";"Nublado";"Simples";"Reta";"Sim";1;0;1;0;0;0;1;1;-11,68672;-61,18348;"SR-RO";"UOP02";"DEL02"
271498;2020-02-24;"segunda-feira";"21:35:00";"GO";50;98;"CRISTALINA";"Desobediência às normas de trânsito pelo condutor";"Colisão frontal";"Com Vítimas Feridas";"Plena Noite";"Crescente";"Nublado";"Simples";"Reta";"Sim";2;0;0;1;1;0;1;2;-16,76789;-47,61732;"SR-DF";"UOP04";"DEL01"
271499;2020-02-24;"segunda-feira";"21:40:00";"MG";267;157,4;"LIMA DUARTE";"Desobediência às normas de trânsito pelo condutor";"Colisão frontal";"Com Vítimas Feridas";"Plena Noite";"Crescente";"Chuva";"Simples";"Reta";"Não";4;0;3;1;0;0;4;2;-21,83886;-43,78;"SR-MG";"UOP01";"DEL05"
271500;2020-02-24;"segunda-feira";"18:30:00";"MG";153;196,3;"FRUTAL";"Falta de Atenção à Condução";"Saída de leito carroçável";"Sem Vítimas";"Anoitecer";"Crescente";"Nublado";"Simples";"Curva";"Não";1;0;0;0;0;1;0;1;-19,97316;-49,00353;"SR-MG";"UOP02";"DEL13"
271501;2020-02-24;"segunda-feira";"20:30:00";"BA";407;3,2;"JUAZEIRO";"Falta de Atenção à Condução";"Colisão transversal";"Com Vítimas Feridas";"Plena Noite";"Crescente";"Céu Claro";"Simples";"Reta";"Sim";2;0;1;0;1;0;1;2;-9,43134;-40,49823;"SR-PE";"UOP01";"DEL06"
271503;2020-02-24;"segunda-feira";"18:50:00";"RJ";116;164;"RIO DE JANEIRO";"Falta de Atenção à Condução";"Colisão com objeto estático";"Sem Vítimas";"Plena Noite";"Crescente";"Chuva";"Múltipla";"Reta";"Sim";1;0;0;0;0;1;0;1;-22,81074;-43,28844;"SR-RJ";"UOP02";"DEL01"
271504;2020-02-24;"segunda-feira";"22:00:00";"RS";285;299,8;"PASSO FUNDO";"Falta de Atenção à Condução";"Colisão transversal";"Com Vítimas Feridas";"Plena Noite";"Crescente";"Céu Claro";"Simples";"Rotatória";"Sim";3;0;1;0;2;0;1;2;-28,23418;-52,43314;"SR-RS";"UOP03";"DEL08"
271505;2020-02-24;"segunda-feira";"22:50:00";"SP";101;35,5;"UBATUBA";"Pista Escorregadia";"Tombamento";"Com Vítimas Feridas";"Plena Noite";"Decrescente";"Garoa/Chuvisco";"Simples";"Reta";"Não";1;0;1;0;0;0;1;1;-23,39566;-45,01493;"SR-SP";"UOP02";"DEL06"
271506;2020-02-24;"segunda-feira";"22:00:00";"MG";381;763;"CAMPANHA";"Falta de Atenção à Condução";"Saída de leito carroçável";"Com Vítimas Feridas";"Plena Noite";"Decrescente";"Chuva";"Dupla";"Reta";"Não";2;0;1;0;1;0;1;1;-21,74874;-45,38843;"SR-MG";"UOP02";"DEL16"
271507;2020-02-24;"segunda-feira";"22:15:00";"DF";70;4;"BRASILIA";"Animais na Pista";"Atropelamento de Animal";"Sem Vítimas";"Plena Noite";"Decrescente";"Nublado";"Dupla";"Reta";"Não";1;0;0;0;0;1;0;1;-15,79811;-48,08932;"SR-DF";"UOP03";"DEL01"
271508;2020-02-24;"segunda-feira";"21:40:00";"PA";316;154;"CAPANEMA";"Não guardar distância de segurança";"Colisão traseira";"Com Vítimas Feridas";"Plena Noite";"Decrescente";"Nublado";"Simples";"Reta";"Não";2;0;2;0;0;0;2;2;-1,230453;-47,16186;"SR-PA";"UOP03";"DEL01"
271509;2020-02-24;"segunda-feira";"22:10:00";"BA";116;914;"ENCRUZILHADA";"Falta de Atenção à Condução";"Capotamento";"Com Vítimas Feridas";"Plena Noite";"Decrescente";"Céu Claro";"Simples";"Reta";"Não";4;0;2;1;1;0;3;1;-15,4678;-41,24161;"SR-BA";"UOP03";"DEL08"
271510;2020-02-24;"segunda-feira";"22:50:00";"SP";116;146,6;"SAO JOSE DOS CAMPOS";"Falta de Atenção à Condução";"Colisão lateral";"Com Vítimas Feridas";"Plena Noite";"Decrescente";"Ignorado";"Múltipla";"Reta";"Não";1;0;1;0;0;0;1;1;-23,19123;-45,86328;"SR-SP";"UOP01";"DEL02"
271511;2020-02-24;"segunda-feira";"20:10:00";"RS";290;54;"GLORINHA";"Avarias e/ou desgaste excessivo no pneu";"Tombamento";"Com Vítimas Feridas";"Plena Noite";"Crescente";"Garoa/Chuvisco";"Múltipla";"Reta";"Não";2;0;2;0;0;0;2;1;-29,91261;-50,79799;"SR-RS";"UOP01";"DEL03"
271512;2020-02-24;"segunda-feira";"23:16:00";"SP";116;205,1;"ARUJA";"Defeito Mecânico no Veículo";"Colisão traseira";"Com Vítimas Feridas";"Plena Noite";"Decrescente";"Nublado";"Dupla";"Reta";"Sim";6;0;2;0;4;0;2;2;-23,41475;-46,36601;"SR-SP";"UOP01";"DEL01"
271514;2020-02-24;"segunda-feira";"23:01:00";"RN";101;67,6;"EXTREMOZ";"Ingestão de Álcool";"Colisão frontal";"Com Vítimas Feridas";"Plena Noite";"Crescente";"Céu Claro";"Simples";"Reta";"Não";3;0;0;2;1;0;2;2;-5,659297;-35,24787;"SR-RN";"UOP01";"DEL02"
271515;2020-02-24;"segunda-feira";"20:30:00";"RS";290;422,7;"SAO GABRIEL";"Falta de Atenção à Condução";"Saída de leito carroçável";"Com Vítimas Feridas";"Plena Noite";"Crescente";"Céu Claro";"Simples";"Não Informado";"Não";2;0;2;0;0;0;2;1;-30,33103;-54,35794;"SR-RS";"UOP02";"DEL11"
271516;2020-02-25;"terça-feira";"00:00:00";"RJ";116;170;"SAO JOAO DE MERITI";"Falta de Atenção à Condução";"Colisão com objeto estático";"Com Vítimas Feridas";"Plena Noite";"Decrescente";"Céu Claro";"Múltipla";"Curva";"Não";1;0;1;0;0;0;1;1;-22,81113;-43,33367;"SR-RJ";"UOP02";"DEL01"
271517;2020-02-24;"segunda-feira";"22:05:00";"SC";282;309,3;"VARGEM";"Velocidade Incompatível";"Tombamento";"Com Vítimas Feridas";"Plena Noite";"Crescente";"Chuva";"Simples";"Curva";"Não";1;0;1;0;0;0;1;1;-27,48922;-50,97985;"SR-SC";"UOP08";"DEL07"
271518;2020-02-24;"segunda-feira";"22:00:00";"PR";376;168,3;"MARINGA";"Velocidade Incompatível";"Colisão traseira";"Sem Vítimas";"Plena Noite";"Decrescente";"Céu Claro";"Dupla";"Reta";"Não";2;0;0;0;2;0;0;2;-23,39887;-52,00217;"SR-PR";"UOP01";"DEL09"
271519;2020-02-25;"terça-feira";"00:40:00";"RN";101;80,9;"SAO GONCALO DO AMARANTE";"Desobediência às normas de trânsito pelo condutor";"Colisão transversal";"Com Vítimas Feridas";"Plena Noite";"Crescente";"Céu Claro";"Dupla";"Rotatória";"Sim";2;0;1;0;1;0;1;2;-5,762989;-35,28719;"SR-RN";"UOP01";"DEL02"
271520;2020-02-25;"terça-feira";"00:20:00";"PR";277;675,8;"MEDIANEIRA";"Falta de Atenção à Condução";"Colisão transversal";"Com Vítimas Fatais";"Plena Noite";"Decrescente";"Céu Claro";"Dupla";"Reta";"Sim";3;1;2;0;0;0;2;2;-25,30213;-54,12913;"SR-PR";"UOP01";"DEL05"
271521;2020-02-24;"segunda-feira";"23:30:00";"MG";354;733;"POUSO ALTO";"Falta de Atenção do Pedestre";"Atropelamento de Pedestre";"Com Vítimas Feridas";"Plena Noite";"Crescente";"Garoa/Chuvisco";"Simples";"Reta";"Sim";2;0;1;0;1;0;1;1;-22,17997;-44,97686;"SR-MG";"UOP01";"DEL17"
271522;2020-02-25;"terça-feira";"00:20:00";"SC";470;3,1;"NAVEGANTES";"Ingestão de Álcool";"Colisão traseira";"Com Vítimas Feridas";"Plena Noite";"Crescente";"Nublado";"Dupla";"Reta";"Sim";6;0;1;2;2;1;3;2;-26,86194;-48,68162;"SR-SC";"UOP04";"DEL04"
271523;2020-02-25;"terça-feira";"02:20:00";"MG";381;499;"BETIM";"Restrição de Visibilidade";"Colisão com objeto estático";"Com Vítimas Feridas";"Plena Noite";"Decrescente";"Chuva";"Múltipla";"Reta";"Sim";3;0;3;0;0;0;3;1;-20,01793;-44,22614;"SR-MG";"UOP03";"DEL01"
271524;2020-02-24;"segunda-feira";"22:30:00";"BA";101;78;"ENTRE RIOS";"Ultrapassagem Indevida";"Colisão frontal";"Com Vítimas Fatais";"Plena Noite";"Decrescente";"Céu Claro";"Simples";"Reta";"Não";3;2;1;0;0;0;1;2;-11,98813;-38,22149;"SR-BA";"UOP04";"DEL01"
271525;2020-02-25;"terça-feira";"03:30:00";"AL";104;74,7;"RIO LARGO";"Falta de Atenção à Condução";"Colisão com objeto estático";"Com Vítimas Feridas";"Plena Noite";"Crescente";"Nublado";"Dupla";"Curva";"Não";2;0;1;1;0;0;2;1;-9,44051;-35,83809;"SR-AL";"UOP01";"DEL01"
271526;2020-02-25;"terça-feira";"00:30:00";"ES";101;334;"GUARAPARI";"Falta de Atenção à Condução";"Queda de ocupante de veículo";"Com Vítimas Feridas";"Plena Noite";"Decrescente";"Chuva";"Dupla";"Reta";"Não";1;0;1;0;0;0;1;1;-20,62138;-40,52011;"SR-ES";"UOP01";"DEL03"
271527;2020-02-25;"terça-feira";"02:15:00";"PR";369;38,8;"ANDIRA";"Velocidade Incompatível";"Saída de leito carroçável";"Sem Vítimas";"Plena Noite";"Decrescente";"Céu Claro";"Dupla";"Reta";"Sim";1;0;0;0;0;1;0;1;-23,05257;-50,24001;"SR-PR";"UOP04";"DEL07"
271528;2020-02-25;"terça-feira";"02:35:00";"SP";116;219,6;"GUARULHOS";"Ingestão de Álcool";"Colisão traseira";"Com Vítimas Feridas";"Plena Noite";"Decrescente";"Nublado";"Múltipla";"Reta";"Sim";3;0;2;0;0;1;2;3;-23,46472;-46,49798;"SR-SP";"UOP01";"DEL01"
271529;2020-02-25;"terça-feira";"02:50:00";"RO";364;516;"ARIQUEMES";"Ingestão de Álcool";"Queda de ocupante de veículo";"Com Vítimas Feridas";"Plena Noite";"Decrescente";"Nublado";"Simples";"Reta";"Sim";1;0;1;0;0;0;1;1;-9,915961;-63,05532;"SR-RO";"UOP01";"DEL03"
271530;2020-02-25;"terça-feira";"04:10:00";"DF";20;16;"BRASILIA";"Velocidade Incompatível";"Colisão traseira";"Com Vítimas Feridas";"Plena Noite";"Crescente";"Garoa/Chuvisco";"Múltipla";"Reta";"Sim";4;0;1;0;3;0;1;2;-15,62567;-47,72516;"SR-DF";"UOP01";"DEL02"
271531;2020-02-25;"terça-feira";"03:55:00";"RJ";493;120,9;"ITAGUAI";"Ingestão de Álcool";"Colisão com objeto estático";"Sem Vítimas";"Plena Noite";"Crescente";"Nublado";"Dupla";"Reta";"Não";1;0;0;0;0;1;0;1;-22,88513;-43,8255;"SR-RJ";"UOP01";"DEL03"
271532;2020-02-25;"terça-feira";"03:30:00";"BA";324;624;"SALVADOR";"Falta de Atenção à Condução";"Capotamento";"Com Vítimas Feridas";"Plena Noite";"Decrescente";"Céu Claro";"Múltipla";"Reta";"Sim";1;0;1;0;0;0;1;1;-12,93384;-38,47191;"SR-BA";"UOP01";"DEL01"
271533;2020-02-25;"terça-feira";"05:30:00";"SC";101;206,9;"SAO JOSE";"Falta de Atenção à Condução";"Colisão transversal";"Sem Vítimas";"Amanhecer";"Decrescente";"Céu Claro";"Múltipla";"Interseção de vias";"Sim";2;0;0;0;2;0;0;2;-27,59194;-48,61825;"SR-SC";"UOP01";"DEL01"
271534;2020-02-25;"terça-feira";"04:00:00";"SP";116;127,3;"CACAPAVA";"Falta de Atenção à Condução";"Colisão lateral";"Com Vítimas Feridas";"Plena Noite";"Crescente";"Chuva";"Dupla";"Reta";"Sim";3;0;2;0;1;0;2;2;-23,10991;-45,70246;"SR-SP";"UOP01";"DEL06"
271536;2020-02-25;"terça-feira";"06:10:00";"SC";101;361;"SANGAO";"Falta de Atenção à Condução";"Capotamento";"Sem Vítimas";"Amanhecer";"Crescente";"Chuva";"Dupla";"Reta";"Não";1;0;0;0;1;0;0;1;-28,66584;-49,11466;"SR-SC";"UOP01";"DEL02"
271537;2020-02-25;"terça-feira";"05:20:00";"SC";101;123;"ITAJAI";"Falta de Atenção à Condução";"Queda de ocupante de veículo";"Com Vítimas Feridas";"Amanhecer";"Crescente";"Céu Claro";"Dupla";"Reta";"Não";3;0;1;0;1;1;1;2;-26,93669;-48,69877;"SR-SC";"UOP04";"DEL04"
271538;2020-02-25;"terça-feira";"04:00:00";"SC";470;50;"BLUMENAU";"Velocidade Incompatível";"Capotamento";"Sem Vítimas";"Plena Noite";"Crescente";"Nublado";"Simples";"Interseção de vias";"Sim";1;0;0;0;0;1;0;1;-26,85977;-49,07449;"SR-SC";"UOP01";"DEL04"
271539;2020-02-25;"terça-feira";"07:20:00";"CE";116;13;"FORTALEZA";"Desobediência às normas de trânsito pelo condutor";"Saída de leito carroçável";"Sem Vítimas";"Pleno dia";"Crescente";"Chuva";"Dupla";"Reta";"Sim";1;0;0;0;1;0;0;1;-3,860885;-38,49715;"SR-CE";"UOP02";"DEL01"
271540;2020-02-25;"terça-feira";"07:00:00";"SC";101;133;"BALNEARIO CAMBORIU";"Falta de Atenção à Condução";"Tombamento";"Com Vítimas Feridas";"Pleno dia";"Crescente";"Nublado";"Múltipla";"Reta";"Sim";1;0;1;0;0;0;1;1;-26,99936;-48,64609;"SR-SC";"UOP03";"DEL04"
271541;2020-01-25;"sábado";"01:00:00";"SC";282;0,5;"FLORIANOPOLIS";"Ingestão de Álcool";"Colisão traseira";"Sem Vítimas";"Plena Noite";"Decrescente";"Nublado";"Múltipla";"Curva";"Sim";2;0;0;0;2;0;0;2;-27,59845;-48,572;"SR-SC";"DEL8/1";"UOP01/SC"
271542;2020-02-25;"terça-feira";"07:50:00";"CE";20;430;"FORTALEZA";"Avarias e/ou desgaste excessivo no pneu";"Saída de leito carroçável";"Com Vítimas Feridas";"Pleno dia";"Decrescente";"Nublado";"Dupla";"Reta";"Não";5;0;1;0;4;0;1;1;-3,76999;-38,67006;"SR-CE";"UOP02";"DEL01"
271544;2020-02-25;"terça-feira";"06:00:00";"MG";381;726,9;"CARMO DA CACHOEIRA";"Velocidade Incompatível";"Colisão com objeto estático";"Sem Vítimas";"Amanhecer";"Crescente";"Chuva";"Dupla";"Não Informado";"Não";1;0;0;0;0;1;0;1;-21,50846;-45,2154;"SR-MG";"UOP02";"DEL04"
271545;2020-02-25;"terça-feira";"07:45:00";"RN";101;99,2;"NATAL";"Falta de Atenção à Condução";"Colisão lateral";"Com Vítimas Feridas";"Pleno dia";"Crescente";"Nublado";"Múltipla";"Reta";"Sim";2;0;1;1;0;0;2;1;-5,873592;-35,22063;"SR-RN";"UOP01";"DEL01"
271546;2020-02-25;"terça-feira";"08:10:00";"RS";158;334,7;"SANTA MARIA";"Condutor Dormindo";"Saída de leito carroçável";"Com Vítimas Feridas";"Pleno dia";"Crescente";"Sol";"Simples";"Reta";"Sim";1;0;1;0;0;0;1;1;-29,70827;-53,86671;"SR-RS";"UOP01";"DEL09"
271547;2020-02-25;"terça-feira";"02:30:00";"SP";116;327;"JUQUITIBA";"Ingestão de Álcool";"Colisão traseira";"Com Vítimas Feridas";"Plena Noite";"Crescente";"Céu Claro";"Dupla";"Curva";"Não";2;0;1;0;0;1;1;2;-23,93596;-47,07099;"SR-SP";"UOP01";"DEL04"
271548;2020-02-25;"terça-feira";"08:00:00";"SC";101;235,7;"PALHOCA";"Pista Escorregadia";"Tombamento";"Com Vítimas Feridas";"Pleno dia";"Crescente";"Garoa/Chuvisco";"Dupla";"Viaduto";"Não";2;0;2;0;0;0;2;1;-27,81778;-48,6315;"SR-SC";"UOP02";"DEL01"
271549;2020-02-25;"terça-feira";"05:30:00";"RS";116;52,1;"VACARIA";"Velocidade Incompatível";"Saída de leito carroçável";"Sem Vítimas";"Pleno dia";"Decrescente";"Chuva";"Simples";"Não Informado";"Não";1;0;0;0;0;1;0;1;-28,5823;-51,02379;"SR-RS";"UOP03";"DEL05"
271550;2020-02-25;"terça-feira";"05:50:00";"MG";381;320;"NOVA ERA";"Condutor Dormindo";"Saída de leito carroçável";"Com Vítimas Feridas";"Amanhecer";"Crescente";"Nublado";"Simples";"Reta";"Não";3;0;3;0;0;0;3;1;-19,71519;-43,0011;"SR-MG";"UOP02";"DEL03"
271551;2020-02-25;"terça-feira";"05:30:00";"SP";116;562;"BARRA DO TURVO";"Velocidade Incompatível";"Saída de leito carroçável";"Com Vítimas Fatais";"Amanhecer";"Crescente";"Céu Claro";"Simples";"Curva";"Não";1;1;0;0;0;0;0;1;-25,02464;-48,52214;"SR-SP";"UOP02";"DEL05"
271552;2020-02-25;"terça-feira";"07:10:00";"SC";282;3;"FLORIANOPOLIS";"Ingestão de Álcool";"Colisão com objeto estático";"Sem Vítimas";"Pleno dia";"Crescente";"Garoa/Chuvisco";"Múltipla";"Reta";"Sim";1;0;0;0;1;0;0;1;-27,60038;-48,59971;"SR-SC";"UOP01";"DEL01"
271553;2020-02-25;"terça-feira";"06:30:00";"RS";290;39,7;"SANTO ANTONIO DA PATRULHA";"Condutor Dormindo";"Saída de leito carroçável";"Com Vítimas Feridas";"Amanhecer";"Decrescente";"Nublado";"Dupla";"Reta";"Não";4;0;2;0;2;0;2;1;-29,88625;-50,64823;"SR-RS";"UOP01";"DEL03"