"id";"data_inversa";"dia_semana";"horario";"uf";"br";"km";"municipio";"causa_acidente";"tipo_acidente";"classificacao_acidente";"fase_dia";"sentido_via";"condicao_metereologica";"tipo_pista";"tracado_via";"uso_solo";"pessoas";"mortos";"feridos_leves";"feridos_graves";"ilesos";"ignorados";"feridos";"veiculos";"latitude";"longitude";"regional";"delegacia";"uop"
271554;2020-02-25;"terça-feira";"08:30:00";"PR";277;715;"FOZ DO IGUACU";"Pista Escorregadia";"Saída de leito carroçável";"Sem Vítimas";"Pleno dia";"Crescente";"Chuva";"Dupla";"Reta";"Não";1;0;0;0;1;0;0;1;-25,39955;-54,39159;"SR-PR";"UOP01";"DEL05"
271556;2020-02-25;"terça-feira";"08:00:00";"BA";116;849;"VITORIA DA CONQUISTA";"Carga excessiva e/ou mal acondicionada";"Saída de leito carroçável";"Com Vítimas Feridas";"Pleno dia";"Decrescente";"Nublado";"Simples";"Curva";"Não";3;0;1;0;2;0;1;3;-14,98358;-40,92239;"SR-BA";"UOP03";"DEL08"
271557;2020-02-25;"terça-feira";"08:20:00";"RS";285;365;"COLORADO";"Não guardar distância de segurança";"Colisão traseira";"Com Vítimas Feridas";"Pleno dia";"Decrescente";"Chuva";"Simples";"Não Informado";"Não";5;0;2;0;3;0;2;2;-28,38715;-53,02002;"SR-RS";"UOP03";"DEL08"
271558;2020-02-25;"terça-feira";"08:00:00";"RJ";40;83;"PETROPOLIS";"Desobediência às normas de trânsito pelo condutor";"Colisão frontal";"Sem Vítimas";"Pleno dia";"Decrescente";"Céu Claro";"Simples";"Não Informado";"Não";2;0;0;0;2;0;0;2;-22,54002;-43,22417;"SR-RJ";"UOP03";"DEL06"
271559;2020-02-25;"terça-feira";"09:15:00";"SP";101;40;"UBATUBA";"Desobediência às normas de trânsito pelo condutor";"Colisão transversal";"Com Vítimas Feridas";"Pleno dia";"Decrescente";"Céu Claro";"Simples";"Reta";"Não";2;0;1;0;1;0;1;2;-23,41348;-45,03343;"SR-SP";"UOP02";"DEL06"
271560;2020-02-25;"terça-feira";"09:40:00";"PR";277;77,5;"CURITIBA";"Objeto estático sobre o leito carroçável";"Colisão com objeto estático";"Com Vítimas Feridas";"Pleno dia";"Crescente";"Nublado";"Dupla";"Reta";"Sim";2;0;2;0;0;0;2;2;-25,48326;-49,19128;"SR-PR";"UOP01";"DEL01"
271561;2020-02-23;"domingo";"20:50:00";"BA";116;460;"SANTO ESTEVAO";"Velocidade Incompatível";"Tombamento";"Com Vítimas Feridas";"Plena Noite";"Decrescente";"Céu Claro";"Simples";"Reta";"Sim";1;0;1;0;0;0;1;1;-12,4417;-39,23273;"SR-BA";"UOP01";"DEL02"
271562;2020-02-25;"terça-feira";"09:45:00";"RS";386;287,6;"SAO JOSE DO HERVAL";"Falta de Atenção à Condução";"Colisão transversal";"Com Vítimas Feridas";"Pleno dia";"Decrescente";"Nublado";"Simples";"Reta";"Não";8;0;0;4;2;2;4;2;-29,07486;-52,27854;"SR-RS";"UOP03";"DEL04"
271563;2020-02-25;"terça-feira";"08:50:00";"MG";50;63;"UBERLANDIA";"Falta de Atenção à Condução";"Colisão lateral";"Com Vítimas Feridas";"Pleno dia";"Crescente";"Nublado";"Dupla";"Reta";"Não";2;0;1;0;1;0;1;2;-18,81603;-48,25003;"SR-MG";"UOP02";"DEL15"
271564;2020-02-25;"terça-feira";"09:40:00";"MG";381;720,9;"CARMO DA CACHOEIRA";"Velocidade Incompatível";"Tombamento";"Com Vítimas Fatais";"Pleno dia";"Decrescente";"Céu Claro";"Dupla";"Curva";"Não";1;1;0;0;0;0;0;1;-21,43819;-45,20867;"SR-MG";"UOP02";"DEL04"
271565;2020-02-25;"terça-feira";"09:10:00";"AL";101;192;"JUNQUEIRO";"Defeito Mecânico no Veículo";"Capotamento";"Com Vítimas Feridas";"Pleno dia";"Crescente";"Céu Claro";"Simples";"Reta";"Não";1;0;1;0;0;0;1;1;-9,93276;-36,48032;"SR-AL";"UOP02";"DEL02"
271567;2020-02-25;"terça-feira";"08:00:00";"SC";101;95;"BARRA VELHA";"Pista Escorregadia";"Colisão com objeto estático";"Com Vítimas Feridas";"Pleno dia";"Crescente";"Chuva";"Múltipla";"Reta";"Não";1;0;1;0;0;0;1;1;-26,70876;-48,70221;"SR-SC";"UOP02";"DEL03"
271568;2020-02-25;"terça-feira";"08:25:00";"ES";259;72;"COLATINA";"Não guardar distância de segurança";"Colisão traseira";"Com Vítimas Feridas";"Pleno dia";"Crescente";"Nublado";"Simples";"Reta";"Não";2;0;1;0;0;1;1;2;-19,52761;-40,81049;"SR-ES";"UOP01";"DEL02"
271569;2020-02-25;"terça-feira";"10:10:00";"ES";101;269,3;"SERRA";"Não guardar distância de segurança";"Colisão traseira";"Com Vítimas Feridas";"Pleno dia";"Decrescente";"Sol";"Dupla";"Reta";"Sim";2;0;1;0;1;0;1;2;-20,21824;-40,26884;"SR-ES";"UOP01";"DEL02"
271570;2020-02-25;"terça-feira";"07:00:00";"SC";470;178,5;"POUSO REDONDO";"Velocidade Incompatível";"Tombamento";"Com Vítimas Feridas";"Pleno dia";"Crescente";"Chuva";"Simples";"Reta";"Não";2;0;1;0;1;0;1;1;-27,24839;-49,96708;"SR-SC";"UOP02";"DEL04"
271571;2020-01-26;"domingo";"17:20:00";"SC";282;568;"NOVA ITABERABA";"Mal Súbito";"Colisão frontal";"Com Vítimas Feridas";"Pleno dia";"Crescente";"Céu Claro";"Simples";"Curva";"Não";3;0;2;1;0;0;3;2;-26,89968;-52,91576;"SR-SC";"DEL7";"UOP02/SC"
271572;2020-02-25;"terça-feira";"10:00:00";"PE";232;81;"GRAVATA";"Falta de Atenção à Condução";"Colisão traseira";"Com Vítimas Feridas";"Pleno dia";"Decrescente";"Céu Claro";"Dupla";"Reta";"Sim";2;0;0;1;1;0;1;2;-8,196977;-35,5785;"SR-PE";"UOP04";"DEL01"
271573;2020-02-25;"terça-feira";"09:45:00";"RS";386;235,8;"SOLEDADE";"Falta de Atenção à Condução";"Colisão lateral";"Com Vítimas Feridas";"Pleno dia";"Crescente";"Nublado";"Simples";"Reta";"Não";5;0;4;0;0;1;4;2;-28,73735;-52,55411;"SR-RS";"UOP03";"DEL04"
271575;2020-02-25;"terça-feira";"11:25:00";"RN";304;90,3;"ACU";"Desobediência às normas de trânsito pelo condutor";"Colisão lateral";"Com Vítimas Feridas";"Pleno dia";"Decrescente";"Céu Claro";"Simples";"Não Informado";"Não";8;0;1;0;7;0;1;2;-5,529579;-37,10085;"SR-RN";"UOP01";"DEL04"
271576;2020-02-25;"terça-feira";"11:10:00";"SC";101;459,5;"PASSO DE TORRES";"Falta de Atenção à Condução";"Colisão traseira";"Com Vítimas Feridas";"Pleno dia";"Crescente";"Céu Claro";"Dupla";"Reta";"Não";3;0;1;0;2;0;1;2;-29,26064;-49,75605;"SR-SC";"UOP02";"DEL02"
271577;2020-02-25;"terça-feira";"08:40:00";"RJ";493;75;"JAPERI";"Ingestão de Álcool";"Colisão traseira";"Sem Vítimas";"Pleno dia";"Crescente";"Céu Claro";"Dupla";"Reta";"Sim";2;0;0;0;2;0;0;2;-22,65672;-43,52053;"SR-RJ";"UOP03";"DEL01"
271578;2020-02-25;"terça-feira";"12:20:00";"PR";487;131;"TUNEIRAS DO OESTE";"Velocidade Incompatível";"Saída de leito carroçável";"Com Vítimas Feridas";"Pleno dia";"Decrescente";"Chuva";"Simples";"Reta";"Não";2;0;2;0;0;0;2;1;-23,88605;-52,8228;"SR-PR";"UOP03";"DEL09"
271579;2020-02-25;"terça-feira";"11:30:00";"SC";280;66;"JARAGUA DO SUL";"Falta de Atenção à Condução";"Colisão transversal";"Com Vítimas Feridas";"Pleno dia";"Crescente";"Sol";"Simples";"Reta";"Sim";2;0;1;0;1;0;1;2;-26,47607;-49,09569;"SR-SC";"UOP03";"DEL03"
271580;2020-02-25;"terça-feira";"10:50:00";"SC";101;145;"ITAPEMA";"Falta de Atenção à Condução";"Engavetamento";"Com Vítimas Feridas";"Pleno dia";"Decrescente";"Céu Claro";"Dupla";"Reta";"Sim";6;0;1;0;5;0;1;3;-27,08139;-48,60131;"SR-SC";"UOP03";"DEL04"
271581;2020-02-25;"terça-feira";"11:00:00";"RJ";101;306;"SAO GONCALO";"Não guardar distância de segurança";"Colisão com objeto estático";"Com Vítimas Feridas";"Pleno dia";"Crescente";"Céu Claro";"Dupla";"Reta";"Sim";3;0;1;0;1;1;1;2;-22,79179;-43,01867;"SR-RJ";"UOP01";"DEL02"
271582;2020-02-25;"terça-feira";"12:50:00";"RS";386;179,5;"CARAZINHO";"Desobediência às normas de trânsito pelo condutor";"Colisão transversal";"Com Vítimas Feridas";"Pleno dia";"Decrescente";"Nublado";"Simples";"Reta";"Sim";4;0;2;0;2;0;2;2;-28,29553;-52,75339;"SR-RS";"UOP01";"DEL08"
271583;2020-02-25;"terça-feira";"12:30:00";"DF";20;17,8;"BRASILIA";"Pista Escorregadia";"Saída de leito carroçável";"Com Vítimas Feridas";"Pleno dia";"Crescente";"Chuva";"Dupla";"Desvio Temporário";"Sim";2;0;2;0;0;0;2;1;-15,62137;-47,71698;"SR-DF";"UOP01";"DEL02"
271584;2020-02-25;"terça-feira";"09:05:00";"SC";282;300,8;"VARGEM";"Velocidade Incompatível";"Saída de leito carroçável";"Com Vítimas Feridas";"Pleno dia";"Crescente";"Chuva";"Simples";"Curva";"Não";3;0;1;0;2;0;1;1;-27,51596;-50,91788;"SR-SC";"UOP08";"DEL07"
271585;2020-02-25;"terça-feira";"12:15:00";"RS";153;44;"ERECHIM";"Pista Escorregadia";"Saída de leito carroçável";"Com Vítimas Feridas";"Pleno dia";"Crescente";"Chuva";"Simples";"Curva";"Não";1;0;1;0;0;0;1;1;-27,62313;-52,23688;"SR-RS";"UOP04";"DEL08"
271586;2020-02-25;"terça-feira";"10:00:00";"GO";70;310,2;"JUSSARA";"Falta de Atenção à Condução";"Saída de leito carroçável";"Sem Vítimas";"Amanhecer";"Decrescente";"Céu Claro";"Simples";"Curva";"Não";1;0;0;0;0;1;0;1;-15,87669;-50,82692;"SR-GO";"UOP01";"DEL04"
271587;2020-02-24;"segunda-feira";"17:15:00";"RO";425;100;"GUAJARA-MIRIM";"Desobediência às normas de trânsito pelo condutor";"Colisão frontal";"Com Vítimas Feridas";"Pleno dia";"Crescente";"Céu Claro";"Múltipla";"Reta";"Sim";2;0;1;0;1;0;1;2;-10,41156;-65,33094;"SR-RO";"UOP04";"DEL01"
271588;2020-02-22;"sábado";"05:00:00";"SC";282;518,6;"XAXIM";"Velocidade Incompatível";"Saída de leito carroçável";"Sem Vítimas";"Plena Noite";"Crescente";"Céu Claro";"Simples";"Reta";"Não";1;0;0;0;0;1;0;1;-26,93977;-52,5007;"SR-SC";"UOP01";"DEL07"
271589;2020-02-25;"terça-feira";"08:45:00";"MG";116;782;"LEOPOLDINA";"Condutor Dormindo";"Saída de leito carroçável";"Sem Vítimas";"Pleno dia";"Decrescente";"Nublado";"Simples";"Ponte";"Não";1;0;0;0;1;0;0;1;-21,62704;-42,69997;"SR-MG";"UOP01";"DEL07"
271590;2020-02-25;"terça-feira";"13:50:00";"PR";476;130,1;"CURITIBA";"Objeto estático sobre o leito carroçável";"Colisão traseira";"Com Vítimas Feridas";"Pleno dia";"Decrescente";"Chuva";"Múltipla";"Reta";"Sim";5;0;3;0;2;0;3;2;-25,45078;-49,23691;"SR-PR";"UOP06";"DEL01"
271591;2020-02-25;"terça-feira";"11:00:00";"PR";153;143;"VENTANIA";"Pista Escorregadia";"Saída de leito carroçável";"Com Vítimas Feridas";"Pleno dia";"Crescente";"Chuva";"Simples";"Reta";"Não";5;0;4;1;0;0;5;1;-24,10443;-50,24661;"SR-PR";"UOP05";"DEL07"
271592;2020-02-25;"terça-feira";"11:42:00";"CE";116;76;"CHOROZINHO";"Defeito Mecânico no Veículo";"Queda de ocupante de veículo";"Com Vítimas Feridas";"Pleno dia";"Decrescente";"Nublado";"Simples";"Reta";"Não";2;0;1;0;1;0;1;1;-4,368187;-38,45029;"SR-CE";"UOP02";"DEL03"
271593;2020-02-25;"terça-feira";"13:40:00";"TO";226;50;"DARCINOPOLIS";"Pista Escorregadia";"Saída de leito carroçável";"Sem Vítimas";"Pleno dia";"Crescente";"Chuva";"Simples";"Reta";"Não";2;0;0;0;2;0;0;1;-6,791375;-47,80262;"SR-TO";"UOP05";"DEL02"
271594;2020-02-25;"terça-feira";"13:20:00";"SC";101;326,8;"CAPIVARI DE BAIXO";"Ingestão de Álcool";"Atropelamento de Pedestre";"Com Vítimas Feridas";"Pleno dia";"Decrescente";"Nublado";"Simples";"Desvio Temporário";"Sim";2;0;1;1;0;0;2;1;-28,43556;-48,95892;"SR-SC";"UOP01";"DEL02"
271595;2020-02-25;"terça-feira";"13:00:00";"BA";101;440;"UBAITABA";"Defeito Mecânico no Veículo";"Saída de leito carroçável";"Com Vítimas Feridas";"Pleno dia";"Crescente";"Céu Claro";"Simples";"Interseção de vias";"Não";2;0;0;1;1;0;1;1;-14,26713;-39,32668;"SR-BA";"UOP01";"DEL05"
271600;2020-02-25;"terça-feira";"14:10:00";"RS";290;81;"GRAVATAI";"Falta de Atenção à Condução";"Saída de leito carroçável";"Com Vítimas Feridas";"Pleno dia";"Crescente";"Céu Claro";"Dupla";"Reta";"Sim";1;0;1;0;0;0;1;1;-29,95444;-51,06881;"SR-RS";"UOP01";"DEL01"
271601;2020-02-25;"terça-feira";"14:30:00";"PR";376;402;"TIBAGI";"Falta de Atenção à Condução";"Colisão com objeto estático";"Com Vítimas Feridas";"Pleno dia";"Crescente";"Chuva";"Dupla";"Curva";"Não";1;0;0;1;0;0;1;1;-24,61299;-50,65452;"SR-PR";"UOP04";"DEL03"
271602;2020-02-25;"terça-feira";"13:00:00";"RJ";40;112;"DUQUE DE CAXIAS";"Falta de Atenção à Condução";"Saída de leito carroçável";"Com Vítimas Feridas";"Pleno dia";"Decrescente";"Céu Claro";"Múltipla";"Reta";"Sim";1;0;1;0;0;0;1;1;-22,70045;-43,29015;"SR-RJ";"UOP01";"DEL01"
271603;2020-02-25;"terça-feira";"14:30:00";"SP";381;48,9;"ATIBAIA";"Desobediência às normas de trânsito pelo condutor";"Colisão transversal";"Com Vítimas Feridas";"Pleno dia";"Crescente";"Sol";"Dupla";"Reta";"Sim";3;0;2;0;1;0;2;2;-23,1972;-46,58737;"SR-SP";"UOP01";"DEL03"
271604;2020-02-25;"terça-feira";"09:30:00";"MG";116;528,8;"CARATINGA";"Falta de Atenção à Condução";"Colisão traseira";"Com Vítimas Feridas";"Pleno dia";"Decrescente";"Céu Claro";"Dupla";"Reta";"Sim";2;0;1;0;1;0;1;2;-19,79403;-42,13731;"SR-MG";"UOP02";"DEL06"
271605;2020-02-25;"terça-feira";"14:30:00";"RN";304;270,6;"SAO PEDRO";"Ultrapassagem Indevida";"Saída de leito carroçável";"Com Vítimas Feridas";"Pleno dia";"Crescente";"Céu Claro";"Simples";"Não Informado";"Não";2;0;2;0;0;0;2;1;-5,871625;-35,57815;"SR-RN";"UOP02";"DEL01"
271606;2020-02-25;"terça-feira";"10:00:00";"AC";364;511,7;"FEIJO";"Ingestão de Álcool";"Saída de leito carroçável";"Com Vítimas Feridas";"Pleno dia";"Decrescente";"Céu Claro";"Simples";"Desvio Temporário";"Não";1;0;0;1;0;0;1;1;-8,190795;-70,52181;"SR-AC";"UOP01";"DEL01"
271607;2020-02-25;"terça-feira";"14:30:00";"PR";277;727;"FOZ DO IGUACU";"Pista Escorregadia";"Tombamento";"Com Vítimas Feridas";"Pleno dia";"Crescente";"Chuva";"Dupla";"Reta";"Sim";2;0;0;1;1;0;1;1;-25,51017;-54,56455;"SR-PR";"UOP02";"DEL05"
271608;2020-02-25;"terça-feira";"15:15:00";"RS";470;195,6;"BENTO GONCALVES";"Pista Escorregadia";"Colisão frontal";"Com Vítimas Feridas";"Pleno dia";"Crescente";"Chuva";"Simples";"Não Informado";"Não";3;0;2;0;1;0;2;2;-29,05097;-51,58205;"SR-RS";"UOP02";"DEL06"
271609;2020-02-25;"terça-feira";"10:45:00";"SE";101;17;"CEDRO DE SAO JOAO";"Defeito Mecânico no Veículo";"Saída de leito carroçável";"Sem Vítimas";"Pleno dia";"Crescente";"Céu Claro";"Dupla";"Não Informado";"Não";1;0;0;0;1;0;0;1;-10,33832;-36,89396;"SR-SE";"UOP02";"DEL02"
271610;2020-02-22;"sábado";"05:30:00";"MT";364;8;"ALTO ARAGUAIA";"Não guardar distância de segurança";"Colisão traseira";"Com Vítimas Feridas";"Amanhecer";"Crescente";"Chuva";"Simples";"Desvio Temporário";"Não";2;0;1;0;1;0;1;2;-17,27669;-53,26958;"SR-MT";"UOP04";"DEL02"
271611;2020-02-25;"terça-feira";"14:58:00";"MG";381;455,6;"BELO HORIZONTE";"Desobediência às normas de trânsito pelo condutor";"Colisão transversal";"Sem Vítimas";"Pleno dia";"Decrescente";"Sol";"Simples";"Curva";"Não";2;0;0;0;2;0;0;2;-19,83795;-43,88167;"SR-MG";"UOP01";"DEL01"
271612;2020-02-25;"terça-feira";"15:30:00";"MG";381;484;"BETIM";"Falta de Atenção à Condução";"Colisão lateral";"Com Vítimas Feridas";"Pleno dia";"Crescente";"Chuva";"Dupla";"Desvio Temporário";"Não";5;0;0;2;1;2;2;2;-19,95532;-44,11722;"SR-MG";"UOP03";"DEL01"
271613;2020-02-25;"terça-feira";"15:30:00";"RS";470;218;"BENTO GONCALVES";"Velocidade Incompatível";"Saída de leito carroçável";"Sem Vítimas";"Pleno dia";"Decrescente";"Chuva";"Simples";"Curva";"Não";2;0;0;0;2;0;0;1;-29,17292;-51,52425;"SR-RS";"UOP01";"DEL06"
271614;2020-02-25;"terça-feira";"15:40:00";"MG";381;492,9;"BETIM";"Falta de Atenção à Condução";"Queda de ocupante de veículo";"Com Vítimas Feridas";"Pleno dia";"Crescente";"Nublado";"Dupla";"Reta";"Sim";1;0;1;0;0;0;1;1;-19,9749;-44,19004;"SR-MG";"UOP03";"DEL01"
271615;2020-02-04;"terça-feira";"18:10:00";"SP";116;133;"CACAPAVA";"Desobediência às normas de trânsito pelo condutor";"Atropelamento de Pedestre";"Com Vítimas Feridas";"Anoitecer";"Crescente";"Chuva";"Dupla";"Reta";"Não";4;0;0;1;2;1;1;1;-23,13596;-45,75327;"SR-SP";"UOP01";"DEL06"
271616;2020-02-25;"terça-feira";"15:35:00";"PR";277;124,8;"BALSA NOVA";"Velocidade Incompatível";"Colisão traseira";"Com Vítimas Feridas";"Pleno dia";"Decrescente";"Chuva";"Simples";"Curva";"Não";10;0;2;2;6;0;4;4;-25,47034;-49,59927;"SR-PR";"UOP03";"DEL03"
271617;2020-02-25;"terça-feira";"14:20:00";"SC";280;124,8;"RIO NEGRINHO";"Desobediência às normas de trânsito pelo condutor";"Colisão traseira";"Com Vítimas Feridas";"Pleno dia";"Decrescente";"Chuva";"Simples";"Interseção de vias";"Sim";3;0;0;2;1;0;2;2;-26,23896;-49,50075;"SR-SC";"UOP03";"DEL06"
271618;2020-02-25;"terça-feira";"15:15:00";"PR";476;133;"CURITIBA";"Falta de Atenção à Condução";"Saída de leito carroçável";"Sem Vítimas";"Pleno dia";"Crescente";"Garoa/Chuvisco";"Múltipla";"Reta";"Sim";1;0;0;0;1;0;0;1;-25,46922;-49,25414;"SR-PR";"UOP03";"DEL01"
271619;2020-02-25;"terça-feira";"16:00:00";"PR";116;105,5;"SAO JOSE DOS PINHAIS";"Falta de Atenção à Condução";"Engavetamento";"Sem Vítimas";"Pleno dia";"Crescente";"Céu Claro";"Dupla";"Reta";"Não";5;0;0;0;4;1;0;5;-25,56635;-49,16834;"SR-PR";"UOP01";"DEL01"
271620;2020-02-25;"terça-feira";"15:10:00";"MG";40;737,9;"SANTOS DUMONT";"Condutor Dormindo";"Saída de leito carroçável";"Com Vítimas Feridas";"Pleno dia";"Decrescente";"Nublado";"Simples";"Curva";"Não";2;0;1;0;1;0;1;1;-21,38297;-43,57034;"SR-MG";"UOP01";"DEL05"
271622;2020-02-25;"terça-feira";"15:30:00";"PI";222;62;"PIRIPIRI";"Carga excessiva e/ou mal acondicionada";"Saída de leito carroçável";"Com Vítimas Feridas";"Pleno dia";"Crescente";"Nublado";"Simples";"Reta";"Não";4;0;2;1;1;0;3;1;-4,233175;-41,70161;"SR-PI";"UOP01";"DEL02"
271623;2020-02-25;"terça-feira";"15:30:00";"MG";153;236;"FRONTEIRA";"Falta de Atenção à Condução";"Colisão transversal";"Com Vítimas Feridas";"Pleno dia";"Crescente";"Chuva";"Simples";"Reta";"Não";4;0;3;0;1;0;3;2;-20,24501;-49,16503;"SR-MG";"UOP02";"DEL13"
271624;2020-02-25;"terça-feira";"15:40:00";"RS";101;21;"TRES CACHOEIRAS";"Falta de Atenção à Condução";"Colisão traseira";"Com Vítimas Feridas";"Pleno dia";"Crescente";"Chuva";"Dupla";"Retorno Regulamentado";"Sim";2;0;1;0;1;0;1;2;-29,43445;-49,89335;"SR-RS";"UOP02";"DEL03"
271625;2020-02-25;"terça-feira";"15:30:00";"PE";101;51,2;"ABREU E LIMA";"Falta de Atenção à Condução";"Colisão transversal";"Sem Vítimas";"Pleno dia";"Decrescente";"Nublado";"Múltipla";"Retorno Regulamentado";"Sim";3;0;0;0;2;1;0;2;-7,916997;-34,89689;"SR-PE";"UOP02";"DEL01"
271626;2020-02-25;"terça-feira";"15:45:00";"RS";285;214;"CASEIROS";"Pista Escorregadia";"Saída de leito carroçável";"Sem Vítimas";"Pleno dia";"Decrescente";"Chuva";"Simples";"Desvio Temporário";"Não";1;0;0;0;1;0;0;1;-28,25458;-51,65497;"SR-RS";"UOP05";"DEL08"
271627;2020-02-25;"terça-feira";"16:40:00";"RN";110;46,5;"MOSSORO";"Mal Súbito";"Queda de ocupante de veículo";"Com Vítimas Feridas";"Pleno dia";"Decrescente";"Céu Claro";"Simples";"Reta";"Sim";1;0;0;1;0;0;1;1;-5,197977;-37,3184;"SR-RN";"UOP01";"DEL04"
271629;2020-02-25;"terça-feira";"16:45:00";"PR";369;152,7;"LONDRINA";"Desobediência às normas de trânsito pelo condutor";"Colisão transversal";"Com Vítimas Fatais";"Pleno dia";"Crescente";"Nublado";"Dupla";"Não Informado";"Sim";4;1;1;0;2;0;1;2;-23,29353;-51,1873;"SR-PR";"UOP01";"DEL07"
271630;2020-02-25;"terça-feira";"14:38:00";"MS";NA;NA;"ITAQUIRAI";"Desobediência às normas de trânsito pelo condutor";"Colisão transversal";"Com Vítimas Feridas";"Pleno dia";"Não Informado";"Céu Claro";"Simples";"Interseção de vias";"Sim";2;0;0;1;1;0;1;2;-23,48156;-54,18497;"SR-MS";"UOP01";"DEL09"
271631;2020-02-25;"terça-feira";"14:50:00";"RJ";101;283;"ITABORAI";"Defeito Mecânico no Veículo";"Queda de ocupante de veículo";"Com Vítimas Feridas";"Pleno dia";"Crescente";"Céu Claro";"Dupla";"Curva";"Sim";2;0;1;0;1;0;1;1;-22,73591;-42,80593;"SR-RJ";"UOP03";"DEL02"
271632;2020-02-25;"terça-feira";"17:00:00";"AL";101;78,2;"RIO LARGO";"Falta de Atenção à Condução";"Colisão traseira";"Com Vítimas Feridas";"Anoitecer";"Crescente";"Nublado";"Dupla";"Reta";"Não";2;0;0;1;1;0;1;2;-9,431267;-35,83741;"SR-AL";"UOP01";"DEL01"
271633;2020-02-25;"terça-feira";"15:20:00";"BA";116;23,7;"VITORIA DA CONQUISTA";"Falta de Atenção à Condução";"Colisão lateral";"Com Vítimas Feridas";"Pleno dia";"Crescente";"Céu Claro";"Simples";"Reta";"Não";3;0;3;0;0;0;3;2;-14,86861;-40,79982;"SR-BA";"UOP01";"DEL08"
271634;2020-02-25;"terça-feira";"16:45:00";"PR";376;450,9;"TIBAGI";"Falta de Atenção à Condução";"Saída de leito carroçável";"Com Vítimas Feridas";"Pleno dia";"Crescente";"Chuva";"Dupla";"Curva";"Não";2;0;1;0;1;0;1;1;-24,97696;-50,41326;"SR-PR";"UOP04";"DEL03"
271635;2020-02-25;"terça-feira";"17:15:00";"CE";116;87,5;"OCARA";"Animais na Pista";"Atropelamento de Animal";"Com Vítimas Feridas";"Pleno dia";"Decrescente";"Céu Claro";"Simples";"Reta";"Não";2;0;1;0;1;0;1;1;-4,443525;-38,38552;"SR-CE";"UOP02";"DEL03"
271637;2020-02-25;"terça-feira";"16:20:00";"MG";365;700;"MONTE ALEGRE DE MINAS";"Defeito na Via";"Engavetamento";"Com Vítimas Feridas";"Pleno dia";"Decrescente";"Céu Claro";"Dupla";"Reta";"Não";6;0;2;1;3;0;3;3;-18,88014;-48,99816;"SR-MG";"UOP03";"DEL15"
271638;2020-02-25;"terça-feira";"14:20:00";"PR";277;401,6;"CANDOI";"Velocidade Incompatível";"Saída de leito carroçável";"Com Vítimas Feridas";"Pleno dia";"Decrescente";"Chuva";"Simples";"Curva";"Não";3;0;3;0;0;0;3;1;-25,45262;-51,93634;"SR-PR";"UOP03";"DEL04"
271641;2020-02-25;"terça-feira";"15:40:00";"PR";369;481,3;"CORBELIA";"Velocidade Incompatível";"Colisão com objeto estático";"Com Vítimas Feridas";"Pleno dia";"Decrescente";"Chuva";"Simples";"Curva";"Não";4;0;1;1;2;0;2;1;-24,6439;-53,2145;"SR-PR";"UOP04";"DEL04"
271642;2020-02-25;"terça-feira";"16:00:00";"MG";381;0,1;"BETIM";"Desobediência às normas de trânsito pelo condutor";"Colisão lateral";"Com Vítimas Feridas";"Pleno dia";"Decrescente";"Nublado";"Dupla";"Não Informado";"Sim";5;0;2;0;1;2;2;2;-19,97563;-44,19775;"SR-MG";"UOP03";"DEL01"
271643;2020-02-25;"terça-feira";"18:00:00";"MG";40;479,8;"SETE LAGOAS";"Não guardar distância de segurança";"Saída de leito carroçável";"Com Vítimas Feridas";"Anoitecer";"Decrescente";"Chuva";"Dupla";"Não Informado";"Não";3;0;3;0;0;0;3;1;-19,53623;-44,25468;"SR-MG";"UOP01";"DEL02"
271644;2020-02-25;"terça-feira";"17:10:00";"GO";70;47;"COCALZINHO DE GOIAS";"Fenômenos da Natureza";"Colisão transversal";"Com Vítimas Feridas";"Anoitecer";"Crescente";"Céu Claro";"Simples";"Curva";"Não";2;0;0;2;0;0;2;2;-15,75276;-48,58974;"SR-DF";"UOP03";"DEL01"
271645;2020-02-25;"terça-feira";"17:50:00";"BA";324;518;"FEIRA DE SANTANA";"Objeto estático sobre o leito carroçável";"Tombamento";"Com Vítimas Feridas";"Anoitecer";"Decrescente";"Céu Claro";"Simples";"Curva";"Sim";2;0;1;1;0;0;2;1;-12,2582;-38,93218;"SR-BA";"UOP01";"DEL02"
271646;2020-02-25;"terça-feira";"18:20:00";"PR";376;186;"SARANDI";"Ingestão de álcool e/ou substâncias psicoativas pelo pedestre";"Colisão transversal";"Com Vítimas Feridas";"Anoitecer";"Decrescente";"Chuva";"Dupla";"Não Informado";"Sim";3;0;1;1;1;0;2;2;-23,45644;-51,84511;"SR-PR";"UOP01";"DEL09"
271648;2020-02-25;"terça-feira";"17:00:00";"SP";116;431;"REGISTRO";"Velocidade Incompatível";"Saída de leito carroçável";"Com Vítimas Feridas";"Anoitecer";"Crescente";"Chuva";"Dupla";"Reta";"Não";2;0;1;0;1;0;1;2;-24,41195;-47,75393;"SR-SP";"UOP01";"DEL05"