"id";"data_inversa";"dia_semana";"horario";"uf";"br";"km";"municipio";"causa_acidente";"tipo_acidente";"classificacao_acidente";"fase_dia";"sentido_via";"condicao_metereologica";"tipo_pista";"tracado_via";"uso_solo";"pessoas";"mortos";"feridos_leves";"feridos_graves";"ilesos";"ignorados";"feridos";"veiculos";"latitude";"longitude";"regional";"delegacia";"uop"
271741;2020-02-26;"quarta-feira";"03:00:00";"RS";290;64,9;"GRAVATAI";"Falta de Atenção à Condução";"Saída de leito carroçável";"Com Vítimas Feridas";"Plena Noite";"Crescente";"Chuva";"Dupla";"Reta";"Não";4;0;1;1;2;0;2;1;-29,94045;-50,89553;"SR-RS";"UOP01";"DEL03"
271742;2020-02-26;"quarta-feira";"04:00:00";"PR";116;0,3;"CAMPINA GRANDE DO SUL";"Pista Escorregadia";"Saída de leito carroçável";"Com Vítimas Feridas";"Plena Noite";"Crescente";"Garoa/Chuvisco";"Dupla";"Curva";"Não";3;0;1;0;2;0;1;1;-25,0604;-48,56297;"SR-PR";"UOP02";"DEL01"
271743;2020-02-26;"quarta-feira";"04:10:00";"MG";381;705,5;"LAVRAS";"Pista Escorregadia";"Saída de leito carroçável";"Com Vítimas Feridas";"Plena Noite";"Crescente";"Garoa/Chuvisco";"Dupla";"Curva";"Não";1;0;1;0;0;0;1;1;-21,31859;-45,16732;"SR-MG";"UOP02";"DEL04"
271744;2020-02-26;"quarta-feira";"04:50:00";"MA";316;532;"CAXIAS";"Animais na Pista";"Atropelamento de Animal";"Com Vítimas Feridas";"Plena Noite";"Crescente";"Nevoeiro/Neblina";"Simples";"Desvio Temporário";"Não";1;0;1;0;0;0;1;1;-4,828565;-43,51183;"SR-MA";"UOP02";"DEL03"
271745;2020-02-26;"quarta-feira";"03:33:00";"SP";116;272;"TABOAO DA SERRA";"Objeto estático sobre o leito carroçável";"Colisão com objeto estático";"Com Vítimas Feridas";"Plena Noite";"Decrescente";"Chuva";"Dupla";"Reta";"Sim";1;0;1;0;0;0;1;1;-23,61316;-46,77993;"SR-SP";"UOP01";"DEL04"
271746;2020-02-26;"quarta-feira";"05:30:00";"GO";60;100,5;"ANAPOLIS";"Deficiência ou não Acionamento do Sistema de Iluminação/Sinalização do Veículo";"Colisão traseira";"Com Vítimas Feridas";"Amanhecer";"Decrescente";"Chuva";"Dupla";"Reta";"Sim";2;0;1;0;1;0;1;2;-16,3979;-48,9664;"SR-GO";"UOP01";"DEL02"
271747;2020-02-26;"quarta-feira";"06:00:00";"SP";153;9,8;"ICEM";"Pista Escorregadia";"Saída de leito carroçável";"Com Vítimas Feridas";"Amanhecer";"Crescente";"Chuva";"Simples";"Reta";"Não";5;0;5;0;0;0;5;1;-20,3803;-49,23108;"SR-SP";"UOP01";"DEL09"
271748;2020-02-26;"quarta-feira";"06:15:00";"MG";40;598;"OURO PRETO";"Falta de Atenção à Condução";"Colisão frontal";"Com Vítimas Feridas";"Pleno dia";"Decrescente";"Chuva";"Simples";"Não Informado";"Não";5;0;0;3;2;0;3;2;-20,42151;-43,88001;"SR-MG";"UOP02";"DEL05"
271749;2020-02-26;"quarta-feira";"06:30:00";"GO";40;25;"LUZIANIA";"Ingestão de Álcool";"Colisão frontal";"Com Vítimas Feridas";"Amanhecer";"Crescente";"Céu Claro";"Simples";"Reta";"Não";6;0;2;2;2;0;4;2;-16,25275;-47,90045;"SR-DF";"UOP01";"DEL01"
271750;2020-02-26;"quarta-feira";"06:30:00";"RJ";101;309;"SAO GONCALO";"Condutor Dormindo";"Colisão com objeto estático";"Sem Vítimas";"Amanhecer";"Crescente";"Nublado";"Dupla";"Reta";"Sim";2;0;0;0;2;0;0;1;-22,79499;-43,03446;"SR-RJ";"UOP01";"DEL02"
271751;2020-02-26;"quarta-feira";"05:35:00";"MT";163;739;"SORRISO";"Desobediência às normas de trânsito pelo condutor";"Colisão lateral";"Com Vítimas Feridas";"Amanhecer";"Crescente";"Garoa/Chuvisco";"Simples";"Curva";"Não";2;0;1;0;1;0;1;2;-12,75869;-55,83419;"SR-MT";"UOP01";"DEL06"
271752;2020-02-26;"quarta-feira";"07:20:00";"RN";101;100,2;"PARNAMIRIM";"Condutor Dormindo";"Colisão traseira";"Sem Vítimas";"Pleno dia";"Decrescente";"Sol";"Dupla";"Não Informado";"Sim";2;0;0;0;2;0;0;2;-5,881069;-35,22542;"SR-RN";"UOP01";"DEL01"
271753;2020-02-26;"quarta-feira";"05:00:00";"MA";135;50;"BACABEIRA";"Falta de Atenção à Condução";"Colisão com objeto estático";"Com Vítimas Feridas";"Amanhecer";"Crescente";"Nublado";"Dupla";"Viaduto";"Sim";16;0;5;0;10;1;5;1;-2,96378;-44,32065;"SR-MA";"UOP01";"DEL01"
271755;2020-02-26;"quarta-feira";"07:20:00";"RN";101;100;"PARNAMIRIM";"Falta de Atenção à Condução";"Colisão traseira";"Com Vítimas Feridas";"Pleno dia";"Decrescente";"Céu Claro";"Múltipla";"Desvio Temporário";"Sim";2;0;2;0;0;0;2;2;-5,882672;-35,22594;"SR-RN";"UOP01";"DEL01"
271756;2020-02-26;"quarta-feira";"06:50:00";"GO";60;415;"RIO VERDE";"Animais na Pista";"Atropelamento de Animal";"Com Vítimas Feridas";"Pleno dia";"Decrescente";"Céu Claro";"Dupla";"Reta";"Não";3;0;2;0;1;0;2;1;-17,8191;-51,1926;"SR-GO";"UOP01";"DEL04"
271757;2020-02-26;"quarta-feira";"04:30:00";"PR";369;27,2;"CAMBARA";"Condutor Dormindo";"Saída de leito carroçável";"Com Vítimas Feridas";"Plena Noite";"Decrescente";"Chuva";"Simples";"Reta";"Não";1;0;1;0;0;0;1;1;-23,0343;-50,14849;"SR-PR";"UOP04";"DEL07"
271758;2020-02-26;"quarta-feira";"06:50:00";"ES";101;263,5;"SERRA";"Falta de Atenção à Condução";"Colisão com objeto estático";"Com Vítimas Feridas";"Pleno dia";"Crescente";"Céu Claro";"Simples";"Reta";"Sim";2;0;2;0;0;0;2;1;-20,17049;-40,2694;"SR-ES";"UOP01";"DEL02"
271759;2020-02-26;"quarta-feira";"06:30:00";"PR";476;242,6;"LAPA";"Avarias e/ou desgaste excessivo no pneu";"Colisão frontal";"Com Vítimas Fatais";"Amanhecer";"Decrescente";"Chuva";"Simples";"Curva";"Não";4;3;0;0;1;0;0;2;-25,85877;-50,08609;"SR-PR";"UOP05";"DEL03"
271760;2020-02-26;"quarta-feira";"07:00:00";"SP";116;225;"GUARULHOS";"Pista Escorregadia";"Queda de ocupante de veículo";"Com Vítimas Feridas";"Pleno dia";"Decrescente";"Nublado";"Múltipla";"Interseção de vias";"Sim";1;0;1;0;0;0;1;1;-23,48909;-46,54591;"SR-SP";"UOP01";"DEL01"
271761;2020-02-26;"quarta-feira";"07:10:00";"ES";101;183,5;"ARACRUZ";"Ultrapassagem Indevida";"Colisão frontal";"Com Vítimas Feridas";"Pleno dia";"Crescente";"Céu Claro";"Simples";"Curva";"Não";2;0;0;1;1;0;1;2;-19,64708;-40,23287;"SR-ES";"UOP01";"DEL04"
271762;2020-02-26;"quarta-feira";"07:30:00";"SC";101;198;"BIGUACU";"Pista Escorregadia";"Tombamento";"Com Vítimas Feridas";"Pleno dia";"Decrescente";"Chuva";"Múltipla";"Reta";"Sim";1;0;1;0;0;0;1;1;-27,52659;-48,63506;"SR-SC";"UOP01";"DEL01"
271763;2020-02-26;"quarta-feira";"06:10:00";"RS";158;487,5;"ROSARIO DO SUL";"Condutor Dormindo";"Colisão lateral";"Com Vítimas Feridas";"Amanhecer";"Decrescente";"Céu Claro";"Simples";"Reta";"Não";2;0;1;0;0;1;1;2;-30,40645;-55,04331;"SR-RS";"UOP02";"DEL11"
271764;2020-02-26;"quarta-feira";"07:30:00";"CE";116;341,9;"ICO";"Desobediência às normas de trânsito pelo condutor";"Colisão transversal";"Com Vítimas Feridas";"Pleno dia";"Crescente";"Céu Claro";"Simples";"Reta";"Não";8;0;7;0;0;1;7;2;-6,167405;-38,66024;"SR-CE";"UOP02";"DEL05"
271765;2020-02-26;"quarta-feira";"04:30:00";"RJ";40;63;"PETROPOLIS";"Desobediência às normas de trânsito pelo condutor";"Tombamento";"Com Vítimas Feridas";"Plena Noite";"Decrescente";"Chuva";"Dupla";"Curva";"Não";2;0;2;0;0;0;2;1;-22,41508;-43,15061;"SR-RJ";"UOP03";"DEL06"
271766;2020-02-26;"quarta-feira";"08:10:00";"PR";376;652,6;"TIJUCAS DO SUL";"Velocidade Incompatível";"Colisão com objeto estático";"Com Vítimas Feridas";"Pleno dia";"Decrescente";"Chuva";"Dupla";"Não Informado";"Não";2;0;2;0;0;0;2;1;-25,84616;-49,06888;"SR-PR";"UOP05";"DEL01"
271770;2020-02-26;"quarta-feira";"08:20:00";"MG";262;357,5;"BETIM";"Avarias e/ou desgaste excessivo no pneu";"Tombamento";"Com Vítimas Feridas";"Pleno dia";"Crescente";"Nublado";"Dupla";"Reta";"Não";2;0;0;2;0;0;2;1;-19,97471;-44,18805;"SR-MG";"UOP03";"DEL01"
271772;2020-02-26;"quarta-feira";"08:00:00";"DF";20;18;"BRASILIA";"Ingestão de Álcool";"Colisão traseira";"Sem Vítimas";"Pleno dia";"Crescente";"Chuva";"Dupla";"Desvio Temporário";"Não";2;0;0;0;2;0;0;2;-15,6169;-47,70893;"SR-DF";"UOP01";"DEL02"
271773;2020-02-26;"quarta-feira";"08:30:00";"RJ";40;83;"PETROPOLIS";"Pista Escorregadia";"Tombamento";"Com Vítimas Feridas";"Pleno dia";"Decrescente";"Chuva";"Simples";"Curva";"Não";1;0;1;0;0;0;1;1;-22,55113;-43,22533;"SR-RJ";"UOP03";"DEL06"
271774;2020-02-26;"quarta-feira";"05:30:00";"MG";262;468,1;"BOM DESPACHO";"Falta de Atenção à Condução";"Saída de leito carroçável";"Sem Vítimas";"Amanhecer";"Decrescente";"Céu Claro";"Simples";"Curva";"Não";1;0;0;0;1;0;0;1;-19,79901;-45,14184;"SR-MG";"UOP03";"DEL08"
271775;2020-02-26;"quarta-feira";"07:50:00";"ES";259;46,9;"COLATINA";"Velocidade Incompatível";"Queda de ocupante de veículo";"Com Vítimas Feridas";"Pleno dia";"Crescente";"Céu Claro";"Simples";"Curva";"Não";5;0;0;1;4;0;1;2;-19,5316;-40,58048;"SR-ES";"UOP01";"DEL02"
271776;2020-02-26;"quarta-feira";"08:50:00";"ES";262;70;"MARECHAL FLORIANO";"Falta de Atenção à Condução";"Colisão traseira";"Com Vítimas Feridas";"Pleno dia";"Crescente";"Céu Claro";"Simples";"Reta";"Sim";2;0;1;0;0;1;1;2;-20,41561;-40,86685;"SR-ES";"UOP02";"DEL01"
271777;2020-02-26;"quarta-feira";"09:10:00";"BA";410;5;"RIBEIRA DO POMBAL";"Falta de Atenção à Condução";"Capotamento";"Com Vítimas Feridas";"Pleno dia";"Crescente";"Céu Claro";"Simples";"Reta";"Não";1;0;0;1;0;0;1;1;-10,83904;-38,56814;"SR-BA";"UOP02";"DEL07"
271778;2020-02-26;"quarta-feira";"10:00:00";"GO";153;598,7;"MORRINHOS";"Condutor Dormindo";"Saída de leito carroçável";"Com Vítimas Feridas";"Pleno dia";"Crescente";"Céu Claro";"Dupla";"Desvio Temporário";"Não";1;0;1;0;0;0;1;1;-17,5354;-49,2128;"SR-GO";"UOP01";"DEL03"
271779;2020-02-26;"quarta-feira";"07:00:00";"MG";40;806;"MATIAS BARBOSA";"Defeito Mecânico no Veículo";"Colisão traseira";"Com Vítimas Feridas";"Pleno dia";"Crescente";"Nublado";"Dupla";"Desvio Temporário";"Não";3;0;2;0;1;0;2;2;-21,86659;-43,36164;"SR-MG";"UOP01";"DEL05"
271780;2020-02-26;"quarta-feira";"08:50:00";"SC";101;52,4;"JOINVILLE";"Não guardar distância de segurança";"Colisão traseira";"Com Vítimas Feridas";"Pleno dia";"Decrescente";"Chuva";"Dupla";"Reta";"Não";5;0;1;0;4;0;1;4;-26,39112;-48,83984;"SR-SC";"UOP01";"DEL03"
271781;2020-02-26;"quarta-feira";"08:10:00";"SC";282;411,9;"CATANDUVAS";"Avarias e/ou desgaste excessivo no pneu";"Colisão com objeto estático";"Com Vítimas Feridas";"Pleno dia";"Decrescente";"Garoa/Chuvisco";"Simples";"Curva";"Não";1;0;1;0;0;0;1;1;-27,0592;-51,68005;"SR-SC";"UOP07";"DEL07"
271782;2020-02-26;"quarta-feira";"10:40:00";"PB";230;38;"SANTA RITA";"Falta de Atenção à Condução";"Colisão lateral";"Com Vítimas Feridas";"Pleno dia";"Crescente";"Céu Claro";"Dupla";"Reta";"Sim";5;0;1;0;4;0;1;3;-7,1341;-34,962;"SR-PB";"UOP02";"DEL01"
271783;2020-02-26;"quarta-feira";"10:55:00";"AL";101;108;"PILAR";"Defeito Mecânico no Veículo";"Colisão lateral";"Com Vítimas Feridas";"Pleno dia";"Decrescente";"Nublado";"Simples";"Não Informado";"Não";5;0;2;0;3;0;2;3;-9,596569;-36,00914;"SR-AL";"UOP01";"DEL02"
271791;2020-02-26;"quarta-feira";"09:40:00";"SC";280;27,9;"ARAQUARI";"Falta de Atenção à Condução";"Colisão transversal";"Com Vítimas Feridas";"Pleno dia";"Decrescente";"Chuva";"Simples";"Reta";"Não";2;0;1;0;1;0;1;2;-26,39686;-48,74022;"SR-SC";"UOP03";"DEL03"
271792;2020-02-26;"quarta-feira";"02:00:00";"SC";470;66;"INDAIAL";"Condutor Dormindo";"Saída de leito carroçável";"Com Vítimas Feridas";"Amanhecer";"Decrescente";"Chuva";"Simples";"Rotatória";"Sim";1;0;1;0;0;0;1;1;-26,87041;-49,22184;"SR-SC";"UOP01";"DEL04"
271793;2020-02-26;"quarta-feira";"11:10:00";"MG";116;737,8;"LARANJAL";"Desobediência às normas de trânsito pelo condutor";"Colisão transversal";"Com Vítimas Feridas";"Pleno dia";"Crescente";"Céu Claro";"Simples";"Interseção de vias";"Sim";2;0;1;1;0;0;2;2;-21,36879;-42,47694;"SR-MG";"UOP02";"DEL07"
271794;2020-02-26;"quarta-feira";"11:20:00";"PB";101;88;"JOAO PESSOA";"Pista Escorregadia";"Tombamento";"Com Vítimas Feridas";"Pleno dia";"Decrescente";"Céu Claro";"Dupla";"Não Informado";"Não";2;0;1;1;0;0;2;1;-7,1647;-34,89994;"SR-PB";"UOP01";"DEL01"
271795;2020-02-26;"quarta-feira";"11:15:00";"PE";232;34,2;"MORENO";"Objeto estático sobre o leito carroçável";"Engavetamento";"Sem Vítimas";"Pleno dia";"Decrescente";"Sol";"Dupla";"Reta";"Não";5;0;0;0;5;0;0;5;-8,107025;-35,18395;"SR-PE";"UOP04";"DEL01"
271796;2020-02-26;"quarta-feira";"10:45:00";"PR";116;16,7;"ANTONINA";"Velocidade Incompatível";"Capotamento";"Com Vítimas Feridas";"Pleno dia";"Decrescente";"Chuva";"Dupla";"Curva";"Não";2;0;1;0;1;0;1;1;-25,0997;-48,69223;"SR-PR";"UOP02";"DEL01"
271797;2020-02-26;"quarta-feira";"11:07:00";"PR";277;102,9;"CAMPO LARGO";"Velocidade Incompatível";"Capotamento";"Com Vítimas Feridas";"Pleno dia";"Decrescente";"Chuva";"Dupla";"Não Informado";"Não";2;0;1;0;1;0;1;1;-25,42917;-49,39178;"SR-PR";"UOP04";"DEL01"
271798;2020-02-26;"quarta-feira";"11:35:00";"RS";116;236,9;"NOVO HAMBURGO";"Animais na Pista";"Atropelamento de Animal";"Com Vítimas Feridas";"Pleno dia";"Decrescente";"Sol";"Dupla";"Reta";"Sim";1;0;1;0;0;0;1;1;-29,66939;-51,14305;"SR-RS";"UOP02";"DEL01"
271799;2020-02-26;"quarta-feira";"09:50:00";"RJ";393;103,2;"SAPUCAIA";"Falta de Atenção à Condução";"Colisão frontal";"Com Vítimas Feridas";"Pleno dia";"Crescente";"Céu Claro";"Simples";"Reta";"Não";2;0;1;0;1;0;1;2;-21,87424;-42,66758;"SR-RJ";"UOP02";"DEL06"
271800;2020-02-26;"quarta-feira";"09:50:00";"BA";367;68;"EUNAPOLIS";"Não guardar distância de segurança";"Engavetamento";"Com Vítimas Feridas";"Pleno dia";"Crescente";"Céu Claro";"Simples";"Reta";"Não";14;0;2;0;12;0;2;4;-16,38726;-39,45087;"SR-BA";"UOP01";"DEL09"
271801;2020-02-26;"quarta-feira";"09:20:00";"PR";116;16;"COLOMBO";"Velocidade Incompatível";"Colisão com objeto estático";"Com Vítimas Feridas";"Pleno dia";"Decrescente";"Chuva";"Dupla";"Reta";"Sim";1;0;1;0;0;0;1;1;-25,3874;-49,1774;"SR-PR";"UOP01";"DEL01"
271802;2020-02-26;"quarta-feira";"10:20:00";"MG";262;576;"CORREGO DANTA";"Pista Escorregadia";"Saída de leito carroçável";"Com Vítimas Feridas";"Pleno dia";"Crescente";"Chuva";"Simples";"Desvio Temporário";"Não";2;0;2;0;0;0;2;1;-19,68486;-46,03919;"SR-MG";"PM/MG";""
271803;2020-02-26;"quarta-feira";"11:00:00";"PR";373;223,5;"IMBITUVA";"Velocidade Incompatível";"Tombamento";"Sem Vítimas";"Pleno dia";"Crescente";"Nublado";"Dupla";"Curva";"Não";1;0;0;0;1;0;0;1;-25,18058;-50,59711;"SR-PR";"UOP01";"DEL03"
271804;2020-02-26;"quarta-feira";"11:20:00";"RS";116;231,7;"IVOTI";"Velocidade Incompatível";"Colisão transversal";"Sem Vítimas";"Pleno dia";"Decrescente";"Céu Claro";"Simples";"Curva";"Não";2;0;0;0;2;0;0;2;-29,62842;-51,14359;"SR-RS";"UOP02";"DEL01"
271805;2020-02-26;"quarta-feira";"12:20:00";"PR";376;681;"GUARATUBA";"Falta de Atenção à Condução";"Saída de leito carroçável";"Com Vítimas Feridas";"Pleno dia";"Crescente";"Garoa/Chuvisco";"Dupla";"Reta";"Não";2;0;2;0;0;0;2;1;-25,96597;-48,89663;"SR-PR";"UOP05";"DEL01"
271806;2020-02-26;"quarta-feira";"11:30:00";"PR";376;618;"SAO JOSE DOS PINHAIS";"Pista Escorregadia";"Saída de leito carroçável";"Com Vítimas Feridas";"Pleno dia";"Crescente";"Chuva";"Dupla";"Curva";"Sim";3;0;2;0;1;0;2;2;-25,59168;-49,17198;"SR-PR";"UOP01";"DEL01"
271807;2020-02-26;"quarta-feira";"12:30:00";"RS";116;147,4;"CAXIAS DO SUL";"Não guardar distância de segurança";"Colisão traseira";"Com Vítimas Feridas";"Pleno dia";"Decrescente";"Chuva";"Dupla";"Reta";"Sim";3;0;1;0;2;0;1;2;-29,14908;-51,143;"SR-RS";"UOP01";"DEL05"
271808;2020-02-26;"quarta-feira";"11:10:00";"PR";163;179,2;"LINDOESTE";"Falta de Atenção à Condução";"Colisão traseira";"Com Vítimas Feridas";"Pleno dia";"Decrescente";"Céu Claro";"Dupla";"Reta";"Sim";2;0;1;0;1;0;1;2;-25,1776;-53,60247;"SR-PR";"UOP06";"DEL04"
271809;2020-02-26;"quarta-feira";"11:50:00";"SC";101;82,1;"BARRA VELHA";"Falta de Atenção à Condução";"Colisão traseira";"Com Vítimas Feridas";"Pleno dia";"Decrescente";"Garoa/Chuvisco";"Dupla";"Reta";"Não";8;0;3;0;5;0;3;6;-26,6203;-48,71745;"SR-SC";"UOP02";"DEL03"
271810;2020-02-26;"quarta-feira";"08:30:00";"SC";153;81,9;"IRANI";"Velocidade Incompatível";"Saída de leito carroçável";"Com Vítimas Feridas";"Pleno dia";"Crescente";"Garoa/Chuvisco";"Simples";"Curva";"Não";2;0;2;0;0;0;2;1;-27,12063;-51,92287;"SR-SC";"UOP05";"DEL07"
271812;2020-02-26;"quarta-feira";"12:55:00";"PR";376;339,1;"ORTIGUEIRA";"Velocidade Incompatível";"Colisão lateral";"Com Vítimas Feridas";"Pleno dia";"Decrescente";"Chuva";"Simples";"Curva";"Não";6;0;5;0;0;1;5;2;-24,15701;-50,97425;"SR-PR";"UOP02";"DEL07"
271815;2020-02-26;"quarta-feira";"11:30:00";"MG";50;153;"UBERABA";"Velocidade Incompatível";"Saída de leito carroçável";"Com Vítimas Feridas";"Pleno dia";"Crescente";"Chuva";"Dupla";"Curva";"Não";1;0;0;1;0;0;1;1;-19,59126;-48,0285;"SR-MG";"UOP01";"DEL13"
271816;2020-02-26;"quarta-feira";"13:00:00";"TO";153;602;"CRIXAS DO TOCANTINS";"Agressão Externa";"Colisão com objeto estático";"Com Vítimas Feridas";"Pleno dia";"Decrescente";"Céu Claro";"Dupla";"Reta";"Não";1;0;1;0;0;0;1;1;-11,11361;-48,92169;"SR-TO";"UOP01";"DEL02"
271817;2020-02-26;"quarta-feira";"12:05:00";"SC";101;81;"BARRA VELHA";"Restrição de Visibilidade";"Colisão traseira";"Sem Vítimas";"Pleno dia";"Crescente";"Nublado";"Dupla";"Desvio Temporário";"Não";2;0;0;0;2;0;0;2;-26,60256;-48,72554;"SR-SC";"UOP02";"DEL03"
271818;2020-02-26;"quarta-feira";"13:20:00";"CE";116;19,8;"EUSEBIO";"Falta de Atenção à Condução";"Colisão traseira";"Com Vítimas Feridas";"Pleno dia";"Decrescente";"Sol";"Dupla";"Reta";"Sim";2;0;1;0;1;0;1;2;-3,913844;-38,50667;"SR-CE";"UOP02";"DEL01"
271819;2020-02-26;"quarta-feira";"12:50:00";"PR";376;186,5;"SARANDI";"Pista Escorregadia";"Colisão com objeto estático";"Com Vítimas Feridas";"Pleno dia";"Crescente";"Chuva";"Dupla";"Não Informado";"Não";2;0;2;0;0;0;2;2;-23,4535;-51,85061;"SR-PR";"UOP01";"DEL09"
271821;2020-02-26;"quarta-feira";"13:50:00";"SP";116;285,5;"ITAPECERICA DA SERRA";"Desobediência às normas de trânsito pelo condutor";"Tombamento";"Com Vítimas Feridas";"Pleno dia";"Decrescente";"Nublado";"Dupla";"Reta";"Sim";2;0;1;0;1;0;1;2;-23,70303;-46,87171;"SR-SP";"UOP01";"DEL04"
271822;2020-02-26;"quarta-feira";"08:30:00";"SP";116;565,2;"BARRA DO TURVO";"Falta de Atenção à Condução";"Saída de leito carroçável";"Com Vítimas Feridas";"Pleno dia";"Decrescente";"Nublado";"Simples";"Não Informado";"Não";2;0;1;1;0;0;2;1;-25,03586;-48,5444;"SR-SP";"UOP02";"DEL05"
271823;2020-02-26;"quarta-feira";"10:50:00";"PR";376;427,1;"TIBAGI";"Velocidade Incompatível";"Colisão frontal";"Com Vítimas Fatais";"Pleno dia";"Decrescente";"Chuva";"Simples";"Curva";"Não";8;1;0;6;1;0;6;3;-24,77405;-50,5194;"SR-PR";"UOP04";"DEL03"
271824;2020-02-26;"quarta-feira";"14:00:00";"PR";469;15,1;"FOZ DO IGUACU";"Desobediência às normas de trânsito pelo condutor";"Colisão transversal";"Com Vítimas Feridas";"Pleno dia";"Decrescente";"Sol";"Simples";"Interseção de vias";"Sim";2;0;1;0;1;0;1;2;-25,5813;-54,5315;"SR-PR";"UOP03";"DEL05"
271825;2020-02-26;"quarta-feira";"10:00:00";"GO";364;70;"CACHOEIRA ALTA";"Pista Escorregadia";"Saída de leito carroçável";"Com Vítimas Feridas";"Pleno dia";"Crescente";"Céu Claro";"Simples";"Reta";"Não";2;0;1;0;1;0;1;1;-18,65638;-50,99877;"SR-GO";"UOP02";"DEL05"
271826;2020-02-26;"quarta-feira";"13:20:00";"RJ";116;181,4;"NOVA IGUACU";"Falta de Atenção à Condução";"Colisão lateral";"Com Vítimas Feridas";"Pleno dia";"Decrescente";"Céu Claro";"Dupla";"Reta";"Sim";3;0;2;0;1;0;2;2;-22,76131;-43,42349;"SR-RJ";"UOP02";"DEL01"
271827;2020-02-26;"quarta-feira";"14:30:00";"GO";40;0,6;"VALPARAISO DE GOIAS";"Pista Escorregadia";"Queda de ocupante de veículo";"Com Vítimas Feridas";"Pleno dia";"Decrescente";"Garoa/Chuvisco";"Dupla";"Reta";"Sim";1;0;1;0;0;0;1;1;-16,05827;-47,98266;"SR-DF";"UOP01";"DEL01"
271832;2020-02-26;"quarta-feira";"10:05:00";"PR";153;163,3;"VENTANIA";"Velocidade Incompatível";"Colisão frontal";"Com Vítimas Fatais";"Pleno dia";"Crescente";"Chuva";"Simples";"Curva";"Não";2;1;1;0;0;0;1;2;-24,24405;-50,24807;"SR-PR";"UOP04";"DEL03"
271833;2020-02-26;"quarta-feira";"14:20:00";"PB";230;19,5;"JOAO PESSOA";"Avarias e/ou desgaste excessivo no pneu";"Tombamento";"Com Vítimas Feridas";"Pleno dia";"Crescente";"Sol";"Dupla";"Reta";"Sim";2;0;2;0;0;0;2;1;-7,1281;-34,8466;"SR-PB";"UOP01";"DEL01"
271834;2020-02-26;"quarta-feira";"14:50:00";"SC";280;54,8;"GUARAMIRIM";"Falta de Atenção à Condução";"Colisão transversal";"Com Vítimas Feridas";"Pleno dia";"Crescente";"Garoa/Chuvisco";"Simples";"Reta";"Não";2;0;1;0;1;0;1;2;-26,4754;-48,98375;"SR-SC";"UOP03";"DEL03"
271835;2020-02-26;"quarta-feira";"11:45:00";"MG";116;553,4;"SANTA BARBARA DO LESTE";"Falta de Atenção à Condução";"Colisão transversal";"Com Vítimas Fatais";"Pleno dia";"Decrescente";"Céu Claro";"Simples";"Não Informado";"Não";3;1;2;0;0;0;2;2;-19,99362;-42,14392;"SR-MG";"UOP02";"DEL06"
271837;2020-02-26;"quarta-feira";"15:00:00";"SE";101;113,1;"SAO CRISTOVAO";"Defeito Mecânico no Veículo";"Queda de ocupante de veículo";"Com Vítimas Feridas";"Pleno dia";"Decrescente";"Céu Claro";"Dupla";"Reta";"Não";2;0;1;1;0;0;2;1;-10,99161;-37,296;"SR-SE";"UOP01";"DEL02"
271838;2020-02-26;"quarta-feira";"12:00:00";"SC";280;58,3;"GUARAMIRIM";"Falta de Atenção à Condução";"Colisão traseira";"Com Vítimas Feridas";"Pleno dia";"Decrescente";"Chuva";"Simples";"Reta";"Não";2;0;1;0;1;0;1;2;-26,47416;-49,02121;"SR-SC";"UOP03";"DEL03"
271839;2020-02-26;"quarta-feira";"15:00:00";"CE";20;428;"FORTALEZA";"Não guardar distância de segurança";"Colisão traseira";"Com Vítimas Feridas";"Pleno dia";"Crescente";"Céu Claro";"Dupla";"Reta";"Sim";2;0;2;0;0;0;2;2;-3,868532;-38,50891;"SR-CE";"UOP02";"DEL01"
271840;2020-02-26;"quarta-feira";"15:00:00";"MG";153;147,8;"COMENDADOR GOMES";"Desobediência às normas de trânsito pelo condutor";"Colisão transversal";"Com Vítimas Feridas";"Pleno dia";"Crescente";"Nublado";"Simples";"Interseção de vias";"Não";3;0;2;0;1;0;2;2;-19,62432;-48,84561;"SR-MG";"UOP02";"DEL13"
271841;2020-02-26;"quarta-feira";"15:10:00";"RO";364;237,6;"CACOAL";"Ultrapassagem Indevida";"Colisão transversal";"Com Vítimas Feridas";"Pleno dia";"Crescente";"Céu Claro";"Simples";"Reta";"Sim";2;0;1;1;0;0;2;2;-11,43972;-61,4532;"SR-RO";"UOP02";"DEL02"
271843;2020-02-26;"quarta-feira";"14:30:00";"RJ";101;437;"MANGARATIBA";"Ingestão de Álcool";"Colisão lateral";"Com Vítimas Feridas";"Pleno dia";"Crescente";"Nublado";"Simples";"Curva";"Não";7;0;2;0;5;0;2;2;-22,94812;-44,06549;"SR-RJ";"UOP01";"DEL03"
271844;2020-02-26;"quarta-feira";"15:50:00";"PR";116;17;"CAMPINA GRANDE DO SUL";"Falta de Atenção à Condução";"Saída de leito carroçável";"Com Vítimas Feridas";"Pleno dia";"Crescente";"Chuva";"Dupla";"Curva";"Não";1;0;1;0;0;0;1;1;-25,10306;-48,70104;"SR-PR";"UOP02";"DEL01"