"id";"data_inversa";"dia_semana";"horario";"uf";"br";"km";"municipio";"causa_acidente";"tipo_acidente";"classificacao_acidente";"fase_dia";"sentido_via";"condicao_metereologica";"tipo_pista";"tracado_via";"uso_solo";"pessoas";"mortos";"feridos_leves";"feridos_graves";"ilesos";"ignorados";"feridos";"veiculos";"latitude";"longitude";"regional";"delegacia";"uop"
271845;2020-02-26;"quarta-feira";"16:10:00";"SC";101;128,1;"ITAJAI";"Falta de Atenção à Condução";"Colisão lateral";"Com Vítimas Feridas";"Pleno dia";"Decrescente";"Chuva";"Dupla";"Reta";"Não";3;0;1;0;2;0;1;2;-26,97284;-48,68299;"SR-SC";"UOP03";"DEL04"
271846;2020-02-26;"quarta-feira";"16:32:00";"RN";304;295;"MACAIBA";"Falta de Atenção à Condução";"Colisão traseira";"Com Vítimas Feridas";"Pleno dia";"Crescente";"Céu Claro";"Simples";"Reta";"Sim";6;0;1;0;5;0;1;5;-5,866059;-35,35822;"SR-RN";"UOP02";"DEL01"
271853;2020-02-26;"quarta-feira";"15:45:00";"SC";470;144,7;"RIO DO SUL";"Falta de Atenção à Condução";"Colisão traseira";"Com Vítimas Feridas";"Pleno dia";"Crescente";"Chuva";"Simples";"Reta";"Sim";3;0;1;0;2;0;1;2;-27,23514;-49,67761;"SR-SC";"UOP02";"DEL04"
271854;2020-02-26;"quarta-feira";"16:55:00";"SP";153;107,8;"JOSE BONIFACIO";"Falta de Atenção à Condução";"Colisão transversal";"Com Vítimas Feridas";"Pleno dia";"Crescente";"Nublado";"Simples";"Interseção de vias";"Sim";2;0;0;1;1;0;1;2;-21,07002;-49,6656;"SR-SP";"UOP01";"DEL09"
271855;2020-02-26;"quarta-feira";"16:35:00";"GO";20;169;"ALVORADA DO NORTE";"Falta de Atenção à Condução";"Saída de leito carroçável";"Com Vítimas Feridas";"Pleno dia";"Crescente";"Céu Claro";"Simples";"Reta";"Não";2;0;2;0;0;0;2;1;-14,514;-46,52361;"SR-DF";"UOP02";"DEL02"
271856;2020-02-26;"quarta-feira";"15:08:00";"RO";364;237;"CACOAL";"Velocidade Incompatível";"Colisão transversal";"Com Vítimas Feridas";"Pleno dia";"Crescente";"Sol";"Simples";"Reta";"Sim";3;0;2;0;0;1;2;2;-11,44341;-61,44673;"SR-RO";"UOP02";"DEL02"
271857;2020-02-26;"quarta-feira";"14:07:00";"SC";101;204,5;"SAO JOSE";"Falta de Atenção à Condução";"Atropelamento de Pedestre";"Com Vítimas Feridas";"Pleno dia";"Decrescente";"Céu Claro";"Múltipla";"Interseção de vias";"Sim";2;0;1;0;1;0;1;1;-27,57413;-48,61363;"SR-SC";"UOP01";"DEL01"
271858;2020-02-26;"quarta-feira";"16:30:00";"PR";277;67;"SAO JOSE DOS PINHAIS";"Avarias e/ou desgaste excessivo no pneu";"Colisão com objeto em movimento";"Com Vítimas Feridas";"Pleno dia";"Decrescente";"Garoa/Chuvisco";"Dupla";"Reta";"Sim";1;0;1;0;0;0;1;1;-25,54511;-49,05291;"SR-PR";"UOP06";"DEL01"
271861;2020-02-26;"quarta-feira";"16:45:00";"MG";381;409,7;"NOVA UNIAO";"Desobediência às normas de trânsito pelo condutor";"Colisão frontal";"Com Vítimas Fatais";"Pleno dia";"Crescente";"Céu Claro";"Simples";"Curva";"Não";2;1;0;0;1;0;0;2;-19,74796;-43,54706;"SR-MG";"UOP01";"DEL01"
271870;2020-02-26;"quarta-feira";"16:30:00";"GO";60;42;"ALEXANIA";"Velocidade Incompatível";"Colisão traseira";"Com Vítimas Feridas";"Pleno dia";"Decrescente";"Chuva";"Dupla";"Reta";"Sim";7;0;0;1;6;0;1;2;-16,11;-48,5835;"SR-DF";"UOP02";"DEL01"
271871;2020-02-26;"quarta-feira";"17:35:00";"DF";40;3,4;"BRASILIA";"Desobediência às normas de trânsito pelo condutor";"Colisão traseira";"Com Vítimas Feridas";"Anoitecer";"Crescente";"Chuva";"Dupla";"Viaduto";"Sim";2;0;1;0;1;0;1;2;-16,00314;-47,98394;"SR-DF";"UOP01";"DEL01"
271872;2020-02-26;"quarta-feira";"16:30:00";"PR";277;118;"CAMPO LARGO";"Falta de Atenção à Condução";"Colisão traseira";"Com Vítimas Feridas";"Pleno dia";"Decrescente";"Chuva";"Dupla";"Reta";"Não";2;0;1;0;1;0;1;2;-25,43106;-49,42462;"SR-PR";"UOP03";"DEL03"
271875;2020-02-26;"quarta-feira";"17:35:00";"ES";101;395,6;"RIO NOVO DO SUL";"Falta de Atenção à Condução";"Colisão transversal";"Com Vítimas Feridas";"Anoitecer";"Crescente";"Nublado";"Simples";"Rotatória";"Sim";2;0;1;0;1;0;1;2;-20,86594;-40,93258;"SR-ES";"UOP02";"DEL03"
271876;2020-02-26;"quarta-feira";"12:20:00";"RS";386;220,8;"TIO HUGO";"Falta de Atenção do Pedestre";"Atropelamento de Pedestre";"Com Vítimas Fatais";"Pleno dia";"Decrescente";"Sol";"Simples";"Curva";"Não";2;1;0;0;1;0;0;1;-28,61817;-52,61254;"SR-RS";"UOP03";"DEL04"
271877;2020-02-26;"quarta-feira";"17:15:00";"RS";116;140,1;"CAXIAS DO SUL";"Falta de Atenção à Condução";"Colisão transversal";"Com Vítimas Feridas";"Pleno dia";"Crescente";"Céu Claro";"Simples";"Interseção de vias";"Sim";2;0;1;0;1;0;1;2;-29,10476;-51,10952;"SR-RS";"UOP01";"DEL05"
271878;2020-02-26;"quarta-feira";"18:00:00";"MG";381;490,5;"BETIM";"Desobediência às normas de trânsito pelo condutor";"Saída de leito carroçável";"Com Vítimas Feridas";"Anoitecer";"Crescente";"Nublado";"Dupla";"Curva";"Sim";2;0;1;0;0;1;1;2;-19,96503;-44,17422;"SR-MG";"UOP03";"DEL01"
271879;2020-02-26;"quarta-feira";"12:40:00";"MG";50;185,5;"UBERABA";"Falta de Atenção à Condução";"Colisão traseira";"Com Vítimas Feridas";"Pleno dia";"Decrescente";"Céu Claro";"Dupla";"Reta";"Não";4;0;2;0;2;0;2;2;-19,81728;-47,89559;"SR-MG";"UOP01";"DEL13"
271880;2020-02-26;"quarta-feira";"15:45:00";"RS";392;22,2;"RIO GRANDE";"Condutor Dormindo";"Saída de leito carroçável";"Com Vítimas Feridas";"Pleno dia";"Crescente";"Céu Claro";"Dupla";"Viaduto";"Não";1;0;1;0;0;0;1;1;-32,08904;-52,21737;"SR-RS";"UOP02";"DEL07"
271881;2020-02-26;"quarta-feira";"15:27:00";"MG";381;327;"NOVA ERA";"Desobediência às normas de trânsito pelo condutor";"Colisão lateral";"Com Vítimas Feridas";"Pleno dia";"Decrescente";"Chuva";"Simples";"Reta";"Sim";3;0;2;0;1;0;2;2;-19,76724;-43,04699;"SR-MG";"UOP01";"DEL03"
271882;2020-02-26;"quarta-feira";"11:20:00";"BA";116;816,1;"VITORIA DA CONQUISTA";"Falta de Atenção do Pedestre";"Atropelamento de Pedestre";"Com Vítimas Feridas";"Pleno dia";"Decrescente";"Céu Claro";"Simples";"Reta";"Não";2;0;1;0;1;0;1;1;-14,77751;-40,73036;"SR-BA";"UOP01";"DEL08"
271883;2020-02-26;"quarta-feira";"17:10:00";"SP";116;57,2;"GUARATINGUETA";"Falta de Atenção à Condução";"Colisão traseira";"Com Vítimas Feridas";"Pleno dia";"Decrescente";"Céu Claro";"Dupla";"Reta";"Não";2;0;1;0;1;0;1;2;-22,77455;-45,13807;"SR-SP";"UOP02";"DEL08"
271884;2020-02-26;"quarta-feira";"17:10:00";"MT";163;843,4;"SINOP";"Falta de Atenção à Condução";"Colisão traseira";"Com Vítimas Feridas";"Pleno dia";"Crescente";"Nublado";"Simples";"Reta";"Não";3;0;2;0;1;0;2;2;-11,91612;-55,50952;"SR-MT";"UOP02";"DEL06"
271886;2020-02-26;"quarta-feira";"18:20:00";"SC";101;144;"ITAPEMA";"Falta de Atenção à Condução";"Colisão lateral";"Sem Vítimas";"Anoitecer";"Decrescente";"Nublado";"Dupla";"Reta";"Não";2;0;0;0;2;0;0;2;-27,07327;-48,59673;"SR-SC";"UOP03";"DEL04"
271888;2020-02-26;"quarta-feira";"18:35:00";"PR";376;181,5;"MARINGA";"Desobediência às normas de trânsito pelo condutor";"Colisão lateral";"Com Vítimas Feridas";"Anoitecer";"Crescente";"Nublado";"Dupla";"Reta";"Sim";2;0;1;0;1;0;1;2;-23,42918;-51,89214;"SR-PR";"UOP01";"DEL09"
271889;2020-02-26;"quarta-feira";"17:30:00";"PR";373;172;"PONTA GROSSA";"Falta de Atenção à Condução";"Colisão traseira";"Sem Vítimas";"Pleno dia";"Crescente";"Nublado";"Dupla";"Desvio Temporário";"Sim";2;0;0;0;2;0;0;2;-25,0814;-50,19201;"SR-PR";"UOP01";"DEL03"
271890;2020-02-26;"quarta-feira";"17:22:00";"RS";386;32,7;"FREDERICO WESTPHALEN";"Desobediência às normas de trânsito pelo condutor";"Colisão transversal";"Sem Vítimas";"Pleno dia";"Decrescente";"Céu Claro";"Simples";"Interseção de vias";"Sim";2;0;0;0;2;0;0;2;-27,3414;-53,38753;"SR-RS";"UOP02";"DEL08"
271891;2020-02-26;"quarta-feira";"16:45:00";"RJ";101;284;"ITABORAI";"Falta de Atenção à Condução";"Queda de ocupante de veículo";"Com Vítimas Feridas";"Pleno dia";"Crescente";"Nublado";"Dupla";"Reta";"Não";1;0;1;0;0;0;1;1;-22,74432;-42,8087;"SR-RJ";"UOP03";"DEL02"
271892;2020-02-26;"quarta-feira";"16:50:00";"ES";101;146;"LINHARES";"Falta de Atenção do Pedestre";"Queda de ocupante de veículo";"Com Vítimas Feridas";"Pleno dia";"Decrescente";"Sol";"Dupla";"Reta";"Sim";1;0;1;0;0;0;1;1;-19,36991;-40,06561;"SR-ES";"UOP01";"DEL04"
271893;2020-02-26;"quarta-feira";"19:00:00";"PB";101;94,5;"JOAO PESSOA";"Defeito Mecânico no Veículo";"Tombamento";"Com Vítimas Feridas";"Plena Noite";"Crescente";"Nublado";"Dupla";"Não Informado";"Não";2;0;2;0;0;0;2;1;-7,214833;-34,91175;"SR-PB";"UOP01";"DEL01"
271894;2020-02-26;"quarta-feira";"16:30:00";"MG";40;718;"BARBACENA";"Pista Escorregadia";"Tombamento";"Com Vítimas Feridas";"Pleno dia";"Decrescente";"Chuva";"Dupla";"Não Informado";"Não";4;0;2;0;2;0;2;1;-21,26563;-43,65557;"SR-MG";"UOP01";"DEL05"
271895;2020-02-26;"quarta-feira";"18:30:00";"PR";476;129;"CURITIBA";"Falta de Atenção à Condução";"Colisão traseira";"Com Vítimas Feridas";"Plena Noite";"Crescente";"Nublado";"Múltipla";"Reta";"Sim";2;0;0;1;1;0;1;2;-25,45192;-49,23911;"SR-PR";"UOP06";"DEL01"
271896;2020-02-26;"quarta-feira";"18:10:00";"PR";376;600;"CURITIBA";"Desobediência às normas de trânsito pelo condutor";"Colisão transversal";"Com Vítimas Feridas";"Anoitecer";"Crescente";"Céu Claro";"Dupla";"Reta";"Sim";3;0;0;1;1;1;1;2;-25,53196;-49,32206;"SR-PR";"UOP04";"DEL01"
271897;2020-02-26;"quarta-feira";"17:45:00";"PI";343;3,4;"PARNAIBA";"Desobediência às normas de trânsito pelo condutor";"Colisão frontal";"Com Vítimas Feridas";"Anoitecer";"Crescente";"Nublado";"Simples";"Curva";"Não";4;0;4;0;0;0;4;2;-2,902281;-41,68415;"SR-PI";"UOP01";"DEL05"
271898;2020-02-26;"quarta-feira";"17:05:00";"MG";262;40,8;"MANHUACU";"Fenômenos da Natureza";"Tombamento";"Com Vítimas Feridas";"Pleno dia";"Decrescente";"Chuva";"Simples";"Reta";"Não";3;0;0;1;0;2;1;1;-20,27334;-42,04914;"SR-MG";"UOP04";"DEL06"
271899;2020-02-26;"quarta-feira";"19:25:00";"TO";153;673,9;"GURUPI";"Desobediência às normas de trânsito pelo condutor";"Atropelamento de Pedestre";"Com Vítimas Feridas";"Plena Noite";"Crescente";"Nublado";"Simples";"Reta";"Sim";2;0;1;0;1;0;1;1;-11,7382;-49,08104;"SR-TO";"UOP01";"DEL02"
271900;2020-02-26;"quarta-feira";"19:00:00";"PR";116;46;"CAMPINA GRANDE DO SUL";"Velocidade Incompatível";"Saída de leito carroçável";"Com Vítimas Feridas";"Plena Noite";"Decrescente";"Garoa/Chuvisco";"Dupla";"Curva";"Não";1;0;0;1;0;0;1;1;-25,20185;-48,89621;"SR-PR";"UOP02";"DEL01"
271901;2020-02-26;"quarta-feira";"17:20:00";"GO";60;173,6;"ABADIA DE GOIAS";"Falta de Atenção à Condução";"Saída de leito carroçável";"Com Vítimas Feridas";"Anoitecer";"Decrescente";"Chuva";"Múltipla";"Reta";"Não";1;0;1;0;0;0;1;1;-16,7423;-49,415;"SR-GO";"UOP02";"DEL01"
271902;2020-02-26;"quarta-feira";"19:30:00";"DF";20;6,7;"BRASILIA";"Falta de Atenção à Condução";"Colisão traseira";"Com Vítimas Feridas";"Plena Noite";"Crescente";"Céu Claro";"Dupla";"Reta";"Sim";2;0;1;0;1;0;1;2;-15,66589;-47,80831;"SR-DF";"UOP01";"DEL02"
271903;2020-02-26;"quarta-feira";"19:40:00";"CE";20;427,9;"FORTALEZA";"Falta de Atenção à Condução";"Tombamento";"Com Vítimas Feridas";"Plena Noite";"Decrescente";"Céu Claro";"Dupla";"Reta";"Sim";2;0;2;0;0;0;2;1;-3,76999;-38,67006;"SR-CE";"UOP02";"DEL01"
271904;2020-02-26;"quarta-feira";"19:20:00";"RS";153;651,7;"BAGE";"Falta de Atenção à Condução";"Tombamento";"Com Vítimas Feridas";"Anoitecer";"Crescente";"Céu Claro";"Simples";"Reta";"Não";1;0;1;0;0;0;1;1;-31,49335;-54,13679;"SR-RS";"UOP03";"DEL11"
271905;2020-02-26;"quarta-feira";"19:50:00";"DF";70;13;"BRASILIA";"Ingestão de Álcool";"Colisão lateral";"Sem Vítimas";"Plena Noite";"Crescente";"Céu Claro";"Dupla";"Reta";"Não";3;0;0;0;3;0;0;2;-15,79688;-48,17456;"SR-DF";"UOP03";"DEL01"
271906;2020-02-26;"quarta-feira";"19:40:00";"PR";476;125;"CURITIBA";"Falta de Atenção à Condução";"Saída de leito carroçável";"Com Vítimas Feridas";"Plena Noite";"Decrescente";"Garoa/Chuvisco";"Dupla";"Não Informado";"Sim";1;0;1;0;0;0;1;1;-25,4083;-49,21966;"SR-PR";"UOP06";"DEL01"
271907;2020-02-26;"quarta-feira";"19:20:00";"SC";101;145;"ITAPEMA";"Falta de Atenção à Condução";"Colisão lateral";"Com Vítimas Feridas";"Plena Noite";"Decrescente";"Nublado";"Dupla";"Não Informado";"Sim";3;0;0;1;2;0;1;3;-27,08139;-48,60131;"SR-SC";"UOP03";"DEL04"
271908;2020-02-26;"quarta-feira";"19:42:00";"PR";277;381,3;"CANDOI";"Falta de Atenção do Pedestre";"Atropelamento de Pedestre";"Com Vítimas Feridas";"Anoitecer";"Crescente";"Céu Claro";"Simples";"Reta";"Não";2;0;0;1;1;0;1;1;-25,42668;-51,79516;"SR-PR";"UOP01";"DEL08"
271909;2020-02-26;"quarta-feira";"19:40:00";"PE";428;31,7;"CABROBO";"Animais na Pista";"Atropelamento de Animal";"Com Vítimas Fatais";"Plena Noite";"Crescente";"Céu Claro";"Simples";"Reta";"Não";1;1;0;0;0;0;0;1;-8,521667;-39,49304;"SR-PE";"UOP03";"DEL05"
271910;2020-02-26;"quarta-feira";"18:30:00";"MS";163;278,8;"DOURADOS";"Ingestão de Álcool";"Saída de leito carroçável";"Sem Vítimas";"Plena Noite";"Decrescente";"Céu Claro";"Dupla";"Reta";"Não";1;0;0;0;0;1;0;1;-22,14945;-54,63417;"SR-MS";"UOP01";"DEL04"
271911;2020-02-26;"quarta-feira";"19:00:00";"MS";163;680;"RIO VERDE DE MATO GROSSO";"Falta de Atenção à Condução";"Colisão transversal";"Com Vítimas Feridas";"Plena Noite";"Crescente";"Nublado";"Simples";"Interseção de vias";"Sim";4;0;3;1;0;0;4;2;-18,92417;-54,83539;"SR-MS";"UOP02";"DEL06"
271913;2020-02-26;"quarta-feira";"20:15:00";"SC";101;202;"SAO JOSE";"Falta de Atenção à Condução";"Colisão transversal";"Com Vítimas Feridas";"Plena Noite";"Crescente";"Céu Claro";"Dupla";"Interseção de vias";"Sim";3;0;1;0;2;0;1;2;-27,55712;-48,61898;"SR-SC";"UOP01";"DEL01"
271914;2020-02-19;"quarta-feira";"18:00:00";"MG";381;481,9;"BETIM";"Falta de Atenção à Condução";"Colisão traseira";"Com Vítimas Feridas";"Anoitecer";"Crescente";"Nublado";"Múltipla";"Não Informado";"Sim";2;0;1;0;1;0;1;2;-19,95932;-44,08826;"SR-MG";"UOP03";"DEL01"
271915;2020-02-26;"quarta-feira";"19:30:00";"PA";222;89,4;"RONDON DO PARA";"Desobediência às normas de trânsito pelo condutor";"Colisão traseira";"Com Vítimas Feridas";"Plena Noite";"Decrescente";"Céu Claro";"Simples";"Reta";"Não";4;0;2;0;1;1;2;4;-4,697186;-47,95911;"SR-PA";"UOP02";"DEL02"
271916;2020-02-26;"quarta-feira";"20:25:00";"PB";230;40;"SANTA RITA";"Avarias e/ou desgaste excessivo no pneu";"Queda de ocupante de veículo";"Com Vítimas Feridas";"Plena Noite";"Decrescente";"Céu Claro";"Dupla";"Desvio Temporário";"Sim";1;0;1;0;0;0;1;1;-7,1381;-34,9707;"SR-PB";"UOP02";"DEL01"
271917;2020-02-26;"quarta-feira";"20:40:00";"PB";101;43;"MAMANGUAPE";"Defeito Mecânico no Veículo";"Incêndio";"Sem Vítimas";"Plena Noite";"Crescente";"Céu Claro";"Dupla";"Reta";"Sim";1;0;0;0;0;1;0;1;-6,865561;-35,13337;"SR-PB";"UOP03";"DEL01"
271918;2020-02-26;"quarta-feira";"15:20:00";"RJ";101;174;"MACAE";"Condutor Dormindo";"Colisão lateral";"Com Vítimas Feridas";"Pleno dia";"Crescente";"Céu Claro";"Simples";"Curva";"Não";4;0;2;0;2;0;2;2;-22,37503;-41,96035;"SR-RJ";"UOP04";"DEL02"
271919;2020-02-26;"quarta-feira";"21:10:00";"PB";230;12;"CABEDELO";"Avarias e/ou desgaste excessivo no pneu";"Colisão lateral";"Com Vítimas Feridas";"Plena Noite";"Decrescente";"Céu Claro";"Dupla";"Reta";"Sim";2;0;1;0;1;0;1;2;-7,068;-34,85;"SR-PB";"UOP01";"DEL01"
271920;2020-02-26;"quarta-feira";"20:40:00";"BA";110;146;"CICERO DANTAS";"Defeito Mecânico no Veículo";"Colisão transversal";"Com Vítimas Feridas";"Plena Noite";"Crescente";"Céu Claro";"Simples";"Reta";"Não";3;0;1;1;1;0;2;2;-10,66743;-38,41856;"SR-BA";"UOP02";"DEL07"
271921;2020-02-26;"quarta-feira";"16:30:00";"MA";316;380;"BACABAL";"Falta de Atenção à Condução";"Colisão transversal";"Com Vítimas Feridas";"Pleno dia";"Decrescente";"Céu Claro";"Simples";"Ponte";"Não";2;0;0;1;1;0;1;2;-4,212195;-44,61982;"SR-MA";"UOP01";"DEL03"
271922;2020-02-26;"quarta-feira";"19:10:00";"BA";101;722,5;"EUNAPOLIS";"Defeito Mecânico no Veículo";"Incêndio";"Sem Vítimas";"Plena Noite";"Decrescente";"Céu Claro";"Simples";"Reta";"Não";1;0;0;0;1;0;0;1;-16,39393;-39,58511;"SR-BA";"UOP01";"DEL09"
271924;2020-02-26;"quarta-feira";"21:00:00";"PE";101;70,5;"RECIFE";"Animais na Pista";"Atropelamento de Animal";"Com Vítimas Feridas";"Plena Noite";"Crescente";"Céu Claro";"Dupla";"Reta";"Sim";4;0;2;0;2;0;2;1;-8,067761;-34,94265;"SR-PE";"UOP01";"DEL01"
271925;2020-02-26;"quarta-feira";"18:20:00";"RS";290;55,3;"GLORINHA";"Falta de Atenção à Condução";"Colisão traseira";"Com Vítimas Feridas";"Plena Noite";"Crescente";"Céu Claro";"Múltipla";"Reta";"Não";4;0;2;0;2;0;2;2;-29,9134;-50,80843;"SR-RS";"UOP01";"DEL03"
271927;2020-02-26;"quarta-feira";"21:30:00";"AL";104;36,5;"UNIAO DOS PALMARES";"Animais na Pista";"Atropelamento de Animal";"Com Vítimas Fatais";"Plena Noite";"Crescente";"Céu Claro";"Simples";"Reta";"Não";2;2;0;0;0;0;0;1;-9,168592;-36,02288;"SR-AL";"UOP02";"DEL01"
271928;2020-02-26;"quarta-feira";"17:30:00";"BA";101;309,7;"PRESIDENTE TANCREDO NEVES";"Desobediência às normas de trânsito pelo condutor";"Colisão lateral";"Com Vítimas Fatais";"Plena Noite";"Decrescente";"Céu Claro";"Simples";"Curva";"Não";2;1;0;0;1;0;0;2;-13,42918;-39,41887;"SR-BA";"UOP03";"DEL05"
271929;2020-02-26;"quarta-feira";"20:50:00";"RS";290;53;"GLORINHA";"Falta de Atenção à Condução";"Colisão traseira";"Com Vítimas Feridas";"Plena Noite";"Crescente";"Nublado";"Múltipla";"Reta";"Não";4;0;1;0;3;0;1;3;-29,91208;-50,78776;"SR-RS";"UOP01";"DEL03"
271930;2020-02-26;"quarta-feira";"19:40:00";"RJ";101;491,5;"ANGRA DOS REIS";"Ingestão de Álcool";"Colisão traseira";"Com Vítimas Feridas";"Plena Noite";"Crescente";"Chuva";"Simples";"Desvio Temporário";"Não";2;0;0;1;1;0;1;2;-22,95443;-44,32193;"SR-RJ";"UOP02";"DEL03"
271933;2020-02-26;"quarta-feira";"19:00:00";"MG";262;705,5;"ARAXA";"Ingestão de Álcool";"Saída de leito carroçável";"Sem Vítimas";"Plena Noite";"Decrescente";"Nublado";"Simples";"Reta";"Não";1;0;0;0;1;0;0;1;-19,59286;-47,09999;"SR-MG";"UOP01";"DEL08"
271934;2020-02-26;"quarta-feira";"21:40:00";"SC";470;43,7;"GASPAR";"Falta de Atenção à Condução";"Colisão com objeto estático";"Com Vítimas Feridas";"Plena Noite";"Decrescente";"Nublado";"Simples";"Não Informado";"Não";1;0;1;0;0;0;1;1;-26,87452;-49,01345;"SR-SC";"UOP01";"DEL04"
271937;2020-02-14;"sexta-feira";"21:05:00";"MG";116;417;"GOVERNADOR VALADARES";"Falta de Atenção à Condução";"Colisão transversal";"Com Vítimas Feridas";"Plena Noite";"Crescente";"Céu Claro";"Simples";"Retorno Regulamentado";"Sim";2;0;0;1;1;0;1;2;-18,9013;-41,94492;"SR-MG";"UOP01";"DEL06"
271938;2020-02-26;"quarta-feira";"17:00:00";"MG";381;176;"GOVERNADOR VALADARES";"Falta de Atenção à Condução";"Saída de leito carroçável";"Com Vítimas Feridas";"Pleno dia";"Crescente";"Céu Claro";"Simples";"Reta";"Não";4;0;1;1;1;1;2;2;-19,00965;-42,13649;"SR-MG";"UOP01";"DEL06"
271940;2020-02-27;"quinta-feira";"00:18:00";"SC";470;51,7;"BLUMENAU";"Ingestão de Álcool";"Colisão com objeto estático";"Com Vítimas Feridas";"Plena Noite";"Decrescente";"Céu Claro";"Simples";"Túnel";"Não";1;0;1;0;0;0;1;1;-26,86234;-49,08404;"SR-SC";"UOP01";"DEL04"
271941;2020-02-26;"quarta-feira";"18:10:00";"GO";452;46;"SANTA HELENA DE GOIAS";"Falta de Atenção à Condução";"Colisão traseira";"Com Vítimas Feridas";"Anoitecer";"Crescente";"Chuva";"Simples";"Ponte";"Não";3;0;2;1;0;0;3;2;-17,95112;-50,51071;"SR-GO";"UOP01";"DEL04"
271942;2020-02-26;"quarta-feira";"23:50:00";"MG";40;584,9;"ITABIRITO";"Velocidade Incompatível";"Saída de leito carroçável";"Com Vítimas Feridas";"Plena Noite";"Decrescente";"Chuva";"Simples";"Reta";"Não";3;0;2;1;0;0;3;1;-20,32544;-43,92761;"SR-MG";"UOP02";"DEL01"
271944;2020-02-26;"quarta-feira";"22:45:00";"PB";230;466,4;"SOUSA";"Não guardar distância de segurança";"Colisão traseira";"Com Vítimas Feridas";"Plena Noite";"Crescente";"Nublado";"Simples";"Reta";"Sim";3;0;1;0;0;2;1;2;-6,781639;-38,26925;"SR-PB";"UOP03";"DEL03"
271946;2020-02-27;"quinta-feira";"01:30:00";"SC";101;340;"TUBARAO";"Falta de Atenção à Condução";"Saída de leito carroçável";"Com Vítimas Feridas";"Plena Noite";"Decrescente";"Céu Claro";"Dupla";"Reta";"Não";1;0;0;1;0;0;1;1;-28,50144;-49,0469;"SR-SC";"UOP01";"DEL02"
271947;2020-02-27;"quinta-feira";"00:50:00";"RS";470;187,5;"VERANOPOLIS";"Desobediência às normas de trânsito pelo condutor";"Saída de leito carroçável";"Com Vítimas Feridas";"Plena Noite";"Decrescente";"Céu Claro";"Simples";"Não Informado";"Não";1;0;1;0;0;0;1;1;-29,00751;-51,55778;"SR-RS";"UOP02";"DEL06"
271948;2020-02-26;"quarta-feira";"23:30:00";"SP";116;567;"BARRA DO TURVO";"Pista Escorregadia";"Colisão com objeto estático";"Com Vítimas Feridas";"Plena Noite";"Crescente";"Garoa/Chuvisco";"Simples";"Não Informado";"Não";2;0;1;0;1;0;1;2;-25,04755;-48,55355;"SR-SP";"UOP02";"DEL05"
271949;2020-02-26;"quarta-feira";"19:50:00";"SP";116;545,8;"BARRA DO TURVO";"Pista Escorregadia";"Saída de leito carroçável";"Com Vítimas Feridas";"Anoitecer";"Crescente";"Chuva";"Simples";"Curva";"Não";4;0;1;0;3;0;1;1;-24,95017;-48,424;"SR-SP";"UOP02";"DEL05"
271950;2020-02-27;"quinta-feira";"03:00:00";"PB";101;90;"JOAO PESSOA";"Falta de Atenção do Pedestre";"Atropelamento de Pedestre";"Com Vítimas Feridas";"Plena Noite";"Decrescente";"Céu Claro";"Dupla";"Reta";"Sim";3;0;2;1;0;0;3;1;-7,179652;-34,90042;"SR-PB";"UOP01";"DEL01"
271951;2020-02-27;"quinta-feira";"02:15:00";"SP";116;507,9;"CAJATI";"Defeito Mecânico no Veículo";"Incêndio";"Sem Vítimas";"Plena Noite";"Decrescente";"Garoa/Chuvisco";"Simples";"Curva";"Não";1;0;0;0;1;0;0;1;-24,80529;-48,21497;"SR-SP";"UOP02";"DEL05"
271952;2020-02-26;"quarta-feira";"21:40:00";"MG";262;631,5;"IBIA";"Falta de Atenção à Condução";"Colisão traseira";"Com Vítimas Feridas";"Plena Noite";"Decrescente";"Nublado";"Simples";"Reta";"Não";3;0;1;0;2;0;1;2;-19,58691;-46,4649;"SR-MG";"UOP01";"DEL08"
271953;2020-02-27;"quinta-feira";"03:45:00";"PR";277;538,5;"IBEMA";"Defeito Mecânico no Veículo";"Incêndio";"Sem Vítimas";"Plena Noite";"Crescente";"Céu Claro";"Simples";"Curva";"Não";1;0;0;0;1;0;0;1;-25,10657;-53,02873;"SR-PR";"UOP02";"DEL04"
271954;2020-02-27;"quinta-feira";"04:45:00";"SC";470;35,1;"GASPAR";"Falta de Atenção à Condução";"Colisão frontal";"Com Vítimas Feridas";"Plena Noite";"Decrescente";"Nublado";"Dupla";"Não Informado";"Não";2;0;0;1;1;0;1;2;-26,91326;-48,96214;"SR-SC";"UOP01";"DEL04"
271955;2020-02-27;"quinta-feira";"04:25:00";"SP";488;3,2;"APARECIDA";"Condutor Dormindo";"Saída de leito carroçável";"Com Vítimas Feridas";"Plena Noite";"Decrescente";"Chuva";"Dupla";"Curva";"Sim";1;0;0;1;0;0;1;1;-22,85506;-45,24342;"SR-SP";"UOP02";"DEL08"