"id";"data_inversa";"dia_semana";"horario";"uf";"br";"km";"municipio";"causa_acidente";"tipo_acidente";"classificacao_acidente";"fase_dia";"sentido_via";"condicao_metereologica";"tipo_pista";"tracado_via";"uso_solo";"pessoas";"mortos";"feridos_leves";"feridos_graves";"ilesos";"ignorados";"feridos";"veiculos";"latitude";"longitude";"regional";"delegacia";"uop"
271956;2020-02-27;"quinta-feira";"00:00:00";"PE";232;4,4;"RECIFE";"Falta de Atenção à Condução";"Colisão com objeto estático";"Sem Vítimas";"Plena Noite";"Crescente";"Céu Claro";"Dupla";"Não Informado";"Não";1;0;0;0;1;0;0;1;-8,066071;-34,94099;"SR-PE";"UOP01";"DEL01"
271957;2020-01-29;"quarta-feira";"12:00:00";"PE";407;123,6;"PETROLINA";"Falta de Atenção à Condução";"Colisão traseira";"Com Vítimas Feridas";"Pleno dia";"Crescente";"Céu Claro";"Simples";"Reta";"Sim";3;0;1;0;1;1;1;2;-9,370504;-40,54076;"SR-PE";"UOP01";"DEL06"
271959;2020-02-27;"quinta-feira";"06:00:00";"RN";101;176,2;"CANGUARETAMA";"Velocidade Incompatível";"Saída de leito carroçável";"Com Vítimas Feridas";"Amanhecer";"Decrescente";"Céu Claro";"Dupla";"Curva";"Não";5;0;4;0;1;0;4;1;-6,501665;-35,112;"SR-RN";"UOP01";"DEL01"
271960;2020-02-27;"quinta-feira";"07:09:00";"CE";222;3;"FORTALEZA";"Falta de Atenção à Condução";"Colisão traseira";"Com Vítimas Feridas";"Amanhecer";"Decrescente";"Céu Claro";"Dupla";"Não Informado";"Sim";2;0;1;0;0;1;1;2;-3,740377;-38,59569;"SR-CE";"UOP01";"DEL01"
271961;2020-02-27;"quinta-feira";"07:10:00";"DF";20;17,3;"BRASILIA";"Desobediência às normas de trânsito pelo condutor";"Colisão lateral";"Com Vítimas Feridas";"Pleno dia";"Decrescente";"Céu Claro";"Dupla";"Não Informado";"Sim";5;0;1;1;3;0;2;2;-15,61992;-47,71492;"SR-DF";"UOP01";"DEL02"
271962;2020-02-27;"quinta-feira";"07:00:00";"SC";282;15,6;"PALHOCA";"Desobediência às normas de trânsito pelo condutor";"Colisão transversal";"Com Vítimas Feridas";"Pleno dia";"Decrescente";"Sol";"Simples";"Reta";"Não";2;0;1;0;1;0;1;2;-27,65185;-48,67605;"SR-SC";"UOP02";"DEL01"
271963;2020-02-27;"quinta-feira";"06:50:00";"SC";282;3,5;"FLORIANOPOLIS";"Falta de Atenção à Condução";"Colisão lateral";"Sem Vítimas";"Pleno dia";"Decrescente";"Céu Claro";"Dupla";"Reta";"Não";2;0;0;0;2;0;0;2;-27,59257;-48,60409;"SR-SC";"UOP01";"DEL01"
271965;2020-02-27;"quinta-feira";"07:55:00";"SC";101;214,3;"PALHOCA";"Desobediência às normas de trânsito pelo condutor";"Colisão transversal";"Com Vítimas Feridas";"Pleno dia";"Decrescente";"Céu Claro";"Simples";"Interseção de vias";"Sim";2;0;0;1;1;0;1;2;-27,64443;-48,67057;"SR-SC";"UOP02";"DEL01"
271966;2020-02-27;"quinta-feira";"07:20:00";"PR";158;530;"PATO BRANCO";"Falta de Atenção à Condução";"Colisão transversal";"Com Vítimas Feridas";"Pleno dia";"Crescente";"Céu Claro";"Simples";"Interseção de vias";"Sim";2;0;1;0;1;0;1;2;-26,19443;-52,67299;"SR-PR";"UOP01";"DEL02"
271967;2020-02-27;"quinta-feira";"07:30:00";"PR";116;125;"FAZENDA RIO GRANDE";"Falta de Atenção à Condução";"Colisão lateral";"Com Vítimas Feridas";"Pleno dia";"Crescente";"Céu Claro";"Dupla";"Reta";"Não";1;0;1;0;0;0;1;1;-25,59505;-49,31631;"SR-PR";"UOP03";"DEL01"
271968;2020-02-27;"quinta-feira";"08:02:00";"PE";101;83;"JABOATAO DOS GUARARAPES";"Não guardar distância de segurança";"Engavetamento";"Sem Vítimas";"Pleno dia";"Decrescente";"Sol";"Dupla";"Desvio Temporário";"Sim";3;0;0;0;3;0;0;3;-8,175172;-34,94264;"SR-PE";"UOP03";"DEL01"
271970;2020-02-27;"quinta-feira";"06:40:00";"MT";163;545;"DIAMANTINO";"Falta de Atenção à Condução";"Saída de leito carroçável";"Com Vítimas Feridas";"Pleno dia";"Crescente";"Nublado";"Simples";"Curva";"Não";3;0;3;0;0;0;3;1;-14,35095;-56,15022;"SR-MT";"UOP01";"DEL01"
271971;2020-02-27;"quinta-feira";"07:25:00";"ES";101;144,4;"LINHARES";"Ultrapassagem Indevida";"Colisão lateral";"Com Vítimas Feridas";"Pleno dia";"Decrescente";"Céu Claro";"Dupla";"Reta";"Sim";2;0;1;0;1;0;1;2;-19,35188;-40,06367;"SR-ES";"UOP01";"DEL04"
271972;2020-02-26;"quarta-feira";"22:45:00";"RS";392;194;"SANTANA DA BOA VISTA";"Velocidade Incompatível";"Saída de leito carroçável";"Com Vítimas Feridas";"Plena Noite";"Crescente";"Céu Claro";"Simples";"Reta";"Não";1;0;1;0;0;0;1;1;-30,91243;-53,10604;"SR-RS";"UOP02";"DEL09"
271973;2020-02-27;"quinta-feira";"04:05:00";"MG";262;72;"MATIPO";"Falta de Atenção à Condução";"Colisão traseira";"Com Vítimas Feridas";"Plena Noite";"Decrescente";"Nublado";"Simples";"Reta";"Não";2;0;1;0;1;0;1;2;-20,31052;-42,31518;"SR-MG";"UOP04";"DEL06"
271974;2020-02-27;"quinta-feira";"06:30:00";"PI";230;237;"SAO FRANCISCO DO PIAUI";"Animais na Pista";"Atropelamento de Animal";"Com Vítimas Feridas";"Pleno dia";"Crescente";"Nublado";"Simples";"Desvio Temporário";"Não";1;0;1;0;0;0;1;1;-6,987377;-42,42865;"SR-PI";"UOP01";"DEL03"
271975;2020-02-27;"quinta-feira";"08:13:00";"DF";20;21;"BRASILIA";"Falta de Atenção à Condução";"Colisão lateral";"Com Vítimas Feridas";"Pleno dia";"Decrescente";"Céu Claro";"Dupla";"Não Informado";"Sim";2;0;2;0;0;0;2;2;-15,60338;-47,68469;"SR-DF";"UOP01";"DEL02"
271977;2020-02-27;"quinta-feira";"08:00:00";"PR";376;496,9;"PONTA GROSSA";"Objeto estático sobre o leito carroçável";"Queda de ocupante de veículo";"Com Vítimas Feridas";"Pleno dia";"Crescente";"Sol";"Dupla";"Desvio Temporário";"Sim";1;0;1;0;0;0;1;1;-25,1461;-50,1522;"SR-PR";"UOP02";"DEL03"
271978;2020-02-27;"quinta-feira";"08:15:00";"PR";373;182,5;"PONTA GROSSA";"Falta de Atenção à Condução";"Colisão traseira";"Com Vítimas Feridas";"Pleno dia";"Crescente";"Céu Claro";"Simples";"Reta";"Sim";2;0;1;0;1;0;1;2;-25,04194;-50,26742;"SR-PR";"UOP01";"DEL03"
271979;2020-02-27;"quinta-feira";"08:05:00";"RN";110;29,3;"MOSSORO";"Defeito Mecânico no Veículo";"Capotamento";"Com Vítimas Feridas";"Pleno dia";"Crescente";"Nublado";"Simples";"Desvio Temporário";"Não";1;0;0;1;0;0;1;1;-5,119111;-37,20379;"SR-RN";"UOP01";"DEL04"
271980;2020-02-27;"quinta-feira";"08:00:00";"MG";354;752,1;"ITAMONTE";"Falta de Atenção à Condução";"Colisão transversal";"Com Vítimas Feridas";"Pleno dia";"Crescente";"Céu Claro";"Simples";"Curva";"Sim";2;0;1;0;1;0;1;2;-22,29341;-44,86366;"SR-MG";"UOP01";"DEL17"
271981;2020-02-27;"quinta-feira";"07:50:00";"PR";116;17;"COLOMBO";"Falta de Atenção à Condução";"Colisão traseira";"Com Vítimas Feridas";"Pleno dia";"Crescente";"Céu Claro";"Simples";"Reta";"Não";1;0;1;0;0;0;1;1;-25,389;-49,1867;"SR-PR";"UOP01";"DEL01"
271982;2020-02-27;"quinta-feira";"06:55:00";"GO";60;37;"ALEXANIA";"Falta de Atenção à Condução";"Colisão traseira";"Com Vítimas Feridas";"Amanhecer";"Decrescente";"Céu Claro";"Dupla";"Não Informado";"Não";3;0;1;0;2;0;1;2;-16,1147;-48,5387;"SR-DF";"UOP02";"DEL01"
271983;2020-02-27;"quinta-feira";"07:40:00";"GO";153;505,5;"APARECIDA DE GOIANIA";"Falta de Atenção à Condução";"Colisão traseira";"Sem Vítimas";"Pleno dia";"Decrescente";"Sol";"Dupla";"Reta";"Sim";3;0;0;0;2;1;0;3;-16,7537;-49,2411;"SR-GO";"UOP01";"DEL01"
271984;2020-02-27;"quinta-feira";"08:51:00";"PB";230;18,2;"JOAO PESSOA";"Não guardar distância de segurança";"Colisão traseira";"Com Vítimas Feridas";"Pleno dia";"Decrescente";"Céu Claro";"Dupla";"Reta";"Sim";2;0;0;1;1;0;1;2;-7,1198;-34,8453;"SR-PB";"UOP01";"DEL01"
271985;2020-02-27;"quinta-feira";"08:10:00";"RJ";101;293;"ITABORAI";"Pista Escorregadia";"Tombamento";"Com Vítimas Feridas";"Pleno dia";"Crescente";"Chuva";"Dupla";"Curva";"Sim";1;0;1;0;0;0;1;1;-22,7562;-42,88724;"SR-RJ";"UOP03";"DEL02"
271986;2020-02-27;"quinta-feira";"07:30:00";"MT";163;839;"SINOP";"Velocidade Incompatível";"Colisão traseira";"Com Vítimas Feridas";"Pleno dia";"Crescente";"Nublado";"Dupla";"Não Informado";"Sim";2;0;1;0;1;0;1;2;-11,82744;-55,4864;"SR-MT";"UOP02";"DEL06"
271988;2020-02-27;"quinta-feira";"08:00:00";"PR";476;198,6;"LAPA";"Falta de Atenção à Condução";"Colisão transversal";"Com Vítimas Feridas";"Pleno dia";"Crescente";"Céu Claro";"Simples";"Reta";"Sim";2;0;1;0;1;0;1;2;-25,76561;-49,73917;"SR-PR";"UOP05";"DEL03"
271989;2020-02-27;"quinta-feira";"08:00:00";"PR";369;155;"LONDRINA";"Não guardar distância de segurança";"Engavetamento";"Com Vítimas Feridas";"Pleno dia";"Crescente";"Céu Claro";"Dupla";"Reta";"Sim";4;0;1;0;3;0;1;4;-23,29625;-51,20743;"SR-PR";"UOP01";"DEL07"
271990;2020-02-27;"quinta-feira";"08:55:00";"MG";50;41;"ARAGUARI";"Falta de Atenção à Condução";"Colisão com objeto estático";"Sem Vítimas";"Pleno dia";"Crescente";"Céu Claro";"Dupla";"Reta";"Sim";1;0;0;0;1;0;0;1;-18,68214;-48,17887;"SR-MG";"UOP02";"DEL15"
271991;2020-02-27;"quinta-feira";"09:15:00";"RN";405;0;"MOSSORO";"Falta de Atenção à Condução";"Colisão traseira";"Com Vítimas Feridas";"Pleno dia";"Decrescente";"Céu Claro";"Dupla";"Reta";"Não";2;0;1;0;1;0;1;2;-5,191467;-37,35189;"SR-RN";"UOP02";"DEL04"
271992;2020-02-27;"quinta-feira";"09:30:00";"PR";376;4,9;"APUCARANA";"Desobediência às normas de trânsito pelo condutor";"Colisão transversal";"Com Vítimas Feridas";"Pleno dia";"Decrescente";"Céu Claro";"Simples";"Interseção de vias";"Sim";2;0;0;1;1;0;1;2;-23,55264;-51,44753;"SR-PR";"UOP03";"DEL07"
271994;2020-02-27;"quinta-feira";"08:40:00";"PR";476;119;"COLOMBO";"Desobediência às normas de trânsito pelo condutor";"Colisão lateral";"Com Vítimas Feridas";"Pleno dia";"Crescente";"Céu Claro";"Dupla";"Interseção de vias";"Sim";3;0;1;0;2;0;1;2;-25,37496;-49,19387;"SR-PR";"UOP06";"DEL01"
271996;2020-02-26;"quarta-feira";"22:30:00";"MG";153;90;"PRATA";"Falta de Atenção à Condução";"Tombamento";"Sem Vítimas";"Plena Noite";"Crescente";"Chuva";"Simples";"Reta";"Não";1;0;0;0;1;0;0;1;-19,12441;-48,96881;"SR-MG";"UOP03";"DEL15"
271997;2020-02-27;"quinta-feira";"09:40:00";"PR";476;142;"CURITIBA";"Defeito na Via";"Queda de ocupante de veículo";"Com Vítimas Fatais";"Pleno dia";"Decrescente";"Sol";"Dupla";"Reta";"Sim";1;1;0;0;0;0;0;1;-25,53716;-49,30163;"SR-PR";"UOP03";"DEL01"
271998;2020-01-26;"domingo";"14:00:00";"MG";251;476,6;"FRANCISCO SA";"Falta de Atenção à Condução";"Colisão traseira";"Com Vítimas Feridas";"Pleno dia";"Decrescente";"Chuva";"Simples";"Reta";"Não";1;0;1;0;0;0;1;1;-16,46934;-43,48045;"SR-MG";"UOP01";"DEL12"
271999;2020-02-27;"quinta-feira";"09:50:00";"CE";222;50,3;"SAO GONCALO DO AMARANTE";"Defeito Mecânico no Veículo";"Colisão lateral";"Com Vítimas Feridas";"Pleno dia";"Decrescente";"Céu Claro";"Simples";"Reta";"Não";5;0;2;0;3;0;2;2;-3,667809;-38,99242;"SR-CE";"UOP03";"DEL01"
272000;2020-02-27;"quinta-feira";"10:00:00";"BA";116;370,7;"SERRINHA";"Falta de Atenção à Condução";"Colisão lateral";"Com Vítimas Feridas";"Pleno dia";"Decrescente";"Sol";"Simples";"Reta";"Não";3;0;0;1;2;0;1;2;-11,77333;-38,98583;"SR-BA";"UOP01";"DEL02"
272001;2020-02-02;"domingo";"18:30:00";"SP";116;541;"BARRA DO TURVO";"Falta de Atenção à Condução";"Colisão traseira";"Com Vítimas Feridas";"Anoitecer";"Crescente";"Chuva";"Simples";"Reta";"Não";1;0;1;0;0;0;1;1;-24,97246;-48,39977;"SR-SP";"DEL6/5";"UOP03/SP"
272002;2020-02-27;"quinta-feira";"10:50:00";"RJ";101;82,4;"CAMPOS DOS GOYTACAZES";"Falta de Atenção à Condução";"Colisão transversal";"Com Vítimas Feridas";"Pleno dia";"Crescente";"Céu Claro";"Simples";"Reta";"Não";3;0;3;0;0;0;3;2;-21,82752;-41,45414;"SR-RJ";"UOP02";"DEL08"
272003;2020-02-27;"quinta-feira";"09:10:00";"MG";381;272;"CORONEL FABRICIANO";"Ultrapassagem Indevida";"Saída de leito carroçável";"Com Vítimas Feridas";"Pleno dia";"Decrescente";"Nublado";"Simples";"Reta";"Não";3;0;1;1;0;1;2;1;-19,55977;-42,71017;"SR-MG";"UOP02";"DEL03"
272004;2020-02-27;"quinta-feira";"11:55:00";"MG";146;603,4;"POCOS DE CALDAS";"Velocidade Incompatível";"Saída de leito carroçável";"Com Vítimas Feridas";"Pleno dia";"Decrescente";"Chuva";"Simples";"Curva";"Não";1;0;1;0;0;0;1;1;-21,79092;-46,44264;"SR-MG";"UOP01";"DEL09"
272005;2020-02-27;"quinta-feira";"12:00:00";"RJ";101;398;"ITAGUAI";"Desobediência às normas de trânsito pelo condutor";"Colisão transversal";"Com Vítimas Feridas";"Pleno dia";"Crescente";"Chuva";"Dupla";"Interseção de vias";"Sim";3;0;1;0;2;0;1;2;-22,86788;-43,74863;"SR-RJ";"UOP01";"DEL03"
272006;2020-02-27;"quinta-feira";"12:10:00";"SC";101;175;"BIGUACU";"Falta de Atenção à Condução";"Colisão com objeto estático";"Com Vítimas Feridas";"Pleno dia";"Crescente";"Sol";"Dupla";"Reta";"Não";3;0;3;0;0;0;3;1;-27,33963;-48,62735;"SR-SC";"UOP01";"DEL01"
272007;2020-02-27;"quinta-feira";"09:45:00";"RJ";116;33,8;"SAPUCAIA";"Pista Escorregadia";"Colisão com objeto estático";"Com Vítimas Feridas";"Pleno dia";"Crescente";"Chuva";"Simples";"Curva";"Não";2;0;1;0;1;0;1;1;-22,08649;-42,81176;"SR-RJ";"UOP02";"DEL06"
272008;2020-02-27;"quinta-feira";"12:20:00";"MA";10;234,2;"GOVERNADOR EDISON LOBAO";"Desobediência às normas de trânsito pelo condutor";"Colisão frontal";"Com Vítimas Fatais";"Pleno dia";"Decrescente";"Céu Claro";"Simples";"Reta";"Não";3;1;0;0;2;0;0;2;-5,669199;-47,38021;"SR-MA";"UOP01";"DEL04"
272009;2020-02-27;"quinta-feira";"12:11:00";"SC";101;243;"PALHOCA";"Falta de Atenção à Condução";"Colisão com objeto estático";"Com Vítimas Feridas";"Pleno dia";"Decrescente";"Sol";"Múltipla";"Reta";"Não";2;0;0;1;1;0;1;2;-27,8842;-48,6475;"SR-SC";"UOP02";"DEL01"
272010;2020-02-27;"quinta-feira";"11:15:00";"PR";376;5;"APUCARANA";"Desobediência às normas de trânsito pelo condutor";"Atropelamento de Pedestre";"Com Vítimas Feridas";"Pleno dia";"Crescente";"Sol";"Dupla";"Reta";"Sim";3;0;2;1;0;0;3;1;-23,5492;-51,44999;"SR-PR";"UOP03";"DEL07"
272011;2020-02-27;"quinta-feira";"12:30:00";"MG";153;69,7;"MONTE ALEGRE DE MINAS";"Condutor Dormindo";"Saída de leito carroçável";"Com Vítimas Feridas";"Pleno dia";"Decrescente";"Céu Claro";"Simples";"Reta";"Não";1;0;1;0;0;0;1;1;-18,96953;-49,02511;"SR-MG";"UOP03";"DEL15"
272014;2020-02-27;"quinta-feira";"11:40:00";"RJ";101;430;"MANGARATIBA";"Falta de Atenção à Condução";"Engavetamento";"Com Vítimas Feridas";"Pleno dia";"Decrescente";"Chuva";"Simples";"Reta";"Não";6;0;2;0;4;0;2;4;-22,9371;-44,01084;"SR-RJ";"UOP01";"DEL03"
272015;2020-02-27;"quinta-feira";"13:30:00";"ES";101;163;"LINHARES";"Defeito Mecânico no Veículo";"Queda de ocupante de veículo";"Com Vítimas Feridas";"Pleno dia";"Crescente";"Céu Claro";"Simples";"Reta";"Não";2;0;1;1;0;0;2;1;-19,49806;-40,13059;"SR-ES";"UOP01";"DEL04"
272017;2020-02-27;"quinta-feira";"13:30:00";"DF";70;4;"BRASILIA";"Falta de Atenção à Condução";"Colisão transversal";"Com Vítimas Feridas";"Pleno dia";"Decrescente";"Céu Claro";"Dupla";"Reta";"Não";3;0;1;0;2;0;1;2;-15,79811;-48,08932;"SR-DF";"UOP03";"DEL01"
272018;2020-02-27;"quinta-feira";"12:45:00";"PR";476;118;"COLOMBO";"Falta de Atenção à Condução";"Colisão transversal";"Com Vítimas Feridas";"Pleno dia";"Decrescente";"Céu Claro";"Dupla";"Reta";"Sim";2;0;1;0;1;0;1;2;-25,35634;-49,18083;"SR-PR";"UOP06";"DEL01"
272019;2020-02-27;"quinta-feira";"12:00:00";"SC";163;69,4;"SAO MIGUEL DO OESTE";"Velocidade Incompatível";"Colisão traseira";"Com Vítimas Feridas";"Pleno dia";"Crescente";"Céu Claro";"Dupla";"Reta";"Sim";3;0;1;0;2;0;1;3;-26,72657;-53,51291;"SR-SC";"UOP03";"DEL07"
272020;2020-02-27;"quinta-feira";"13:00:00";"CE";116;326,3;"JAGUARIBE";"Pista Escorregadia";"Saída de leito carroçável";"Com Vítimas Feridas";"Pleno dia";"Decrescente";"Chuva";"Simples";"Curva";"Não";5;0;1;0;4;0;1;1;-6,041117;-38,64591;"SR-CE";"UOP02";"DEL05"
272021;2020-02-27;"quinta-feira";"14:10:00";"SC";280;53,8;"GUARAMIRIM";"Desobediência às normas de trânsito pelo condutor";"Colisão traseira";"Com Vítimas Feridas";"Pleno dia";"Crescente";"Céu Claro";"Simples";"Reta";"Não";2;0;1;0;1;0;1;2;-26,47237;-48,97427;"SR-SC";"UOP03";"DEL03"
272022;2020-02-14;"sexta-feira";"14:25:00";"RS";470;217;"BENTO GONCALVES";"Falta de Atenção à Condução";"Colisão transversal";"Com Vítimas Feridas";"Pleno dia";"Crescente";"Céu Claro";"Dupla";"Rotatória";"Sim";2;0;1;0;1;0;1;2;-29,16463;-51,52552;"SR-RS";"UOP01";"DEL06"
272024;2020-02-27;"quinta-feira";"12:15:00";"RS";293;93,3;"PINHEIRO MACHADO";"Falta de Atenção à Condução";"Colisão traseira";"Com Vítimas Feridas";"Pleno dia";"Decrescente";"Céu Claro";"Simples";"Desvio Temporário";"Não";4;0;2;0;2;0;2;2;-31,62071;-53,24147;"SR-RS";"UOP03";"DEL11"
272027;2020-02-27;"quinta-feira";"12:30:00";"PB";230;166,8;"CAMPINA GRANDE";"Ingestão de Álcool";"Atropelamento de Pedestre";"Com Vítimas Fatais";"Pleno dia";"Crescente";"Céu Claro";"Simples";"Curva";"Sim";2;1;0;0;0;1;0;1;-7,155767;-36,09083;"SR-PB";"UOP02";"DEL02"
272028;2020-02-27;"quinta-feira";"13:10:00";"MT";163;1031;"PEIXOTO DE AZEVEDO";"Pista Escorregadia";"Colisão traseira";"Com Vítimas Feridas";"Pleno dia";"Crescente";"Chuva";"Simples";"Reta";"Sim";2;0;1;0;1;0;1;2;-10,23587;-54,98211;"SR-MT";"UOP02";"DEL06"
272029;2020-02-27;"quinta-feira";"10:00:00";"MG";153;0;"ARAPORA";"Mal Súbito";"Colisão lateral";"Com Vítimas Feridas";"Pleno dia";"Decrescente";"Nublado";"Simples";"Ponte";"Não";1;0;1;0;0;0;1;1;-18,41758;-49,19443;"SR-MG";"UOP03";"DEL15"
272030;2020-02-26;"quarta-feira";"05:30:00";"MG";116;330;"CAMPANARIO";"Ultrapassagem Indevida";"Colisão lateral";"Com Vítimas Feridas";"Amanhecer";"Decrescente";"Nublado";"Simples";"Reta";"Não";1;0;1;0;0;0;1;1;-18,23814;-41,72898;"SR-MG";"UOP01";"DEL11"
272031;2020-02-27;"quinta-feira";"15:25:00";"PE";101;67;"RECIFE";"Falta de Atenção à Condução";"Colisão traseira";"Com Vítimas Feridas";"Pleno dia";"Crescente";"Céu Claro";"Múltipla";"Reta";"Sim";2;0;2;0;0;0;2;2;-8,042334;-34,9431;"SR-PE";"UOP01";"DEL01"
272032;2020-02-27;"quinta-feira";"15:30:00";"SP";116;271;"TABOAO DA SERRA";"Não guardar distância de segurança";"Tombamento";"Com Vítimas Feridas";"Pleno dia";"Crescente";"Nublado";"Dupla";"Reta";"Sim";1;0;0;1;0;0;1;1;-23,6073;-46,76462;"SR-SP";"UOP01";"DEL04"
272033;2020-02-27;"quinta-feira";"12:45:00";"RO";364;706;"PORTO VELHO";"Avarias e/ou desgaste excessivo no pneu";"Colisão com objeto estático";"Com Vítimas Feridas";"Pleno dia";"Crescente";"Garoa/Chuvisco";"Dupla";"Curva";"Não";1;0;1;0;0;0;1;1;-8,80091;-63,82728;"SR-RO";"UOP01";"DEL01"
272034;2020-02-27;"quinta-feira";"15:15:00";"BA";101;717,3;"EUNAPOLIS";"Não guardar distância de segurança";"Colisão lateral";"Com Vítimas Feridas";"Pleno dia";"Decrescente";"Céu Claro";"Múltipla";"Reta";"Sim";2;0;1;0;1;0;1;2;-16,36769;-39,58256;"SR-BA";"UOP01";"DEL09"
272036;2020-02-27;"quinta-feira";"15:55:00";"RJ";101;563,7;"PARATY";"Velocidade Incompatível";"Tombamento";"Com Vítimas Fatais";"Pleno dia";"Crescente";"Chuva";"Dupla";"Curva";"Não";1;1;0;0;0;0;0;1;-23,13832;-44,69965;"SR-RJ";"UOP04";"DEL03"
272037;2020-02-27;"quinta-feira";"11:00:00";"RS";116;388;"CAMAQUA";"Condutor Dormindo";"Saída de leito carroçável";"Com Vítimas Feridas";"Pleno dia";"Decrescente";"Céu Claro";"Dupla";"Curva";"Não";5;0;0;5;0;0;5;1;-30,81865;-51,7044;"SR-RS";"UOP02";"DEL02"
272038;2020-02-27;"quinta-feira";"16:25:00";"SC";470;128;"LONTRAS";"Falta de Atenção à Condução";"Colisão transversal";"Com Vítimas Feridas";"Pleno dia";"Decrescente";"Sol";"Dupla";"Curva";"Sim";2;0;0;1;1;0;1;2;-27,14374;-49,5489;"SR-SC";"UOP02";"DEL04"
272039;2020-02-27;"quinta-feira";"15:00:00";"MG";40;509,1;"RIBEIRAO DAS NEVES";"Falta de Atenção do Pedestre";"Atropelamento de Pedestre";"Com Vítimas Feridas";"Pleno dia";"Crescente";"Nublado";"Dupla";"Reta";"Sim";3;0;2;0;0;1;2;1;-19,76729;-44,12856;"SR-MG";"UOP02";"DEL01"
272040;2020-02-27;"quinta-feira";"16:25:00";"PR";373;173,8;"PONTA GROSSA";"Falta de Atenção à Condução";"Colisão lateral";"Com Vítimas Feridas";"Pleno dia";"Crescente";"Céu Claro";"Dupla";"Curva";"Sim";2;0;0;1;1;0;1;2;-25,08057;-50,20176;"SR-PR";"UOP01";"DEL03"
272041;2020-02-27;"quinta-feira";"16:00:00";"SP";459;12,9;"PIQUETE";"Velocidade Incompatível";"Saída de leito carroçável";"Com Vítimas Feridas";"Pleno dia";"Decrescente";"Chuva";"Simples";"Reta";"Não";3;0;2;1;0;0;3;1;-22,59787;-45,18333;"SR-SP";"DEL6/8";"UOP03/SP"
272043;2020-02-27;"quinta-feira";"15:40:00";"MG";365;637,9;"UBERLANDIA";"Falta de Atenção à Condução";"Saída de leito carroçável";"Com Vítimas Feridas";"Pleno dia";"Decrescente";"Nublado";"Dupla";"Rotatória";"Não";2;0;1;0;1;0;1;1;-18,8898;-48,43735;"SR-MG";"UOP01";"DEL15"
272044;2020-02-27;"quinta-feira";"16:20:00";"RJ";116;134,8;"MAGE";"Falta de Atenção à Condução";"Colisão transversal";"Com Vítimas Feridas";"Pleno dia";"Decrescente";"Chuva";"Dupla";"Reta";"Sim";2;0;1;0;1;0;1;2;-22,64652;-43,20308;"SR-RJ";"UOP02";"DEL04"
272045;2020-02-27;"quinta-feira";"17:15:00";"SP";116;220;"GUARULHOS";"Não guardar distância de segurança";"Colisão traseira";"Com Vítimas Feridas";"Anoitecer";"Crescente";"Garoa/Chuvisco";"Múltipla";"Reta";"Sim";2;0;1;0;1;0;1;2;-23,46473;-46,49794;"SR-SP";"UOP01";"DEL01"
272046;2020-02-27;"quinta-feira";"14:25:00";"ES";101;429,7;"ATILIO VIVACQUA";"Velocidade Incompatível";"Colisão lateral";"Sem Vítimas";"Pleno dia";"Crescente";"Garoa/Chuvisco";"Simples";"Curva";"Não";5;0;0;0;5;0;0;2;-21,02566;-41,15891;"SR-ES";"UOP02";"DEL03"
272047;2020-02-27;"quinta-feira";"17:33:00";"MG";381;597;"CARMOPOLIS DE MINAS";"Velocidade Incompatível";"Capotamento";"Com Vítimas Feridas";"Anoitecer";"Decrescente";"Chuva";"Dupla";"Curva";"Não";1;0;1;0;0;0;1;1;-20,6057;-44,72419;"SR-MG";"UOP01";"DEL04"
272049;2020-02-27;"quinta-feira";"14:49:00";"MG";381;649,1;"SANTO ANTONIO DO AMPARO";"Falta de Atenção à Condução";"Colisão traseira";"Com Vítimas Feridas";"Pleno dia";"Crescente";"Céu Claro";"Dupla";"Reta";"Não";2;0;1;0;1;0;1;2;-20,96227;-44,92925;"SR-MG";"UOP01";"DEL04"
272050;2020-02-27;"quinta-feira";"16:25:00";"RO";364;246,8;"CACOAL";"Ultrapassagem Indevida";"Colisão frontal";"Com Vítimas Feridas";"Pleno dia";"Decrescente";"Céu Claro";"Simples";"Reta";"Não";5;0;4;0;1;0;4;3;-11,4392;-61,53012;"SR-RO";"UOP02";"DEL02"
272051;2020-02-27;"quinta-feira";"17:10:00";"GO";70;7;"AGUAS LINDAS DE GOIAS";"Falta de Atenção à Condução";"Saída de leito carroçável";"Com Vítimas Feridas";"Pleno dia";"Crescente";"Céu Claro";"Dupla";"Reta";"Sim";2;0;2;0;0;0;2;1;-15,74376;-48,2678;"SR-DF";"UOP03";"DEL01"
272052;2020-02-27;"quinta-feira";"17:45:00";"PR";376;183,9;"SARANDI";"Falta de Atenção do Pedestre";"Atropelamento de Pedestre";"Com Vítimas Feridas";"Anoitecer";"Crescente";"Céu Claro";"Dupla";"Desvio Temporário";"Não";3;0;1;0;2;0;1;1;-23,44159;-51,87067;"SR-PR";"UOP01";"DEL09"
272053;2020-01-21;"terça-feira";"17:30:00";"SC";282;424,8;"VARGEM BONITA";"Velocidade Incompatível";"Colisão frontal";"Sem Vítimas";"Pleno dia";"Decrescente";"Chuva";"Simples";"Não Informado";"Não";2;0;0;0;2;0;0;2;-26,98801;-51,75312;"SR-SC";"DEL7";"UOP07/SC"