"id";"data_inversa";"dia_semana";"horario";"uf";"br";"km";"municipio";"causa_acidente";"tipo_acidente";"classificacao_acidente";"fase_dia";"sentido_via";"condicao_metereologica";"tipo_pista";"tracado_via";"uso_solo";"pessoas";"mortos";"feridos_leves";"feridos_graves";"ilesos";"ignorados";"feridos";"veiculos";"latitude";"longitude";"regional";"delegacia";"uop"
272140;2020-02-28;"sexta-feira";"07:40:00";"RJ";116;183;"NOVA IGUACU";"Desobediência às normas de trânsito pelo pedestre";"Atropelamento de Pedestre";"Com Vítimas Fatais";"Pleno dia";"Decrescente";"Nublado";"Múltipla";"Reta";"Não";2;1;0;0;1;0;0;1;-22,7516;-43,4385;"SR-RJ";"UOP02";"DEL01"
272141;2020-02-28;"sexta-feira";"08:35:00";"SP";381;12,6;"BRAGANCA PAULISTA";"Falta de Atenção à Condução";"Colisão lateral";"Com Vítimas Feridas";"Pleno dia";"Decrescente";"Nublado";"Dupla";"Curva";"Não";3;0;2;0;1;0;2;2;-22,92855;-46,46168;"SR-SP";"UOP01";"DEL03"
272143;2020-02-28;"sexta-feira";"07:40:00";"MT";70;513;"CUIABA";"Falta de Atenção à Condução";"Colisão lateral";"Com Vítimas Feridas";"Pleno dia";"Crescente";"Céu Claro";"Simples";"Reta";"Sim";3;0;1;0;2;0;1;3;-15,65051;-55,99824;"SR-MT";"UOP02";"DEL05"
272144;2020-02-28;"sexta-feira";"00:30:00";"MA";222;652;"ACAILANDIA";"Velocidade Incompatível";"Tombamento";"Com Vítimas Feridas";"Plena Noite";"Crescente";"Garoa/Chuvisco";"Simples";"Curva";"Não";2;0;2;0;0;0;2;2;-4,837508;-47,28654;"SR-MA";"UOP03";"DEL04"
272145;2020-02-28;"sexta-feira";"08:28:00";"MG";40;527;"CONTAGEM";"Velocidade Incompatível";"Colisão traseira";"Com Vítimas Fatais";"Pleno dia";"Decrescente";"Nublado";"Dupla";"Reta";"Sim";3;1;0;0;1;1;0;2;-19,9015;-44,04939;"SR-MG";"UOP02";"DEL01"
272146;2020-02-18;"terça-feira";"13:40:00";"SC";282;221;"LAGES";"Falta de Atenção à Condução";"Colisão transversal";"Com Vítimas Feridas";"Pleno dia";"Crescente";"Céu Claro";"Simples";"Reta";"Sim";4;0;2;0;2;0;2;2;-27,79636;-50,34343;"SR-SC";"UOP01";"DEL05"
272147;2020-02-28;"sexta-feira";"07:00:00";"ES";101;192,3;"ARACRUZ";"Desobediência às normas de trânsito pelo condutor";"Colisão traseira";"Com Vítimas Feridas";"Pleno dia";"Decrescente";"Chuva";"Simples";"Reta";"Não";4;0;1;0;3;0;1;3;-19,69396;-40,29498;"SR-ES";"UOP01";"DEL04"
272148;2020-02-28;"sexta-feira";"09:45:00";"CE";116;17;"ITAITINGA";"Não guardar distância de segurança";"Colisão traseira";"Com Vítimas Feridas";"Pleno dia";"Crescente";"Nublado";"Dupla";"Reta";"Sim";2;0;1;0;1;0;1;2;-3,896179;-38,50336;"SR-CE";"UOP02";"DEL01"
272149;2020-02-28;"sexta-feira";"08:30:00";"MG";381;627,5;"OLIVEIRA";"Velocidade Incompatível";"Capotamento";"Com Vítimas Feridas";"Pleno dia";"Decrescente";"Chuva";"Dupla";"Curva";"Não";2;0;2;0;0;0;2;1;-20,82917;-44,81715;"SR-MG";"UOP01";"DEL04"
272150;2020-02-28;"sexta-feira";"08:40:00";"GO";60;298;"ACREUNA";"Pista Escorregadia";"Saída de leito carroçável";"Com Vítimas Feridas";"Pleno dia";"Crescente";"Chuva";"Dupla";"Curva";"Não";4;0;0;1;3;0;1;3;-17,3508;-50,3243;"SR-GO";"UOP01";"DEL04"
272151;2020-02-28;"sexta-feira";"08:15:00";"SC";282;211,5;"LAGES";"Falta de Atenção à Condução";"Colisão transversal";"Com Vítimas Feridas";"Pleno dia";"Crescente";"Céu Claro";"Simples";"Não Informado";"Não";5;0;1;0;4;0;1;2;-27,78123;-50,2476;"SR-SC";"UOP01";"DEL05"
272152;2020-02-28;"sexta-feira";"09:15:00";"RO";364;263,2;"CACOAL";"Fenômenos da Natureza";"Saída de leito carroçável";"Com Vítimas Feridas";"Pleno dia";"Crescente";"Chuva";"Simples";"Não Informado";"Não";1;0;1;0;0;0;1;1;-11,39325;-61,66074;"SR-RO";"UOP02";"DEL02"
272153;2020-02-28;"sexta-feira";"10:35:00";"MG";50;42;"ARAGUARI";"Defeito Mecânico no Veículo";"Colisão com objeto estático";"Sem Vítimas";"Pleno dia";"Crescente";"Nublado";"Dupla";"Reta";"Não";1;0;0;0;1;0;0;1;-18,69101;-48,18009;"SR-MG";"UOP02";"DEL15"
272154;2020-02-28;"sexta-feira";"10:30:00";"BA";116;422,5;"FEIRA DE SANTANA";"Falta de Atenção à Condução";"Atropelamento de Pedestre";"Com Vítimas Feridas";"Pleno dia";"Crescente";"Sol";"Simples";"Interseção de vias";"Sim";2;0;0;1;1;0;1;1;-12,22065;-38,96561;"SR-BA";"UOP01";"DEL02"
272156;2020-02-28;"sexta-feira";"07:45:00";"SC";470;243,6;"CURITIBANOS";"Falta de Atenção à Condução";"Colisão lateral";"Com Vítimas Feridas";"Pleno dia";"Decrescente";"Céu Claro";"Simples";"Curva";"Não";2;0;1;0;1;0;1;2;-27,31514;-50,50687;"SR-SC";"UOP03";"DEL05"
272157;2020-02-28;"sexta-feira";"09:00:00";"GO";364;196;"JATAI";"Não guardar distância de segurança";"Colisão lateral";"Sem Vítimas";"Pleno dia";"Crescente";"Nublado";"Dupla";"Retorno Regulamentado";"Sim";2;0;0;0;2;0;0;2;-17,91723;-51,72066;"SR-GO";"UOP01";"DEL05"
272158;2020-02-28;"sexta-feira";"11:50:00";"SC";101;208,1;"SAO JOSE";"Falta de Atenção à Condução";"Colisão transversal";"Com Vítimas Feridas";"Pleno dia";"Decrescente";"Céu Claro";"Dupla";"Reta";"Sim";2;0;1;0;1;0;1;2;-27,60328;-48,63202;"SR-SC";"UOP01";"DEL01"
272159;2020-02-28;"sexta-feira";"09:00:00";"RO";364;812;"PORTO VELHO";"Desobediência às normas de trânsito pelo condutor";"Colisão traseira";"Com Vítimas Feridas";"Pleno dia";"Crescente";"Nublado";"Simples";"Reta";"Não";3;0;1;0;1;1;1;2;-9,273027;-64,50218;"SR-RO";"UOP02";"DEL01"
272160;2020-02-28;"sexta-feira";"11:00:00";"CE";20;422;"MARACANAU";"Ingestão de Substâncias Psicoativas";"Colisão lateral";"Sem Vítimas";"Pleno dia";"Crescente";"Céu Claro";"Dupla";"Reta";"Sim";3;0;0;0;3;0;0;3;-3,76999;-38,67006;"SR-CE";"UOP02";"DEL01"
272161;2020-02-28;"sexta-feira";"08:45:00";"RJ";40;34,4;"AREAL";"Velocidade Incompatível";"Tombamento";"Com Vítimas Feridas";"Pleno dia";"Decrescente";"Nublado";"Dupla";"Curva";"Não";1;0;1;0;0;0;1;1;-22,20532;-43,14082;"SR-RJ";"UOP01";"DEL06"
272163;2020-02-25;"terça-feira";"07:00:00";"RS";285;670,9;"SAO BORJA";"Desobediência às normas de trânsito pelo condutor";"Saída de leito carroçável";"Sem Vítimas";"Amanhecer";"Crescente";"Nublado";"Simples";"Reta";"Não";1;0;0;0;0;1;0;1;-28,66956;-55,95982;"SR-RS";"UOP01";"DEL12"
272164;2020-02-28;"sexta-feira";"11:45:00";"SP";116;166,7;"JACAREI";"Pista Escorregadia";"Saída de leito carroçável";"Sem Vítimas";"Pleno dia";"Decrescente";"Chuva";"Dupla";"Desvio Temporário";"Não";1;0;0;0;1;0;0;1;-23,30056;-46,01687;"SR-SP";"UOP01";"DEL02"
272165;2020-02-28;"sexta-feira";"11:00:00";"AC";364;139;"RIO BRANCO";"Falta de Atenção à Condução";"Colisão traseira";"Com Vítimas Feridas";"Pleno dia";"Crescente";"Céu Claro";"Múltipla";"Reta";"Sim";2;0;1;0;1;0;1;2;-9,953593;-67,8612;"SR-AC";"UOP01";"DEL01"
272166;2020-02-28;"sexta-feira";"12:50:00";"PI";343;568;"FLORIANO";"Animais na Pista";"Saída de leito carroçável";"Com Vítimas Feridas";"Pleno dia";"Crescente";"Sol";"Simples";"Reta";"Não";2;0;2;0;0;0;2;1;-6,716117;-42,92231;"SR-PI";"UOP01";"DEL03"
272167;2020-02-28;"sexta-feira";"11:30:00";"SC";101;106,8;"PENHA";"Não guardar distância de segurança";"Colisão traseira";"Com Vítimas Feridas";"Pleno dia";"Decrescente";"Sol";"Múltipla";"Curva";"Sim";3;0;2;0;1;0;2;2;-26,81032;-48,68294;"SR-SC";"UOP02";"DEL03"
272168;2020-02-28;"sexta-feira";"05:45:00";"MG";262;547,7;"LUZ";"Pista Escorregadia";"Colisão frontal";"Com Vítimas Feridas";"Amanhecer";"Crescente";"Chuva";"Simples";"Curva";"Não";2;0;0;1;1;0;1;2;-19,74019;-45,86035;"SR-MG";"UOP02";"DEL08"
272169;2020-02-28;"sexta-feira";"12:45:00";"PI";343;9;"PARNAIBA";"Falta de Atenção à Condução";"Colisão transversal";"Com Vítimas Feridas";"Pleno dia";"Decrescente";"Céu Claro";"Simples";"Reta";"Sim";2;0;0;1;0;1;1;2;-2,900722;-41,73268;"SR-PI";"UOP01";"DEL05"
272170;2020-02-28;"sexta-feira";"12:45:00";"MG";50;83;"UBERLANDIA";"Ingestão de Álcool";"Saída de leito carroçável";"Sem Vítimas";"Pleno dia";"Crescente";"Chuva";"Dupla";"Reta";"Não";1;0;0;0;1;0;0;1;-18,98691;-48,21185;"SR-MG";"UOP01";"DEL15"
272171;2020-02-28;"sexta-feira";"06:20:00";"MT";174;219;"FIGUEIROPOLIS DOESTE";"Falta de Atenção à Condução";"Colisão transversal";"Com Vítimas Fatais";"Pleno dia";"Crescente";"Céu Claro";"Simples";"Reta";"Não";2;1;0;0;1;0;0;2;-15,61101;-58,82572;"SR-MT";"UOP01";"DEL04"
272172;2020-02-28;"sexta-feira";"09:00:00";"SC";282;90;"ALFREDO WAGNER";"Falta de Atenção à Condução";"Colisão frontal";"Com Vítimas Feridas";"Pleno dia";"Crescente";"Céu Claro";"Simples";"Reta";"Não";2;0;1;1;0;0;2;2;-27,6838;-49,22237;"SR-SC";"UOP03";"DEL01"
272173;2020-02-28;"sexta-feira";"12:30:00";"ES";101;284,3;"CARIACICA";"Avarias e/ou desgaste excessivo no pneu";"Tombamento";"Com Vítimas Feridas";"Pleno dia";"Decrescente";"Chuva";"Múltipla";"Não Informado";"Sim";1;0;1;0;0;0;1;1;-20,24544;-40,36985;"SR-ES";"UOP01";"DEL01"
272174;2020-02-28;"sexta-feira";"13:00:00";"MT";70;130;"GENERAL CARNEIRO";"Falta de Atenção à Condução";"Saída de leito carroçável";"Com Vítimas Feridas";"Pleno dia";"Decrescente";"Garoa/Chuvisco";"Simples";"Reta";"Não";3;0;2;0;1;0;2;1;-15,59402;-53,20113;"SR-MT";"UOP01";"DEL07"
272175;2020-02-28;"sexta-feira";"08:00:00";"CE";20;417;"FORTALEZA";"Desobediência às normas de trânsito pelo condutor";"Colisão lateral";"Com Vítimas Feridas";"Pleno dia";"Crescente";"Céu Claro";"Múltipla";"Reta";"Sim";3;0;1;0;2;0;1;3;-3,76999;-38,67006;"SR-CE";"UOP02";"DEL01"
272177;2020-02-28;"sexta-feira";"12:40:00";"SC";280;46;"GUARAMIRIM";"Falta de Atenção à Condução";"Colisão transversal";"Com Vítimas Feridas";"Pleno dia";"Crescente";"Sol";"Simples";"Não Informado";"Não";3;0;2;0;1;0;2;2;-26,45295;-48,90788;"SR-SC";"UOP03";"DEL03"
272179;2020-02-28;"sexta-feira";"14:03:00";"SP";101;50;"UBATUBA";"Ultrapassagem Indevida";"Colisão transversal";"Com Vítimas Feridas";"Pleno dia";"Decrescente";"Garoa/Chuvisco";"Simples";"Reta";"Sim";2;0;1;0;1;0;1;2;-23,45019;-45,07744;"SR-SP";"UOP02";"DEL06"
272180;2020-02-28;"sexta-feira";"12:10:00";"MS";163;211;"CAARAPO";"Falta de Atenção à Condução";"Saída de leito carroçável";"Com Vítimas Feridas";"Pleno dia";"Crescente";"Sol";"Simples";"Curva";"Sim";2;0;2;0;0;0;2;1;-22,61299;-54,81621;"SR-MS";"UOP02";"DEL04"
272181;2020-02-28;"sexta-feira";"13:20:00";"CE";116;371;"ICO";"Falta de Atenção à Condução";"Colisão traseira";"Sem Vítimas";"Pleno dia";"Crescente";"Céu Claro";"Simples";"Reta";"Não";2;0;0;0;2;0;0;2;-6,381324;-38,8135;"SR-CE";"UOP01";"DEL05"
272182;2020-02-28;"sexta-feira";"14:00:00";"MG";381;863,7;"POUSO ALEGRE";"Falta de Atenção à Condução";"Saída de leito carroçável";"Com Vítimas Feridas";"Pleno dia";"Crescente";"Nublado";"Dupla";"Não Informado";"Não";1;0;1;0;0;0;1;1;-22,38139;-45,94581;"SR-MG";"UOP01";"DEL16"
272183;2020-02-28;"sexta-feira";"13:15:00";"RS";290;54,2;"GLORINHA";"Condutor Dormindo";"Saída de leito carroçável";"Com Vítimas Feridas";"Pleno dia";"Crescente";"Sol";"Múltipla";"Reta";"Não";1;0;0;1;0;0;1;1;-29,91264;-50,7981;"SR-RS";"UOP01";"DEL03"
272185;2020-02-28;"sexta-feira";"09:50:00";"MT";174;125;"MIRASSOL DOESTE";"Falta de Atenção à Condução";"Colisão lateral";"Com Vítimas Feridas";"Pleno dia";"Crescente";"Sol";"Simples";"Interseção de vias";"Não";3;0;2;0;1;0;2;2;-15,81679;-58,08345;"SR-MT";"UOP01";"DEL03"
272186;2020-02-28;"sexta-feira";"13:50:00";"MG";50;74;"UBERLANDIA";"Falta de Atenção à Condução";"Engavetamento";"Com Vítimas Feridas";"Pleno dia";"Crescente";"Sol";"Dupla";"Reta";"Sim";8;0;4;0;4;0;4;8;-18,90147;-48,23817;"SR-MG";"UOP01";"DEL15"
272187;2020-02-14;"sexta-feira";"08:30:00";"RO";364;340,8;"JI-PARANA";"Falta de Atenção à Condução";"Colisão transversal";"Com Vítimas Feridas";"Pleno dia";"Crescente";"Céu Claro";"Dupla";"Reta";"Sim";3;0;1;1;1;0;2;2;-10,8988;-61,93046;"SR-RO";"UOP01";"DEL02"
272188;2020-02-25;"terça-feira";"08:15:00";"MG";40;112;"LAGOA GRANDE";"Condutor Dormindo";"Saída de leito carroçável";"Com Vítimas Feridas";"Pleno dia";"Crescente";"Nublado";"Simples";"Reta";"Não";5;0;1;0;4;0;1;1;-17,64187;-46,43677;"SR-MG";"UOP01";"DEL14"
272189;2020-02-28;"sexta-feira";"12:20:00";"RJ";101;308;"SAO GONCALO";"Não guardar distância de segurança";"Queda de ocupante de veículo";"Com Vítimas Feridas";"Pleno dia";"Crescente";"Garoa/Chuvisco";"Dupla";"Reta";"Sim";2;0;1;0;1;0;1;1;-22,79309;-43,0248;"SR-RJ";"UOP01";"DEL02"
272190;2020-02-28;"sexta-feira";"14:00:00";"PE";116;26,1;"SALGUEIRO";"Desobediência às normas de trânsito pelo condutor";"Colisão transversal";"Com Vítimas Feridas";"Pleno dia";"Crescente";"Céu Claro";"Dupla";"Reta";"Sim";2;0;1;0;1;0;1;2;-8,071188;-39,13382;"SR-PE";"UOP01";"DEL05"
272191;2020-02-28;"sexta-feira";"14:30:00";"PR";476;129;"CURITIBA";"Falta de Atenção à Condução";"Colisão traseira";"Com Vítimas Feridas";"Pleno dia";"Decrescente";"Céu Claro";"Múltipla";"Interseção de vias";"Sim";3;0;1;0;2;0;1;2;-25,43305;-49,23156;"SR-PR";"UOP06";"DEL01"
272192;2020-02-28;"sexta-feira";"14:45:00";"MG";40;664,5;"CARANDAI";"Avarias e/ou desgaste excessivo no pneu";"Colisão com objeto estático";"Com Vítimas Feridas";"Pleno dia";"Crescente";"Chuva";"Simples";"Desvio Temporário";"Sim";1;0;1;0;0;0;1;1;-20,84905;-43,79893;"SR-MG";"UOP02";"DEL05"
272193;2020-02-28;"sexta-feira";"15:20:00";"MG";381;440,5;"SABARA";"Não guardar distância de segurança";"Colisão frontal";"Com Vítimas Feridas";"Pleno dia";"Decrescente";"Chuva";"Simples";"Não Informado";"Não";3;0;1;0;2;0;1;2;-19,80963;-43,7667;"SR-MG";"UOP01";"DEL01"
272194;2020-02-28;"sexta-feira";"14:30:00";"ES";101;154;"LINHARES";"Falta de Atenção à Condução";"Colisão lateral";"Com Vítimas Feridas";"Pleno dia";"Crescente";"Céu Claro";"Simples";"Reta";"Não";8;0;3;2;3;0;5;4;-19,43088;-40,08394;"SR-ES";"UOP01";"DEL04"
272195;2020-02-28;"sexta-feira";"14:35:00";"PR";467;92;"CASCAVEL";"Velocidade Incompatível";"Tombamento";"Sem Vítimas";"Pleno dia";"Crescente";"Céu Claro";"Dupla";"Curva";"Não";1;0;0;0;1;0;0;1;-24,85382;-53,60018;"SR-PR";"UOP01";"DEL04"
272196;2020-02-28;"sexta-feira";"16:00:00";"MG";40;456,8;"CAETANOPOLIS";"Velocidade Incompatível";"Saída de leito carroçável";"Com Vítimas Feridas";"Pleno dia";"Decrescente";"Chuva";"Dupla";"Não Informado";"Não";1;0;1;0;0;0;1;1;-19,36839;-44,3369;"SR-MG";"UOP01";"DEL02"
272197;2020-02-28;"sexta-feira";"15:45:00";"SC";101;104;"PENHA";"Falta de Atenção à Condução";"Colisão traseira";"Com Vítimas Feridas";"Pleno dia";"Crescente";"Sol";"Dupla";"Não Informado";"Não";2;0;1;0;1;0;1;2;-26,79282;-48,68081;"SR-SC";"UOP02";"DEL03"
272198;2020-02-28;"sexta-feira";"13:30:00";"MG";251;433;"GRAO MOGOL";"Condutor Dormindo";"Saída de leito carroçável";"Com Vítimas Feridas";"Pleno dia";"Crescente";"Céu Claro";"Simples";"Reta";"Não";4;0;1;3;0;0;4;1;-16,3723;-43,17989;"SR-MG";"UOP01";"DEL12"
272199;2020-02-28;"sexta-feira";"16:10:00";"MG";381;439;"SABARA";"Velocidade Incompatível";"Saída de leito carroçável";"Com Vítimas Feridas";"Pleno dia";"Decrescente";"Chuva";"Simples";"Não Informado";"Não";3;0;3;0;0;0;3;1;-19,79933;-43,76129;"SR-MG";"UOP01";"DEL01"
272200;2020-02-28;"sexta-feira";"10:00:00";"BA";110;86,3;"JEREMOABO";"Desobediência às normas de trânsito pelo condutor";"Colisão frontal";"Com Vítimas Fatais";"Pleno dia";"Crescente";"Céu Claro";"Simples";"Não Informado";"Não";3;1;1;0;1;0;1;2;-10,17672;-38,2822;"SR-BA";"UOP01";"DEL07"
272201;2020-02-28;"sexta-feira";"15:20:00";"GO";153;605,7;"MORRINHOS";"Velocidade Incompatível";"Colisão traseira";"Com Vítimas Feridas";"Pleno dia";"Crescente";"Chuva";"Dupla";"Desvio Temporário";"Não";3;0;1;0;2;0;1;2;-17,5952;-49,1912;"SR-GO";"UOP01";"DEL03"
272202;2020-02-23;"domingo";"17:30:00";"AM";174;913,1;"MANAUS";"Ingestão de Álcool";"Saída de leito carroçável";"Com Vítimas Feridas";"Anoitecer";"Decrescente";"Céu Claro";"Simples";"Reta";"Não";1;0;0;1;0;0;1;1;-2,717232;-60,0475;"SR-AM";"UOP01";"DEL01"
272203;2020-02-28;"sexta-feira";"15:15:00";"SP";116;335;"JUQUITIBA";"Ingestão de Álcool";"Atropelamento de Pedestre";"Com Vítimas Feridas";"Pleno dia";"Decrescente";"Nublado";"Dupla";"Reta";"Sim";3;0;0;1;0;2;1;1;-23,96963;-47,13375;"SR-SP";"UOP01";"DEL04"
272204;2020-02-28;"sexta-feira";"11:00:00";"RJ";40;86;"PETROPOLIS";"Falta de Atenção à Condução";"Colisão lateral";"Sem Vítimas";"Pleno dia";"Decrescente";"Nublado";"Dupla";"Curva";"Não";2;0;0;0;2;0;0;2;-22,53575;-43,23296;"SR-RJ";"UOP03";"DEL06"
272205;2020-02-28;"sexta-feira";"16:00:00";"SP";116;307;"SAO LOURENCO DA SERRA";"Avarias e/ou desgaste excessivo no pneu";"Danos eventuais";"Com Vítimas Feridas";"Pleno dia";"Decrescente";"Garoa/Chuvisco";"Dupla";"Curva";"Não";2;0;1;0;1;0;1;2;-23,8563;-46,94097;"SR-SP";"UOP01";"DEL04"
272206;2020-02-28;"sexta-feira";"15:15:00";"PR";376;459;"TIBAGI";"Velocidade Incompatível";"Colisão com objeto estático";"Com Vítimas Feridas";"Pleno dia";"Crescente";"Sol";"Dupla";"Curva";"Não";1;0;1;0;0;0;1;1;-25,00055;-50,36103;"SR-PR";"UOP01";"DEL03"
272207;2020-02-28;"sexta-feira";"14:20:00";"BA";330;799,1;"JEQUIE";"Falta de Atenção à Condução";"Colisão transversal";"Com Vítimas Feridas";"Pleno dia";"Crescente";"Céu Claro";"Simples";"Não Informado";"Não";3;0;0;2;1;0;2;2;-13,94705;-39,9766;"SR-BA";"UOP01";"DEL03"
272208;2020-02-28;"sexta-feira";"14:40:00";"PI";135;201;"ELISEU MARTINS";"Desobediência às normas de trânsito pelo condutor";"Colisão transversal";"Com Vítimas Feridas";"Pleno dia";"Crescente";"Céu Claro";"Simples";"Reta";"Não";3;0;0;1;2;0;1;2;-8,08369;-43,73926;"SR-PI";"UOP01";"DEL03"
272209;2020-02-28;"sexta-feira";"16:15:00";"PE";101;159,5;"GAMELEIRA";"Falta de Atenção à Condução";"Colisão traseira";"Com Vítimas Feridas";"Pleno dia";"Crescente";"Céu Claro";"Dupla";"Reta";"Não";3;0;1;0;1;1;1;3;-8,552525;-35,41389;"SR-PE";"UOP03";"DEL01"
272211;2020-02-28;"sexta-feira";"17:20:00";"GO";153;626,7;"MORRINHOS";"Velocidade Incompatível";"Capotamento";"Com Vítimas Feridas";"Pleno dia";"Decrescente";"Chuva";"Dupla";"Curva";"Não";1;0;1;0;0;0;1;1;-17,7719;-49,1732;"SR-GO";"UOP01";"DEL03"
272212;2020-02-28;"sexta-feira";"14:00:00";"RJ";101;432;"MANGARATIBA";"Velocidade Incompatível";"Colisão frontal";"Com Vítimas Feridas";"Pleno dia";"Decrescente";"Chuva";"Simples";"Curva";"Não";4;0;0;4;0;0;4;2;-22,93156;-44,02393;"SR-RJ";"UOP01";"DEL03"
272213;2020-02-28;"sexta-feira";"17:15:00";"SP";381;61,5;"MAIRIPORA";"Pista Escorregadia";"Colisão com objeto estático";"Com Vítimas Feridas";"Anoitecer";"Crescente";"Chuva";"Dupla";"Curva";"Não";2;0;2;0;0;0;2;1;-23,29012;-46,58007;"SR-SP";"UOP01";"DEL03"
272214;2020-02-28;"sexta-feira";"16:20:00";"RJ";116;137;"DUQUE DE CAXIAS";"Defeito Mecânico no Veículo";"Colisão transversal";"Com Vítimas Feridas";"Pleno dia";"Crescente";"Chuva";"Dupla";"Reta";"Sim";2;0;1;0;1;0;1;2;-22,64808;-43,18019;"SR-RJ";"UOP02";"DEL04"
272215;2020-02-28;"sexta-feira";"17:25:00";"SP";153;59;"SAO JOSE DO RIO PRETO";"Velocidade Incompatível";"Colisão transversal";"Com Vítimas Feridas";"Pleno dia";"Decrescente";"Nublado";"Simples";"Reta";"Sim";2;0;1;0;1;0;1;2;-20,78733;-49,35399;"SR-SP";"UOP01";"DEL09"
272216;2020-02-28;"sexta-feira";"16:30:00";"MT";70;509;"CUIABA";"Falta de Atenção do Pedestre";"Atropelamento de Pedestre";"Com Vítimas Feridas";"Pleno dia";"Crescente";"Sol";"Simples";"Reta";"Sim";2;0;1;0;1;0;1;1;-15,65051;-55,99824;"SR-MT";"UOP02";"DEL01"
272217;2020-01-31;"sexta-feira";"22:40:00";"PE";101;84;"JABOATAO DOS GUARARAPES";"Falta de Atenção à Condução";"Colisão transversal";"Com Vítimas Feridas";"Plena Noite";"Crescente";"Céu Claro";"Simples";"Reta";"Não";2;0;1;0;1;0;1;2;-8,177786;-34,95087;"SR-PE";"DEL11/1";"UOP03/PE"
272219;2020-02-28;"sexta-feira";"17:15:00";"RS";290;30,1;"SANTO ANTONIO DA PATRULHA";"Condutor Dormindo";"Saída de leito carroçável";"Com Vítimas Feridas";"Pleno dia";"Decrescente";"Céu Claro";"Dupla";"Reta";"Não";2;0;0;1;1;0;1;1;-29,88358;-50,55543;"SR-RS";"UOP01";"DEL03"
272220;2020-02-28;"sexta-feira";"15:40:00";"RO";421;11;"ARIQUEMES";"Desobediência às normas de trânsito pelo condutor";"Colisão transversal";"Com Vítimas Feridas";"Pleno dia";"Crescente";"Céu Claro";"Simples";"Reta";"Não";3;0;0;1;2;0;1;2;-9,976976;-63,1311;"SR-RO";"UOP01";"DEL03"
272221;2020-02-28;"sexta-feira";"14:29:00";"SC";282;40,4;"AGUAS MORNAS";"Restrição de Visibilidade";"Colisão transversal";"Com Vítimas Feridas";"Pleno dia";"Crescente";"Sol";"Simples";"Interseção de vias";"Não";6;0;1;3;2;0;4;2;-27,71615;-48,86958;"SR-SC";"UOP03";"DEL01"
272222;2020-02-28;"sexta-feira";"18:10:00";"PR";373;231;"IMBITUVA";"Ingestão de Álcool";"Colisão transversal";"Sem Vítimas";"Plena Noite";"Decrescente";"Céu Claro";"Simples";"Interseção de vias";"Sim";2;0;0;0;2;0;0;2;-25,18288;-50,67781;"SR-PR";"UOP01";"DEL03"
272223;2020-02-28;"sexta-feira";"18:15:00";"SC";470;50,5;"BLUMENAU";"Falta de Atenção à Condução";"Colisão transversal";"Com Vítimas Feridas";"Pleno dia";"Crescente";"Sol";"Simples";"Reta";"Sim";2;0;1;0;1;0;1;2;-26,85977;-49,07449;"SR-SC";"UOP01";"DEL04"
272224;2020-02-28;"sexta-feira";"18:00:00";"SC";101;213,8;"PALHOCA";"Não guardar distância de segurança";"Colisão traseira";"Com Vítimas Feridas";"Pleno dia";"Decrescente";"Céu Claro";"Dupla";"Reta";"Sim";3;0;2;0;1;0;2;2;-27,63697;-48,66514;"SR-SC";"UOP02";"DEL01"
272225;2020-01-27;"segunda-feira";"13:20:00";"GO";60;269,4;"JANDAIA";"Defeito Mecânico no Veículo";"Colisão com objeto estático";"Com Vítimas Feridas";"Pleno dia";"Crescente";"Chuva";"Dupla";"Retorno Regulamentado";"Não";1;0;1;0;0;0;1;1;-17,2061;-50,1122;"SR-GO";"DEL1/1";"UOP02/GO"
272226;2020-02-26;"quarta-feira";"11:50:00";"MS";163;634;"SAO GABRIEL DO OESTE";"Avarias e/ou desgaste excessivo no pneu";"Saída de leito carroçável";"Com Vítimas Feridas";"Pleno dia";"Decrescente";"Nublado";"Dupla";"Reta";"Não";2;0;2;0;0;0;2;1;-19,25755;-54,66594;"SR-MS";"UOP02";"DEL06"
272227;2020-02-28;"sexta-feira";"17:30:00";"RS";116;248,6;"SAO LEOPOLDO";"Não guardar distância de segurança";"Colisão traseira";"Com Vítimas Feridas";"Anoitecer";"Decrescente";"Nublado";"Dupla";"Reta";"Sim";5;0;2;0;2;1;2;3;-29,78039;-51,15807;"SR-RS";"UOP02";"DEL01"
272228;2020-02-28;"sexta-feira";"16:00:00";"GO";452;18;"RIO VERDE";"Falta de Atenção à Condução";"Colisão traseira";"Com Vítimas Feridas";"Pleno dia";"Decrescente";"Céu Claro";"Simples";"Reta";"Não";2;0;1;0;1;0;1;2;-17,85915;-50,74936;"SR-GO";"UOP01";"DEL04"
272229;2020-02-28;"sexta-feira";"18:30:00";"ES";101;203,9;"JOAO NEIVA";"Falta de Atenção à Condução";"Colisão transversal";"Com Vítimas Feridas";"Plena Noite";"Decrescente";"Garoa/Chuvisco";"Simples";"Curva";"Sim";3;0;1;0;2;0;1;2;-19,74949;-40,37923;"SR-ES";"UOP01";"DEL02"
272230;2020-02-28;"sexta-feira";"18:20:00";"PR";116;118;"CURITIBA";"Falta de Atenção à Condução";"Colisão traseira";"Com Vítimas Feridas";"Plena Noite";"Crescente";"Nublado";"Dupla";"Desvio Temporário";"Não";2;0;1;0;1;0;1;2;-25,54657;-49,29174;"SR-PR";"UOP03";"DEL01"