"id";"data_inversa";"dia_semana";"horario";"uf";"br";"km";"municipio";"causa_acidente";"tipo_acidente";"classificacao_acidente";"fase_dia";"sentido_via";"condicao_metereologica";"tipo_pista";"tracado_via";"uso_solo";"pessoas";"mortos";"feridos_leves";"feridos_graves";"ilesos";"ignorados";"feridos";"veiculos";"latitude";"longitude";"regional";"delegacia";"uop"
272231;2020-02-28;"sexta-feira";"19:10:00";"ES";101;164,3;"LINHARES";"Falta de Atenção à Condução";"Colisão transversal";"Com Vítimas Feridas";"Plena Noite";"Crescente";"Nublado";"Simples";"Interseção de vias";"Não";2;0;0;1;1;0;1;2;-19,50814;-40,13615;"SR-ES";"UOP01";"DEL04"
272232;2020-02-22;"sábado";"12:30:00";"MS";163;673,4;"RIO VERDE DE MATO GROSSO";"Velocidade Incompatível";"Saída de leito carroçável";"Com Vítimas Feridas";"Pleno dia";"Crescente";"Chuva";"Simples";"Curva";"Não";4;0;2;0;2;0;2;1;-18,98291;-54,82611;"SR-MS";"UOP02";"DEL06"
272233;2020-02-28;"sexta-feira";"17:40:00";"PR";277;633;"VERA CRUZ DO OESTE";"Desobediência às normas de trânsito pelo condutor";"Colisão transversal";"Com Vítimas Feridas";"Pleno dia";"Crescente";"Céu Claro";"Simples";"Reta";"Não";2;0;0;1;1;0;1;2;-25,12585;-53,81903;"SR-PR";"UOP05";"DEL04"
272234;2020-02-28;"sexta-feira";"19:00:00";"MG";365;797;"GURINHATA";"Objeto estático sobre o leito carroçável";"Colisão traseira";"Com Vítimas Fatais";"Plena Noite";"Crescente";"Chuva";"Simples";"Não Informado";"Não";2;1;0;0;1;0;0;2;-18,91571;-49,88132;"SR-MG";"UOP03";"DEL15"
272235;2020-02-28;"sexta-feira";"17:51:00";"GO";40;12,8;"LUZIANIA";"Desobediência às normas de trânsito pelo condutor";"Colisão lateral";"Sem Vítimas";"Anoitecer";"Crescente";"Céu Claro";"Dupla";"Retorno Regulamentado";"Sim";3;0;0;0;1;2;0;2;-16,14512;-47,94538;"SR-DF";"UOP01";"DEL01"
272236;2020-02-28;"sexta-feira";"19:00:00";"PR";277;5;"FOZ DO IGUACU";"Falta de Atenção à Condução";"Colisão transversal";"Com Vítimas Feridas";"Anoitecer";"Crescente";"Céu Claro";"Dupla";"Interseção de vias";"Sim";3;0;1;0;2;0;1;3;-25,5469;-54,5882;"SR-PR";"UOP02";"DEL05"
272237;2020-02-28;"sexta-feira";"19:05:00";"MG";40;552,1;"NOVA LIMA";"Desobediência às normas de trânsito pelo condutor";"Colisão lateral";"Com Vítimas Feridas";"Plena Noite";"Decrescente";"Céu Claro";"Simples";"Não Informado";"Sim";3;0;2;0;1;0;2;2;-20,06256;-43,97787;"SR-MG";"UOP02";"DEL01"
272238;2020-02-28;"sexta-feira";"19:50:00";"SP";459;25,3;"LORENA";"Mal Súbito";"Colisão lateral";"Com Vítimas Feridas";"Anoitecer";"Crescente";"Nublado";"Simples";"Reta";"Não";2;0;1;0;1;0;1;2;-22,69682;-45,12124;"SR-SP";"DEL6/8";"UOP03/SP"
272239;2020-02-28;"sexta-feira";"16:50:00";"PR";467;103;"CASCAVEL";"Defeito Mecânico no Veículo";"Queda de ocupante de veículo";"Com Vítimas Feridas";"Pleno dia";"Crescente";"Céu Claro";"Dupla";"Reta";"Não";1;0;1;0;0;0;1;1;-24,9098;-53,5103;"SR-PR";"UOP01";"DEL04"
272240;2020-02-28;"sexta-feira";"16:45:00";"SC";280;25,4;"ARAQUARI";"Falta de Atenção à Condução";"Colisão transversal";"Com Vítimas Feridas";"Pleno dia";"Decrescente";"Céu Claro";"Simples";"Reta";"Não";2;0;1;0;1;0;1;2;-26,38353;-48,72678;"SR-SC";"UOP03";"DEL03"
272241;2020-02-28;"sexta-feira";"18:45:00";"SP";153;55,3;"SAO JOSE DO RIO PRETO";"Desobediência às normas de trânsito pelo condutor";"Colisão transversal";"Com Vítimas Feridas";"Plena Noite";"Decrescente";"Céu Claro";"Simples";"Não Informado";"Não";3;0;1;0;0;2;1;2;-20,75322;-49,3426;"SR-SP";"UOP01";"DEL09"
272242;2020-02-28;"sexta-feira";"18:30:00";"MS";163;700,8;"RIO VERDE DE MATO GROSSO";"Animais na Pista";"Atropelamento de Animal";"Com Vítimas Feridas";"Plena Noite";"Crescente";"Céu Claro";"Simples";"Desvio Temporário";"Não";1;0;1;0;0;0;1;1;-18,75702;-54,82411;"SR-MS";"UOP01";"DEL06"
272243;2020-02-28;"sexta-feira";"17:50:00";"SC";280;56,4;"GUARAMIRIM";"Não guardar distância de segurança";"Colisão lateral";"Com Vítimas Feridas";"Anoitecer";"Crescente";"Nublado";"Simples";"Reta";"Não";2;0;1;0;1;0;1;2;-26,47948;-49,00299;"SR-SC";"UOP03";"DEL03"
272244;2020-02-28;"sexta-feira";"19:40:00";"ES";101;328,9;"GUARAPARI";"Falta de Atenção à Condução";"Tombamento";"Com Vítimas Feridas";"Plena Noite";"Decrescente";"Chuva";"Dupla";"Reta";"Não";1;0;1;0;0;0;1;1;-20,57963;-40,49015;"SR-ES";"UOP01";"DEL03"
272245;2020-02-28;"sexta-feira";"18:30:00";"RS";116;236,5;"NOVO HAMBURGO";"Falta de Atenção do Pedestre";"Atropelamento de Pedestre";"Com Vítimas Feridas";"Pleno dia";"Crescente";"Ignorado";"Simples";"Reta";"Sim";2;0;0;1;1;0;1;1;-29,66939;-51,14305;"SR-RS";"UOP02";"DEL01"
272247;2020-02-28;"sexta-feira";"19:00:00";"BA";101;918;"MUCURI";"Defeito Mecânico no Veículo";"Incêndio";"Sem Vítimas";"Plena Noite";"Crescente";"Céu Claro";"Simples";"Curva";"Não";5;0;0;0;5;0;0;1;-18,072;-39,88292;"SR-BA";"UOP02";"DEL09"
272248;2020-02-28;"sexta-feira";"19:20:00";"BA";235;349,5;"JUAZEIRO";"Ingestão de Álcool";"Colisão traseira";"Com Vítimas Feridas";"Plena Noite";"Decrescente";"Céu Claro";"Dupla";"Reta";"Sim";2;0;1;0;1;0;1;2;-9,449646;-40,48604;"SR-PE";"UOP01";"DEL06"
272250;2020-02-28;"sexta-feira";"18:40:00";"MS";163;490,4;"CAMPO GRANDE";"Falta de Atenção à Condução";"Saída de leito carroçável";"Com Vítimas Feridas";"Plena Noite";"Crescente";"Céu Claro";"Dupla";"Curva";"Não";1;0;1;0;0;0;1;1;-20,40018;-54,5554;"SR-MS";"UOP02";"DEL01"
272251;2020-02-28;"sexta-feira";"20:00:00";"SC";101;192,5;"BIGUACU";"Desobediência às normas de trânsito pelo condutor";"Colisão lateral";"Sem Vítimas";"Plena Noite";"Crescente";"Nublado";"Múltipla";"Reta";"Sim";3;0;0;0;3;0;0;3;-27,48444;-48,64765;"SR-SC";"UOP01";"DEL01"
272252;2020-02-28;"sexta-feira";"18:30:00";"RJ";493;55;"DUQUE DE CAXIAS";"Pista Escorregadia";"Saída de leito carroçável";"Com Vítimas Feridas";"Anoitecer";"Crescente";"Chuva";"Dupla";"Reta";"Não";4;0;2;2;0;0;4;1;-22,67209;-43,28505;"SR-RJ";"UOP01";"DEL01"
272253;2020-02-28;"sexta-feira";"19:44:00";"MS";267;483;"JARDIM";"Falta de Atenção à Condução";"Colisão transversal";"Com Vítimas Feridas";"Plena Noite";"Crescente";"Céu Claro";"Simples";"Reta";"Sim";3;0;2;0;0;1;2;2;-21,48097;-56,15577;"SR-MS";"UOP01";"DEL05"
272254;2020-02-28;"sexta-feira";"20:45:00";"SC";470;55,9;"BLUMENAU";"Desobediência às normas de trânsito pelo condutor";"Colisão transversal";"Com Vítimas Feridas";"Plena Noite";"Decrescente";"Céu Claro";"Simples";"Reta";"Sim";2;0;1;0;1;0;1;2;-26,8756;-49,11799;"SR-SC";"UOP01";"DEL04"
272255;2020-02-28;"sexta-feira";"20:30:00";"PR";476;196,4;"LAPA";"Animais na Pista";"Atropelamento de Animal";"Com Vítimas Feridas";"Plena Noite";"Crescente";"Céu Claro";"Simples";"Reta";"Sim";2;0;1;0;1;0;1;2;-25,7573;-49,7304;"SR-PR";"UOP04";"DEL01"
272256;2020-02-28;"sexta-feira";"19:50:00";"SC";101;149,8;"ITAPEMA";"Ingestão de Álcool";"Colisão traseira";"Com Vítimas Feridas";"Plena Noite";"Decrescente";"Céu Claro";"Simples";"Reta";"Sim";2;0;1;0;1;0;1;2;-27,10896;-48,61278;"SR-SC";"UOP03";"DEL04"
272257;2020-02-28;"sexta-feira";"16:40:00";"SC";282;521,6;"XAXIM";"Desobediência às normas de trânsito pelo condutor";"Colisão transversal";"Com Vítimas Feridas";"Pleno dia";"Decrescente";"Sol";"Simples";"Rotatória";"Não";3;0;2;0;1;0;2;2;-26,95044;-52,53222;"SR-SC";"UOP01";"DEL07"
272259;2020-02-28;"sexta-feira";"21:15:00";"PE";101;43;"IGARASSU";"Ingestão de Álcool";"Atropelamento de Pedestre";"Com Vítimas Feridas";"Plena Noite";"Crescente";"Céu Claro";"Dupla";"Reta";"Sim";8;0;5;0;3;0;5;3;-7,901242;-34,8669;"SR-PE";"UOP02";"DEL01"
272260;2020-02-28;"sexta-feira";"20:00:00";"BA";242;659;"MUQUEM DE SAO FRANCISCO";"Velocidade Incompatível";"Saída de leito carroçável";"Com Vítimas Fatais";"Plena Noite";"Decrescente";"Nublado";"Simples";"Não Informado";"Não";1;1;0;0;0;0;0;1;-12,22851;-43,8335;"SR-BA";"UOP02";"DEL10"
272261;2020-02-28;"sexta-feira";"13:25:00";"SC";282;510;"XANXERE";"Falta de Atenção à Condução";"Colisão lateral";"Com Vítimas Feridas";"Pleno dia";"Crescente";"Céu Claro";"Simples";"Reta";"Não";2;0;2;0;0;0;2;2;-26,89711;-52,46359;"SR-SC";"UOP01";"DEL07"
272262;2020-02-28;"sexta-feira";"20:50:00";"MG";40;710,9;"BARBACENA";"Velocidade Incompatível";"Saída de leito carroçável";"Com Vítimas Feridas";"Plena Noite";"Decrescente";"Chuva";"Dupla";"Curva";"Não";1;0;1;0;0;0;1;1;-21,24346;-43,71417;"SR-MG";"UOP02";"DEL05"
272263;2020-02-28;"sexta-feira";"20:45:00";"MG";116;487,9;"INHAPIM";"Defeito Mecânico no Veículo";"Incêndio";"Sem Vítimas";"Plena Noite";"Crescente";"Garoa/Chuvisco";"Simples";"Curva";"Não";1;0;0;0;1;0;0;1;-19,45139;-42,12752;"SR-MG";"UOP02";"DEL06"
272264;2020-02-28;"sexta-feira";"20:28:00";"RJ";116;217;"PARACAMBI";"Velocidade Incompatível";"Saída de leito carroçável";"Com Vítimas Feridas";"Plena Noite";"Decrescente";"Chuva";"Múltipla";"Reta";"Não";5;0;1;0;4;0;1;1;-22,70207;-43,74864;"SR-RJ";"UOP03";"DEL01"
272265;2020-02-28;"sexta-feira";"21:45:00";"PR";369;184,4;"ARAPONGAS";"Falta de Atenção à Condução";"Colisão traseira";"Com Vítimas Feridas";"Plena Noite";"Crescente";"Céu Claro";"Simples";"Reta";"Sim";3;0;0;1;1;1;1;2;-23,40279;-51,42804;"SR-PR";"UOP03";"DEL07"
272266;2020-02-28;"sexta-feira";"21:55:00";"SC";470;52,8;"BLUMENAU";"Desobediência às normas de trânsito pelo condutor";"Colisão transversal";"Com Vítimas Feridas";"Plena Noite";"Decrescente";"Céu Claro";"Simples";"Interseção de vias";"Não";2;0;1;0;1;0;1;2;-26,86229;-49,0939;"SR-SC";"UOP01";"DEL04"
272267;2020-02-28;"sexta-feira";"18:40:00";"MG";381;307;"ANTONIO DIAS";"Desobediência às normas de trânsito pelo condutor";"Colisão frontal";"Com Vítimas Feridas";"Plena Noite";"Decrescente";"Nublado";"Dupla";"Não Informado";"Não";3;0;1;1;1;0;2;2;-19,65178;-42,94723;"SR-MG";"UOP02";"DEL03"
272268;2020-02-28;"sexta-feira";"19:40:00";"MG";40;465,3;"SETE LAGOAS";"Velocidade Incompatível";"Capotamento";"Com Vítimas Feridas";"Plena Noite";"Decrescente";"Chuva";"Dupla";"Reta";"Não";1;0;1;0;0;0;1;1;-19,43836;-44,33104;"SR-MG";"UOP01";"DEL02"
272269;2020-02-28;"sexta-feira";"19:40:00";"MT";163;687;"LUCAS DO RIO VERDE";"Sinalização da via insuficiente ou inadequada";"Colisão com objeto estático";"Com Vítimas Feridas";"Plena Noite";"Decrescente";"Céu Claro";"Simples";"Reta";"Sim";2;0;2;0;0;0;2;1;-13,18355;-55,98612;"SR-MT";"UOP01";"DEL06"
272270;2020-02-28;"sexta-feira";"22:30:00";"PR";476;152;"ARAUCARIA";"Defeito Mecânico no Veículo";"Incêndio";"Sem Vítimas";"Plena Noite";"Crescente";"Céu Claro";"Dupla";"Reta";"Sim";1;0;0;0;1;0;0;1;-25,56916;-49,38337;"SR-PR";"UOP04";"DEL01"
272271;2020-02-28;"sexta-feira";"21:55:00";"SC";101;138,3;"BALNEARIO CAMBORIU";"Falta de Atenção do Pedestre";"Atropelamento de Pedestre";"Com Vítimas Feridas";"Plena Noite";"Decrescente";"Nublado";"Dupla";"Reta";"Não";2;0;0;1;1;0;1;1;-27,02397;-48,60762;"SR-SC";"UOP03";"DEL04"
272273;2020-02-28;"sexta-feira";"18:50:00";"RS";153;402,7;"CACHOEIRA DO SUL";"Defeito Mecânico no Veículo";"Queda de ocupante de veículo";"Com Vítimas Feridas";"Anoitecer";"Decrescente";"Céu Claro";"Simples";"Não Informado";"Não";2;0;2;0;0;0;2;1;-30,02661;-52,91649;"SR-RS";"UOP03";"DEL02"
272274;2020-02-28;"sexta-feira";"15:45:00";"MG";116;42,3;"PEDRA AZUL";"Velocidade Incompatível";"Saída de leito carroçável";"Com Vítimas Feridas";"Pleno dia";"Crescente";"Chuva";"Simples";"Não Informado";"Não";3;0;3;0;0;0;3;1;-15,99954;-41,40842;"SR-MG";"UOP02";"DEL11"
272275;2020-02-28;"sexta-feira";"22:45:00";"SC";470;98,9;"APIUNA";"Ingestão de Álcool";"Colisão traseira";"Sem Vítimas";"Plena Noite";"Decrescente";"Céu Claro";"Simples";"Reta";"Não";2;0;0;0;2;0;0;2;-27,03254;-49,38547;"SR-SC";"UOP01";"DEL04"
272276;2020-02-28;"sexta-feira";"21:25:00";"PI";343;448,2;"AGUA BRANCA";"Falta de Atenção à Condução";"Capotamento";"Com Vítimas Feridas";"Plena Noite";"Crescente";"Céu Claro";"Simples";"Não Informado";"Não";3;0;3;0;0;0;3;1;-5,90535;-42,67356;"SR-PI";"UOP02";"DEL01"
272278;2020-02-28;"sexta-feira";"23:30:00";"PE";101;80,3;"JABOATAO DOS GUARARAPES";"Condutor Dormindo";"Saída de leito carroçável";"Com Vítimas Feridas";"Plena Noite";"Crescente";"Céu Claro";"Múltipla";"Reta";"Sim";3;0;0;1;2;0;1;1;-8,151126;-34,94289;"SR-PE";"UOP03";"DEL01"
272279;2020-02-28;"sexta-feira";"23:40:00";"TO";153;559,3;"FATIMA";"Animais na Pista";"Atropelamento de Animal";"Com Vítimas Fatais";"Plena Noite";"Decrescente";"Céu Claro";"Dupla";"Não Informado";"Sim";1;1;0;0;0;0;0;1;-10,73234;-48,90387;"SR-TO";"UOP02";"DEL02"
272280;2020-02-28;"sexta-feira";"23:45:00";"CE";116;21,8;"ITAITINGA";"Velocidade Incompatível";"Tombamento";"Com Vítimas Feridas";"Plena Noite";"Decrescente";"Nublado";"Dupla";"Reta";"Não";1;0;0;1;0;0;1;1;-3,931759;-38,50825;"SR-CE";"UOP02";"DEL01"
272282;2020-02-29;"sábado";"00:00:00";"PR";116;155;"MANDIRITUBA";"Falta de Atenção à Condução";"Colisão lateral";"Com Vítimas Feridas";"Plena Noite";"Crescente";"Céu Claro";"Simples";"Reta";"Não";3;0;1;0;2;0;1;3;-25,85128;-49,3574;"SR-PR";"UOP03";"DEL01"
272284;2020-02-28;"sexta-feira";"22:00:00";"PR";153;121,5;"IBAITI";"Falta de Atenção à Condução";"Tombamento";"Com Vítimas Fatais";"Plena Noite";"Crescente";"Céu Claro";"Simples";"Curva";"Não";2;1;0;1;0;0;1;1;-23,93119;-50,2384;"SR-PR";"UOP05";"DEL07"
272285;2020-02-29;"sábado";"00:15:00";"SC";470;1;"NAVEGANTES";"Desobediência às normas de trânsito pelo condutor";"Colisão transversal";"Com Vítimas Fatais";"Plena Noite";"Crescente";"Céu Claro";"Dupla";"Reta";"Sim";2;1;0;0;1;0;0;2;-26,87538;-48,66828;"SR-SC";"UOP04";"DEL04"
272286;2020-02-29;"sábado";"01:05:00";"PR";163;288;"MARECHAL CANDIDO RONDON";"Ingestão de Álcool";"Queda de ocupante de veículo";"Com Vítimas Feridas";"Plena Noite";"Crescente";"Céu Claro";"Simples";"Reta";"Sim";1;0;1;0;0;0;1;1;-24,55144;-54,0412;"SR-PR";"UOP04";"DEL06"
272287;2020-02-29;"sábado";"00:55:00";"SC";470;70,3;"INDAIAL";"Defeito Mecânico no Veículo";"Tombamento";"Com Vítimas Feridas";"Plena Noite";"Crescente";"Céu Claro";"Simples";"Reta";"Sim";1;0;1;0;0;0;1;1;-26,89098;-49,25659;"SR-SC";"UOP01";"DEL04"
272288;2020-02-28;"sexta-feira";"23:10:00";"SC";470;139,8;"RIO DO SUL";"Falta de Atenção à Condução";"Colisão lateral";"Sem Vítimas";"Plena Noite";"Decrescente";"Nublado";"Simples";"Reta";"Não";2;0;0;0;2;0;0;2;-27,20347;-49,6354;"SR-SC";"UOP02";"DEL04"
272289;2020-02-29;"sábado";"02:10:00";"PR";376;189,7;"MARIALVA";"Desobediência às normas de trânsito pelo condutor";"Colisão frontal";"Com Vítimas Feridas";"Plena Noite";"Crescente";"Céu Claro";"Dupla";"Curva";"Não";4;0;3;1;0;0;4;2;-23,47171;-51,82021;"SR-PR";"UOP01";"DEL09"
272290;2020-02-29;"sábado";"01:10:00";"CE";116;307,1;"JAGUARIBE";"Falta de Atenção à Condução";"Colisão lateral";"Com Vítimas Feridas";"Plena Noite";"Crescente";"Chuva";"Simples";"Reta";"Sim";3;0;0;2;1;0;2;2;-5,878087;-38,61375;"SR-CE";"UOP02";"DEL05"
272291;2020-02-29;"sábado";"02:30:00";"DF";40;3;"BRASILIA";"Ingestão de Álcool";"Capotamento";"Sem Vítimas";"Plena Noite";"Decrescente";"Nublado";"Simples";"Reta";"Sim";1;0;0;0;0;1;0;1;-16,00314;-47,98394;"SR-DF";"UOP01";"DEL01"
272292;2020-02-28;"sexta-feira";"20:10:00";"SP";116;491,2;"CAJATI";"Animais na Pista";"Saída de leito carroçável";"Com Vítimas Feridas";"Plena Noite";"Crescente";"Nublado";"Dupla";"Não Informado";"Não";3;0;1;0;2;0;1;1;-24,73981;-48,12376;"SR-SP";"UOP02";"DEL05"
272293;2020-02-28;"sexta-feira";"23:10:00";"ES";262;165,9;"IBATIBA";"Ingestão de Álcool";"Capotamento";"Com Vítimas Feridas";"Plena Noite";"Decrescente";"Chuva";"Simples";"Curva";"Não";1;0;1;0;0;0;1;1;-20,24706;-41,5587;"SR-ES";"UOP02";"DEL01"
272294;2020-02-29;"sábado";"03:10:00";"RS";116;232;"ESTANCIA VELHA";"Falta de Atenção à Condução";"Tombamento";"Com Vítimas Feridas";"Plena Noite";"Decrescente";"Ignorado";"Simples";"Curva";"Não";1;0;1;0;0;0;1;1;-29,63101;-51,14373;"SR-RS";"UOP02";"DEL01"
272295;2020-02-29;"sábado";"03:45:00";"MG";40;626,5;"CONSELHEIRO LAFAIETE";"Falta de Atenção do Pedestre";"Atropelamento de Pedestre";"Com Vítimas Feridas";"Plena Noite";"Crescente";"Chuva";"Simples";"Reta";"Sim";2;0;0;1;0;1;1;1;-20,62802;-43,80897;"SR-MG";"UOP02";"DEL05"
272296;2020-02-29;"sábado";"03:30:00";"PR";376;187,2;"MARIALVA";"Defeito Mecânico no Veículo";"Colisão com objeto estático";"Com Vítimas Feridas";"Plena Noite";"Crescente";"Céu Claro";"Dupla";"Não Informado";"Não";1;0;1;0;0;0;1;1;-23,46141;-51,8366;"SR-PR";"UOP01";"DEL09"
272297;2020-02-29;"sábado";"03:45:00";"SP";116;58,4;"GUARATINGUETA";"Avarias e/ou desgaste excessivo no pneu";"Tombamento";"Com Vítimas Feridas";"Plena Noite";"Decrescente";"Nublado";"Dupla";"Reta";"Não";2;0;1;1;0;0;2;1;-22,78006;-45,14573;"SR-SP";"UOP02";"DEL08"
272298;2020-02-29;"sábado";"04:30:00";"ES";101;256,5;"SERRA";"Falta de Atenção à Condução";"Colisão com objeto estático";"Sem Vítimas";"Plena Noite";"Decrescente";"Nublado";"Múltipla";"Não Informado";"Sim";1;0;0;0;0;1;0;1;-20,12308;-40,30491;"SR-ES";"UOP01";"DEL02"
272299;2020-02-29;"sábado";"04:15:00";"PB";101;89;"JOAO PESSOA";"Ingestão de Álcool";"Saída de leito carroçável";"Com Vítimas Feridas";"Amanhecer";"Crescente";"Garoa/Chuvisco";"Dupla";"Reta";"Sim";1;0;0;1;0;0;1;1;-7,171069;-34,89765;"SR-PB";"UOP01";"DEL01"
272300;2020-02-29;"sábado";"04:55:00";"SP";381;86;"SAO PAULO";"Velocidade Incompatível";"Saída de leito carroçável";"Sem Vítimas";"Plena Noite";"Crescente";"Nublado";"Múltipla";"Curva";"Sim";1;0;0;0;0;1;0;1;-23,4593;-46,57161;"SR-SP";"UOP01";"DEL03"
272301;2020-02-29;"sábado";"04:45:00";"SC";470;71,8;"INDAIAL";"Desobediência às normas de trânsito pelo condutor";"Colisão traseira";"Com Vítimas Feridas";"Plena Noite";"Crescente";"Céu Claro";"Simples";"Interseção de vias";"Não";2;0;1;0;1;0;1;2;-26,89524;-49,2621;"SR-SC";"UOP01";"DEL04"
272302;2020-02-29;"sábado";"03:40:00";"RJ";40;9,9;"COMENDADOR LEVY GASPARIAN";"Desobediência às normas de trânsito pelo condutor";"Colisão com objeto estático";"Sem Vítimas";"Plena Noite";"Decrescente";"Nublado";"Dupla";"Curva";"Não";2;0;0;0;2;0;0;1;-22,04461;-43,20721;"SR-RJ";"UOP01";"DEL06"
272303;2020-02-29;"sábado";"05:10:00";"RJ";116;170;"SAO JOAO DE MERITI";"Desobediência às normas de trânsito pelo condutor";"Colisão transversal";"Com Vítimas Feridas";"Plena Noite";"Crescente";"Nublado";"Múltipla";"Reta";"Sim";4;0;0;1;0;3;1;3;-22,78634;-43,37765;"SR-RJ";"UOP02";"DEL01"
272304;2020-02-29;"sábado";"04:12:00";"RS";290;480,9;"ROSARIO DO SUL";"Animais na Pista";"Atropelamento de Animal";"Com Vítimas Feridas";"Plena Noite";"Decrescente";"Céu Claro";"Simples";"Reta";"Sim";2;0;2;0;0;0;2;1;-30,24278;-54,91984;"SR-RS";"UOP02";"DEL11"
272305;2020-02-29;"sábado";"03:40:00";"SC";280;6;"SAO FRANCISCO DO SUL";"Falta de Atenção à Condução";"Colisão com objeto estático";"Com Vítimas Feridas";"Pleno dia";"Crescente";"Nublado";"Simples";"Reta";"Não";2;0;0;1;0;1;1;2;-26,26569;-48,63362;"SR-SC";"UOP03";"DEL03"
272306;2020-02-29;"sábado";"05:40:00";"PR";476;125;"CURITIBA";"Ingestão de Álcool";"Colisão com objeto estático";"Sem Vítimas";"Amanhecer";"Decrescente";"Céu Claro";"Múltipla";"Não Informado";"Sim";1;0;0;0;0;1;0;1;-25,4083;-49,21966;"SR-PR";"UOP06";"DEL01"
272308;2020-02-28;"sexta-feira";"21:40:00";"MA";135;39;"BACABEIRA";"Defeito Mecânico no Veículo";"Saída de leito carroçável";"Sem Vítimas";"Plena Noite";"Crescente";"Nublado";"Dupla";"Reta";"Não";1;0;0;0;1;0;0;1;-2,885099;-44,37497;"SR-MA";"UOP01";"DEL01"
272309;2020-02-29;"sábado";"03:20:00";"PR";153;40;"SANTO ANTONIO DA PLATINA";"Defeito Mecânico no Veículo";"Tombamento";"Com Vítimas Feridas";"Plena Noite";"Crescente";"Nublado";"Simples";"Rotatória";"Sim";1;0;1;0;0;0;1;1;-23,28048;-50,05593;"SR-PR";"UOP05";"DEL07"
272310;2020-02-29;"sábado";"06:10:00";"PR";376;182;"MARINGA";"Falta de Atenção à Condução";"Tombamento";"Com Vítimas Feridas";"Pleno dia";"Crescente";"Céu Claro";"Dupla";"Reta";"Sim";1;0;1;0;0;0;1;1;-23,43301;-51,88671;"SR-PR";"UOP01";"DEL09"
272311;2020-02-29;"sábado";"06:10:00";"GO";153;568,8;"PROFESSOR JAMIL";"Objeto estático sobre o leito carroçável";"Colisão traseira";"Com Vítimas Feridas";"Amanhecer";"Decrescente";"Chuva";"Dupla";"Curva";"Não";4;0;2;0;2;0;2;3;-17,2854;-49,2361;"SR-GO";"UOP01";"DEL03"
272313;2020-02-29;"sábado";"06:50:00";"SC";101;335,3;"TUBARAO";"Velocidade Incompatível";"Colisão transversal";"Com Vítimas Feridas";"Pleno dia";"Decrescente";"Céu Claro";"Múltipla";"Rotatória";"Sim";2;0;1;0;1;0;1;2;-28,46927;-49,01558;"SR-SC";"UOP01";"DEL02"
272314;2020-02-29;"sábado";"06:00:00";"SP";116;219;"GUARULHOS";"Falta de Atenção do Pedestre";"Atropelamento de Pedestre";"Com Vítimas Feridas";"Pleno dia";"Crescente";"Nublado";"Múltipla";"Reta";"Sim";2;0;0;1;0;1;1;1;-23,46256;-46,49323;"SR-SP";"UOP01";"DEL01"
272315;2020-02-29;"sábado";"07:30:00";"GO";153;506,2;"APARECIDA DE GOIANIA";"Velocidade Incompatível";"Colisão com objeto estático";"Com Vítimas Feridas";"Amanhecer";"Decrescente";"Chuva";"Múltipla";"Não Informado";"Sim";2;0;1;0;1;0;1;2;-16,7633;-49,24;"SR-GO";"UOP01";"DEL01"
272316;2020-02-29;"sábado";"04:15:00";"SC";282;641,6;"SAO MIGUEL DO OESTE";"Ingestão de Álcool";"Saída de leito carroçável";"Sem Vítimas";"Plena Noite";"Decrescente";"Céu Claro";"Simples";"Não Informado";"Não";1;0;0;0;0;1;0;1;-26,77293;-53,46115;"SR-SC";"UOP03";"DEL07"
272317;2020-02-29;"sábado";"02:40:00";"RS";290;336;"SAO SEPE";"Ingestão de Álcool";"Saída de leito carroçável";"Sem Vítimas";"Plena Noite";"Crescente";"Céu Claro";"Simples";"Reta";"Não";1;0;0;0;1;0;0;1;-30,37232;-53,5388;"SR-RS";"UOP02";"DEL09"
272318;2020-02-29;"sábado";"05:15:00";"RS";293;248,3;"DOM PEDRITO";"Ingestão de álcool e/ou substâncias psicoativas pelo pedestre";"Colisão frontal";"Com Vítimas Feridas";"Amanhecer";"Decrescente";"Céu Claro";"Simples";"Reta";"Sim";3;0;1;0;2;0;1;2;-30,97957;-54,64331;"SR-RS";"UOP01";"DEL11"
272319;2020-02-28;"sexta-feira";"19:50:00";"MT";70;4;"BARRA DO GARCAS";"Falta de Atenção à Condução";"Tombamento";"Com Vítimas Feridas";"Plena Noite";"Decrescente";"Nublado";"Dupla";"Rotatória";"Sim";1;0;1;0;0;0;1;1;-15,87907;-52,28563;"SR-MT";"UOP01";"DEL07"
272320;2020-02-29;"sábado";"06:10:00";"PR";163;5,2;"BARRACAO";"Desobediência às normas de trânsito pelo condutor";"Colisão frontal";"Com Vítimas Fatais";"Amanhecer";"Decrescente";"Céu Claro";"Simples";"Não Informado";"Não";2;1;1;0;0;0;1;2;-26,26492;-53,59744;"SR-PR";"UOP02";"DEL02"