"id";"data_inversa";"dia_semana";"horario";"uf";"br";"km";"municipio";"causa_acidente";"tipo_acidente";"classificacao_acidente";"fase_dia";"sentido_via";"condicao_metereologica";"tipo_pista";"tracado_via";"uso_solo";"pessoas";"mortos";"feridos_leves";"feridos_graves";"ilesos";"ignorados";"feridos";"veiculos";"latitude";"longitude";"regional";"delegacia";"uop"
272503;2020-02-29;"sábado";"22:15:00";"SP";381;49;"ATIBAIA";"Falta de Atenção do Pedestre";"Atropelamento de Pedestre";"Com Vítimas Fatais";"Plena Noite";"Decrescente";"Céu Claro";"Dupla";"Desvio Temporário";"Sim";3;1;0;0;1;1;0;1;-23,20535;-46,59067;"SR-SP";"UOP01";"DEL03"
272504;2020-02-29;"sábado";"22:40:00";"RJ";101;332;"RIO DE JANEIRO";"Falta de Atenção à Condução";"Colisão traseira";"Com Vítimas Feridas";"Plena Noite";"Crescente";"Chuva";"Dupla";"Reta";"Não";2;0;0;1;1;0;1;2;-22,87828;-43,21054;"SR-RJ";"UOP01";"DEL02"
272505;2020-03-01;"domingo";"02:00:00";"PR";116;110;"CURITIBA";"Falta de Atenção à Condução";"Colisão traseira";"Com Vítimas Feridas";"Plena Noite";"Decrescente";"Céu Claro";"Dupla";"Reta";"Não";2;0;1;0;0;1;1;2;-25,57013;-49,21737;"SR-PR";"UOP04";"DEL01"
272506;2020-03-01;"domingo";"02:30:00";"SC";116;211;"PONTE ALTA";"Velocidade Incompatível";"Tombamento";"Com Vítimas Feridas";"Plena Noite";"Decrescente";"Nublado";"Simples";"Reta";"Não";1;0;1;0;0;0;1;1;-27,5104;-50,36398;"SR-SC";"UOP03";"DEL05"
272507;2020-03-01;"domingo";"03:00:00";"SC";101;57,5;"ARAQUARI";"Condutor Dormindo";"Colisão com objeto estático";"Com Vítimas Feridas";"Plena Noite";"Crescente";"Nublado";"Dupla";"Curva";"Não";3;0;2;0;1;0;2;2;-26,43837;-48,80327;"SR-SC";"UOP01";"DEL03"
272508;2020-03-01;"domingo";"03:20:00";"RS";116;253,9;"SAPUCAIA DO SUL";"Falta de Atenção à Condução";"Saída de leito carroçável";"Com Vítimas Feridas";"Plena Noite";"Decrescente";"Céu Claro";"Dupla";"Reta";"Sim";1;0;1;0;0;0;1;1;-29,82592;-51,17213;"SR-RS";"UOP02";"DEL01"
272509;2020-03-01;"domingo";"02:00:00";"MG";40;509,3;"RIBEIRAO DAS NEVES";"Desobediência às normas de trânsito pelo condutor";"Colisão traseira";"Com Vítimas Feridas";"Plena Noite";"Crescente";"Nublado";"Dupla";"Reta";"Sim";5;0;2;0;3;0;2;2;-19,76729;-44,12856;"SR-MG";"UOP02";"DEL01"
272511;2020-03-01;"domingo";"04:00:00";"PR";277;661,3;"MATELANDIA";"Falta de Atenção à Condução";"Colisão traseira";"Com Vítimas Feridas";"Plena Noite";"Decrescente";"Céu Claro";"Dupla";"Reta";"Não";2;0;1;1;0;0;2;1;-25,25276;-53,9994;"SR-PR";"UOP05";"DEL04"
272512;2020-03-01;"domingo";"04:00:00";"RS";290;142;"ELDORADO DO SUL";"Condutor Dormindo";"Saída de leito carroçável";"Sem Vítimas";"Plena Noite";"Decrescente";"Céu Claro";"Simples";"Reta";"Não";1;0;0;0;0;1;0;1;-30,08968;-51,62831;"SR-RS";"UOP01";"DEL02"
272513;2020-03-01;"domingo";"05:15:00";"PE";428;192;"PETROLINA";"Falta de Atenção à Condução";"Colisão traseira";"Com Vítimas Feridas";"Amanhecer";"Crescente";"Céu Claro";"Simples";"Curva";"Sim";2;0;1;0;1;0;1;2;-9,380678;-40,51114;"SR-PE";"UOP01";"DEL06"
272514;2020-03-01;"domingo";"05:15:00";"DF";60;5;"BRASILIA";"Falta de Atenção à Condução";"Colisão traseira";"Sem Vítimas";"Plena Noite";"Decrescente";"Céu Claro";"Dupla";"Reta";"Não";2;0;0;0;0;2;0;2;-15,89544;-48,10477;"SR-DF";"UOP02";"DEL01"
272515;2020-03-01;"domingo";"05:20:00";"PE";232;126;"CARUARU";"Condutor Dormindo";"Saída de leito carroçável";"Com Vítimas Fatais";"Pleno dia";"Crescente";"Nublado";"Dupla";"Curva";"Sim";1;1;0;0;0;0;0;1;-8,308259;-35,95444;"SR-PE";"UOP02";"DEL02"
272518;2020-02-29;"sábado";"16:30:00";"BA";135;213;"SAO DESIDERIO";"Desobediência às normas de trânsito pelo condutor";"Colisão frontal";"Sem Vítimas";"Pleno dia";"Crescente";"Garoa/Chuvisco";"Simples";"Não Informado";"Não";3;0;0;0;2;1;0;2;-12,38325;-44,94345;"SR-BA";"UOP01";"DEL10"
272519;2020-03-01;"domingo";"04:30:00";"MG";40;614,2;"CONGONHAS";"Falta de Atenção à Condução";"Colisão com objeto estático";"Com Vítimas Feridas";"Plena Noite";"Decrescente";"Nublado";"Simples";"Curva";"Sim";1;0;1;0;0;0;1;1;-20,52978;-43,82351;"SR-MG";"UOP02";"DEL05"
272522;2020-03-01;"domingo";"05:39:00";"RJ";101;307;"SAO GONCALO";"Falta de Atenção à Condução";"Colisão traseira";"Com Vítimas Feridas";"Amanhecer";"Crescente";"Chuva";"Dupla";"Reta";"Não";2;0;1;0;1;0;1;2;-22,79116;-43,01514;"SR-RJ";"UOP01";"DEL02"
272523;2020-03-01;"domingo";"05:00:00";"PR";272;382,6;"CAMPO MOURAO";"Condutor Dormindo";"Saída de leito carroçável";"Com Vítimas Feridas";"Amanhecer";"Crescente";"Céu Claro";"Simples";"Curva";"Não";3;0;3;0;0;0;3;1;-24,05307;-52,53905;"SR-PR";"UOP03";"DEL09"
272524;2020-03-01;"domingo";"06:20:00";"PE";101;65,5;"RECIFE";"Falta de Atenção à Condução";"Colisão traseira";"Com Vítimas Feridas";"Pleno dia";"Decrescente";"Nublado";"Dupla";"Curva";"Sim";2;0;1;0;1;0;1;2;-8,024786;-34,94277;"SR-PE";"UOP01";"DEL01"
272525;2020-03-01;"domingo";"06:30:00";"PE";101;30;"IGARASSU";"Falta de Atenção à Condução";"Queda de ocupante de veículo";"Com Vítimas Feridas";"Pleno dia";"Decrescente";"Céu Claro";"Dupla";"Reta";"Sim";2;0;2;0;0;0;2;1;-7,738162;-34,94266;"SR-PE";"UOP02";"DEL01"
272526;2020-03-01;"domingo";"04:10:00";"MA";222;677,1;"ACAILANDIA";"Ingestão de Álcool";"Colisão traseira";"Com Vítimas Feridas";"Plena Noite";"Crescente";"Nublado";"Simples";"Reta";"Sim";3;0;1;0;0;2;1;3;-4,947465;-47,47679;"SR-MA";"UOP03";"DEL04"
272527;2020-03-01;"domingo";"07:00:00";"RJ";40;62;"PETROPOLIS";"Avarias e/ou desgaste excessivo no pneu";"Colisão com objeto estático";"Com Vítimas Feridas";"Pleno dia";"Crescente";"Chuva";"Dupla";"Curva";"Sim";1;0;1;0;0;0;1;1;-22,40542;-43,14665;"SR-RJ";"UOP01";"DEL06"
272528;2020-03-01;"domingo";"06:35:00";"SC";101;208;"SAO JOSE";"Ingestão de Álcool";"Colisão com objeto estático";"Sem Vítimas";"Pleno dia";"Decrescente";"Céu Claro";"Dupla";"Reta";"Sim";1;0;0;0;1;0;0;1;-27,60328;-48,63202;"SR-SC";"UOP01";"DEL01"
272529;2020-03-01;"domingo";"07:10:00";"MG";381;510;"SAO JOAQUIM DE BICAS";"Desobediência às normas de trânsito pelo condutor";"Colisão transversal";"Com Vítimas Feridas";"Pleno dia";"Decrescente";"Céu Claro";"Múltipla";"Interseção de vias";"Sim";2;0;0;1;1;0;1;2;-20,07738;-44,30434;"SR-MG";"UOP03";"DEL01"
272530;2020-02-21;"sexta-feira";"18:00:00";"RO";364;383,4;"OURO PRETO DO OESTE";"Ingestão de Álcool";"Colisão frontal";"Sem Vítimas";"Anoitecer";"Crescente";"Garoa/Chuvisco";"Simples";"Desvio Temporário";"Sim";2;0;0;0;2;0;0;2;-10,72104;-62,24385;"SR-RO";"UOP01";"DEL02"
272531;2020-03-01;"domingo";"02:00:00";"SE";101;154,1;"ESTANCIA";"Não guardar distância de segurança";"Queda de ocupante de veículo";"Com Vítimas Feridas";"Plena Noite";"Decrescente";"Ignorado";"Simples";"Reta";"Sim";2;0;1;0;0;1;1;2;-11,27698;-37,44948;"SR-SE";"UOP01";"DEL02"
272532;2020-03-01;"domingo";"07:45:00";"ES";101;144;"LINHARES";"Falta de Atenção à Condução";"Colisão traseira";"Com Vítimas Feridas";"Pleno dia";"Decrescente";"Céu Claro";"Simples";"Reta";"Sim";2;0;0;1;1;0;1;2;-19,35188;-40,06367;"SR-ES";"UOP01";"DEL04"
272533;2020-03-01;"domingo";"06:00:00";"MT";70;742;"CACERES";"Falta de Atenção à Condução";"Colisão traseira";"Sem Vítimas";"Amanhecer";"Crescente";"Céu Claro";"Simples";"Reta";"Não";2;0;0;0;2;0;0;2;-16,08987;-57,69102;"SR-MT";"UOP01";"DEL03"
272534;2020-03-01;"domingo";"03:15:00";"PR";163;283;"MARECHAL CANDIDO RONDON";"Falta de Atenção à Condução";"Saída de leito carroçável";"Sem Vítimas";"Plena Noite";"Decrescente";"Céu Claro";"Simples";"Reta";"Sim";2;0;0;0;1;1;0;1;-24,57865;-53,99236;"SR-PR";"UOP04";"DEL06"
272536;2020-03-01;"domingo";"05:50:00";"MS";262;361,7;"CAMPO GRANDE";"Falta de Atenção à Condução";"Saída de leito carroçável";"Com Vítimas Fatais";"Amanhecer";"Decrescente";"Céu Claro";"Dupla";"Rotatória";"Não";1;1;0;0;0;0;0;1;-20,51894;-54,71595;"SR-MS";"UOP03";"DEL01"
272537;2020-03-01;"domingo";"06:10:00";"MG";116;413;"GOVERNADOR VALADARES";"Velocidade Incompatível";"Colisão com objeto estático";"Sem Vítimas";"Pleno dia";"Decrescente";"Nublado";"Simples";"Reta";"Sim";1;0;0;0;1;0;0;1;-18,87391;-41,96637;"SR-MG";"UOP01";"DEL06"
272538;2020-02-10;"segunda-feira";"13:50:00";"SC";101;53,6;"JOINVILLE";"Falta de Atenção à Condução";"Capotamento";"Com Vítimas Feridas";"Pleno dia";"Decrescente";"Chuva";"Simples";"Curva";"Não";1;0;1;0;0;0;1;1;-26,40231;-48,8397;"SR-SC";"DEL8/3";"UOP01/SC"
272540;2020-03-01;"domingo";"08:15:00";"RS";386;393;"TRIUNFO";"Falta de Atenção à Condução";"Queda de ocupante de veículo";"Com Vítimas Feridas";"Pleno dia";"Crescente";"Céu Claro";"Dupla";"Reta";"Não";1;0;1;0;0;0;1;1;-29,71176;-51,64938;"SR-RS";"UOP02";"DEL04"
272541;2020-03-01;"domingo";"07:30:00";"MG";365;628,8;"UBERLANDIA";"Ingestão de Álcool";"Colisão lateral";"Sem Vítimas";"Pleno dia";"Crescente";"Nublado";"Dupla";"Curva";"Sim";2;0;0;0;2;0;0;2;-18,90176;-48,35287;"SR-MG";"UOP01";"DEL15"
272543;2020-03-01;"domingo";"07:00:00";"RJ";40;110;"DUQUE DE CAXIAS";"Avarias e/ou desgaste excessivo no pneu";"Colisão traseira";"Com Vítimas Feridas";"Pleno dia";"Decrescente";"Garoa/Chuvisco";"Múltipla";"Reta";"Sim";3;0;1;0;2;0;1;2;-22,6829;-43,28549;"SR-RJ";"UOP01";"DEL01"
272544;2020-03-01;"domingo";"07:30:00";"RJ";40;110;"DUQUE DE CAXIAS";"Pista Escorregadia";"Colisão traseira";"Sem Vítimas";"Pleno dia";"Decrescente";"Garoa/Chuvisco";"Dupla";"Reta";"Sim";2;0;0;0;2;0;0;2;-22,6829;-43,28549;"SR-RJ";"UOP01";"DEL01"
272545;2020-03-01;"domingo";"07:50:00";"CE";222;2;"CAUCAIA";"Falta de Atenção à Condução";"Colisão traseira";"Com Vítimas Feridas";"Pleno dia";"Crescente";"Nublado";"Simples";"Reta";"Sim";3;0;1;0;2;0;1;3;-3,735317;-38,66497;"SR-CE";"UOP01";"DEL01"
272547;2020-03-01;"domingo";"08:07:00";"PR";116;132;"FAZENDA RIO GRANDE";"Pista Escorregadia";"Colisão com objeto estático";"Com Vítimas Feridas";"Pleno dia";"Crescente";"Sol";"Simples";"Curva";"Sim";1;0;1;0;0;0;1;1;-25,65734;-49,31213;"SR-PR";"UOP03";"DEL01"
272548;2020-03-01;"domingo";"08:30:00";"RJ";101;307;"SAO GONCALO";"Pista Escorregadia";"Colisão com objeto estático";"Com Vítimas Feridas";"Pleno dia";"Crescente";"Chuva";"Dupla";"Desvio Temporário";"Sim";1;0;1;0;0;0;1;1;-22,79116;-43,01514;"SR-RJ";"UOP01";"DEL02"
272549;2020-03-01;"domingo";"09:05:00";"PE";101;53,9;"PAULISTA";"Falta de Atenção do Pedestre";"Atropelamento de Pedestre";"Com Vítimas Fatais";"Pleno dia";"Crescente";"Nublado";"Dupla";"Reta";"Sim";2;1;0;0;1;0;0;1;-7,931241;-34,90069;"SR-PE";"UOP02";"DEL01"
272550;2020-03-01;"domingo";"08:40:00";"TO";153;143;"ARAGUAINA";"Ingestão de Álcool";"Colisão com objeto estático";"Com Vítimas Feridas";"Pleno dia";"Decrescente";"Sol";"Múltipla";"Interseção de vias";"Sim";1;0;1;0;0;0;1;1;-7,188663;-48,23208;"SR-TO";"UOP04";"DEL02"
272551;2020-03-01;"domingo";"06:40:00";"GO";60;387;"RIO VERDE";"Falta de Atenção à Condução";"Saída de leito carroçável";"Sem Vítimas";"Amanhecer";"Crescente";"Sol";"Dupla";"Não Informado";"Sim";1;0;0;0;0;1;0;1;-17,8098;-50,9267;"SR-GO";"UOP01";"DEL04"
272552;2020-03-01;"domingo";"08:20:00";"PR";476;242;"LAPA";"Velocidade Incompatível";"Colisão lateral";"Com Vítimas Fatais";"Pleno dia";"Decrescente";"Céu Claro";"Simples";"Curva";"Não";2;1;0;0;1;0;0;2;-25,85877;-50,08609;"SR-PR";"UOP05";"DEL03"
272553;2020-03-01;"domingo";"08:20:00";"RS";293;49,9;"CERRITO";"Desobediência às normas de trânsito pelo condutor";"Colisão transversal";"Com Vítimas Feridas";"Pleno dia";"Crescente";"Sol";"Simples";"Não Informado";"Não";4;0;2;0;2;0;2;2;-31,7297;-52,83463;"SR-RS";"UOP01";"DEL07"
272555;2020-03-01;"domingo";"07:30:00";"MA";135;21;"SAO LUIS";"Pista Escorregadia";"Saída de leito carroçável";"Com Vítimas Feridas";"Pleno dia";"Decrescente";"Garoa/Chuvisco";"Dupla";"Reta";"Sim";1;0;1;0;0;0;1;1;-2,53073;-44,3068;"SR-MA";"UOP01";"DEL01"
272556;2020-03-01;"domingo";"10:00:00";"CE";116;496,9;"BREJO SANTO";"Falta de Atenção à Condução";"Saída de leito carroçável";"Com Vítimas Feridas";"Pleno dia";"Decrescente";"Céu Claro";"Simples";"Reta";"Não";3;0;1;0;2;0;1;1;-7,409573;-38,96641;"SR-CE";"UOP03";"DEL05"
272557;2020-03-01;"domingo";"09:15:00";"PR";376;652;"TIJUCAS DO SUL";"Velocidade Incompatível";"Capotamento";"Com Vítimas Feridas";"Pleno dia";"Decrescente";"Sol";"Dupla";"Curva";"Não";2;0;1;0;1;0;1;1;-25,84616;-49,06888;"SR-PR";"UOP05";"DEL01"
272558;2020-03-01;"domingo";"09:10:00";"MS";60;379,1;"CAMPO GRANDE";"Não guardar distância de segurança";"Colisão traseira";"Com Vítimas Feridas";"Pleno dia";"Decrescente";"Céu Claro";"Simples";"Reta";"Não";3;0;0;1;1;1;1;2;-20,61744;-54,74538;"SR-MS";"UOP04";"DEL01"
272559;2020-03-01;"domingo";"10:00:00";"RS";116;235,1;"NOVO HAMBURGO";"Falta de Atenção à Condução";"Colisão traseira";"Com Vítimas Feridas";"Pleno dia";"Decrescente";"Sol";"Dupla";"Reta";"Não";3;0;2;0;1;0;2;2;-29,66038;-51,14387;"SR-RS";"UOP02";"DEL01"
272560;2020-03-01;"domingo";"10:20:00";"SC";470;60,9;"BLUMENAU";"Ultrapassagem Indevida";"Colisão lateral";"Com Vítimas Feridas";"Pleno dia";"Crescente";"Céu Claro";"Simples";"Reta";"Não";2;0;1;0;1;0;1;2;-26,88138;-49,16454;"SR-SC";"UOP01";"DEL04"
272561;2020-03-01;"domingo";"09:25:00";"SC";101;79;"ARAQUARI";"Ingestão de Álcool";"Colisão transversal";"Sem Vítimas";"Pleno dia";"Decrescente";"Céu Claro";"Dupla";"Reta";"Não";2;0;0;0;2;0;0;2;-26,5856;-48,72192;"SR-SC";"UOP02";"DEL03"
272562;2020-03-01;"domingo";"09:05:00";"CE";304;96,5;"ARACATI";"Falta de Atenção à Condução";"Tombamento";"Com Vítimas Feridas";"Pleno dia";"Decrescente";"Céu Claro";"Simples";"Não Informado";"Não";2;0;2;0;0;0;2;1;-4,843502;-37,4707;"SR-CE";"UOP03";"DEL03"
272563;2020-03-01;"domingo";"09:50:00";"RO";319;63;"PORTO VELHO";"Falta de Atenção à Condução";"Colisão lateral";"Com Vítimas Feridas";"Pleno dia";"Crescente";"Chuva";"Dupla";"Não Informado";"Sim";2;0;1;0;1;0;1;2;-8,766685;-63,88405;"SR-RO";"UOP01";"DEL01"
272564;2020-03-01;"domingo";"10:15:00";"SP";488;0,9;"APARECIDA";"Desobediência às normas de trânsito pelo condutor";"Colisão transversal";"Com Vítimas Feridas";"Pleno dia";"Decrescente";"Nublado";"Dupla";"Reta";"Sim";3;0;3;0;0;0;3;2;-22,85095;-45,23209;"SR-SP";"UOP02";"DEL08"
272565;2020-03-01;"domingo";"10:15:00";"PR";476;290;"SAO MATEUS DO SUL";"Defeito Mecânico no Veículo";"Tombamento";"Com Vítimas Feridas";"Pleno dia";"Crescente";"Céu Claro";"Simples";"Reta";"Não";3;0;3;0;0;0;3;1;-25,9358;-50,48078;"SR-PR";"UOP05";"DEL03"
272566;2020-03-01;"domingo";"09:00:00";"RJ";40;78;"PETROPOLIS";"Pista Escorregadia";"Saída de leito carroçável";"Com Vítimas Feridas";"Pleno dia";"Crescente";"Chuva";"Simples";"Curva";"Não";3;0;3;0;0;0;3;1;-22,48486;-43,22843;"SR-RJ";"UOP03";"DEL06"
272567;2020-03-01;"domingo";"11:00:00";"PR";376;617;"SAO JOSE DOS PINHAIS";"Falta de Atenção à Condução";"Colisão lateral";"Com Vítimas Fatais";"Pleno dia";"Crescente";"Céu Claro";"Dupla";"Reta";"Sim";4;1;0;1;2;0;1;3;-25,58591;-49,17401;"SR-PR";"UOP01";"DEL01"
272568;2020-03-01;"domingo";"12:15:00";"SE";101;36,1;"CAPELA";"Falta de Atenção à Condução";"Tombamento";"Com Vítimas Feridas";"Pleno dia";"Decrescente";"Céu Claro";"Simples";"Não Informado";"Não";2;0;1;1;0;0;2;1;-10,48913;-36,94451;"SR-SE";"UOP02";"DEL02"
272570;2020-03-01;"domingo";"12:30:00";"PE";101;50;"ABREU E LIMA";"Falta de Atenção à Condução";"Colisão transversal";"Com Vítimas Feridas";"Pleno dia";"Decrescente";"Sol";"Dupla";"Reta";"Sim";2;0;1;0;1;0;1;2;-7,909386;-34,90123;"SR-PE";"UOP02";"DEL01"
272571;2020-03-01;"domingo";"12:45:00";"RS";116;510,1;"PELOTAS";"Desobediência às normas de trânsito pelo condutor";"Colisão transversal";"Com Vítimas Feridas";"Pleno dia";"Crescente";"Céu Claro";"Simples";"Reta";"Não";2;0;0;1;1;0;1;2;-31,62287;-52,31519;"SR-RS";"UOP01";"DEL07"
272572;2020-03-01;"domingo";"12:45:00";"PB";101;83,5;"BAYEUX";"Falta de Atenção à Condução";"Tombamento";"Com Vítimas Feridas";"Pleno dia";"Decrescente";"Nublado";"Dupla";"Reta";"Sim";1;0;0;1;0;0;1;1;-7,13377;-34,92964;"SR-PB";"UOP01";"DEL01"
272573;2020-03-01;"domingo";"11:45:00";"RN";304;296,8;"MACAIBA";"Falta de Atenção à Condução";"Colisão lateral";"Com Vítimas Feridas";"Pleno dia";"Crescente";"Chuva";"Dupla";"Reta";"Não";2;0;1;0;1;0;1;2;-5,864849;-35,34931;"SR-RN";"UOP02";"DEL01"
272574;2020-03-01;"domingo";"12:00:00";"SC";470;50;"BLUMENAU";"Falta de Atenção à Condução";"Colisão frontal";"Com Vítimas Feridas";"Pleno dia";"Crescente";"Céu Claro";"Simples";"Curva";"Não";3;0;1;1;1;0;2;2;-26,85977;-49,07449;"SR-SC";"UOP01";"DEL04"
272575;2020-03-01;"domingo";"12:20:00";"RJ";393;105,9;"SAPUCAIA";"Falta de Atenção à Condução";"Colisão traseira";"Com Vítimas Feridas";"Pleno dia";"Decrescente";"Nublado";"Simples";"Reta";"Não";2;0;1;0;1;0;1;2;-21,87424;-42,66758;"SR-RJ";"UOP01";"DEL04"
272576;2020-03-01;"domingo";"09:40:00";"RJ";393;105,3;"SAPUCAIA";"Avarias e/ou desgaste excessivo no pneu";"Saída de leito carroçável";"Com Vítimas Feridas";"Pleno dia";"Decrescente";"Nublado";"Simples";"Reta";"Não";1;0;1;0;0;0;1;1;-21,88391;-42,69122;"SR-RJ";"UOP01";"DEL04"
272577;2020-03-01;"domingo";"12:30:00";"SC";101;226;"PALHOCA";"Defeito Mecânico no Veículo";"Queda de ocupante de veículo";"Com Vítimas Feridas";"Pleno dia";"Decrescente";"Céu Claro";"Múltipla";"Reta";"Não";2;0;2;0;0;0;2;1;-27,742;-48,63807;"SR-SC";"UOP02";"DEL01"
272578;2020-03-01;"domingo";"08:50:00";"SC";153;80,9;"IRANI";"Velocidade Incompatível";"Tombamento";"Sem Vítimas";"Amanhecer";"Crescente";"Céu Claro";"Simples";"Curva";"Não";1;0;0;0;1;0;0;1;-27,11752;-51,91481;"SR-SC";"UOP05";"DEL07"
272579;2020-03-01;"domingo";"13:00:00";"RJ";101;48;"CAMPOS DOS GOYTACAZES";"Falta de Atenção à Condução";"Colisão lateral";"Com Vítimas Feridas";"Pleno dia";"Crescente";"Nublado";"Simples";"Reta";"Não";8;0;1;0;7;0;1;2;-21,61626;-41,31536;"SR-RJ";"UOP01";"DEL08"
272580;2020-03-01;"domingo";"13:15:00";"MG";40;462;"SETE LAGOAS";"Defeito Mecânico no Veículo";"Colisão traseira";"Com Vítimas Feridas";"Pleno dia";"Decrescente";"Chuva";"Dupla";"Reta";"Não";5;0;3;0;2;0;3;2;-19,41369;-44,33879;"SR-MG";"UOP01";"DEL02"
272581;2020-02-27;"quinta-feira";"04:50:00";"SC";282;33,2;"AGUAS MORNAS";"Ultrapassagem Indevida";"Tombamento";"Sem Vítimas";"Plena Noite";"Decrescente";"Céu Claro";"Simples";"Não Informado";"Não";1;0;0;0;1;0;0;1;-27,70659;-48,80814;"SR-SC";"UOP03";"DEL01"
272583;2020-03-01;"domingo";"13:30:00";"SP";153;205,7;"GUAIMBE";"Falta de Atenção à Condução";"Colisão transversal";"Com Vítimas Feridas";"Pleno dia";"Crescente";"Nublado";"Simples";"Não Informado";"Não";2;0;1;1;0;0;2;2;-21,86448;-49,90661;"SR-SP";"UOP01";"DEL07"
272584;2020-03-01;"domingo";"12:00:00";"MT";364;241;"JUSCIMEIRA";"Defeito na Via";"Saída de leito carroçável";"Com Vítimas Feridas";"Pleno dia";"Crescente";"Sol";"Dupla";"Reta";"Não";5;0;5;0;0;0;5;1;-16,17086;-54,79227;"SR-MT";"UOP01";"DEL02"
272585;2020-03-01;"domingo";"13:00:00";"PB";230;37;"SANTA RITA";"Falta de Atenção à Condução";"Saída de leito carroçável";"Com Vítimas Feridas";"Pleno dia";"Decrescente";"Céu Claro";"Dupla";"Reta";"Sim";3;0;2;1;0;0;3;1;-7,1293;-34,9536;"SR-PB";"UOP02";"DEL01"
272587;2020-03-01;"domingo";"12:00:00";"SC";470;147;"LAURENTINO";"Desobediência às normas de trânsito pelo condutor";"Colisão transversal";"Com Vítimas Feridas";"Pleno dia";"Crescente";"Sol";"Simples";"Reta";"Sim";4;0;3;0;1;0;3;2;-27,24344;-49,69002;"SR-SC";"UOP02";"DEL04"
272588;2020-03-01;"domingo";"14:00:00";"GO";60;61,5;"ABADIANIA";"Velocidade Incompatível";"Saída de leito carroçável";"Com Vítimas Feridas";"Pleno dia";"Decrescente";"Céu Claro";"Dupla";"Reta";"Não";1;0;1;0;0;0;1;1;-16,1903;-48,7114;"SR-GO";"UOP01";"DEL02"
272589;2020-03-01;"domingo";"08:10:00";"MG";116;124,2;"ITAOBIM";"Agressão Externa";"Tombamento";"Com Vítimas Feridas";"Pleno dia";"Decrescente";"Céu Claro";"Simples";"Curva";"Não";2;0;2;0;0;0;2;1;-16,636;-41,50255;"SR-MG";"UOP02";"DEL11"
272590;2020-03-01;"domingo";"13:20:00";"MG";262;371,5;"JUATUBA";"Pista Escorregadia";"Saída de leito carroçável";"Com Vítimas Feridas";"Pleno dia";"Crescente";"Chuva";"Dupla";"Reta";"Não";1;0;1;0;0;0;1;1;-19,95633;-44,36523;"SR-MG";"UOP03";"DEL01"
272591;2020-03-01;"domingo";"14:00:00";"PA";230;118,5;"MARABA";"Não guardar distância de segurança";"Colisão traseira";"Com Vítimas Feridas";"Pleno dia";"Decrescente";"Sol";"Dupla";"Reta";"Sim";3;0;2;0;1;0;2;2;-5,351937;-49,09794;"SR-PA";"UOP01";"DEL03"
272592;2020-03-01;"domingo";"07:10:00";"TO";153;678,2;"GURUPI";"Defeito na Via";"Tombamento";"Com Vítimas Feridas";"Pleno dia";"Crescente";"Céu Claro";"Simples";"Não Informado";"Não";2;0;1;0;1;0;1;2;-11,7746;-49,10745;"SR-TO";"UOP01";"DEL02"
272593;2020-03-01;"domingo";"14:00:00";"GO";40;135,2;"CRISTALINA";"Pista Escorregadia";"Saída de leito carroçável";"Com Vítimas Feridas";"Pleno dia";"Crescente";"Chuva";"Simples";"Curva";"Não";2;0;2;0;0;0;2;1;-16,93877;-47,32034;"SR-DF";"UOP04";"DEL01"
272594;2020-03-01;"domingo";"14:30:00";"ES";101;271,8;"SERRA";"Falta de Atenção à Condução";"Colisão lateral";"Com Vítimas Feridas";"Pleno dia";"Crescente";"Nublado";"Múltipla";"Não Informado";"Sim";3;0;1;0;2;0;1;3;-20,22923;-40,28221;"SR-ES";"UOP01";"DEL02"
272595;2020-03-01;"domingo";"14:30:00";"GO";153;415,4;"ANAPOLIS";"Defeito na Via";"Colisão frontal";"Com Vítimas Fatais";"Pleno dia";"Crescente";"Chuva";"Simples";"Não Informado";"Não";4;1;1;2;0;0;3;2;-16,13703;-49,04803;"SR-GO";"UOP01";"DEL02"
272596;2020-03-01;"domingo";"10:10:00";"MG";381;528,1;"BRUMADINHO";"Pista Escorregadia";"Saída de leito carroçável";"Com Vítimas Fatais";"Pleno dia";"Crescente";"Nublado";"Dupla";"Não Informado";"Não";5;2;3;0;0;0;3;1;-20,16368;-44,36025;"SR-MG";"UOP03";"DEL04"
272597;2020-03-01;"domingo";"14:10:00";"SC";101;378,3;"ICARA";"Falta de Atenção à Condução";"Colisão frontal";"Com Vítimas Feridas";"Pleno dia";"Decrescente";"Céu Claro";"Dupla";"Retorno Regulamentado";"Não";3;0;2;0;1;0;2;2;-28,75175;-49,2703;"SR-SC";"UOP01";"DEL02"
272598;2020-03-01;"domingo";"12:30:00";"AL";104;59,1;"MURICI";"Desobediência às normas de trânsito pelo condutor";"Colisão transversal";"Com Vítimas Feridas";"Pleno dia";"Decrescente";"Céu Claro";"Simples";"Rotatória";"Não";2;0;0;1;1;0;1;2;-9,307252;-35,94003;"SR-AL";"UOP02";"DEL01"
272599;2020-03-01;"domingo";"15:00:00";"SC";101;128;"CAMBORIU";"Defeito Mecânico no Veículo";"Tombamento";"Com Vítimas Feridas";"Pleno dia";"Crescente";"Sol";"Dupla";"Reta";"Não";2;0;2;0;0;0;2;1;-26,97284;-48,68299;"SR-SC";"UOP03";"DEL04"
272600;2020-03-01;"domingo";"14:00:00";"SC";101;256;"PAULO LOPES";"Falta de Atenção à Condução";"Saída de leito carroçável";"Sem Vítimas";"Pleno dia";"Crescente";"Céu Claro";"Dupla";"Curva";"Não";1;0;0;0;1;0;0;1;-27,99084;-48,68057;"SR-SC";"UOP03";"DEL02"