"id";"data_inversa";"dia_semana";"horario";"uf";"br";"km";"municipio";"causa_acidente";"tipo_acidente";"classificacao_acidente";"fase_dia";"sentido_via";"condicao_metereologica";"tipo_pista";"tracado_via";"uso_solo";"pessoas";"mortos";"feridos_leves";"feridos_graves";"ilesos";"ignorados";"feridos";"veiculos";"latitude";"longitude";"regional";"delegacia";"uop"
272601;2020-03-01;"domingo";"15:00:00";"MG";40;522;"CONTAGEM";"Velocidade Incompatível";"Colisão com objeto estático";"Com Vítimas Feridas";"Pleno dia";"Crescente";"Chuva";"Dupla";"Reta";"Não";3;0;0;1;2;0;1;3;-19,86387;-44,0675;"SR-MG";"UOP02";"DEL01"
272602;2020-03-01;"domingo";"13:40:00";"MA";10;128;"ESTREITO";"Ingestão de Álcool";"Colisão frontal";"Com Vítimas Feridas";"Pleno dia";"Decrescente";"Céu Claro";"Múltipla";"Rotatória";"Sim";3;0;0;1;2;0;1;2;-6,55767;-47,45023;"SR-MA";"UOP02";"DEL04"
272603;2020-03-01;"domingo";"14:55:00";"RJ";116;194;"QUEIMADOS";"Pista Escorregadia";"Saída de leito carroçável";"Com Vítimas Feridas";"Pleno dia";"Decrescente";"Chuva";"Dupla";"Reta";"Não";2;0;1;0;1;0;1;1;-22,7323;-43,58953;"SR-RJ";"UOP02";"DEL01"
272604;2020-03-01;"domingo";"13:35:00";"SC";101;64,4;"ARAQUARI";"Não guardar distância de segurança";"Colisão traseira";"Com Vítimas Feridas";"Pleno dia";"Decrescente";"Céu Claro";"Simples";"Reta";"Não";4;0;1;0;1;2;1;2;-26,46433;-48,75063;"SR-SC";"UOP02";"DEL03"
272606;2020-03-01;"domingo";"15:15:00";"CE";116;9,2;"FORTALEZA";"Falta de Atenção do Pedestre";"Atropelamento de Pedestre";"Com Vítimas Fatais";"Pleno dia";"Crescente";"Céu Claro";"Dupla";"Reta";"Sim";2;1;0;0;1;0;0;1;-3,827791;-38,50486;"SR-CE";"UOP02";"DEL01"
272607;2020-03-01;"domingo";"14:50:00";"MS";262;366,9;"CAMPO GRANDE";"Ingestão de Álcool";"Colisão traseira";"Com Vítimas Feridas";"Pleno dia";"Crescente";"Céu Claro";"Simples";"Rotatória";"Sim";2;0;0;1;1;0;1;2;-20,47845;-54,75012;"SR-MS";"UOP03";"DEL01"
272608;2020-03-01;"domingo";"15:40:00";"PR";376;450,9;"TIBAGI";"Velocidade Incompatível";"Tombamento";"Com Vítimas Feridas";"Pleno dia";"Crescente";"Céu Claro";"Dupla";"Curva";"Não";2;0;1;1;0;0;2;1;-24,94239;-50,40225;"SR-PR";"UOP04";"DEL03"
272609;2020-03-01;"domingo";"14:15:00";"BA";101;892;"CARAVELAS";"Defeito Mecânico no Veículo";"Incêndio";"Sem Vítimas";"Pleno dia";"Crescente";"Sol";"Simples";"Reta";"Não";2;0;0;0;2;0;0;1;-17,56439;-39,72561;"SR-BA";"UOP02";"DEL09"
272610;2020-03-01;"domingo";"13:30:00";"MA";10;247,9;"IMPERATRIZ";"Desobediência às normas de trânsito pelo condutor";"Colisão lateral";"Com Vítimas Feridas";"Pleno dia";"Decrescente";"Céu Claro";"Simples";"Reta";"Sim";3;0;2;0;1;0;2;2;-5,573772;-47,44389;"SR-MA";"UOP01";"DEL04"
272611;2020-02-26;"quarta-feira";"11:30:00";"RJ";101;334;"RIO DE JANEIRO";"Defeito Mecânico no Veículo";"Queda de ocupante de veículo";"Com Vítimas Feridas";"Pleno dia";"Crescente";"Céu Claro";"Dupla";"Reta";"Sim";2;0;1;0;1;0;1;1;-22,88518;-43,21704;"SR-RJ";"UOP01";"DEL02"
272612;2020-03-01;"domingo";"16:00:00";"SC";101;79,8;"BARRA VELHA";"Falta de Atenção à Condução";"Colisão traseira";"Sem Vítimas";"Pleno dia";"Decrescente";"Céu Claro";"Dupla";"Reta";"Não";2;0;0;0;2;0;0;2;-26,59614;-48,7228;"SR-SC";"UOP02";"DEL03"
272613;2020-03-01;"domingo";"15:15:00";"PB";101;61,8;"SANTA RITA";"Desobediência às normas de trânsito pelo condutor";"Colisão transversal";"Com Vítimas Feridas";"Pleno dia";"Crescente";"Nublado";"Dupla";"Reta";"Não";2;0;1;0;0;1;1;2;-7,009494;-35,06072;"SR-PB";"UOP03";"DEL01"
272614;2020-03-01;"domingo";"15:00:00";"DF";251;25,6;"BRASILIA";"Falta de Atenção à Condução";"Saída de leito carroçável";"Com Vítimas Feridas";"Pleno dia";"Crescente";"Nublado";"Dupla";"Reta";"Não";1;0;1;0;0;0;1;1;-15,9494;-47,67579;"SR-DF";"UOP01";"DEL01"
272615;2020-03-01;"domingo";"15:45:00";"PR";116;60;"CAMPINA GRANDE DO SUL";"Velocidade Incompatível";"Tombamento";"Com Vítimas Feridas";"Pleno dia";"Crescente";"Chuva";"Dupla";"Reta";"Não";1;0;1;0;0;0;1;1;-25,3044;-48,95341;"SR-PR";"UOP02";"DEL01"
272616;2020-03-01;"domingo";"13:42:00";"GO";60;37,5;"ALEXANIA";"Velocidade Incompatível";"Saída de leito carroçável";"Com Vítimas Feridas";"Pleno dia";"Crescente";"Chuva";"Dupla";"Desvio Temporário";"Não";1;0;0;1;0;0;1;1;-16,1147;-48,5387;"SR-DF";"UOP02";"DEL01"
272617;2020-03-01;"domingo";"11:20:00";"BA";101;669,3;"ITAPEBI";"Velocidade Incompatível";"Saída de leito carroçável";"Com Vítimas Feridas";"Pleno dia";"Decrescente";"Sol";"Simples";"Não Informado";"Não";1;0;0;1;0;0;1;1;-16,00886;-39,60365;"SR-BA";"UOP01";"DEL09"
272618;2020-03-01;"domingo";"13:30:00";"BA";110;334,5;"ALAGOINHAS";"Desobediência às normas de trânsito pelo condutor";"Colisão transversal";"Com Vítimas Feridas";"Pleno dia";"Decrescente";"Céu Claro";"Simples";"Interseção de vias";"Sim";2;0;1;0;1;0;1;2;-12,15969;-38,41169;"SR-BA";"UOP04";"DEL01"
272619;2020-03-01;"domingo";"15:30:00";"BA";116;350;"SERRINHA";"Desobediência às normas de trânsito pelo condutor";"Tombamento";"Com Vítimas Feridas";"Pleno dia";"Decrescente";"Céu Claro";"Simples";"Reta";"Sim";2;0;0;1;0;1;1;1;-11,59122;-38,98584;"SR-BA";"UOP01";"DEL02"
272621;2020-03-01;"domingo";"14:29:00";"RS";470;229;"GARIBALDI";"Falta de Atenção à Condução";"Saída de leito carroçável";"Com Vítimas Feridas";"Pleno dia";"Crescente";"Céu Claro";"Simples";"Reta";"Não";2;0;1;0;1;0;1;1;-29,2186;-51,51677;"SR-RS";"UOP01";"DEL06"
272622;2020-03-01;"domingo";"16:20:00";"SE";101;11,2;"CEDRO DE SAO JOAO";"Não guardar distância de segurança";"Colisão traseira";"Com Vítimas Feridas";"Pleno dia";"Decrescente";"Céu Claro";"Simples";"Reta";"Não";7;0;3;0;3;1;3;2;-10,28768;-36,87861;"SR-SE";"UOP02";"DEL02"
272623;2020-03-01;"domingo";"15:55:00";"SC";101;310,2;"LAGUNA";"Defeito Mecânico no Veículo";"Colisão traseira";"Com Vítimas Feridas";"Pleno dia";"Decrescente";"Céu Claro";"Múltipla";"Reta";"Não";3;0;1;0;2;0;1;2;-28,41679;-48,79529;"SR-SC";"UOP01";"DEL02"
272624;2020-03-01;"domingo";"17:20:00";"PR";476;138;"CURITIBA";"Defeito Mecânico no Veículo";"Colisão transversal";"Com Vítimas Feridas";"Pleno dia";"Decrescente";"Nublado";"Dupla";"Não Informado";"Sim";3;0;1;0;2;0;1;3;-25,50556;-49,28342;"SR-PR";"UOP03";"DEL01"
272625;2020-03-01;"domingo";"16:40:00";"RS";290;40;"SANTO ANTONIO DA PATRULHA";"Falta de Atenção à Condução";"Tombamento";"Com Vítimas Feridas";"Pleno dia";"Decrescente";"Céu Claro";"Dupla";"Reta";"Não";1;0;1;0;0;0;1;1;-29,88617;-50,65858;"SR-RS";"UOP01";"DEL03"
272627;2020-03-01;"domingo";"16:10:00";"PR";376;256;"CALIFORNIA";"Falta de Atenção à Condução";"Colisão traseira";"Com Vítimas Feridas";"Pleno dia";"Decrescente";"Céu Claro";"Simples";"Reta";"Sim";10;0;1;0;9;0;1;3;-23,67759;-51,35313;"SR-PR";"UOP03";"DEL07"
272628;2020-03-01;"domingo";"16:40:00";"SP";116;221,1;"GUARULHOS";"Falta de Atenção à Condução";"Colisão traseira";"Com Vítimas Feridas";"Pleno dia";"Decrescente";"Nublado";"Múltipla";"Reta";"Sim";2;0;1;0;1;0;1;2;-23,4684;-46,50841;"SR-SP";"UOP01";"DEL01"
272629;2020-03-01;"domingo";"16:30:00";"MG";40;734,9;"SANTOS DUMONT";"Pista Escorregadia";"Colisão frontal";"Com Vítimas Fatais";"Plena Noite";"Decrescente";"Chuva";"Simples";"Reta";"Não";2;1;0;0;1;0;0;2;-21,36248;-43,57519;"SR-MG";"UOP01";"DEL05"
272630;2020-03-01;"domingo";"17:00:00";"RJ";116;122;"MAGE";"Avarias e/ou desgaste excessivo no pneu";"Saída de leito carroçável";"Com Vítimas Feridas";"Pleno dia";"Crescente";"Garoa/Chuvisco";"Dupla";"Reta";"Não";3;0;1;0;2;0;1;1;-22,65552;-43,08804;"SR-RJ";"UOP02";"DEL04"
272631;2020-03-01;"domingo";"16:50:00";"PI";343;335;"TERESINA";"Desobediência às normas de trânsito pelo condutor";"Colisão transversal";"Com Vítimas Feridas";"Pleno dia";"Decrescente";"Céu Claro";"Dupla";"Curva";"Não";2;0;1;0;0;1;1;2;-5,061626;-42,69665;"SR-PI";"UOP01";"DEL01"
272632;2020-03-01;"domingo";"16:30:00";"TO";153;217;"NOVA OLINDA";"Desobediência às normas de trânsito pelo condutor";"Colisão frontal";"Com Vítimas Fatais";"Pleno dia";"Decrescente";"Nublado";"Simples";"Curva";"Não";3;1;0;2;0;0;2;2;-7,793785;-48,46126;"SR-TO";"UOP04";"DEL02"
272634;2020-03-01;"domingo";"15:30:00";"CE";116;62,9;"CHOROZINHO";"Não guardar distância de segurança";"Colisão traseira";"Com Vítimas Feridas";"Pleno dia";"Crescente";"Nublado";"Simples";"Não Informado";"Não";4;0;2;0;1;1;2;2;-4,264018;-38,48897;"SR-CE";"UOP02";"DEL03"
272635;2020-03-01;"domingo";"17:20:00";"PR";277;8,7;"PARANAGUA";"Ingestão de Álcool";"Colisão traseira";"Com Vítimas Feridas";"Pleno dia";"Decrescente";"Nublado";"Dupla";"Não Informado";"Não";6;0;2;0;4;0;2;2;-25,56485;-48,59802;"SR-PR";"UOP07";"DEL01"
272636;2020-03-01;"domingo";"16:30:00";"PR";116;18,5;"ANTONINA";"Velocidade Incompatível";"Colisão com objeto estático";"Com Vítimas Feridas";"Pleno dia";"Decrescente";"Chuva";"Dupla";"Curva";"Não";2;0;2;0;0;0;2;1;-25,10558;-48,71625;"SR-PR";"UOP02";"DEL01"
272637;2020-03-01;"domingo";"17:30:00";"SC";101;139;"BALNEARIO CAMBORIU";"Falta de Atenção à Condução";"Colisão traseira";"Com Vítimas Feridas";"Pleno dia";"Decrescente";"Sol";"Dupla";"Reta";"Não";2;0;1;0;1;0;1;2;-27,02982;-48,60115;"SR-SC";"UOP03";"DEL04"
272638;2020-03-01;"domingo";"17:31:00";"ES";101;147;"LINHARES";"Desobediência às normas de trânsito pelo condutor";"Colisão transversal";"Com Vítimas Feridas";"Anoitecer";"Crescente";"Nublado";"Dupla";"Interseção de vias";"Sim";2;0;1;0;1;0;1;2;-19,37887;-40,06658;"SR-ES";"UOP01";"DEL04"
272639;2020-03-01;"domingo";"16:00:00";"RJ";40;93;"PETROPOLIS";"Pista Escorregadia";"Atropelamento de Pedestre";"Com Vítimas Feridas";"Pleno dia";"Crescente";"Chuva";"Simples";"Curva";"Não";6;0;3;0;3;0;3;3;-22,55543;-43,2583;"SR-RJ";"UOP01";"DEL01"
272640;2020-03-01;"domingo";"18:03:00";"GO";153;586;"PROFESSOR JAMIL";"Velocidade Incompatível";"Colisão traseira";"Com Vítimas Feridas";"Pleno dia";"Crescente";"Céu Claro";"Dupla";"Reta";"Não";3;0;1;1;1;0;2;2;-17,4342;-49,23;"SR-GO";"UOP01";"DEL03"
272641;2020-03-01;"domingo";"17:55:00";"MG";50;180;"UBERABA";"Falta de Atenção à Condução";"Colisão traseira";"Com Vítimas Feridas";"Pleno dia";"Crescente";"Céu Claro";"Dupla";"Reta";"Não";2;0;1;0;1;0;1;2;-19,77708;-47,92327;"SR-MG";"UOP01";"DEL13"
272642;2020-03-01;"domingo";"18:00:00";"RS";116;263;"CANOAS";"Falta de Atenção à Condução";"Colisão traseira";"Com Vítimas Feridas";"Pleno dia";"Crescente";"Céu Claro";"Dupla";"Reta";"Sim";2;0;1;0;1;0;1;2;-29,90545;-51,17674;"SR-RS";"UOP01";"DEL01"
272644;2020-03-01;"domingo";"18:15:00";"GO";60;171,4;"GOIANIA";"Falta de Atenção à Condução";"Colisão com objeto estático";"Com Vítimas Feridas";"Anoitecer";"Crescente";"Céu Claro";"Simples";"Interseção de vias";"Sim";3;0;2;0;1;0;2;1;-16,7333;-49,3996;"SR-GO";"UOP02";"DEL01"
272645;2020-03-01;"domingo";"17:20:00";"MG";251;509;"FRANCISCO SA";"Falta de Atenção à Condução";"Colisão traseira";"Com Vítimas Feridas";"Anoitecer";"Crescente";"Chuva";"Simples";"Curva";"Não";10;0;5;0;5;0;5;7;-16,55576;-43,6072;"SR-MG";"UOP01";"DEL12"
272646;2020-03-01;"domingo";"16:45:00";"MG";251;466;"FRANCISCO SA";"Avarias e/ou desgaste excessivo no pneu";"Colisão com objeto estático";"Com Vítimas Feridas";"Pleno dia";"Crescente";"Chuva";"Simples";"Não Informado";"Não";1;0;1;0;0;0;1;1;-16,43791;-43,50191;"SR-MG";"UOP01";"DEL12"
272647;2020-03-01;"domingo";"17:50:00";"RS";116;36,2;"VACARIA";"Falta de Atenção à Condução";"Colisão transversal";"Com Vítimas Feridas";"Anoitecer";"Decrescente";"Céu Claro";"Simples";"Reta";"Sim";5;0;1;0;4;0;1;2;-28,49229;-50,91057;"SR-RS";"UOP03";"DEL05"
272648;2020-03-01;"domingo";"18:30:00";"PE";408;74,1;"PAUDALHO";"Falta de Atenção do Pedestre";"Atropelamento de Pedestre";"Com Vítimas Fatais";"Plena Noite";"Decrescente";"Céu Claro";"Múltipla";"Desvio Temporário";"Sim";2;1;0;1;0;0;1;1;-7,897017;-35,17301;"SR-PE";"UOP01";"DEL01"
272649;2020-03-01;"domingo";"18:20:00";"BA";116;426;"FEIRA DE SANTANA";"Falta de Atenção do Pedestre";"Atropelamento de Pedestre";"Com Vítimas Feridas";"Anoitecer";"Crescente";"Céu Claro";"Simples";"Reta";"Sim";2;0;0;1;0;1;1;1;-12,25457;-38,9893;"SR-BA";"UOP01";"DEL02"
272650;2020-03-01;"domingo";"18:20:00";"PR";376;673;"GUARATUBA";"Avarias e/ou desgaste excessivo no pneu";"Queda de ocupante de veículo";"Com Vítimas Feridas";"Anoitecer";"Crescente";"Chuva";"Dupla";"Reta";"Não";1;0;1;0;0;0;1;1;-25,90092;-48,92572;"SR-PR";"UOP05";"DEL01"
272651;2020-03-01;"domingo";"18:10:00";"BA";116;675;"JEQUIE";"Desobediência às normas de trânsito pelo condutor";"Saída de leito carroçável";"Com Vítimas Feridas";"Plena Noite";"Decrescente";"Céu Claro";"Simples";"Reta";"Não";2;0;2;0;0;0;2;1;-13,82573;-40,11054;"SR-BA";"UOP01";"DEL03"
272652;2020-03-01;"domingo";"18:50:00";"PE";101;40;"IGARASSU";"Ingestão de Álcool";"Colisão traseira";"Sem Vítimas";"Plena Noite";"Crescente";"Céu Claro";"Dupla";"Reta";"Sim";3;0;0;0;2;1;0;3;-7,821475;-34,91654;"SR-PE";"UOP02";"DEL01"
272653;2020-03-01;"domingo";"19:00:00";"CE";222;6,4;"CAUCAIA";"Ingestão de Álcool";"Colisão transversal";"Com Vítimas Feridas";"Plena Noite";"Decrescente";"Nublado";"Dupla";"Reta";"Sim";2;0;1;1;0;0;2;2;-3,745392;-38,62188;"SR-CE";"UOP01";"DEL01"
272654;2020-03-01;"domingo";"18:00:00";"SP";381;82,9;"SAO PAULO";"Defeito Mecânico no Veículo";"Colisão com objeto estático";"Com Vítimas Feridas";"Anoitecer";"Crescente";"Nublado";"Dupla";"Reta";"Sim";3;0;1;0;1;1;1;2;-23,43795;-46,5682;"SR-SP";"UOP01";"DEL03"
272655;2020-03-01;"domingo";"15:10:00";"RN";104;160,6;"CURRAIS NOVOS";"Pista Escorregadia";"Tombamento";"Com Vítimas Feridas";"Pleno dia";"Crescente";"Chuva";"Simples";"Interseção de vias";"Não";3;0;2;0;1;0;2;1;-6,202085;-36,39498;"SR-RN";"UOP02";"DEL03"
272656;2020-03-01;"domingo";"19:00:00";"PE";408;88,7;"SAO LOURENCO DA MATA";"Falta de Atenção do Pedestre";"Saída de leito carroçável";"Com Vítimas Feridas";"Plena Noite";"Decrescente";"Nublado";"Dupla";"Reta";"Não";4;0;3;0;1;0;3;1;-7,97433;-35,08598;"SR-PE";"UOP01";"DEL01"
272657;2020-03-01;"domingo";"18:40:00";"PR";277;727,3;"FOZ DO IGUACU";"Restrição de Visibilidade";"Colisão lateral";"Com Vítimas Feridas";"Anoitecer";"Crescente";"Céu Claro";"Dupla";"Não Informado";"Sim";2;0;1;0;1;0;1;2;-25,51006;-54,56674;"SR-PR";"UOP02";"DEL05"
272658;2020-03-01;"domingo";"19:10:00";"CE";116;5,5;"FORTALEZA";"Falta de Atenção do Pedestre";"Atropelamento de Pedestre";"Com Vítimas Feridas";"Plena Noite";"Crescente";"Garoa/Chuvisco";"Dupla";"Reta";"Sim";2;0;1;0;1;0;1;1;-3,794671;-38,50773;"SR-CE";"UOP02";"DEL01"
272659;2020-03-01;"domingo";"19:15:00";"PE";101;57;"PAULISTA";"Falta de Atenção à Condução";"Colisão transversal";"Com Vítimas Feridas";"Plena Noite";"Decrescente";"Vento";"Múltipla";"Reta";"Sim";2;0;2;0;0;0;2;2;-7,963462;-34,91513;"SR-PE";"UOP02";"DEL01"
272660;2020-03-01;"domingo";"18:00:00";"MG";50;72;"UBERLANDIA";"Ingestão de Álcool";"Colisão traseira";"Com Vítimas Feridas";"Anoitecer";"Decrescente";"Nublado";"Dupla";"Reta";"Não";2;0;0;1;1;0;1;2;-18,8514;-48,25346;"SR-MG";"UOP01";"DEL15"
272661;2020-03-01;"domingo";"19:20:00";"RJ";101;53;"CAMPOS DOS GOYTACAZES";"Falta de Atenção à Condução";"Colisão traseira";"Com Vítimas Feridas";"Plena Noite";"Crescente";"Chuva";"Simples";"Reta";"Sim";2;0;1;0;0;1;1;2;-21,66048;-41,31129;"SR-RJ";"UOP01";"DEL08"
272662;2020-03-01;"domingo";"19:20:00";"PR";376;170,3;"MARINGA";"Mal Súbito";"Capotamento";"Com Vítimas Feridas";"Plena Noite";"Crescente";"Garoa/Chuvisco";"Dupla";"Reta";"Sim";1;0;1;0;0;0;1;1;-23,41596;-51,9795;"SR-PR";"UOP01";"DEL09"
272663;2020-03-01;"domingo";"17:40:00";"RS";116;203,9;"PICADA CAFE";"Desobediência às normas de trânsito pelo condutor";"Colisão transversal";"Com Vítimas Feridas";"Anoitecer";"Crescente";"Céu Claro";"Simples";"Reta";"Não";3;0;0;3;0;0;3;2;-29,49113;-51,14998;"SR-RS";"UOP02";"DEL05"
272664;2020-03-01;"domingo";"18:30:00";"SC";280;254,7;"CANOINHAS";"Falta de Atenção à Condução";"Saída de leito carroçável";"Com Vítimas Feridas";"Pleno dia";"Crescente";"Céu Claro";"Simples";"Reta";"Não";2;0;2;0;0;0;2;1;-26,26411;-50,70796;"SR-SC";"UOP04";"DEL06"
272665;2020-03-01;"domingo";"18:30:00";"BA";20;13;"CORRENTINA";"Não guardar distância de segurança";"Colisão traseira";"Com Vítimas Feridas";"Anoitecer";"Decrescente";"Céu Claro";"Simples";"Reta";"Não";4;0;3;0;1;0;3;2;-13,84652;-46,17727;"SR-BA";"UOP01";"DEL10"
272666;2020-03-01;"domingo";"19:00:00";"SC";280;54,2;"GUARAMIRIM";"Não guardar distância de segurança";"Colisão traseira";"Com Vítimas Feridas";"Anoitecer";"Crescente";"Nublado";"Simples";"Reta";"Sim";2;0;1;0;1;0;1;2;-26,4754;-48,98375;"SR-SC";"UOP03";"DEL03"
272667;2020-03-01;"domingo";"19:15:00";"RN";101;126;"SAO JOSE DE MIPIBU";"Animais na Pista";"Atropelamento de Animal";"Com Vítimas Feridas";"Plena Noite";"Crescente";"Garoa/Chuvisco";"Dupla";"Desvio Temporário";"Não";4;0;3;0;1;0;3;1;-6,086741;-35,23444;"SR-RN";"UOP01";"DEL01"
272668;2020-03-01;"domingo";"19:45:00";"SC";101;37,9;"JOINVILLE";"Falta de Atenção à Condução";"Tombamento";"Com Vítimas Feridas";"Plena Noite";"Decrescente";"Nublado";"Dupla";"Reta";"Sim";2;0;1;0;0;1;1;1;-26,2505;-48,90864;"SR-SC";"UOP01";"DEL03"
272669;2020-03-01;"domingo";"19:55:00";"MG";262;371,4;"JUATUBA";"Ingestão de Álcool";"Saída de leito carroçável";"Sem Vítimas";"Plena Noite";"Decrescente";"Chuva";"Dupla";"Reta";"Não";1;0;0;0;1;0;0;1;-19,97212;-44,30818;"SR-MG";"UOP03";"DEL01"
272670;2020-03-01;"domingo";"18:30:00";"AL";101;10,6;"NOVO LINO";"Falta de Atenção à Condução";"Atropelamento de Pedestre";"Com Vítimas Feridas";"Plena Noite";"Crescente";"Céu Claro";"Dupla";"Reta";"Sim";2;0;0;1;0;1;1;1;-8,948149;-35,6664;"SR-AL";"UOP02";"DEL01"
272671;2020-03-01;"domingo";"19:30:00";"SP";116;76,4;"ROSEIRA";"Defeito Mecânico no Veículo";"Incêndio";"Sem Vítimas";"Plena Noite";"Decrescente";"Chuva";"Dupla";"Reta";"Não";1;0;0;0;1;0;0;1;-22,8798;-45,27514;"SR-SP";"UOP01";"DEL06"
272672;2020-03-01;"domingo";"20:05:00";"SC";101;206;"SAO JOSE";"Falta de Atenção à Condução";"Colisão lateral";"Com Vítimas Feridas";"Plena Noite";"Crescente";"Céu Claro";"Dupla";"Reta";"Sim";2;0;1;0;1;0;1;1;-27,59194;-48,61825;"SR-SC";"UOP01";"DEL01"
272673;2020-03-01;"domingo";"18:40:00";"RS";287;295,9;"SAO PEDRO DO SUL";"Não guardar distância de segurança";"Colisão traseira";"Com Vítimas Feridas";"Anoitecer";"Decrescente";"Céu Claro";"Simples";"Reta";"Não";4;0;2;0;2;0;2;1;-29,64009;-54,3232;"SR-RS";"UOP01";"DEL09"
272674;2020-03-01;"domingo";"19:20:00";"RJ";101;313;"SAO GONCALO";"Falta de Atenção à Condução";"Colisão frontal";"Com Vítimas Feridas";"Plena Noite";"Crescente";"Garoa/Chuvisco";"Simples";"Viaduto";"Sim";4;0;2;0;2;0;2;2;-22,81049;-43,06983;"SR-RJ";"UOP01";"DEL02"
272675;2020-03-01;"domingo";"20:00:00";"PR";369;37,4;"ANDIRA";"Falta de Atenção à Condução";"Colisão traseira";"Com Vítimas Feridas";"Plena Noite";"Decrescente";"Nublado";"Dupla";"Reta";"Sim";1;0;0;1;0;0;1;1;-23,04626;-50,23382;"SR-PR";"UOP04";"DEL07"
272676;2020-03-01;"domingo";"19:45:00";"PB";101;88;"JOAO PESSOA";"Pista Escorregadia";"Tombamento";"Com Vítimas Feridas";"Plena Noite";"Crescente";"Chuva";"Dupla";"Curva";"Sim";1;0;1;0;0;0;1;1;-7,1647;-34,89994;"SR-PB";"UOP01";"DEL01"
272677;2020-03-01;"domingo";"18:45:00";"BA";101;525;"BUERAREMA";"Animais na Pista";"Atropelamento de Animal";"Com Vítimas Fatais";"Plena Noite";"Decrescente";"Céu Claro";"Simples";"Reta";"Não";2;2;0;0;0;0;0;1;-14,96105;-39,30915;"SR-BA";"UOP01";"DEL05"
272678;2020-03-01;"domingo";"19:35:00";"MG";381;484,5;"BETIM";"Objeto estático sobre o leito carroçável";"Colisão com objeto estático";"Com Vítimas Feridas";"Plena Noite";"Decrescente";"Chuva";"Dupla";"Reta";"Sim";4;0;2;0;2;0;2;2;-19,95532;-44,11722;"SR-MG";"UOP03";"DEL01"
272679;2020-03-01;"domingo";"20:00:00";"PR";376;399;"TIBAGI";"Defeito na Via";"Saída de leito carroçável";"Com Vítimas Feridas";"Plena Noite";"Crescente";"Nublado";"Simples";"Não Informado";"Não";1;0;1;0;0;0;1;1;-24,59259;-50,67281;"SR-PR";"UOP04";"DEL03"
272680;2020-03-01;"domingo";"19:55:00";"SC";101;329,5;"TUBARAO";"Defeito Mecânico no Veículo";"Tombamento";"Com Vítimas Feridas";"Plena Noite";"Crescente";"Nublado";"Dupla";"Reta";"Não";2;0;1;1;0;0;2;1;-28,44405;-48,96611;"SR-SC";"UOP01";"DEL02"
272681;2020-03-01;"domingo";"18:15:00";"RO";364;720;"PORTO VELHO";"Falta de Atenção à Condução";"Saída de leito carroçável";"Sem Vítimas";"Anoitecer";"Decrescente";"Céu Claro";"Dupla";"Não Informado";"Não";1;0;0;0;0;1;0;1;-8,814519;-63,91986;"SR-RO";"UOP01";"DEL01"
272682;2020-03-01;"domingo";"20:00:00";"PR";277;633;"CEU AZUL";"Falta de Atenção à Condução";"Colisão transversal";"Com Vítimas Feridas";"Plena Noite";"Decrescente";"Ignorado";"Simples";"Reta";"Sim";2;0;1;0;0;1;1;2;-25,12585;-53,81903;"SR-PR";"UOP05";"DEL04"
272683;2020-03-01;"domingo";"14:30:00";"SP";116;426;"JUQUIA";"Ingestão de Álcool";"Saída de leito carroçável";"Sem Vítimas";"Pleno dia";"Crescente";"Chuva";"Dupla";"Reta";"Sim";1;0;0;0;1;0;0;1;-24,38736;-47,71694;"SR-SP";"UOP01";"DEL05"
272684;2020-03-01;"domingo";"19:45:00";"GO";50;201;"CAMPO ALEGRE DE GOIAS";"Falta de Atenção à Condução";"Colisão transversal";"Com Vítimas Feridas";"Plena Noite";"Decrescente";"Chuva";"Dupla";"Reta";"Não";7;0;1;0;6;0;1;2;-17,5864;-47,8127;"SR-GO";"UOP01";"DEL06"
272685;2020-03-01;"domingo";"20:10:00";"MG";50;93,8;"UBERLANDIA";"Pista Escorregadia";"Saída de leito carroçável";"Com Vítimas Feridas";"Plena Noite";"Decrescente";"Chuva";"Dupla";"Não Informado";"Não";1;0;1;0;0;0;1;1;-19,07493;-48,18892;"SR-MG";"UOP01";"DEL15"
272686;2020-03-01;"domingo";"20:15:00";"RN";110;46;"MOSSORO";"Ingestão de Álcool";"Colisão traseira";"Com Vítimas Feridas";"Plena Noite";"Decrescente";"Nublado";"Simples";"Reta";"Sim";3;0;2;0;1;0;2;2;-5,197977;-37,3184;"SR-RN";"UOP01";"DEL04"
272687;2020-03-01;"domingo";"20:05:00";"RS";470;215;"BENTO GONCALVES";"Desobediência às normas de trânsito pelo condutor";"Colisão transversal";"Com Vítimas Feridas";"Plena Noite";"Decrescente";"Céu Claro";"Simples";"Reta";"Não";6;0;0;1;4;1;1;3;-29,15064;-51,53024;"SR-RS";"UOP01";"DEL06"
272688;2020-03-01;"domingo";"17:00:00";"MG";40;615,1;"CONGONHAS";"Falta de Atenção do Pedestre";"Atropelamento de Pedestre";"Com Vítimas Fatais";"Pleno dia";"Crescente";"Garoa/Chuvisco";"Simples";"Não Informado";"Não";2;1;0;0;0;1;0;1;-20,54324;-43,82092;"SR-MG";"UOP02";"DEL05"