"id";"data_inversa";"dia_semana";"horario";"uf";"br";"km";"municipio";"causa_acidente";"tipo_acidente";"classificacao_acidente";"fase_dia";"sentido_via";"condicao_metereologica";"tipo_pista";"tracado_via";"uso_solo";"pessoas";"mortos";"feridos_leves";"feridos_graves";"ilesos";"ignorados";"feridos";"veiculos";"latitude";"longitude";"regional";"delegacia";"uop"
272689;2020-03-01;"domingo";"17:30:00";"BA";101;406,5;"IBIRAPITANGA";"Velocidade Incompatível";"Capotamento";"Com Vítimas Feridas";"Anoitecer";"Crescente";"Céu Claro";"Simples";"Curva";"Não";1;0;1;0;0;0;1;1;-14,13851;-39,35388;"SR-BA";"UOP03";"DEL05"
272690;2020-03-01;"domingo";"20:55:00";"MG";364;1;"PLANURA";"Ingestão de Álcool";"Colisão traseira";"Com Vítimas Feridas";"Plena Noite";"Decrescente";"Chuva";"Simples";"Curva";"Não";4;0;1;0;3;0;1;2;-20,1533;-48,68866;"SR-MG";"UOP02";"DEL13"
272691;2020-03-01;"domingo";"20:50:00";"SC";101;445;"SANTA ROSA DO SUL";"Falta de Atenção à Condução";"Saída de leito carroçável";"Com Vítimas Feridas";"Plena Noite";"Decrescente";"Ignorado";"Simples";"Interseção de vias";"Sim";2;0;1;0;1;0;1;2;-29,13876;-49,71568;"SR-SC";"UOP02";"DEL02"
272692;2020-03-01;"domingo";"20:50:00";"PR";277;203,3;"PALMEIRA";"Ingestão de Álcool";"Colisão traseira";"Com Vítimas Feridas";"Plena Noite";"Crescente";"Céu Claro";"Simples";"Reta";"Não";2;0;1;0;1;0;1;2;-25,46452;-50,23036;"SR-PR";"UOP02";"DEL08"
272693;2020-03-01;"domingo";"18:30:00";"MS";262;146,6;"RIBAS DO RIO PARDO";"Ingestão de Álcool";"Colisão frontal";"Sem Vítimas";"Anoitecer";"Decrescente";"Céu Claro";"Simples";"Reta";"Não";2;0;0;0;2;0;0;2;-20,44825;-52,90526;"SR-MS";"UOP02";"DEL07"
272694;2020-03-01;"domingo";"19:43:00";"PE";407;125,5;"PETROLINA";"Não guardar distância de segurança";"Colisão traseira";"Sem Vítimas";"Plena Noite";"Crescente";"Céu Claro";"Dupla";"Reta";"Não";3;0;0;0;3;0;0;3;-9,381404;-40,53194;"SR-PE";"UOP01";"DEL06"
272695;2020-03-01;"domingo";"15:15:00";"PR";116;116;"CURITIBA";"Velocidade Incompatível";"Queda de ocupante de veículo";"Com Vítimas Feridas";"Pleno dia";"Decrescente";"Garoa/Chuvisco";"Dupla";"Reta";"Sim";1;0;0;1;0;0;1;1;-25,55468;-49,27402;"SR-PR";"UOP03";"DEL01"
272696;2020-03-01;"domingo";"18:50:00";"RO";364;709;"PORTO VELHO";"Defeito Mecânico no Veículo";"Incêndio";"Sem Vítimas";"Plena Noite";"Decrescente";"Céu Claro";"Múltipla";"Reta";"Sim";1;0;0;0;1;0;0;1;-8,789393;-63,85227;"SR-RO";"UOP01";"DEL01"
272697;2020-03-01;"domingo";"17:20:00";"MG";40;615,1;"CONGONHAS";"Falta de Atenção à Condução";"Colisão traseira";"Com Vítimas Feridas";"Pleno dia";"Crescente";"Chuva";"Simples";"Reta";"Não";3;0;2;0;1;0;2;2;-20,54302;-43,8209;"SR-MG";"UOP02";"DEL05"
272698;2020-03-01;"domingo";"21:00:00";"ES";101;203,5;"JOAO NEIVA";"Velocidade Incompatível";"Saída de leito carroçável";"Com Vítimas Feridas";"Plena Noite";"Crescente";"Chuva";"Simples";"Curva";"Sim";2;0;1;0;1;0;1;1;-19,74448;-40,37264;"SR-ES";"UOP01";"DEL04"
272699;2020-03-01;"domingo";"20:20:00";"PR";376;185,2;"SARANDI";"Desobediência às normas de trânsito pelo pedestre";"Atropelamento de Pedestre";"Com Vítimas Fatais";"Pleno dia";"Crescente";"Nublado";"Dupla";"Reta";"Sim";3;1;0;0;2;0;0;1;-23,44775;-51,8603;"SR-PR";"UOP01";"DEL09"
272700;2020-03-01;"domingo";"20:20:00";"SP";116;392,8;"MIRACATU";"Ingestão de Álcool";"Colisão traseira";"Com Vítimas Feridas";"Plena Noite";"Decrescente";"Garoa/Chuvisco";"Dupla";"Reta";"Não";2;0;1;0;1;0;1;2;-24,28236;-47,43303;"SR-SP";"UOP02";"DEL04"
272701;2020-03-01;"domingo";"19:30:00";"MT";70;501;"CUIABA";"Desobediência às normas de trânsito pelo condutor";"Colisão transversal";"Com Vítimas Feridas";"Plena Noite";"Decrescente";"Céu Claro";"Dupla";"Reta";"Sim";2;0;0;1;1;0;1;2;-15,67848;-55,93161;"SR-MT";"UOP02";"DEL01"
272702;2020-03-01;"domingo";"21:03:00";"ES";101;346;"GUARAPARI";"Restrição de Visibilidade";"Saída de leito carroçável";"Sem Vítimas";"Plena Noite";"Decrescente";"Chuva";"Simples";"Reta";"Não";3;0;0;0;3;0;0;1;-20,6569;-40,61882;"SR-ES";"UOP01";"DEL03"
272703;2020-03-01;"domingo";"15:05:00";"PR";116;128;"FAZENDA RIO GRANDE";"Velocidade Incompatível";"Queda de ocupante de veículo";"Com Vítimas Feridas";"Pleno dia";"Decrescente";"Garoa/Chuvisco";"Dupla";"Reta";"Não";1;0;0;1;0;0;1;1;-25,62151;-49,31622;"SR-PR";"UOP03";"DEL01"
272705;2020-03-01;"domingo";"20:20:00";"SC";470;123;"LONTRAS";"Animais na Pista";"Atropelamento de Animal";"Sem Vítimas";"Plena Noite";"Crescente";"Céu Claro";"Simples";"Reta";"Não";1;0;0;0;1;0;0;1;-27,10678;-49,52205;"SR-SC";"UOP02";"DEL04"
272706;2020-03-01;"domingo";"20:00:00";"BA";324;619;"SALVADOR";"Defeito Mecânico no Veículo";"Incêndio";"Sem Vítimas";"Plena Noite";"Crescente";"Céu Claro";"Simples";"Reta";"Sim";1;0;0;0;1;0;0;1;-12,89821;-38,45012;"SR-BA";"UOP01";"DEL01"
272708;2020-03-01;"domingo";"17:50:00";"PR";376;665;"TIJUCAS DO SUL";"Pista Escorregadia";"Saída de leito carroçável";"Com Vítimas Feridas";"Pleno dia";"Crescente";"Chuva";"Múltipla";"Curva";"Não";2;0;1;0;1;0;1;1;-25,85456;-48,95671;"SR-PR";"UOP05";"DEL01"
272709;2020-03-01;"domingo";"22:30:00";"SC";101;171;"TIJUCAS";"Desobediência às normas de trânsito pelo condutor";"Colisão traseira";"Com Vítimas Feridas";"Plena Noite";"Crescente";"Céu Claro";"Dupla";"Reta";"Não";3;0;1;0;2;0;1;2;-27,30546;-48,63258;"SR-SC";"UOP03";"DEL04"
272710;2020-03-01;"domingo";"19:20:00";"PE";428;184;"PETROLINA";"Deficiência ou não Acionamento do Sistema de Iluminação/Sinalização do Veículo";"Colisão lateral";"Sem Vítimas";"Plena Noite";"Decrescente";"Céu Claro";"Simples";"Reta";"Sim";2;0;0;0;1;1;0;2;-9,342086;-40,4713;"SR-PE";"UOP01";"DEL06"
272711;2020-03-01;"domingo";"13:40:00";"PR";376;665;"TIJUCAS DO SUL";"Falta de Atenção à Condução";"Queda de ocupante de veículo";"Com Vítimas Feridas";"Pleno dia";"Decrescente";"Chuva";"Dupla";"Reta";"Não";1;0;1;0;0;0;1;1;-25,85456;-48,95671;"SR-PR";"UOP05";"DEL01"
272712;2020-03-01;"domingo";"22:30:00";"GO";414;374;"COCALZINHO DE GOIAS";"Deficiência ou não Acionamento do Sistema de Iluminação/Sinalização do Veículo";"Colisão traseira";"Com Vítimas Feridas";"Plena Noite";"Crescente";"Céu Claro";"Dupla";"Reta";"Sim";3;0;1;0;2;0;1;2;-15,80271;-48,77946;"SR-GO";"UOP01";"DEL02"
272713;2020-03-01;"domingo";"17:00:00";"MG";267;124,8;"JUIZ DE FORA";"Falta de Atenção à Condução";"Tombamento";"Com Vítimas Feridas";"Pleno dia";"Crescente";"Chuva";"Simples";"Reta";"Não";1;0;1;0;0;0;1;1;-21,70787;-43,51812;"SR-MG";"UOP01";"DEL05"
272714;2020-03-01;"domingo";"21:45:00";"SC";101;120,8;"ITAJAI";"Falta de Atenção à Condução";"Saída de leito carroçável";"Com Vítimas Feridas";"Plena Noite";"Crescente";"Nublado";"Dupla";"Não Informado";"Sim";1;0;0;1;0;0;1;1;-26,91928;-48,70962;"SR-SC";"UOP04";"DEL04"
272715;2020-03-01;"domingo";"22:35:00";"PB";230;28,1;"JOAO PESSOA";"Ingestão de Álcool";"Colisão com objeto estático";"Com Vítimas Feridas";"Plena Noite";"Decrescente";"Nublado";"Simples";"Viaduto";"Sim";2;0;1;1;0;0;2;1;-7,1651;-34,8941;"SR-PB";"UOP01";"DEL01"
272716;2020-03-01;"domingo";"23:00:00";"MG";381;717;"CARMO DA CACHOEIRA";"Condutor Dormindo";"Saída de leito carroçável";"Com Vítimas Feridas";"Plena Noite";"Crescente";"Chuva";"Dupla";"Curva";"Não";2;0;1;0;1;0;1;1;-21,43704;-45,20756;"SR-MG";"UOP02";"DEL04"
272717;2020-03-01;"domingo";"21:20:00";"MG";40;276,7;"TRES MARIAS";"Ingestão de Álcool";"Saída de leito carroçável";"Com Vítimas Feridas";"Plena Noite";"Crescente";"Nublado";"Simples";"Não Informado";"Não";1;0;0;1;0;0;1;1;-18,21264;-45,22496;"SR-MG";"UOP02";"DEL14"
272719;2020-03-01;"domingo";"21:40:00";"SC";101;434;"SOMBRIO";"Restrição de Visibilidade";"Colisão traseira";"Com Vítimas Feridas";"Plena Noite";"Decrescente";"Chuva";"Dupla";"Não Informado";"Sim";2;0;1;0;1;0;1;2;-29,09617;-49,63357;"SR-SC";"UOP02";"DEL02"
272720;2020-03-01;"domingo";"22:10:00";"RS";101;87;"OSORIO";"Falta de Atenção à Condução";"Colisão lateral";"Com Vítimas Feridas";"Plena Noite";"Decrescente";"Céu Claro";"Dupla";"Reta";"Sim";2;0;1;0;1;0;1;2;-29,88149;-50,26434;"SR-RS";"UOP01";"DEL03"
272721;2020-02-03;"segunda-feira";"05:50:00";"MS";262;467;"ANASTACIO";"Pista Escorregadia";"Colisão com objeto estático";"Com Vítimas Feridas";"Amanhecer";"Crescente";"Chuva";"Simples";"Reta";"Não";1;0;1;0;0;0;1;1;-20,52162;-55,60061;"SR-MS";"UOP01";"DEL03"
272722;2020-03-01;"domingo";"22:30:00";"CE";20;392;"CAUCAIA";"Animais na Pista";"Atropelamento de Animal";"Com Vítimas Feridas";"Plena Noite";"Crescente";"Nublado";"Simples";"Reta";"Não";2;0;2;0;0;0;2;1;-3,843404;-38,77221;"SR-CE";"UOP01";"DEL01"
272723;2020-02-22;"sábado";"18:20:00";"MS";163;6;"MUNDO NOVO";"Defeito Mecânico no Veículo";"Queda de ocupante de veículo";"Com Vítimas Feridas";"Plena Noite";"Crescente";"Céu Claro";"Simples";"Reta";"Não";2;0;1;0;1;0;1;1;-23,99692;-54,32641;"SR-MS";"UOP02";"DEL09"
272724;2020-03-01;"domingo";"22:45:00";"RS";116;118,2;"SAO MARCOS";"Defeito Mecânico no Veículo";"Tombamento";"Com Vítimas Feridas";"Plena Noite";"Crescente";"Céu Claro";"Simples";"Curva";"Não";4;0;2;1;1;0;3;2;-28,99136;-51,06761;"SR-RS";"UOP01";"DEL05"
272725;2020-03-02;"segunda-feira";"00:40:00";"SP";116;272,3;"TABOAO DA SERRA";"Ingestão de Álcool";"Colisão traseira";"Com Vítimas Feridas";"Plena Noite";"Decrescente";"Nublado";"Dupla";"Reta";"Sim";4;0;1;0;3;0;1;3;-23,62169;-46,81329;"SR-SP";"UOP01";"DEL04"
272726;2020-03-01;"domingo";"21:05:00";"SC";101;363,2;"SANGAO";"Falta de Atenção à Condução";"Colisão traseira";"Com Vítimas Fatais";"Plena Noite";"Crescente";"Chuva";"Dupla";"Não Informado";"Não";4;1;0;0;2;1;0;3;-28,67897;-49,14004;"SR-SC";"UOP01";"DEL02"
272727;2020-03-02;"segunda-feira";"01:00:00";"PR";376;650;"TIJUCAS DO SUL";"Falta de Atenção à Condução";"Capotamento";"Com Vítimas Feridas";"Plena Noite";"Crescente";"Chuva";"Dupla";"Curva";"Não";5;0;1;0;4;0;1;1;-25,84565;-49,08816;"SR-PR";"UOP05";"DEL01"
272728;2020-03-01;"domingo";"21:05:00";"SC";101;362,9;"SANGAO";"Falta de Atenção à Condução";"Colisão traseira";"Com Vítimas Feridas";"Plena Noite";"Crescente";"Chuva";"Dupla";"Não Informado";"Não";5;0;3;0;2;0;3;2;-28,67136;-49,12226;"SR-SC";"UOP01";"DEL02"
272729;2020-03-02;"segunda-feira";"01:05:00";"PR";116;24,9;"ANTONINA";"Ingestão de Álcool";"Atropelamento de Pedestre";"Com Vítimas Feridas";"Plena Noite";"Decrescente";"Chuva";"Múltipla";"Curva";"Não";2;0;0;1;1;0;1;1;-25,10984;-48,84363;"SR-PR";"UOP02";"DEL01"
272730;2020-03-01;"domingo";"20:30:00";"AP";156;819;"OIAPOQUE";"Ingestão de Álcool";"Colisão traseira";"Sem Vítimas";"Plena Noite";"Crescente";"Céu Claro";"Simples";"Reta";"Sim";2;0;0;0;2;0;0;2;3,835529;-51,80936;"SR-AP";"UOP03";"DEL01"
272731;2020-03-01;"domingo";"21:00:00";"MG";116;175;"GOVERNADOR VALADARES";"Falta de Atenção à Condução";"Colisão frontal";"Com Vítimas Feridas";"Plena Noite";"Crescente";"Chuva";"Simples";"Reta";"Não";3;0;1;1;1;0;2;2;-18,97946;-42,10129;"SR-MG";"UOP02";"DEL11"
272732;2020-03-02;"segunda-feira";"00:30:00";"MS";163;484,4;"CAMPO GRANDE";"Falta de Atenção à Condução";"Colisão traseira";"Com Vítimas Feridas";"Plena Noite";"Decrescente";"Céu Claro";"Simples";"Reta";"Sim";3;0;1;0;1;1;1;2;-20,45105;-54,54033;"SR-MS";"UOP02";"DEL01"
272733;2020-03-02;"segunda-feira";"01:00:00";"MA";316;419,4;"PERITORO";"Ultrapassagem Indevida";"Colisão frontal";"Com Vítimas Fatais";"Plena Noite";"Decrescente";"Céu Claro";"Simples";"Reta";"Não";4;3;0;0;1;0;0;2;-4,346691;-44,37907;"SR-MA";"UOP01";"DEL03"
272734;2020-03-02;"segunda-feira";"01:58:00";"PB";230;45;"SANTA RITA";"Animais na Pista";"Saída de leito carroçável";"Com Vítimas Feridas";"Plena Noite";"Decrescente";"Chuva";"Dupla";"Reta";"Não";2;0;1;1;0;0;2;1;-7,1583;-35,0176;"SR-PB";"UOP02";"DEL01"
272735;2020-03-01;"domingo";"21:45:00";"AC";317;69;"SENADOR GUIOMARD";"Velocidade Incompatível";"Saída de leito carroçável";"Sem Vítimas";"Plena Noite";"Crescente";"Céu Claro";"Simples";"Curva";"Não";1;0;0;0;1;0;0;1;-10,06882;-67,58119;"SR-AC";"UOP01";"DEL01"
272736;2020-03-01;"domingo";"23:30:00";"MT";163;1104;"GUARANTA DO NORTE";"Defeito Mecânico no Veículo";"Saída de leito carroçável";"Com Vítimas Fatais";"Plena Noite";"Decrescente";"Garoa/Chuvisco";"Simples";"Não Informado";"Não";1;1;0;0;0;0;0;1;-9,648777;-54,8726;"SR-MT";"UOP02";"DEL06"
272737;2020-03-02;"segunda-feira";"02:00:00";"PI";230;307,2;"FLORIANO";"Desobediência às normas de trânsito pelo condutor";"Queda de ocupante de veículo";"Com Vítimas Fatais";"Plena Noite";"Decrescente";"Céu Claro";"Simples";"Reta";"Sim";1;1;0;0;0;0;0;1;-6,784064;-42,99766;"SR-PI";"UOP01";"DEL03"
272738;2020-03-02;"segunda-feira";"01:30:00";"GO";153;506,8;"APARECIDA DE GOIANIA";"Ingestão de Álcool";"Queda de ocupante de veículo";"Com Vítimas Feridas";"Plena Noite";"Crescente";"Chuva";"Múltipla";"Não Informado";"Sim";1;0;0;1;0;0;1;1;-16,7633;-49,24;"SR-GO";"UOP01";"DEL01"
272739;2020-03-01;"domingo";"20:10:00";"MA";402;35;"AXIXA";"Desobediência às normas de trânsito pelo condutor";"Colisão traseira";"Sem Vítimas";"Anoitecer";"Crescente";"Céu Claro";"Simples";"Não Informado";"Sim";1;0;0;0;1;0;0;1;-2,85133;-44,0672;"SR-MA";"UOP01";"DEL01"
272740;2020-03-01;"domingo";"16:40:00";"BA";110;356;"CATU";"Defeito na Via";"Atropelamento de Pedestre";"Com Vítimas Feridas";"Anoitecer";"Decrescente";"Nublado";"Simples";"Reta";"Não";2;0;2;0;0;0;2;1;-12,33383;-38,38307;"SR-BA";"UOP04";"DEL01"
272741;2020-03-01;"domingo";"20:40:00";"BA";110;341;"ALAGOINHAS";"Defeito na Via";"Queda de ocupante de veículo";"Com Vítimas Feridas";"Plena Noite";"Crescente";"Céu Claro";"Simples";"Reta";"Não";1;0;1;0;0;0;1;1;-12,22473;-38,41209;"SR-BA";"UOP04";"DEL01"
272742;2020-03-02;"segunda-feira";"00:45:00";"RN";304;109,1;"ACU";"Desobediência às normas de trânsito pelo condutor";"Atropelamento de Pedestre";"Com Vítimas Feridas";"Plena Noite";"Crescente";"Céu Claro";"Simples";"Reta";"Não";2;0;0;1;0;1;1;1;-5,590173;-36,94505;"SR-RN";"UOP01";"DEL04"
272744;2020-03-02;"segunda-feira";"03:00:00";"GO";60;47,4;"ABADIANIA";"Animais na Pista";"Colisão com objeto estático";"Com Vítimas Fatais";"Plena Noite";"Decrescente";"Chuva";"Dupla";"Não Informado";"Não";4;1;1;2;0;0;3;1;-16,1489;-48,60947;"SR-GO";"UOP01";"DEL02"
272745;2020-03-02;"segunda-feira";"03:20:00";"SC";116;188,3;"SAO CRISTOVAO DO SUL";"Condutor Dormindo";"Saída de leito carroçável";"Com Vítimas Feridas";"Plena Noite";"Crescente";"Céu Claro";"Simples";"Reta";"Não";1;0;1;0;0;0;1;1;-27,32966;-50,42513;"SR-SC";"UOP03";"DEL05"
272746;2020-03-02;"segunda-feira";"04:30:00";"SE";101;94;"NOSSA SENHORA DO SOCORRO";"Não guardar distância de segurança";"Colisão traseira";"Com Vítimas Feridas";"Pleno dia";"Decrescente";"Céu Claro";"Dupla";"Desvio Temporário";"Sim";3;0;2;0;1;0;2;2;-10,90732;-37,15237;"SR-SE";"UOP01";"DEL01"
272747;2020-03-02;"segunda-feira";"04:30:00";"ES";262;73;"MARECHAL FLORIANO";"Pista Escorregadia";"Saída de leito carroçável";"Com Vítimas Feridas";"Plena Noite";"Crescente";"Chuva";"Simples";"Curva";"Não";4;0;3;0;1;0;3;1;-20,41066;-40,8838;"SR-ES";"UOP02";"DEL01"
272748;2020-03-02;"segunda-feira";"05:00:00";"DF";40;7;"BRASILIA";"Ingestão de Álcool";"Colisão traseira";"Sem Vítimas";"Amanhecer";"Decrescente";"Nublado";"Dupla";"Reta";"Sim";2;0;0;0;2;0;0;2;-16,03867;-47,97969;"SR-DF";"UOP01";"DEL01"
272749;2020-03-02;"segunda-feira";"05:00:00";"ES";259;55,2;"COLATINA";"Pista Escorregadia";"Colisão com objeto estático";"Com Vítimas Feridas";"Plena Noite";"Decrescente";"Chuva";"Simples";"Curva";"Não";3;0;0;2;1;0;2;3;-19,49729;-40,64565;"SR-ES";"UOP01";"DEL02"
272751;2020-03-02;"segunda-feira";"00:01:00";"RS";471;190,5;"RIO PARDO";"Velocidade Incompatível";"Saída de leito carroçável";"Com Vítimas Feridas";"Plena Noite";"Crescente";"Céu Claro";"Simples";"Reta";"Não";3;0;2;1;0;0;3;1;-30,16592;-52,37442;"SR-RS";"UOP03";"DEL02"
272752;2020-03-02;"segunda-feira";"04:40:00";"BA";101;891;"TEIXEIRA DE FREITAS";"Animais na Pista";"Atropelamento de Animal";"Com Vítimas Feridas";"Amanhecer";"Crescente";"Céu Claro";"Simples";"Não Informado";"Não";1;0;1;0;0;0;1;1;-17,5638;-39,72402;"SR-BA";"UOP02";"DEL09"
272753;2020-03-02;"segunda-feira";"04:30:00";"RJ";101;542;"PARATY";"Pista Escorregadia";"Colisão com objeto estático";"Com Vítimas Feridas";"Amanhecer";"Decrescente";"Nublado";"Simples";"Curva";"Não";1;0;1;0;0;0;1;1;-23,04151;-44,59575;"SR-RJ";"UOP03";"DEL03"
272754;2020-03-02;"segunda-feira";"05:40:00";"CE";222;228;"SOBRAL";"Falta de Atenção à Condução";"Colisão traseira";"Sem Vítimas";"Amanhecer";"Decrescente";"Céu Claro";"Simples";"Reta";"Não";2;0;0;0;2;0;0;2;-3,696922;-40,38425;"SR-CE";"UOP01";"DEL04"
272756;2020-03-02;"segunda-feira";"06:15:00";"MG";116;277,8;"TEOFILO OTONI";"Falta de Atenção à Condução";"Atropelamento de Animal";"Com Vítimas Feridas";"Pleno dia";"Crescente";"Céu Claro";"Múltipla";"Reta";"Sim";1;0;1;0;0;0;1;1;-17,85994;-41,51514;"SR-MG";"UOP01";"DEL11"
272757;2020-03-02;"segunda-feira";"06:10:00";"RS";101;43;"TERRA DE AREIA";"Falta de Atenção à Condução";"Saída de leito carroçável";"Sem Vítimas";"Amanhecer";"Crescente";"Nublado";"Dupla";"Reta";"Sim";1;0;0;0;1;0;0;1;-29,55749;-50,04076;"SR-RS";"UOP02";"DEL03"
272758;2020-02-22;"sábado";"22:20:00";"ES";101;178,6;"ARACRUZ";"Falta de Atenção à Condução";"Colisão lateral";"Com Vítimas Feridas";"Plena Noite";"Decrescente";"Nublado";"Simples";"Curva";"Não";4;0;1;0;3;0;1;2;-19,61033;-40,20858;"SR-ES";"UOP01";"DEL04"
272759;2020-03-02;"segunda-feira";"06:50:00";"ES";101;73;"SAO MATEUS";"Falta de Atenção à Condução";"Colisão transversal";"Com Vítimas Feridas";"Pleno dia";"Crescente";"Sol";"Simples";"Reta";"Não";2;0;1;0;1;0;1;2;-18,77025;-39,86803;"SR-ES";"UOP02";"DEL04"
272761;2020-03-02;"segunda-feira";"07:00:00";"RN";101;106;"PARNAMIRIM";"Desobediência às normas de trânsito pelo condutor";"Colisão transversal";"Com Vítimas Feridas";"Pleno dia";"Crescente";"Céu Claro";"Simples";"Interseção de vias";"Sim";2;0;1;0;1;0;1;2;-5,910564;-35,26131;"SR-RN";"UOP01";"DEL01"
272762;2020-03-02;"segunda-feira";"05:30:00";"PE";424;98,6;"GARANHUNS";"Agressão Externa";"Saída de leito carroçável";"Com Vítimas Feridas";"Amanhecer";"Decrescente";"Céu Claro";"Simples";"Curva";"Não";1;0;1;0;0;0;1;1;-8,942489;-36,50883;"SR-PE";"UOP01";"DEL03"
272763;2020-02-11;"terça-feira";"18:10:00";"ES";101;0;"SERRA";"Falta de Atenção à Condução";"Colisão lateral";"Com Vítimas Feridas";"Plena Noite";"Crescente";"Chuva";"Múltipla";"Curva";"Sim";2;0;1;0;1;0;1;2;-20,23507;-40,27694;"SR-ES";"DEL12/2";"UOP01/ES"
272765;2020-03-01;"domingo";"16:30:00";"MS";158;36;"PARANAIBA";"Defeito na Via";"Tombamento";"Sem Vítimas";"Pleno dia";"Crescente";"Céu Claro";"Simples";"Reta";"Não";1;0;0;0;1;0;0;1;-19,28296;-51,48398;"SR-MS";"UOP01";"DEL08"
272767;2020-03-02;"segunda-feira";"06:55:00";"SC";101;215,3;"PALHOCA";"Desobediência às normas de trânsito pelo condutor";"Colisão traseira";"Com Vítimas Feridas";"Pleno dia";"Decrescente";"Sol";"Dupla";"Curva";"Sim";2;0;1;0;1;0;1;2;-27,65185;-48,67605;"SR-SC";"UOP02";"DEL01"
272768;2020-03-02;"segunda-feira";"06:05:00";"TO";153;614,9;"CRIXAS DO TOCANTINS";"Condutor Dormindo";"Colisão lateral";"Sem Vítimas";"Pleno dia";"Decrescente";"Céu Claro";"Simples";"Reta";"Não";2;0;0;0;1;1;0;2;-11,22049;-48,93221;"SR-TO";"UOP01";"DEL02"
272769;2020-03-02;"segunda-feira";"06:50:00";"GO";60;239,2;"INDIARA";"Pista Escorregadia";"Saída de leito carroçável";"Com Vítimas Feridas";"Amanhecer";"Crescente";"Chuva";"Dupla";"Não Informado";"Não";2;0;0;2;0;0;2;1;-17;-49,88192;"SR-GO";"UOP02";"DEL01"
272770;2020-03-02;"segunda-feira";"07:25:00";"PE";423;68,4;"JUPI";"Falta de Atenção à Condução";"Colisão lateral";"Com Vítimas Fatais";"Pleno dia";"Decrescente";"Céu Claro";"Simples";"Desvio Temporário";"Não";3;1;0;0;1;1;0;2;-8,672637;-36,39347;"SR-PE";"UOP01";"DEL03"
272771;2020-03-02;"segunda-feira";"06:55:00";"RS";116;244,6;"SAO LEOPOLDO";"Desobediência às normas de trânsito pelo condutor";"Colisão lateral";"Com Vítimas Feridas";"Pleno dia";"Crescente";"Sol";"Dupla";"Reta";"Sim";3;0;1;0;2;0;1;3;-29,74088;-51,1504;"SR-RS";"UOP02";"DEL01"
272772;2020-01-13;"segunda-feira";"17:30:00";"BA";116;819;"VITORIA DA CONQUISTA";"Não guardar distância de segurança";"Colisão lateral";"Com Vítimas Feridas";"Anoitecer";"Crescente";"Céu Claro";"Simples";"Curva";"Sim";2;0;1;0;0;1;1;2;-14,82948;-40,83464;"SR-BA";"UOP01";"DEL08"
272773;2020-03-02;"segunda-feira";"07:15:00";"SC";101;209;"SAO JOSE";"Falta de Atenção à Condução";"Colisão traseira";"Com Vítimas Feridas";"Pleno dia";"Decrescente";"Céu Claro";"Múltipla";"Reta";"Não";3;0;1;1;1;0;2;3;-27,61001;-48,63895;"SR-SC";"UOP01";"DEL01"
272774;2020-03-02;"segunda-feira";"07:35:00";"SC";101;136;"BALNEARIO CAMBORIU";"Velocidade Incompatível";"Colisão traseira";"Com Vítimas Feridas";"Pleno dia";"Decrescente";"Nublado";"Dupla";"Reta";"Sim";2;0;1;0;1;0;1;2;-27,00811;-48,61724;"SR-SC";"UOP03";"DEL04"
272775;2020-03-02;"segunda-feira";"06:30:00";"RJ";40;112,9;"DUQUE DE CAXIAS";"Falta de Atenção à Condução";"Colisão traseira";"Com Vítimas Feridas";"Pleno dia";"Crescente";"Chuva";"Múltipla";"Reta";"Sim";1;0;1;0;0;0;1;1;-22,70986;-43,29031;"SR-RJ";"UOP01";"DEL01"
272776;2020-03-02;"segunda-feira";"06:40:00";"PB";230;124;"RIACHAO DO BACAMARTE";"Falta de Atenção do Pedestre";"Atropelamento de Pedestre";"Com Vítimas Feridas";"Amanhecer";"Crescente";"Céu Claro";"Dupla";"Não Informado";"Não";2;0;0;1;0;1;1;1;-7,2465;-35,6751;"SR-PB";"UOP01";"DEL02"
272777;2020-03-02;"segunda-feira";"05:50:00";"MG";50;118,9;"UBERABA";"Velocidade Incompatível";"Saída de leito carroçável";"Com Vítimas Feridas";"Amanhecer";"Crescente";"Céu Claro";"Dupla";"Reta";"Não";1;0;0;1;0;0;1;1;-19,30006;-48,11405;"SR-MG";"UOP01";"DEL13"
272778;2020-03-02;"segunda-feira";"07:40:00";"RS";392;352,4;"SANTA MARIA";"Falta de Atenção à Condução";"Atropelamento de Pedestre";"Com Vítimas Feridas";"Pleno dia";"Crescente";"Sol";"Simples";"Reta";"Sim";2;0;1;0;1;0;1;1;-29,7204;-53,80763;"SR-RS";"UOP01";"DEL09"
272779;2020-03-02;"segunda-feira";"07:45:00";"RS";158;333,2;"SANTA MARIA";"Falta de Atenção à Condução";"Colisão transversal";"Com Vítimas Feridas";"Pleno dia";"Crescente";"Céu Claro";"Dupla";"Rotatória";"Sim";3;0;1;0;2;0;1;2;-29,70729;-53,85223;"SR-RS";"UOP01";"DEL09"
272780;2020-03-02;"segunda-feira";"07:35:00";"SC";101;42;"JOINVILLE";"Falta de Atenção à Condução";"Colisão lateral";"Com Vítimas Feridas";"Pleno dia";"Crescente";"Nublado";"Dupla";"Reta";"Sim";2;0;1;0;1;0;1;2;-26,32496;-48,8665;"SR-SC";"UOP01";"DEL03"