"id";"data_inversa";"dia_semana";"horario";"uf";"br";"km";"municipio";"causa_acidente";"tipo_acidente";"classificacao_acidente";"fase_dia";"sentido_via";"condicao_metereologica";"tipo_pista";"tracado_via";"uso_solo";"pessoas";"mortos";"feridos_leves";"feridos_graves";"ilesos";"ignorados";"feridos";"veiculos";"latitude";"longitude";"regional";"delegacia";"uop"
272781;2020-03-02;"segunda-feira";"07:50:00";"SP";153;52,9;"SAO JOSE DO RIO PRETO";"Velocidade Incompatível";"Tombamento";"Com Vítimas Feridas";"Pleno dia";"Decrescente";"Céu Claro";"Simples";"Rotatória";"Sim";1;0;1;0;0;0;1;1;-20,72702;-49,33839;"SR-SP";"UOP01";"DEL09"
272782;2020-03-02;"segunda-feira";"08:00:00";"RS";153;49,9;"ERECHIM";"Desobediência às normas de trânsito pelo condutor";"Colisão transversal";"Com Vítimas Feridas";"Pleno dia";"Decrescente";"Céu Claro";"Simples";"Reta";"Não";2;0;0;1;0;1;1;2;-27,65514;-52,2658;"SR-RS";"UOP04";"DEL08"
272783;2020-03-02;"segunda-feira";"08:05:00";"SC";101;216;"PALHOCA";"Desobediência às normas de trânsito pelo condutor";"Colisão lateral";"Com Vítimas Feridas";"Pleno dia";"Decrescente";"Sol";"Dupla";"Reta";"Sim";2;0;1;0;1;0;1;2;-27,65981;-48,67748;"SR-SC";"UOP02";"DEL01"
272784;2020-03-02;"segunda-feira";"08:00:00";"SC";101;116;"ITAJAI";"Falta de Atenção à Condução";"Colisão traseira";"Com Vítimas Feridas";"Pleno dia";"Crescente";"Nublado";"Dupla";"Reta";"Não";2;0;0;1;1;0;1;2;-26,87906;-48,72604;"SR-SC";"UOP04";"DEL04"
272785;2020-03-02;"segunda-feira";"08:00:00";"PR";277;83;"CURITIBA";"Não guardar distância de segurança";"Colisão traseira";"Com Vítimas Feridas";"Pleno dia";"Crescente";"Chuva";"Dupla";"Reta";"Sim";2;0;1;0;1;0;1;2;-25,56894;-49,18198;"SR-PR";"UOP04";"DEL01"
272786;2020-03-02;"segunda-feira";"06:50:00";"MA";135;7,6;"SAO LUIS";"Falta de Atenção à Condução";"Colisão traseira";"Com Vítimas Feridas";"Pleno dia";"Decrescente";"Nublado";"Dupla";"Rotatória";"Sim";2;0;1;0;1;0;1;2;-2,636088;-44,26849;"SR-MA";"UOP01";"DEL01"
272787;2020-03-02;"segunda-feira";"08:08:00";"BA";324;518,2;"FEIRA DE SANTANA";"Falta de Atenção à Condução";"Colisão transversal";"Com Vítimas Feridas";"Pleno dia";"Decrescente";"Céu Claro";"Simples";"Reta";"Sim";3;0;1;0;1;1;1;2;-12,2582;-38,93218;"SR-BA";"UOP01";"DEL02"
272788;2020-03-02;"segunda-feira";"08:17:00";"PR";376;498;"PONTA GROSSA";"Desobediência às normas de trânsito pelo condutor";"Colisão traseira";"Com Vítimas Feridas";"Pleno dia";"Crescente";"Nublado";"Dupla";"Reta";"Sim";3;0;1;0;2;0;1;3;-25,1884;-50,08463;"SR-PR";"UOP02";"DEL03"
272790;2020-03-02;"segunda-feira";"08:30:00";"MG";40;750,1;"SANTOS DUMONT";"Falta de Atenção à Condução";"Tombamento";"Com Vítimas Feridas";"Pleno dia";"Decrescente";"Chuva";"Simples";"Curva";"Sim";1;0;1;0;0;0;1;1;-21,45724;-43,55822;"SR-MG";"UOP01";"DEL05"
272791;2020-03-02;"segunda-feira";"08:40:00";"SC";101;142;"ITAPEMA";"Falta de Atenção à Condução";"Colisão traseira";"Com Vítimas Feridas";"Pleno dia";"Crescente";"Chuva";"Dupla";"Não Informado";"Não";2;0;1;0;1;0;1;2;-27,05609;-48,59945;"SR-SC";"UOP03";"DEL04"
272792;2020-03-02;"segunda-feira";"07:30:00";"PR";116;114;"CURITIBA";"Velocidade Incompatível";"Engavetamento";"Com Vítimas Feridas";"Pleno dia";"Decrescente";"Nublado";"Dupla";"Reta";"Sim";6;0;2;0;4;0;2;4;-25,56297;-49,25644;"SR-PR";"UOP04";"DEL01"
272793;2020-03-02;"segunda-feira";"07:45:00";"MS";158;281;"TRES LAGOAS";"Avarias e/ou desgaste excessivo no pneu";"Saída de leito carroçável";"Com Vítimas Feridas";"Pleno dia";"Decrescente";"Céu Claro";"Dupla";"Reta";"Não";4;0;3;0;1;0;3;1;-20,86778;-51,74617;"SR-MS";"UOP01";"DEL07"
272794;2020-03-02;"segunda-feira";"05:50:00";"MT";158;158;"BARRA DO GARCAS";"Animais na Pista";"Tombamento";"Com Vítimas Feridas";"Amanhecer";"Crescente";"Nublado";"Simples";"Reta";"Não";1;0;1;0;0;0;1;1;-15,208;-52,1806;"SR-MT";"UOP02";"DEL07"
272795;2020-03-02;"segunda-feira";"06:00:00";"PI";343;347;"TERESINA";"Falta de Atenção à Condução";"Colisão com objeto estático";"Sem Vítimas";"Pleno dia";"Crescente";"Céu Claro";"Simples";"Reta";"Sim";1;0;0;0;0;1;0;1;-5,114822;-42,77835;"SR-PI";"UOP01";"DEL01"
272796;2020-03-02;"segunda-feira";"08:00:00";"PR";116;113;"CURITIBA";"Falta de Atenção à Condução";"Colisão lateral";"Com Vítimas Feridas";"Pleno dia";"Crescente";"Nublado";"Dupla";"Reta";"Sim";3;0;1;0;2;0;1;2;-25,55156;-49,28035;"SR-PR";"UOP04";"DEL01"
272797;2020-03-02;"segunda-feira";"08:40:00";"BA";367;50,5;"PORTO SEGURO";"Falta de Atenção à Condução";"Colisão transversal";"Com Vítimas Feridas";"Pleno dia";"Decrescente";"Céu Claro";"Simples";"Interseção de vias";"Não";3;0;2;0;1;0;2;2;-16,37331;-39,29853;"SR-BA";"UOP01";"DEL09"
272798;2020-03-02;"segunda-feira";"08:15:00";"SP";116;288;"ITAPECERICA DA SERRA";"Pista Escorregadia";"Tombamento";"Com Vítimas Feridas";"Pleno dia";"Decrescente";"Garoa/Chuvisco";"Dupla";"Reta";"Não";1;0;1;0;0;0;1;1;-23,71925;-46,88314;"SR-SP";"UOP01";"DEL04"
272799;2020-03-02;"segunda-feira";"09:28:00";"PR";277;40;"MORRETES";"Velocidade Incompatível";"Colisão lateral";"Com Vítimas Feridas";"Pleno dia";"Crescente";"Céu Claro";"Dupla";"Curva";"Não";3;0;1;0;2;0;1;3;-25,57369;-48,8266;"SR-PR";"UOP07";"DEL01"
272800;2020-03-02;"segunda-feira";"08:50:00";"MS";463;0,8;"DOURADOS";"Desobediência às normas de trânsito pelo condutor";"Colisão transversal";"Com Vítimas Feridas";"Pleno dia";"Crescente";"Céu Claro";"Simples";"Interseção de vias";"Sim";2;0;1;0;1;0;1;2;-22,25869;-54,8041;"SR-MS";"UOP01";"DEL04"
272801;2020-03-02;"segunda-feira";"09:00:00";"MG";381;503,4;"BETIM";"Desobediência às normas de trânsito pelo condutor";"Colisão lateral";"Com Vítimas Feridas";"Pleno dia";"Crescente";"Chuva";"Dupla";"Reta";"Sim";2;0;0;1;1;0;1;2;-20,02798;-44,23365;"SR-MG";"UOP03";"DEL01"
272802;2020-03-02;"segunda-feira";"09:10:00";"MG";262;625,9;"IBIA";"Falta de Atenção à Condução";"Saída de leito carroçável";"Com Vítimas Feridas";"Pleno dia";"Crescente";"Garoa/Chuvisco";"Simples";"Reta";"Não";1;0;1;0;0;0;1;1;-19,58033;-46,42245;"SR-MG";"UOP01";"DEL08"
272803;2020-03-02;"segunda-feira";"09:30:00";"GO";40;0;"VALPARAISO DE GOIAS";"Não guardar distância de segurança";"Queda de ocupante de veículo";"Com Vítimas Feridas";"Pleno dia";"Crescente";"Nublado";"Dupla";"Reta";"Sim";1;0;1;0;0;0;1;1;-16,05827;-47,98266;"SR-DF";"UOP01";"DEL01"
272804;2020-03-02;"segunda-feira";"08:20:00";"SC";101;361,2;"SANGAO";"Falta de Atenção à Condução";"Colisão lateral";"Com Vítimas Feridas";"Pleno dia";"Decrescente";"Céu Claro";"Dupla";"Curva";"Não";3;0;2;0;1;0;2;2;-28,67703;-49,12811;"SR-SC";"UOP01";"DEL02"
272805;2020-03-02;"segunda-feira";"08:30:00";"BA";367;22,2;"PORTO SEGURO";"Não guardar distância de segurança";"Colisão traseira";"Com Vítimas Feridas";"Pleno dia";"Decrescente";"Céu Claro";"Simples";"Curva";"Sim";4;0;2;0;2;0;2;2;-16,4415;-39,06566;"SR-BA";"UOP01";"DEL09"
272806;2020-03-02;"segunda-feira";"08:25:00";"PE";407;125,6;"PETROLINA";"Ingestão de Álcool";"Colisão lateral";"Com Vítimas Feridas";"Pleno dia";"Crescente";"Céu Claro";"Dupla";"Retorno Regulamentado";"Sim";2;0;1;0;1;0;1;2;-9,377393;-40,53596;"SR-PE";"UOP01";"DEL06"
272807;2020-02-23;"domingo";"17:45:00";"SP";153;68,1;"SAO JOSE DO RIO PRETO";"Não guardar distância de segurança";"Colisão lateral";"Com Vítimas Feridas";"Pleno dia";"Crescente";"Nublado";"Dupla";"Reta";"Sim";3;0;2;1;0;0;3;2;-20,85058;-49,38379;"SR-SP";"UOP01";"DEL09"
272809;2020-03-02;"segunda-feira";"10:25:00";"ES";101;270,7;"SERRA";"Velocidade Incompatível";"Colisão traseira";"Com Vítimas Feridas";"Pleno dia";"Decrescente";"Céu Claro";"Múltipla";"Reta";"Sim";7;0;1;0;6;0;1;6;-20,22662;-40,27075;"SR-ES";"UOP01";"DEL02"
272810;2020-01-15;"quarta-feira";"12:50:00";"PE";101;60,2;"RECIFE";"Condutor Dormindo";"Colisão com objeto estático";"Sem Vítimas";"Pleno dia";"Crescente";"Céu Claro";"Dupla";"Reta";"Sim";1;0;0;0;0;1;0;1;-7,983443;-34,93177;"SR-PE";"UOP02";"DEL01"
272811;2020-03-02;"segunda-feira";"10:30:00";"SP";116;505;"CAJATI";"Velocidade Incompatível";"Capotamento";"Com Vítimas Feridas";"Pleno dia";"Crescente";"Chuva";"Múltipla";"Curva";"Não";2;0;1;0;1;0;1;1;-24,79028;-48,21075;"SR-SP";"UOP02";"DEL05"
272812;2020-03-02;"segunda-feira";"11:30:00";"SP";116;57,2;"GUARATINGUETA";"Falta de Atenção à Condução";"Colisão com objeto estático";"Com Vítimas Feridas";"Pleno dia";"Decrescente";"Nublado";"Dupla";"Reta";"Não";4;0;4;0;0;0;4;1;-22,77542;-45,13927;"SR-SP";"UOP02";"DEL08"
272813;2020-03-02;"segunda-feira";"11:40:00";"SC";101;202;"SAO JOSE";"Falta de Atenção à Condução";"Colisão lateral";"Com Vítimas Feridas";"Pleno dia";"Crescente";"Garoa/Chuvisco";"Múltipla";"Reta";"Sim";2;0;1;0;1;0;1;2;-27,55712;-48,61898;"SR-SC";"UOP01";"DEL01"
272814;2020-03-02;"segunda-feira";"11:50:00";"MG";381;566,4;"ITAGUARA";"Velocidade Incompatível";"Saída de leito carroçável";"Com Vítimas Feridas";"Pleno dia";"Decrescente";"Chuva";"Dupla";"Curva";"Não";5;0;1;0;4;0;1;1;-20,41642;-44,52998;"SR-MG";"UOP03";"DEL04"
272815;2020-03-02;"segunda-feira";"10:13:00";"MT";163;854;"SINOP";"Desobediência às normas de trânsito pelo condutor";"Colisão transversal";"Com Vítimas Feridas";"Pleno dia";"Decrescente";"Chuva";"Simples";"Retorno Regulamentado";"Sim";3;0;2;0;1;0;2;2;-11,69407;-55,45171;"SR-MT";"UOP02";"DEL06"
272818;2020-03-02;"segunda-feira";"11:00:00";"BA";116;286;"TUCANO";"Ingestão de Álcool";"Colisão frontal";"Com Vítimas Feridas";"Pleno dia";"Crescente";"Céu Claro";"Simples";"Reta";"Sim";2;0;1;0;1;0;1;2;-11,05645;-38,83974;"SR-BA";"UOP01";"DEL02"
272819;2020-03-02;"segunda-feira";"12:00:00";"MG";50;28,5;"ARAGUARI";"Defeito Mecânico no Veículo";"Saída de leito carroçável";"Sem Vítimas";"Pleno dia";"Crescente";"Nublado";"Dupla";"Não Informado";"Não";1;0;0;0;1;0;0;1;-18,62034;-48,11087;"SR-MG";"UOP02";"DEL15"
272820;2020-03-02;"segunda-feira";"14:15:00";"MG";262;369,7;"JUATUBA";"Pista Escorregadia";"Saída de leito carroçável";"Sem Vítimas";"Pleno dia";"Decrescente";"Garoa/Chuvisco";"Dupla";"Curva";"Não";2;0;0;0;2;0;0;2;-19,96028;-44,33867;"SR-MG";"UOP03";"DEL01"
272821;2020-03-02;"segunda-feira";"10:30:00";"SP";116;523;"BARRA DO TURVO";"Pista Escorregadia";"Saída de leito carroçável";"Com Vítimas Feridas";"Pleno dia";"Crescente";"Chuva";"Dupla";"Curva";"Não";1;0;1;0;0;0;1;1;-24,91273;-48,25307;"SR-SP";"UOP02";"DEL05"
272822;2020-03-02;"segunda-feira";"11:30:00";"BA";110;358;"CATU";"Carga excessiva e/ou mal acondicionada";"Saída de leito carroçável";"Com Vítimas Feridas";"Pleno dia";"Crescente";"Céu Claro";"Simples";"Curva";"Não";2;0;2;0;0;0;2;1;-12,28575;-38,37606;"SR-BA";"UOP04";"DEL01"
272823;2020-03-02;"segunda-feira";"12:25:00";"SE";235;5,5;"NOSSA SENHORA DO SOCORRO";"Falta de Atenção à Condução";"Colisão lateral";"Com Vítimas Feridas";"Pleno dia";"Crescente";"Sol";"Dupla";"Reta";"Sim";2;0;1;0;0;1;1;2;-10,9041;-37,1278;"SR-SE";"UOP01";"DEL01"
272824;2020-03-02;"segunda-feira";"12:20:00";"MG";40;593,8;"OURO PRETO";"Falta de Atenção à Condução";"Colisão frontal";"Com Vítimas Feridas";"Pleno dia";"Crescente";"Chuva";"Simples";"Reta";"Não";4;0;0;1;1;2;1;2;-20,38942;-43,90243;"SR-MG";"UOP02";"DEL05"
272825;2020-03-02;"segunda-feira";"10:00:00";"SP";153;182,7;"LINS";"Falta de Atenção à Condução";"Colisão transversal";"Com Vítimas Feridas";"Pleno dia";"Crescente";"Céu Claro";"Simples";"Interseção de vias";"Não";3;0;1;0;2;0;1;2;-21,70027;-49,7964;"SR-SP";"UOP01";"DEL07"
272826;2020-01-18;"sábado";"11:30:00";"AC";364;123,9;"RIO BRANCO";"Falta de Atenção à Condução";"Danos eventuais";"Sem Vítimas";"Pleno dia";"Decrescente";"Céu Claro";"Dupla";"Retorno Regulamentado";"Sim";8;0;0;0;3;5;0;1;-10,01171;-67,78237;"SR-AC";"UOP01";"DEL01"
272828;2020-03-02;"segunda-feira";"12:40:00";"SC";101;206;"SAO JOSE";"Velocidade Incompatível";"Tombamento";"Com Vítimas Feridas";"Pleno dia";"Crescente";"Garoa/Chuvisco";"Múltipla";"Reta";"Sim";1;0;1;0;0;0;1;1;-27,58313;-48,61533;"SR-SC";"UOP01";"DEL01"
272829;2020-01-19;"domingo";"19:00:00";"SC";470;54,4;"BLUMENAU";"Falta de Atenção à Condução";"Colisão transversal";"Com Vítimas Feridas";"Anoitecer";"Crescente";"Céu Claro";"Simples";"Interseção de vias";"Sim";3;0;2;0;1;0;2;2;-26,87326;-49,11425;"SR-SC";"UOP01";"DEL04"
272830;2020-03-02;"segunda-feira";"12:50:00";"PE";101;44;"IGARASSU";"Falta de Atenção do Pedestre";"Atropelamento de Pedestre";"Com Vítimas Feridas";"Pleno dia";"Crescente";"Sol";"Múltipla";"Reta";"Sim";2;0;1;0;1;0;1;1;-7,85637;-34,90842;"SR-PE";"UOP02";"DEL01"
272831;2020-03-02;"segunda-feira";"12:30:00";"CE";116;7;"FORTALEZA";"Pista Escorregadia";"Queda de ocupante de veículo";"Com Vítimas Feridas";"Pleno dia";"Crescente";"Garoa/Chuvisco";"Simples";"Viaduto";"Sim";2;0;2;0;0;0;2;1;-3,810731;-38,50075;"SR-CE";"UOP02";"DEL01"
272832;2020-03-02;"segunda-feira";"12:50:00";"RS";116;302;"GUAIBA";"Desobediência às normas de trânsito pelo condutor";"Colisão lateral";"Com Vítimas Feridas";"Pleno dia";"Crescente";"Céu Claro";"Dupla";"Reta";"Sim";3;0;1;0;2;0;1;3;-30,1397;-51,35943;"SR-RS";"UOP01";"DEL02"
272833;2020-03-02;"segunda-feira";"12:50:00";"SC";101;1;"FLORIANOPOLIS";"Desobediência às normas de trânsito pelo condutor";"Colisão traseira";"Com Vítimas Feridas";"Pleno dia";"Decrescente";"Chuva";"Dupla";"Reta";"Não";2;0;1;0;1;0;1;2;-27,59952;-48,57548;"SR-SC";"UOP01";"DEL03"
272834;2020-03-02;"segunda-feira";"10:00:00";"RJ";495;27;"PETROPOLIS";"Desobediência às normas de trânsito pelo condutor";"Colisão frontal";"Com Vítimas Feridas";"Pleno dia";"Crescente";"Chuva";"Simples";"Reta";"Sim";2;0;2;0;0;0;2;2;-22,39715;-43,11066;"SR-RJ";"UOP01";"DEL06"
272836;2020-03-02;"segunda-feira";"13:00:00";"PE";232;145,2;"SAO CAITANO";"Falta de Atenção à Condução";"Colisão traseira";"Sem Vítimas";"Pleno dia";"Decrescente";"Sol";"Dupla";"Rotatória";"Não";2;0;0;0;2;0;0;2;-8,32868;-36,12081;"SR-PE";"UOP02";"DEL02"
272837;2020-02-26;"quarta-feira";"07:30:00";"MG";365;562,2;"INDIANOPOLIS";"Pista Escorregadia";"Saída de leito carroçável";"Com Vítimas Feridas";"Pleno dia";"Crescente";"Chuva";"Simples";"Reta";"Não";1;0;1;0;0;0;1;1;-18,91965;-47,79758;"SR-MG";"UOP02";"DEL15"
272838;2020-03-02;"segunda-feira";"12:40:00";"SP";116;381;"MIRACATU";"Pista Escorregadia";"Capotamento";"Com Vítimas Feridas";"Pleno dia";"Decrescente";"Chuva";"Dupla";"Reta";"Não";5;0;1;0;4;0;1;1;-24,22388;-47,36449;"SR-SP";"UOP02";"DEL04"
272840;2020-03-02;"segunda-feira";"12:45:00";"RO";364;355;"JI-PARANA";"Defeito Mecânico no Veículo";"Saída de leito carroçável";"Com Vítimas Feridas";"Pleno dia";"Decrescente";"Céu Claro";"Simples";"Curva";"Não";1;0;1;0;0;0;1;1;-10,80144;-62,02404;"SR-RO";"UOP01";"DEL02"
272841;2020-03-02;"segunda-feira";"13:45:00";"PR";376;176;"MARINGA";"Não guardar distância de segurança";"Engavetamento";"Com Vítimas Feridas";"Pleno dia";"Decrescente";"Céu Claro";"Dupla";"Reta";"Sim";4;0;1;0;3;0;1;3;-23,41269;-51,93158;"SR-PR";"UOP01";"DEL09"
272842;2020-03-02;"segunda-feira";"13:00:00";"MG";262;368,7;"JUATUBA";"Pista Escorregadia";"Saída de leito carroçável";"Sem Vítimas";"Pleno dia";"Decrescente";"Chuva";"Dupla";"Não Informado";"Sim";1;0;0;0;1;0;0;1;-19,95836;-44,3414;"SR-MG";"UOP03";"DEL01"
272844;2020-03-02;"segunda-feira";"13:55:00";"MG";365;620;"UBERLANDIA";"Defeito na Via";"Queda de ocupante de veículo";"Com Vítimas Feridas";"Pleno dia";"Crescente";"Céu Claro";"Dupla";"Reta";"Sim";2;0;1;0;0;1;1;1;-18,9035;-48,28131;"SR-MG";"UOP01";"DEL15"
272845;2020-03-02;"segunda-feira";"11:30:00";"RO";364;14,7;"VILHENA";"Falta de Atenção do Pedestre";"Atropelamento de Pedestre";"Com Vítimas Feridas";"Pleno dia";"Crescente";"Céu Claro";"Dupla";"Reta";"Sim";2;0;1;1;0;0;2;1;-12,73817;-60,14228;"SR-RO";"UOP01";"DEL04"
272846;2020-03-02;"segunda-feira";"14:00:00";"PR";376;170,8;"MARINGA";"Falta de Atenção à Condução";"Engavetamento";"Com Vítimas Feridas";"Pleno dia";"Decrescente";"Nublado";"Dupla";"Reta";"Sim";4;0;1;0;3;0;1;4;-23,41596;-51,9795;"SR-PR";"UOP01";"DEL09"
272847;2020-03-02;"segunda-feira";"11:40:00";"AP";156;433,6;"TARTARUGALZINHO";"Falta de Atenção à Condução";"Saída de leito carroçável";"Com Vítimas Feridas";"Pleno dia";"Crescente";"Chuva";"Simples";"Reta";"Não";3;0;3;0;0;0;3;1;1,23223;-50,9973;"SR-AP";"UOP02";"DEL01"
272848;2020-03-02;"segunda-feira";"14:00:00";"DF";20;6,3;"BRASILIA";"Avarias e/ou desgaste excessivo no pneu";"Queda de ocupante de veículo";"Com Vítimas Feridas";"Pleno dia";"Decrescente";"Céu Claro";"Múltipla";"Curva";"Sim";1;0;1;0;0;0;1;1;-15,66589;-47,80831;"SR-DF";"UOP01";"DEL02"
272849;2020-03-02;"segunda-feira";"11:40:00";"ES";101;16,3;"PEDRO CANARIO";"Falta de Atenção à Condução";"Colisão lateral";"Com Vítimas Feridas";"Pleno dia";"Decrescente";"Nublado";"Múltipla";"Reta";"Sim";3;0;1;1;1;0;2;2;-18,29875;-39,95733;"SR-ES";"UOP02";"DEL04"
272850;2020-03-02;"segunda-feira";"14:15:00";"MA";316;558,7;"CAXIAS";"Ultrapassagem Indevida";"Saída de leito carroçável";"Com Vítimas Feridas";"Pleno dia";"Crescente";"Chuva";"Simples";"Reta";"Não";4;0;2;0;0;2;2;3;-4,88532;-43,30661;"SR-MA";"UOP02";"DEL03"
272851;2020-03-02;"segunda-feira";"11:00:00";"MG";262;388;"JUATUBA";"Pista Escorregadia";"Saída de leito carroçável";"Com Vítimas Feridas";"Pleno dia";"Crescente";"Garoa/Chuvisco";"Dupla";"Curva";"Não";1;0;1;0;0;0;1;1;-19,92074;-44,47575;"SR-MG";"UOP03";"DEL01"
272852;2020-03-01;"domingo";"14:55:00";"RS";290;37;"SANTO ANTONIO DA PATRULHA";"Condutor Dormindo";"Saída de leito carroçável";"Com Vítimas Feridas";"Pleno dia";"Crescente";"Céu Claro";"Dupla";"Reta";"Não";4;0;4;0;0;0;4;1;-29,88553;-50,62759;"SR-RS";"UOP01";"DEL03"
272853;2020-03-02;"segunda-feira";"14:30:00";"PR";376;653;"TIJUCAS DO SUL";"Defeito Mecânico no Veículo";"Atropelamento de Pedestre";"Com Vítimas Feridas";"Pleno dia";"Decrescente";"Garoa/Chuvisco";"Dupla";"Curva";"Não";2;0;2;0;0;0;2;2;-25,8442;-49,06044;"SR-PR";"UOP05";"DEL01"
272854;2020-03-02;"segunda-feira";"12:50:00";"MG";40;821,6;"SIMAO PEREIRA";"Avarias e/ou desgaste excessivo no pneu";"Saída de leito carroçável";"Com Vítimas Feridas";"Pleno dia";"Crescente";"Chuva";"Dupla";"Desvio Temporário";"Não";3;0;1;0;2;0;1;1;-21,96611;-43,29429;"SR-MG";"UOP01";"DEL05"
272855;2020-03-02;"segunda-feira";"14:10:00";"PB";101;110,1;"ALHANDRA";"Desobediência às normas de trânsito pelo condutor";"Colisão traseira";"Com Vítimas Feridas";"Pleno dia";"Crescente";"Sol";"Dupla";"Interseção de vias";"Sim";2;0;1;0;1;0;1;2;-7,352556;-34,94941;"SR-PB";"UOP01";"DEL01"
272856;2020-03-02;"segunda-feira";"14:40:00";"GO";20;216,8;"POSSE";"Falta de Atenção à Condução";"Tombamento";"Com Vítimas Feridas";"Pleno dia";"Decrescente";"Nublado";"Simples";"Não Informado";"Não";1;0;1;0;0;0;1;1;-14,2305;-46,34448;"SR-DF";"UOP02";"DEL02"
272857;2020-03-02;"segunda-feira";"14:30:00";"DF";20;2,7;"BRASILIA";"Desobediência às normas de trânsito pelo pedestre";"Atropelamento de Pedestre";"Com Vítimas Feridas";"Pleno dia";"Decrescente";"Nublado";"Múltipla";"Não Informado";"Sim";2;0;1;0;1;0;1;1;-15,6829;-47,84073;"SR-DF";"UOP01";"DEL02"
272858;2020-03-02;"segunda-feira";"10:50:00";"PE";101;85;"JABOATAO DOS GUARARAPES";"Falta de Atenção à Condução";"Colisão traseira";"Com Vítimas Feridas";"Pleno dia";"Crescente";"Sol";"Simples";"Reta";"Sim";3;0;1;0;0;2;1;2;-8,180656;-34,95965;"SR-PE";"UOP03";"DEL01"
272859;2020-02-28;"sexta-feira";"23:00:00";"RR";432;52;"CARACARAI";"Velocidade Incompatível";"Tombamento";"Com Vítimas Fatais";"Plena Noite";"Decrescente";"Céu Claro";"Simples";"Reta";"Não";1;1;0;0;0;0;0;1;1,656464;-60,38136;"SR-RR";"UOP01";"DEL01"
272860;2020-03-02;"segunda-feira";"11:30:00";"MG";381;535;"ITATIAIUCU";"Velocidade Incompatível";"Colisão com objeto estático";"Sem Vítimas";"Pleno dia";"Crescente";"Chuva";"Simples";"Curva";"Não";1;0;0;0;1;0;0;1;-20,21568;-44,3936;"SR-MG";"UOP03";"DEL04"
272861;2020-03-02;"segunda-feira";"15:30:00";"PR";376;655;"TIJUCAS DO SUL";"Defeito Mecânico no Veículo";"Colisão traseira";"Sem Vítimas";"Pleno dia";"Decrescente";"Chuva";"Dupla";"Não Informado";"Não";3;0;0;0;3;0;0;2;-25,84165;-49,04247;"SR-PR";"UOP05";"DEL01"
272862;2020-02-23;"domingo";"14:10:00";"GO";153;209;"URUACU";"Ultrapassagem Indevida";"Colisão lateral";"Com Vítimas Feridas";"Pleno dia";"Decrescente";"Céu Claro";"Simples";"Não Informado";"Não";5;0;1;1;3;0;2;3;-14,59617;-49,16391;"SR-GO";"UOP01";"DEL07"
272863;2020-03-02;"segunda-feira";"15:10:00";"CE";116;73;"CHOROZINHO";"Velocidade Incompatível";"Saída de leito carroçável";"Com Vítimas Feridas";"Pleno dia";"Crescente";"Chuva";"Simples";"Reta";"Sim";1;0;0;1;0;0;1;1;-4,352301;-38,46389;"SR-CE";"UOP02";"DEL03"
272864;2020-03-02;"segunda-feira";"10:45:00";"MG";354;713;"CAXAMBU";"Mal Súbito";"Saída de leito carroçável";"Com Vítimas Feridas";"Pleno dia";"Decrescente";"Céu Claro";"Simples";"Reta";"Não";1;0;1;0;0;0;1;1;-22,05666;-44,9272;"SR-MG";"UOP01";"DEL17"
272865;2020-03-02;"segunda-feira";"16:15:00";"RJ";116;86,6;"TERESOPOLIS";"Pista Escorregadia";"Colisão com objeto estático";"Com Vítimas Feridas";"Pleno dia";"Crescente";"Chuva";"Simples";"Curva";"Sim";2;0;1;0;1;0;1;1;-22,43671;-42,94971;"SR-RJ";"UOP02";"DEL06"
272866;2020-03-02;"segunda-feira";"15:50:00";"PE";101;59,6;"RECIFE";"Desobediência às normas de trânsito pelo condutor";"Colisão frontal";"Com Vítimas Feridas";"Pleno dia";"Decrescente";"Céu Claro";"Dupla";"Curva";"Não";2;0;1;0;1;0;1;2;-7,981147;-34,9312;"SR-PE";"UOP02";"DEL01"
272867;2020-03-02;"segunda-feira";"16:20:00";"PR";369;154,2;"LONDRINA";"Falta de Atenção à Condução";"Colisão traseira";"Com Vítimas Feridas";"Pleno dia";"Decrescente";"Céu Claro";"Dupla";"Reta";"Sim";2;0;0;1;1;0;1;2;-23,29745;-51,20081;"SR-PR";"UOP01";"DEL07"
272868;2020-03-02;"segunda-feira";"15:35:00";"SC";101;144;"ITAPEMA";"Falta de Atenção à Condução";"Engavetamento";"Com Vítimas Feridas";"Pleno dia";"Decrescente";"Nublado";"Dupla";"Reta";"Não";5;0;3;0;2;0;3;3;-27,07327;-48,59673;"SR-SC";"UOP03";"DEL04"
272870;2020-03-02;"segunda-feira";"15:00:00";"RO";364;699;"PORTO VELHO";"Falta de Atenção à Condução";"Colisão traseira";"Com Vítimas Feridas";"Pleno dia";"Crescente";"Garoa/Chuvisco";"Dupla";"Reta";"Não";5;0;4;0;1;0;4;2;-8,800551;-63,76826;"SR-RO";"UOP01";"DEL01"
272871;2020-03-02;"segunda-feira";"15:30:00";"MT";364;399;"CUIABA";"Desobediência às normas de trânsito pelo pedestre";"Atropelamento de Pedestre";"Com Vítimas Feridas";"Pleno dia";"Crescente";"Céu Claro";"Dupla";"Reta";"Sim";2;0;1;0;0;1;1;1;-15,67919;-55,92995;"SR-MT";"UOP02";"DEL01"