"id";"data_inversa";"dia_semana";"horario";"uf";"br";"km";"municipio";"causa_acidente";"tipo_acidente";"classificacao_acidente";"fase_dia";"sentido_via";"condicao_metereologica";"tipo_pista";"tracado_via";"uso_solo";"pessoas";"mortos";"feridos_leves";"feridos_graves";"ilesos";"ignorados";"feridos";"veiculos";"latitude";"longitude";"regional";"delegacia";"uop"
273050;2020-03-03;"terça-feira";"14:30:00";"SC";280;124,7;"RIO NEGRINHO";"Desobediência às normas de trânsito pelo condutor";"Tombamento";"Com Vítimas Feridas";"Pleno dia";"Decrescente";"Chuva";"Simples";"Reta";"Sim";2;0;1;0;1;0;1;2;-26,2413;-49,47514;"SR-SC";"UOP03";"DEL06"
273051;2020-03-03;"terça-feira";"12:50:00";"SC";280;7,2;"SAO FRANCISCO DO SUL";"Falta de Atenção à Condução";"Colisão transversal";"Com Vítimas Feridas";"Pleno dia";"Crescente";"Céu Claro";"Simples";"Reta";"Sim";2;0;1;0;1;0;1;2;-26,27127;-48,6413;"SR-SC";"UOP03";"DEL03"
273052;2020-03-03;"terça-feira";"13:15:00";"ES";482;105,2;"GUACUI";"Falta de Atenção à Condução";"Colisão lateral";"Com Vítimas Feridas";"Pleno dia";"Decrescente";"Nublado";"Simples";"Rotatória";"Sim";2;0;1;0;1;0;1;2;-20,77743;-41,66744;"SR-ES";"UOP02";"DEL03"
273053;2020-02-16;"domingo";"20:00:00";"PR";116;204,3;"RIO NEGRO";"Falta de Atenção à Condução";"Colisão traseira";"Com Vítimas Feridas";"Plena Noite";"Crescente";"Céu Claro";"Simples";"Reta";"Não";2;0;0;1;1;0;1;2;-26,05508;-49,71686;"SR-SC";"UOP01";"DEL06"
273054;2020-03-03;"terça-feira";"13:50:00";"MG";381;357,2;"JOAO MONLEVADE";"Pista Escorregadia";"Saída de leito carroçável";"Com Vítimas Feridas";"Pleno dia";"Decrescente";"Garoa/Chuvisco";"Simples";"Curva";"Sim";2;0;2;0;0;0;2;1;-19,85125;-43,21582;"SR-MG";"UOP01";"DEL03"
273055;2020-03-03;"terça-feira";"15:30:00";"MG";365;658;"MONTE ALEGRE DE MINAS";"Defeito na Via";"Colisão traseira";"Com Vítimas Feridas";"Pleno dia";"Decrescente";"Sol";"Dupla";"Reta";"Não";3;0;2;0;1;0;2;2;-18,87746;-48,60335;"SR-MG";"UOP01";"DEL15"
273056;2020-03-03;"terça-feira";"13:00:00";"SP";116;130;"CACAPAVA";"Não guardar distância de segurança";"Colisão traseira";"Com Vítimas Feridas";"Pleno dia";"Crescente";"Nublado";"Dupla";"Reta";"Sim";2;0;1;0;1;0;1;2;-23,12314;-45,72792;"SR-SP";"UOP01";"DEL06"
273057;2020-03-03;"terça-feira";"14:00:00";"SP";381;70,9;"MAIRIPORA";"Defeito Mecânico no Veículo";"Incêndio";"Sem Vítimas";"Pleno dia";"Decrescente";"Nublado";"Múltipla";"Reta";"Não";1;0;0;0;1;0;0;1;-23,34973;-46,5607;"SR-SP";"UOP01";"DEL03"
273058;2020-03-03;"terça-feira";"14:50:00";"PB";230;165,5;"CAMPINA GRANDE";"Velocidade Incompatível";"Colisão traseira";"Com Vítimas Fatais";"Pleno dia";"Crescente";"Céu Claro";"Simples";"Curva";"Não";2;1;0;0;1;0;0;2;-7,20526;-35,95126;"SR-PB";"UOP02";"DEL02"
273059;2020-03-03;"terça-feira";"14:40:00";"GO";153;703,5;"ITUMBIARA";"Falta de Atenção à Condução";"Saída de leito carroçável";"Sem Vítimas";"Pleno dia";"Crescente";"Céu Claro";"Dupla";"Desvio Temporário";"Sim";1;0;0;0;1;0;0;1;-18,41102;-49,19593;"SR-GO";"UOP02";"DEL03"
273060;2020-03-03;"terça-feira";"15:00:00";"GO";60;6,8;"ALEXANIA";"Falta de Atenção à Condução";"Saída de leito carroçável";"Com Vítimas Feridas";"Pleno dia";"Crescente";"Céu Claro";"Simples";"Curva";"Não";1;0;1;0;0;0;1;1;-16,09417;-48,51721;"SR-DF";"UOP02";"DEL01"
273061;2020-03-03;"terça-feira";"16:00:00";"PR";277;651,8;"MATELANDIA";"Falta de Atenção à Condução";"Colisão transversal";"Com Vítimas Feridas";"Pleno dia";"Decrescente";"Céu Claro";"Simples";"Reta";"Não";2;0;1;0;1;0;1;2;-25,20086;-53,94682;"SR-PR";"UOP05";"DEL04"
273062;2020-03-03;"terça-feira";"16:15:00";"ES";101;263;"SERRA";"Avarias e/ou desgaste excessivo no pneu";"Atropelamento de Pedestre";"Com Vítimas Feridas";"Pleno dia";"Crescente";"Sol";"Dupla";"Reta";"Sim";2;0;0;1;1;0;1;1;-20,16555;-40,27302;"SR-ES";"UOP01";"DEL02"
273063;2020-03-03;"terça-feira";"16:00:00";"MG";381;491;"BETIM";"Falta de Atenção à Condução";"Colisão lateral";"Com Vítimas Feridas";"Pleno dia";"Decrescente";"Chuva";"Dupla";"Interseção de vias";"Sim";3;0;0;1;2;0;1;2;-19,97018;-44,1821;"SR-MG";"UOP03";"DEL01"
273064;2020-03-03;"terça-feira";"15:45:00";"PR";476;124;"CURITIBA";"Defeito Mecânico no Veículo";"Saída de leito carroçável";"Sem Vítimas";"Pleno dia";"Decrescente";"Nublado";"Múltipla";"Reta";"Sim";2;0;0;0;1;1;0;2;-25,39984;-49,21585;"SR-PR";"UOP06";"DEL01"
273065;2020-03-03;"terça-feira";"15:40:00";"PR";376;339,2;"ORTIGUEIRA";"Avarias e/ou desgaste excessivo no pneu";"Saída de leito carroçável";"Com Vítimas Feridas";"Pleno dia";"Decrescente";"Céu Claro";"Simples";"Curva";"Não";4;0;0;1;3;0;1;1;-24,16424;-50,96922;"SR-PR";"UOP02";"DEL07"
273066;2020-03-03;"terça-feira";"15:50:00";"MG";40;473;"SETE LAGOAS";"Velocidade Incompatível";"Danos eventuais";"Com Vítimas Feridas";"Pleno dia";"Decrescente";"Chuva";"Dupla";"Não Informado";"Não";1;0;1;0;0;0;1;1;-19,49635;-44,27992;"SR-MG";"UOP01";"DEL02"
273067;2020-03-03;"terça-feira";"16:30:00";"RJ";40;81;"PETROPOLIS";"Defeito na Via";"Colisão traseira";"Com Vítimas Feridas";"Pleno dia";"Decrescente";"Chuva";"Simples";"Não Informado";"Não";3;0;1;0;2;0;1;2;-22,5191;-43,22873;"SR-RJ";"UOP03";"DEL06"
273068;2020-03-03;"terça-feira";"04:00:00";"RJ";101;259,6;"RIO BONITO";"Falta de Atenção à Condução";"Colisão com objeto estático";"Sem Vítimas";"Pleno dia";"Crescente";"Chuva";"Simples";"Reta";"Sim";1;0;0;0;1;0;0;1;-22,70382;-42,59638;"SR-RJ";"UOP03";"DEL02"
273069;2020-03-03;"terça-feira";"11:00:00";"MG";262;400,7;"PARA DE MINAS";"Velocidade Incompatível";"Saída de leito carroçável";"Com Vítimas Feridas";"Pleno dia";"Decrescente";"Chuva";"Dupla";"Curva";"Não";3;0;1;0;2;0;1;1;-19,90294;-44,54365;"SR-MG";"UOP03";"DEL08"
273070;2020-03-03;"terça-feira";"16:15:00";"PR";369;141;"IBIPORA";"Não guardar distância de segurança";"Colisão traseira";"Sem Vítimas";"Pleno dia";"Crescente";"Céu Claro";"Dupla";"Reta";"Sim";2;0;0;0;2;0;0;2;-23,2867;-51,07607;"SR-PR";"UOP01";"DEL07"
273071;2020-03-03;"terça-feira";"15:00:00";"RJ";101;108;"CAMPOS DOS GOYTACAZES";"Falta de Atenção à Condução";"Saída de leito carroçável";"Com Vítimas Feridas";"Pleno dia";"Decrescente";"Nublado";"Dupla";"Reta";"Não";1;0;1;0;0;0;1;1;-21,9406;-41,63215;"SR-RJ";"UOP02";"DEL08"
273072;2020-03-03;"terça-feira";"14:17:00";"SC";101;330,5;"TUBARAO";"Avarias e/ou desgaste excessivo no pneu";"Tombamento";"Com Vítimas Feridas";"Pleno dia";"Decrescente";"Nublado";"Múltipla";"Reta";"Sim";1;0;1;0;0;0;1;1;-28,45116;-48,97287;"SR-SC";"UOP01";"DEL02"
273074;2020-03-03;"terça-feira";"17:20:00";"MG";40;666,4;"CARANDAI";"Defeito Mecânico no Veículo";"Tombamento";"Com Vítimas Feridas";"Pleno dia";"Crescente";"Chuva";"Simples";"Reta";"Não";1;0;1;0;0;0;1;1;-20,94471;-43,80862;"SR-MG";"UOP02";"DEL05"
273075;2020-03-03;"terça-feira";"16:30:00";"RJ";101;316;"SAO GONCALO";"Avarias e/ou desgaste excessivo no pneu";"Queda de ocupante de veículo";"Com Vítimas Feridas";"Pleno dia";"Decrescente";"Chuva";"Dupla";"Reta";"Sim";2;0;2;0;0;0;2;1;-22,82836;-43,09209;"SR-RJ";"UOP01";"DEL02"
273076;2020-03-03;"terça-feira";"17:30:00";"PR";376;594,5;"CURITIBA";"Falta de Atenção à Condução";"Atropelamento de Pedestre";"Com Vítimas Feridas";"Pleno dia";"Crescente";"Nublado";"Dupla";"Reta";"Sim";3;0;3;0;0;0;3;1;-25,4848;-49,3473;"SR-PR";"UOP04";"DEL01"
273077;2020-03-03;"terça-feira";"17:45:00";"BA";101;160;"CONCEICAO DO JACUIPE";"Mal Súbito";"Capotamento";"Com Vítimas Feridas";"Anoitecer";"Decrescente";"Céu Claro";"Simples";"Reta";"Não";2;0;2;0;0;0;2;1;-12,35551;-38,78248;"SR-BA";"UOP03";"DEL01"
273078;2020-03-03;"terça-feira";"18:24:00";"GO";40;5;"VALPARAISO DE GOIAS";"Falta de Atenção à Condução";"Colisão lateral";"Com Vítimas Feridas";"Anoitecer";"Crescente";"Céu Claro";"Dupla";"Reta";"Sim";5;0;1;0;2;2;1;2;-16,09313;-47,98224;"SR-DF";"UOP01";"DEL01"
273079;2020-03-03;"terça-feira";"17:20:00";"MG";381;478,9;"CONTAGEM";"Não guardar distância de segurança";"Colisão lateral";"Com Vítimas Feridas";"Pleno dia";"Decrescente";"Nublado";"Dupla";"Não Informado";"Sim";2;0;1;0;0;1;1;2;-19,95826;-44,05921;"SR-MG";"UOP03";"DEL01"
273080;2020-03-03;"terça-feira";"17:00:00";"BA";116;819,8;"VITORIA DA CONQUISTA";"Falta de Atenção à Condução";"Colisão lateral";"Com Vítimas Fatais";"Pleno dia";"Crescente";"Céu Claro";"Simples";"Não Informado";"Não";2;1;0;0;1;0;0;2;-14,79057;-40,7554;"SR-BA";"UOP01";"DEL08"
273081;2020-03-03;"terça-feira";"16:30:00";"MT";163;771;"SORRISO";"Mal Súbito";"Saída de leito carroçável";"Com Vítimas Feridas";"Pleno dia";"Crescente";"Chuva";"Simples";"Reta";"Não";1;0;1;0;0;0;1;1;-12,51359;-55,69587;"SR-MT";"UOP01";"DEL06"
273082;2020-03-03;"terça-feira";"16:16:00";"MG";50;185;"UBERABA";"Falta de Atenção à Condução";"Atropelamento de Animal";"Sem Vítimas";"Pleno dia";"Decrescente";"Nublado";"Dupla";"Reta";"Não";1;0;0;0;1;0;0;1;-19,81728;-47,89559;"SR-MG";"UOP01";"DEL13"
273083;2020-03-03;"terça-feira";"17:00:00";"MG";40;454,9;"CAETANOPOLIS";"Velocidade Incompatível";"Saída de leito carroçável";"Com Vítimas Feridas";"Pleno dia";"Decrescente";"Chuva";"Dupla";"Não Informado";"Não";1;0;1;0;0;0;1;1;-19,34996;-44,35228;"SR-MG";"UOP01";"DEL02"
273084;2020-03-03;"terça-feira";"18:20:00";"PE";232;4,3;"RECIFE";"Desobediência às normas de trânsito pelo condutor";"Colisão traseira";"Com Vítimas Feridas";"Plena Noite";"Decrescente";"Céu Claro";"Múltipla";"Reta";"Sim";3;0;2;0;1;0;2;2;-8,064473;-34,93693;"SR-PE";"UOP01";"DEL01"
273085;2020-03-03;"terça-feira";"17:40:00";"SP";116;293,8;"ITAPECERICA DA SERRA";"Defeito Mecânico no Veículo";"Colisão com objeto estático";"Com Vítimas Feridas";"Pleno dia";"Decrescente";"Céu Claro";"Dupla";"Reta";"Não";2;0;2;0;0;0;2;1;-23,75394;-46,90169;"SR-SP";"UOP01";"DEL04"
273086;2020-03-03;"terça-feira";"18:20:00";"MG";116;703,8;"MURIAE";"Não guardar distância de segurança";"Colisão traseira";"Com Vítimas Feridas";"Plena Noite";"Crescente";"Chuva";"Simples";"Não Informado";"Sim";2;0;1;0;1;0;1;2;-21,12682;-42,38322;"SR-MG";"UOP02";"DEL07"
273088;2020-03-03;"terça-feira";"15:50:00";"PI";135;450;"MONTE ALEGRE DO PIAUI";"Defeito na Via";"Tombamento";"Com Vítimas Feridas";"Pleno dia";"Decrescente";"Céu Claro";"Simples";"Reta";"Não";1;0;1;0;0;0;1;1;-9,557219;-44,90738;"SR-PI";"UOP02";"DEL03"
273090;2020-03-03;"terça-feira";"12:30:00";"MG";116;594,9;"MANHUACU";"Pista Escorregadia";"Colisão com objeto estático";"Com Vítimas Feridas";"Pleno dia";"Decrescente";"Chuva";"Simples";"Curva";"Não";1;0;1;0;0;0;1;1;-20,28691;-42,14643;"SR-MG";"UOP04";"DEL06"
273091;2020-03-03;"terça-feira";"18:30:00";"CE";222;4,2;"CAUCAIA";"Não guardar distância de segurança";"Colisão lateral";"Com Vítimas Feridas";"Plena Noite";"Crescente";"Céu Claro";"Múltipla";"Reta";"Sim";3;0;2;0;1;0;2;2;-3,741648;-38,6045;"SR-CE";"UOP01";"DEL01"
273092;2020-03-03;"terça-feira";"17:30:00";"CE";230;38,3;"LAVRAS DA MANGABEIRA";"Falta de Atenção à Condução";"Colisão transversal";"Com Vítimas Feridas";"Anoitecer";"Decrescente";"Nublado";"Simples";"Reta";"Sim";3;0;0;2;1;0;2;2;-6,757569;-38,95159;"SR-CE";"UOP01";"DEL05"
273094;2020-03-03;"terça-feira";"18:50:00";"SC";101;207;"SAO JOSE";"Desobediência às normas de trânsito pelo condutor";"Colisão frontal";"Com Vítimas Feridas";"Plena Noite";"Crescente";"Nublado";"Dupla";"Reta";"Sim";3;0;0;2;1;0;2;2;-27,60001;-48,62265;"SR-SC";"UOP01";"DEL01"
273095;2020-03-03;"terça-feira";"18:50:00";"PR";476;123;"CURITIBA";"Falta de Atenção à Condução";"Colisão lateral";"Com Vítimas Feridas";"Plena Noite";"Decrescente";"Nublado";"Dupla";"Reta";"Sim";2;0;1;0;1;0;1;2;-25,3929;-49,20956;"SR-PR";"UOP06";"DEL01"
273096;2020-03-03;"terça-feira";"19:10:00";"PE";101;65,6;"RECIFE";"Falta de Atenção à Condução";"Colisão traseira";"Com Vítimas Feridas";"Plena Noite";"Decrescente";"Nublado";"Dupla";"Reta";"Sim";3;0;0;1;2;0;1;3;-8,030293;-34,94284;"SR-PE";"UOP01";"DEL01"
273097;2020-03-03;"terça-feira";"19:15:00";"SP";488;4,3;"APARECIDA";"Falta de Atenção à Condução";"Colisão transversal";"Com Vítimas Feridas";"Plena Noite";"Crescente";"Nublado";"Dupla";"Não Informado";"Sim";2;0;1;0;1;0;1;2;-22,8584;-45,25138;"SR-SP";"UOP02";"DEL08"
273098;2020-03-03;"terça-feira";"19:15:00";"ES";262;47,3;"MARECHAL FLORIANO";"Ingestão de Álcool";"Colisão frontal";"Com Vítimas Feridas";"Plena Noite";"Decrescente";"Céu Claro";"Simples";"Ponte";"Sim";4;0;1;1;1;1;2;2;-20,4113;-40,67927;"SR-ES";"UOP01";"DEL01"
273099;2020-03-03;"terça-feira";"18:50:00";"MG";262;380;"JUATUBA";"Velocidade Incompatível";"Saída de leito carroçável";"Com Vítimas Feridas";"Plena Noite";"Decrescente";"Chuva";"Dupla";"Não Informado";"Não";2;0;1;0;1;0;1;1;-19,94786;-44,38123;"SR-MG";"UOP03";"DEL01"
273100;2020-03-03;"terça-feira";"19:20:00";"SC";282;4,7;"FLORIANOPOLIS";"Não guardar distância de segurança";"Colisão traseira";"Com Vítimas Feridas";"Plena Noite";"Crescente";"Nublado";"Dupla";"Desvio Temporário";"Sim";2;0;1;0;1;0;1;2;-27,59265;-48,60403;"SR-SC";"UOP01";"DEL01"
273102;2020-03-03;"terça-feira";"19:15:00";"CE";116;372;"ICO";"Falta de Atenção à Condução";"Queda de ocupante de veículo";"Com Vítimas Feridas";"Plena Noite";"Crescente";"Chuva";"Dupla";"Reta";"Não";1;0;1;0;0;0;1;1;-6,378616;-38,80976;"SR-CE";"UOP01";"DEL05"
273104;2020-03-03;"terça-feira";"18:40:00";"PA";316;108;"SANTA MARIA DO PARA";"Ingestão de Álcool";"Colisão frontal";"Com Vítimas Feridas";"Plena Noite";"Crescente";"Céu Claro";"Simples";"Reta";"Sim";2;0;0;1;1;0;1;2;-1,333277;-47,535;"SR-PA";"UOP02";"DEL01"
273105;2020-03-03;"terça-feira";"17:40:00";"RJ";393;258;"BARRA DO PIRAI";"Falta de Atenção à Condução";"Colisão transversal";"Com Vítimas Feridas";"Anoitecer";"Crescente";"Céu Claro";"Simples";"Rotatória";"Não";6;0;4;1;1;0;5;2;-22,45148;-43,82691;"SR-RJ";"UOP02";"DEL05"
273106;2020-03-03;"terça-feira";"14:55:00";"SP";381;54,1;"MAIRIPORA";"Velocidade Incompatível";"Colisão traseira";"Com Vítimas Feridas";"Pleno dia";"Decrescente";"Céu Claro";"Dupla";"Reta";"Não";14;0;4;0;10;0;4;11;-23,24491;-46,59562;"SR-SP";"UOP01";"DEL03"
273107;2020-03-03;"terça-feira";"19:10:00";"PI";343;593,9;"FLORIANO";"Desobediência às normas de trânsito pelo condutor";"Colisão transversal";"Com Vítimas Feridas";"Plena Noite";"Decrescente";"Céu Claro";"Dupla";"Reta";"Sim";3;0;2;1;0;0;3;2;-6,781913;-43,03827;"SR-PI";"UOP01";"DEL03"
273108;2020-03-03;"terça-feira";"18:54:00";"RO";364;237,7;"CACOAL";"Desobediência às normas de trânsito pelo condutor";"Colisão transversal";"Com Vítimas Feridas";"Plena Noite";"Decrescente";"Nublado";"Simples";"Não Informado";"Sim";4;0;1;0;0;3;1;2;-11,44341;-61,44673;"SR-RO";"UOP02";"DEL02"
273109;2020-03-03;"terça-feira";"19:40:00";"RJ";116;293;"PORTO REAL";"Falta de Atenção à Condução";"Capotamento";"Sem Vítimas";"Plena Noite";"Decrescente";"Nublado";"Dupla";"Reta";"Não";1;0;0;0;0;1;0;1;-22,45746;-44,29161;"SR-RJ";"UOP02";"DEL07"
273110;2020-03-03;"terça-feira";"16:05:00";"MA";316;591;"TIMON";"Falta de Atenção à Condução";"Engavetamento";"Com Vítimas Feridas";"Pleno dia";"Crescente";"Céu Claro";"Simples";"Não Informado";"Não";5;0;2;0;3;0;2;4;-5,00419;-43,03237;"SR-MA";"UOP02";"DEL03"
273111;2020-01-29;"quarta-feira";"13:30:00";"PE";232;409,8;"SERRA TALHADA";"Desobediência às normas de trânsito pelo condutor";"Colisão transversal";"Com Vítimas Feridas";"Pleno dia";"Crescente";"Céu Claro";"Simples";"Reta";"Sim";3;0;1;1;1;0;2;2;-7,981944;-38,28947;"SR-PE";"DEL11/4";"UOP01/PE"
273112;2020-03-03;"terça-feira";"15:30:00";"MA";316;73;"MARANHAOZINHO";"Desobediência às normas de trânsito pelo condutor";"Colisão traseira";"Com Vítimas Fatais";"Pleno dia";"Decrescente";"Céu Claro";"Simples";"Reta";"Não";2;1;0;0;1;0;0;2;-2,181872;-45,87287;"SR-MA";"UOP02";"DEL02"
273114;2020-03-03;"terça-feira";"20:45:00";"RJ";393;189;"PARAIBA DO SUL";"Falta de Atenção à Condução";"Saída de leito carroçável";"Sem Vítimas";"Plena Noite";"Crescente";"Chuva";"Simples";"Desvio Temporário";"Não";1;0;0;0;1;0;0;1;-22,16215;-43,31496;"SR-RJ";"UOP01";"DEL05"
273115;2020-03-03;"terça-feira";"13:20:00";"MA";222;678,4;"ACAILANDIA";"Não guardar distância de segurança";"Colisão traseira";"Com Vítimas Feridas";"Pleno dia";"Crescente";"Chuva";"Simples";"Reta";"Sim";5;0;2;0;3;0;2;4;-4,951841;-47,48456;"SR-MA";"UOP03";"DEL04"
273118;2020-03-03;"terça-feira";"22:00:00";"RJ";356;185,3;"SAO JOAO DA BARRA";"Restrição de Visibilidade";"Colisão traseira";"Com Vítimas Fatais";"Plena Noite";"Decrescente";"Chuva";"Simples";"Reta";"Não";2;1;0;0;0;1;0;2;-21,63074;-41,03729;"SR-RJ";"PMERJ";""
273119;2020-03-03;"terça-feira";"17:45:00";"RJ";101;510;"ANGRA DOS REIS";"Velocidade Incompatível";"Saída de leito carroçável";"Sem Vítimas";"Anoitecer";"Crescente";"Chuva";"Simples";"Curva";"Sim";3;0;0;0;3;0;0;1;-22,95213;-44,43611;"SR-RJ";"UOP03";"DEL03"
273120;2020-03-03;"terça-feira";"20:15:00";"CE";20;241;"MADALENA";"Defeito Mecânico no Veículo";"Incêndio";"Sem Vítimas";"Plena Noite";"Decrescente";"Céu Claro";"Simples";"Reta";"Sim";1;0;0;0;0;1;0;1;-4,840374;-39,56497;"SR-CE";"UOP02";"DEL02"
273121;2020-03-03;"terça-feira";"22:25:00";"SP";116;143,8;"SAO JOSE DOS CAMPOS";"Desobediência às normas de trânsito pelo pedestre";"Atropelamento de Pedestre";"Com Vítimas Fatais";"Plena Noite";"Crescente";"Nublado";"Simples";"Reta";"Sim";4;1;0;0;1;2;0;1;-23,1785;-45,83787;"SR-SP";"UOP01";"DEL02"
273122;2020-03-03;"terça-feira";"21:00:00";"PE";101;183,9;"PALMARES";"Desobediência às normas de trânsito pelo condutor";"Tombamento";"Com Vítimas Feridas";"Plena Noite";"Crescente";"Céu Claro";"Múltipla";"Reta";"Sim";1;0;1;0;0;0;1;1;-8,664906;-35,57251;"SR-PE";"UOP03";"DEL01"
273123;2020-03-03;"terça-feira";"19:25:00";"BA";116;930;"ENCRUZILHADA";"Defeito Mecânico no Veículo";"Saída de leito carroçável";"Sem Vítimas";"Plena Noite";"Crescente";"Céu Claro";"Simples";"Não Informado";"Não";1;0;0;0;1;0;0;1;-15,58476;-41,27869;"SR-BA";"UOP03";"DEL08"
273124;2020-03-03;"terça-feira";"22:30:00";"RR";174;504;"BOA VISTA";"Falta de Atenção à Condução";"Colisão traseira";"Com Vítimas Feridas";"Plena Noite";"Decrescente";"Céu Claro";"Dupla";"Reta";"Sim";3;0;1;0;2;0;1;2;2,801374;-60,6948;"SR-RR";"UOP01";"DEL01"
273125;2020-03-03;"terça-feira";"23:10:00";"ES";101;269,5;"SERRA";"Falta de Atenção à Condução";"Colisão transversal";"Com Vítimas Feridas";"Plena Noite";"Crescente";"Chuva";"Dupla";"Reta";"Sim";3;0;0;1;1;1;1;2;-20,2174;-40,26991;"SR-ES";"UOP01";"DEL02"
273126;2020-03-03;"terça-feira";"21:40:00";"MA";316;553,2;"CAXIAS";"Velocidade Incompatível";"Saída de leito carroçável";"Com Vítimas Feridas";"Plena Noite";"Crescente";"Chuva";"Dupla";"Reta";"Sim";1;0;1;0;0;0;1;1;-4,877648;-43,33816;"SR-MA";"UOP02";"DEL03"
273127;2020-03-03;"terça-feira";"21:00:00";"MA";316;565,8;"CAXIAS";"Defeito Mecânico no Veículo";"Saída de leito carroçável";"Sem Vítimas";"Plena Noite";"Crescente";"Chuva";"Simples";"Não Informado";"Não";1;0;0;0;1;0;0;1;-4,904245;-43,24197;"SR-MA";"UOP02";"DEL03"
273128;2020-03-03;"terça-feira";"22:09:00";"MA";316;567;"CAXIAS";"Animais na Pista";"Atropelamento de Animal";"Com Vítimas Feridas";"Plena Noite";"Decrescente";"Chuva";"Simples";"Não Informado";"Não";2;0;1;0;1;0;1;1;-4,911043;-43,22528;"SR-MA";"UOP02";"DEL03"
273129;2020-03-03;"terça-feira";"23:34:00";"ES";262;161,1;"IBATIBA";"Animais na Pista";"Atropelamento de Animal";"Sem Vítimas";"Plena Noite";"Crescente";"Nublado";"Dupla";"Reta";"Não";1;0;0;0;1;0;0;1;-20,2364;-41,52254;"SR-ES";"UOP02";"DEL01"
273131;2020-03-03;"terça-feira";"23:15:00";"MG";262;560,7;"CORREGO DANTA";"Condutor Dormindo";"Saída de leito carroçável";"Com Vítimas Feridas";"Plena Noite";"Decrescente";"Chuva";"Simples";"Não Informado";"Não";1;0;1;0;0;0;1;1;-19,73929;-45,93728;"SR-MG";"UOP02";"DEL08"
273132;2020-03-03;"terça-feira";"17:00:00";"PR";369;174;"ROLANDIA";"Ingestão de Álcool";"Colisão frontal";"Com Vítimas Feridas";"Pleno dia";"Crescente";"Céu Claro";"Simples";"Reta";"Sim";2;0;1;0;1;0;1;2;-23,31574;-51,3764;"SR-PR";"UOP01";"DEL07"
273133;2020-03-03;"terça-feira";"23:58:00";"RJ";40;121;"DUQUE DE CAXIAS";"Desobediência às normas de trânsito pelo condutor";"Colisão traseira";"Com Vítimas Feridas";"Plena Noite";"Crescente";"Chuva";"Múltipla";"Reta";"Sim";4;0;1;0;2;1;1;3;-22,78185;-43,28571;"SR-RJ";"UOP01";"DEL01"
273134;2020-03-03;"terça-feira";"22:45:00";"SC";480;122,8;"CHAPECO";"Defeito Mecânico no Veículo";"Colisão traseira";"Sem Vítimas";"Plena Noite";"Decrescente";"Céu Claro";"Dupla";"Reta";"Sim";2;0;0;0;2;0;0;2;-27,00079;-52,64545;"SR-SC";"UOP01";"DEL07"
273135;2020-03-04;"quarta-feira";"00:40:00";"MG";381;921,3;"CAMANDUCAIA";"Velocidade Incompatível";"Colisão com objeto estático";"Com Vítimas Feridas";"Plena Noite";"Crescente";"Céu Claro";"Dupla";"Não Informado";"Não";1;0;1;0;0;0;1;1;-22,76097;-46,16857;"SR-MG";"UOP03";"DEL16"
273136;2020-03-03;"terça-feira";"20:30:00";"RO";364;928,2;"PORTO VELHO";"Desobediência às normas de trânsito pelo condutor";"Colisão lateral";"Sem Vítimas";"Plena Noite";"Crescente";"Nublado";"Simples";"Reta";"Sim";2;0;0;0;1;1;0;2;-9,700625;-65,36778;"SR-RO";"UOP04";"DEL01"
273137;2020-03-04;"quarta-feira";"02:10:00";"SP";116;514;"CAJATI";"Velocidade Incompatível";"Saída de leito carroçável";"Com Vítimas Feridas";"Plena Noite";"Decrescente";"Nublado";"Simples";"Reta";"Não";1;0;1;0;0;0;1;1;-24,85874;-48,21731;"SR-SP";"UOP02";"DEL05"
273139;2020-03-04;"quarta-feira";"03:00:00";"SP";116;467;"JACUPIRANGA";"Falta de Atenção à Condução";"Colisão traseira";"Com Vítimas Fatais";"Plena Noite";"Decrescente";"Nublado";"Dupla";"Não Informado";"Não";2;1;0;0;1;0;0;2;-24,64935;-47,93125;"SR-SP";"UOP01";"DEL05"
273140;2020-03-03;"terça-feira";"19:35:00";"AL";316;157,2;"PALMEIRA DOS INDIOS";"Falta de Atenção à Condução";"Colisão lateral";"Sem Vítimas";"Plena Noite";"Crescente";"Céu Claro";"Simples";"Reta";"Sim";3;0;0;0;3;0;0;2;-9,426352;-36,61893;"SR-AL";"UOP01";"DEL03"
273141;2020-03-04;"quarta-feira";"02:35:00";"MG";251;336,3;"FRUTA DE LEITE";"Velocidade Incompatível";"Colisão com objeto estático";"Com Vítimas Feridas";"Plena Noite";"Decrescente";"Chuva";"Simples";"Curva";"Não";7;0;4;0;3;0;4;1;-16,25629;-42,45367;"SR-MG";"UOP01";"DEL12"
273142;2020-03-04;"quarta-feira";"04:45:00";"RN";304;61,5;"MOSSORO";"Condutor Dormindo";"Colisão frontal";"Com Vítimas Feridas";"Amanhecer";"Crescente";"Céu Claro";"Simples";"Reta";"Não";3;0;1;0;0;2;1;2;-5,331259;-37,26515;"SR-RN";"UOP01";"DEL04"