"id";"data_inversa";"dia_semana";"horario";"uf";"br";"km";"municipio";"causa_acidente";"tipo_acidente";"classificacao_acidente";"fase_dia";"sentido_via";"condicao_metereologica";"tipo_pista";"tracado_via";"uso_solo";"pessoas";"mortos";"feridos_leves";"feridos_graves";"ilesos";"ignorados";"feridos";"veiculos";"latitude";"longitude";"regional";"delegacia";"uop"
273143;2020-03-04;"quarta-feira";"05:40:00";"CE";20;416;"MARACANAU";"Velocidade Incompatível";"Colisão frontal";"Com Vítimas Feridas";"Amanhecer";"Crescente";"Nublado";"Simples";"Túnel";"Sim";2;0;1;1;0;0;2;2;-3,833495;-38,61421;"SR-CE";"UOP02";"DEL01"
273144;2020-03-04;"quarta-feira";"03:20:00";"RN";110;58,8;"MOSSORO";"Animais na Pista";"Atropelamento de Animal";"Sem Vítimas";"Plena Noite";"Decrescente";"Ignorado";"Simples";"Reta";"Não";1;0;0;0;1;0;0;1;-5,290025;-37,33086;"SR-RN";"UOP01";"DEL04"
273145;2020-03-04;"quarta-feira";"04:40:00";"MG";251;521,8;"MONTES CLAROS";"Não guardar distância de segurança";"Colisão traseira";"Sem Vítimas";"Amanhecer";"Decrescente";"Nublado";"Simples";"Reta";"Não";2;0;0;0;2;0;0;2;-16,67039;-43,79223;"SR-MG";"UOP01";"DEL12"
273146;2020-03-04;"quarta-feira";"03:30:00";"MT";70;258;"PRIMAVERA DO LESTE";"Restrição de Visibilidade";"Tombamento";"Sem Vítimas";"Amanhecer";"Decrescente";"Céu Claro";"Simples";"Reta";"Não";1;0;0;0;1;0;0;1;-15,62969;-54,16985;"SR-MT";"UOP01";"DEL05"
273147;2020-03-04;"quarta-feira";"01:40:00";"PR";277;374,6;"GUARAPUAVA";"Velocidade Incompatível";"Saída de leito carroçável";"Sem Vítimas";"Plena Noite";"Crescente";"Céu Claro";"Simples";"Desvio Temporário";"Não";1;0;0;0;0;1;0;1;-25,40253;-51,74237;"SR-PR";"UOP01";"DEL08"
273149;2020-03-04;"quarta-feira";"05:40:00";"MG";262;353;"BETIM";"Defeito Mecânico no Veículo";"Incêndio";"Sem Vítimas";"Amanhecer";"Decrescente";"Nublado";"Dupla";"Reta";"Sim";1;0;0;0;0;1;0;1;-19,95948;-44,15416;"SR-MG";"UOP03";"DEL01"
273150;2020-03-04;"quarta-feira";"06:55:00";"GO";60;92,2;"ANAPOLIS";"Animais na Pista";"Atropelamento de Animal";"Com Vítimas Feridas";"Pleno dia";"Crescente";"Nublado";"Dupla";"Reta";"Sim";1;0;0;1;0;0;1;1;-16,35234;-48,91568;"SR-GO";"UOP01";"DEL02"
273151;2020-03-04;"quarta-feira";"07:15:00";"CE";116;6;"FORTALEZA";"Falta de Atenção do Pedestre";"Atropelamento de Pedestre";"Com Vítimas Feridas";"Amanhecer";"Decrescente";"Sol";"Múltipla";"Reta";"Sim";3;0;1;0;2;0;1;2;-3,802624;-38,504;"SR-CE";"UOP02";"DEL01"
273152;2020-03-04;"quarta-feira";"06:45:00";"SP";116;285;"ITAPECERICA DA SERRA";"Falta de Atenção à Condução";"Colisão lateral";"Com Vítimas Feridas";"Pleno dia";"Decrescente";"Céu Claro";"Dupla";"Reta";"Sim";2;0;1;0;1;0;1;2;-23,68453;-46,8592;"SR-SP";"UOP01";"DEL04"
273153;2020-03-04;"quarta-feira";"07:00:00";"SP";153;21,8;"NOVA GRANADA";"Falta de Atenção à Condução";"Colisão traseira";"Com Vítimas Feridas";"Pleno dia";"Crescente";"Céu Claro";"Simples";"Curva";"Não";2;0;0;1;1;0;1;2;-20,46868;-49,29243;"SR-SP";"UOP01";"DEL09"
273154;2020-03-04;"quarta-feira";"07:20:00";"RS";116;232;"NOVO HAMBURGO";"Falta de Atenção à Condução";"Colisão transversal";"Com Vítimas Feridas";"Pleno dia";"Decrescente";"Céu Claro";"Simples";"Reta";"Sim";2;0;0;1;1;0;1;2;-29,633;-51,14325;"SR-RS";"UOP02";"DEL01"
273155;2020-03-04;"quarta-feira";"07:30:00";"BA";242;414;"SEABRA";"Defeito Mecânico no Veículo";"Colisão traseira";"Com Vítimas Feridas";"Pleno dia";"Decrescente";"Céu Claro";"Simples";"Desvio Temporário";"Sim";6;0;0;5;1;0;5;2;-12,42743;-41,7702;"SR-BA";"UOP01";"DEL06"
273156;2020-03-03;"terça-feira";"11:45:00";"GO";153;500;"GOIANIA";"Falta de Atenção à Condução";"Colisão lateral";"Com Vítimas Feridas";"Pleno dia";"Crescente";"Céu Claro";"Dupla";"Viaduto";"Sim";2;0;1;0;1;0;1;2;-16,7118;-49,2324;"SR-GO";"UOP01";"DEL01"
273157;2020-03-04;"quarta-feira";"07:40:00";"RS";290;104;"ELDORADO DO SUL";"Falta de Atenção à Condução";"Colisão traseira";"Com Vítimas Feridas";"Pleno dia";"Decrescente";"Sol";"Dupla";"Reta";"Não";3;0;1;0;2;0;1;2;-29,99312;-51,2754;"SR-RS";"UOP01";"DEL02"
273158;2020-03-04;"quarta-feira";"00:01:00";"SC";280;111;"SAO BENTO DO SUL";"Condutor Dormindo";"Saída de leito carroçável";"Com Vítimas Feridas";"Pleno dia";"Crescente";"Céu Claro";"Simples";"Curva";"Não";1;0;1;0;0;0;1;1;-26,31296;-49,38838;"SR-SC";"UOP03";"DEL06"
273159;2020-03-04;"quarta-feira";"07:50:00";"SC";101;203,3;"SAO JOSE";"Falta de Atenção à Condução";"Colisão traseira";"Com Vítimas Feridas";"Pleno dia";"Crescente";"Céu Claro";"Dupla";"Reta";"Sim";2;0;1;0;1;0;1;2;-27,56686;-48,61414;"SR-SC";"UOP01";"DEL01"
273160;2020-03-04;"quarta-feira";"08:00:00";"SC";101;216;"PALHOCA";"Falta de Atenção à Condução";"Colisão traseira";"Com Vítimas Feridas";"Pleno dia";"Decrescente";"Céu Claro";"Simples";"Reta";"Sim";2;0;2;0;0;0;2;2;-27,65981;-48,67748;"SR-SC";"UOP02";"DEL01"
273161;2020-03-04;"quarta-feira";"08:00:00";"ES";101;267,7;"SERRA";"Desobediência às normas de trânsito pelo condutor";"Colisão lateral";"Com Vítimas Feridas";"Pleno dia";"Crescente";"Nublado";"Múltipla";"Interseção de vias";"Sim";2;0;1;0;1;0;1;2;-20,19931;-40,26885;"SR-ES";"UOP01";"DEL02"
273162;2020-02-28;"sexta-feira";"21:44:00";"RS";153;432,3;"CACHOEIRA DO SUL";"Animais na Pista";"Atropelamento de Animal";"Sem Vítimas";"Plena Noite";"Crescente";"Céu Claro";"Simples";"Reta";"Não";2;0;0;0;2;0;0;1;-30,25462;-52,85248;"SR-RS";"UOP03";"DEL02"
273163;2020-03-04;"quarta-feira";"07:05:00";"RS";386;355,6;"ESTRELA";"Velocidade Incompatível";"Capotamento";"Com Vítimas Feridas";"Pleno dia";"Crescente";"Nublado";"Dupla";"Curva";"Sim";1;0;1;0;0;0;1;1;-29,51507;-51,94008;"SR-RS";"UOP02";"DEL04"
273164;2020-03-04;"quarta-feira";"08:30:00";"GO";40;9;"LUZIANIA";"Animais na Pista";"Atropelamento de Animal";"Com Vítimas Feridas";"Pleno dia";"Crescente";"Céu Claro";"Dupla";"Reta";"Sim";3;0;1;0;0;2;1;1;-16,13116;-47,95774;"SR-DF";"UOP01";"DEL01"
273165;2020-03-04;"quarta-feira";"07:50:00";"SC";282;34,5;"AGUAS MORNAS";"Falta de Atenção à Condução";"Colisão transversal";"Com Vítimas Feridas";"Pleno dia";"Decrescente";"Céu Claro";"Simples";"Reta";"Não";2;0;0;1;1;0;1;2;-27,70425;-48,81755;"SR-SC";"UOP03";"DEL01"
273166;2020-03-04;"quarta-feira";"07:30:00";"SC";101;210;"SAO JOSE";"Desobediência às normas de trânsito pelo condutor";"Colisão lateral";"Com Vítimas Feridas";"Pleno dia";"Crescente";"Céu Claro";"Dupla";"Reta";"Sim";3;0;1;0;2;0;1;3;-27,61673;-48,64573;"SR-SC";"UOP01";"DEL01"
273167;2020-03-04;"quarta-feira";"08:15:00";"GO";40;43,8;"LUZIANIA";"Falta de Atenção à Condução";"Saída de leito carroçável";"Com Vítimas Feridas";"Pleno dia";"Decrescente";"Céu Claro";"Simples";"Reta";"Não";1;0;1;0;0;0;1;1;-16,38447;-47,82629;"SR-DF";"UOP04";"DEL01"
273168;2020-03-04;"quarta-feira";"08:45:00";"PB";230;28;"JOAO PESSOA";"Velocidade Incompatível";"Colisão traseira";"Com Vítimas Feridas";"Pleno dia";"Decrescente";"Céu Claro";"Múltipla";"Não Informado";"Sim";2;0;1;0;1;0;1;2;-7,1651;-34,8941;"SR-PB";"UOP01";"DEL01"
273169;2020-03-04;"quarta-feira";"07:45:00";"PR";476;113;"COLOMBO";"Falta de Atenção à Condução";"Colisão lateral";"Com Vítimas Feridas";"Pleno dia";"Crescente";"Sol";"Simples";"Reta";"Não";2;0;1;0;1;0;1;2;-25,32723;-49,15984;"SR-PR";"UOP06";"DEL01"
273170;2020-03-04;"quarta-feira";"07:50:00";"RS";116;240,1;"NOVO HAMBURGO";"Falta de Atenção à Condução";"Colisão traseira";"Sem Vítimas";"Pleno dia";"Decrescente";"Sol";"Dupla";"Não Informado";"Não";4;0;0;0;4;0;0;4;-29,70496;-51,14677;"SR-RS";"UOP02";"DEL01"
273171;2020-03-03;"terça-feira";"21:00:00";"RO";364;568;"ITAPUA DO OESTE";"Falta de Atenção à Condução";"Queda de ocupante de veículo";"Com Vítimas Feridas";"Plena Noite";"Crescente";"Nublado";"Simples";"Desvio Temporário";"Não";1;0;0;1;0;0;1;1;-9,493735;-63,09032;"SR-RO";"UOP03";"DEL03"
273172;2020-03-04;"quarta-feira";"08:04:00";"MG";116;530,6;"CARATINGA";"Falta de Atenção à Condução";"Colisão lateral";"Com Vítimas Feridas";"Pleno dia";"Crescente";"Nublado";"Múltipla";"Retorno Regulamentado";"Sim";2;0;1;0;1;0;1;2;-19,81067;-42,13539;"SR-MG";"UOP02";"DEL06"
273173;2020-03-04;"quarta-feira";"08:30:00";"PR";476;141,5;"CURITIBA";"Desobediência às normas de trânsito pelo condutor";"Colisão lateral";"Com Vítimas Feridas";"Pleno dia";"Decrescente";"Sol";"Dupla";"Reta";"Sim";2;0;1;0;1;0;1;2;-25,52861;-49,2988;"SR-PR";"UOP03";"DEL01"
273174;2020-03-04;"quarta-feira";"09:10:00";"RS";470;228,7;"GARIBALDI";"Falta de Atenção do Pedestre";"Atropelamento de Pedestre";"Com Vítimas Feridas";"Pleno dia";"Crescente";"Céu Claro";"Simples";"Reta";"Não";2;0;1;1;0;0;2;1;-29,2155;-51,5176;"SR-RS";"UOP01";"DEL06"
273175;2020-03-04;"quarta-feira";"07:40:00";"CE";116;4,9;"FORTALEZA";"Falta de Atenção à Condução";"Tombamento";"Com Vítimas Feridas";"Pleno dia";"Crescente";"Nublado";"Dupla";"Reta";"Sim";3;0;1;1;1;0;2;3;-3,786721;-38,51146;"SR-CE";"UOP02";"DEL01"
273177;2020-03-04;"quarta-feira";"07:50:00";"SC";101;210,5;"SAO JOSE";"Falta de Atenção à Condução";"Colisão traseira";"Com Vítimas Feridas";"Pleno dia";"Crescente";"Céu Claro";"Dupla";"Reta";"Sim";3;0;1;0;1;1;1;3;-27,62031;-48,64889;"SR-SC";"UOP01";"DEL01"
273178;2020-03-04;"quarta-feira";"08:40:00";"ES";262;6;"CARIACICA";"Falta de Atenção do Pedestre";"Atropelamento de Pedestre";"Com Vítimas Feridas";"Pleno dia";"Crescente";"Nublado";"Múltipla";"Reta";"Sim";2;0;1;0;0;1;1;1;-20,34033;-40,39473;"SR-ES";"UOP01";"DEL01"
273179;2020-03-04;"quarta-feira";"09:40:00";"DF";20;21;"BRASILIA";"Falta de Atenção do Pedestre";"Atropelamento de Pedestre";"Com Vítimas Feridas";"Pleno dia";"Decrescente";"Céu Claro";"Dupla";"Reta";"Sim";2;0;0;1;1;0;1;1;-15,60338;-47,68469;"SR-DF";"UOP01";"DEL02"
273180;2020-03-04;"quarta-feira";"09:00:00";"SC";470;4;"NAVEGANTES";"Desobediência às normas de trânsito pelo condutor";"Colisão transversal";"Com Vítimas Feridas";"Pleno dia";"Decrescente";"Céu Claro";"Simples";"Reta";"Não";2;0;1;0;1;0;1;2;-26,85847;-48,69079;"SR-SC";"UOP04";"DEL04"
273181;2020-03-04;"quarta-feira";"09:00:00";"SC";101;139;"BALNEARIO CAMBORIU";"Não guardar distância de segurança";"Colisão traseira";"Com Vítimas Feridas";"Pleno dia";"Crescente";"Céu Claro";"Múltipla";"Não Informado";"Não";3;0;2;0;1;0;2;2;-27,02982;-48,60115;"SR-SC";"UOP03";"DEL04"
273182;2020-03-04;"quarta-feira";"08:30:00";"TO";230;90;"SAO BENTO DO TOCANTINS";"Animais na Pista";"Atropelamento de Animal";"Com Vítimas Feridas";"Pleno dia";"Crescente";"Garoa/Chuvisco";"Simples";"Reta";"Não";2;0;0;1;0;1;1;1;-6,043462;-47,93408;"SR-TO";"UOP05";"DEL02"
273183;2020-03-04;"quarta-feira";"06:25:00";"RS";285;125,2;"VACARIA";"Desobediência às normas de trânsito pelo condutor";"Colisão transversal";"Com Vítimas Feridas";"Pleno dia";"Crescente";"Céu Claro";"Simples";"Reta";"Não";2;0;0;1;1;0;1;2;-28,4838;-50,96035;"SR-RS";"UOP03";"DEL05"
273184;2020-02-24;"segunda-feira";"17:30:00";"MG";153;45,6;"CANAPOLIS";"Pista Escorregadia";"Saída de leito carroçável";"Com Vítimas Feridas";"Anoitecer";"Crescente";"Chuva";"Dupla";"Não Informado";"Não";5;0;0;4;0;1;4;1;-18,78036;-49,07866;"SR-MG";"UOP03";"DEL15"
273186;2020-02-24;"segunda-feira";"23:00:00";"MG";116;293;"TEOFILO OTONI";"Velocidade Incompatível";"Saída de leito carroçável";"Sem Vítimas";"Plena Noite";"Decrescente";"Céu Claro";"Simples";"Curva";"Não";1;0;0;0;0;1;0;1;-17,98416;-41,55703;"SR-MG";"UOP01";"DEL11"
273187;2020-03-03;"terça-feira";"23:00:00";"GO";50;273,5;"CATALAO";"Falta de Atenção à Condução";"Tombamento";"Com Vítimas Feridas";"Plena Noite";"Crescente";"Céu Claro";"Dupla";"Rotatória";"Sim";1;0;1;0;0;0;1;1;-18,1302;-47,9047;"SR-GO";"UOP01";"DEL06"
273188;2020-03-04;"quarta-feira";"10:00:00";"PB";230;12;"CABEDELO";"Falta de Atenção à Condução";"Colisão traseira";"Com Vítimas Feridas";"Pleno dia";"Decrescente";"Céu Claro";"Dupla";"Reta";"Sim";2;0;1;0;1;0;1;2;-7,068;-34,85;"SR-PB";"UOP01";"DEL01"
273189;2020-03-04;"quarta-feira";"09:00:00";"BA";324;614;"SALVADOR";"Não guardar distância de segurança";"Colisão traseira";"Sem Vítimas";"Pleno dia";"Crescente";"Sol";"Dupla";"Reta";"Não";2;0;0;0;2;0;0;2;-12,86398;-38,4237;"SR-BA";"UOP01";"DEL01"
273190;2020-02-20;"quinta-feira";"17:30:00";"RS";386;437,8;"NOVA SANTA RITA";"Avarias e/ou desgaste excessivo no pneu";"Tombamento";"Com Vítimas Feridas";"Pleno dia";"Crescente";"Céu Claro";"Simples";"Reta";"Não";2;0;1;1;0;0;2;1;-29,85803;-51,26123;"SR-RS";"UOP02";"DEL04"
273191;2020-02-23;"domingo";"20:15:00";"MA";10;146;"PORTO FRANCO";"Ultrapassagem Indevida";"Colisão frontal";"Com Vítimas Feridas";"Plena Noite";"Decrescente";"Nublado";"Simples";"Reta";"Não";3;0;0;2;1;0;2;2;-6,442968;-47,39697;"SR-MA";"UOP02";"DEL04"
273192;2020-03-04;"quarta-feira";"10:00:00";"SP";116;363,8;"MIRACATU";"Falta de Atenção à Condução";"Tombamento";"Com Vítimas Feridas";"Pleno dia";"Decrescente";"Sol";"Dupla";"Curva";"Não";1;0;1;0;0;0;1;1;-24,13692;-47,27245;"SR-SP";"UOP02";"DEL04"
273193;2020-02-25;"terça-feira";"16:10:00";"PR";277;489;"NOVA LARANJEIRAS";"Velocidade Incompatível";"Colisão frontal";"Com Vítimas Feridas";"Pleno dia";"Crescente";"Nublado";"Simples";"Curva";"Não";4;0;1;2;1;0;3;2;-25,24155;-52,63061;"SR-PR";"UOP03";"DEL04"
273195;2020-03-04;"quarta-feira";"11:30:00";"RJ";116;292;"PORTO REAL";"Falta de Atenção à Condução";"Saída de leito carroçável";"Com Vítimas Feridas";"Pleno dia";"Decrescente";"Céu Claro";"Dupla";"Reta";"Não";1;0;1;0;0;0;1;1;-22,46512;-44,28491;"SR-RJ";"UOP02";"DEL07"
273196;2020-03-04;"quarta-feira";"08:15:00";"MG";381;489;"BETIM";"Desobediência às normas de trânsito pelo condutor";"Engavetamento";"Com Vítimas Feridas";"Pleno dia";"Decrescente";"Chuva";"Dupla";"Reta";"Não";4;0;3;0;1;0;3;3;-19,96246;-44,16455;"SR-MG";"UOP03";"DEL01"
273197;2020-03-04;"quarta-feira";"11:30:00";"MG";40;526;"CONTAGEM";"Falta de Atenção à Condução";"Colisão traseira";"Com Vítimas Feridas";"Pleno dia";"Decrescente";"Nublado";"Dupla";"Não Informado";"Sim";2;0;1;0;1;0;1;2;-19,89255;-44,04985;"SR-MG";"UOP02";"DEL01"
273198;2020-03-04;"quarta-feira";"12:15:00";"PR";277;717,5;"SANTA TEREZINHA DE ITAIPU";"Defeito Mecânico no Veículo";"Saída de leito carroçável";"Com Vítimas Feridas";"Pleno dia";"Decrescente";"Nublado";"Dupla";"Retorno Regulamentado";"Não";2;0;1;1;0;0;2;1;-25,47637;-54,47652;"SR-PR";"UOP01";"DEL05"
273199;2020-03-04;"quarta-feira";"11:27:00";"ES";262;4;"CARIACICA";"Falta de Atenção à Condução";"Colisão lateral";"Com Vítimas Feridas";"Pleno dia";"Crescente";"Nublado";"Múltipla";"Reta";"Sim";3;0;1;0;2;0;1;2;-20,33609;-40,37813;"SR-ES";"UOP01";"DEL01"
273200;2020-03-04;"quarta-feira";"12:25:00";"PR";376;182,4;"SARANDI";"Avarias e/ou desgaste excessivo no pneu";"Danos eventuais";"Com Vítimas Feridas";"Pleno dia";"Decrescente";"Sol";"Dupla";"Reta";"Sim";2;0;1;0;1;0;1;2;-23,43854;-51,87596;"SR-PR";"UOP01";"DEL09"
273201;2020-03-04;"quarta-feira";"11:10:00";"MA";135;14,9;"SAO LUIS";"Falta de Atenção à Condução";"Saída de leito carroçável";"Com Vítimas Feridas";"Pleno dia";"Decrescente";"Céu Claro";"Dupla";"Curva";"Não";1;0;0;1;0;0;1;1;-2,569939;-44,35696;"SR-MA";"UOP01";"DEL01"
273203;2020-03-04;"quarta-feira";"12:30:00";"SC";101;194;"BIGUACU";"Defeito Mecânico no Veículo";"Incêndio";"Sem Vítimas";"Pleno dia";"Decrescente";"Céu Claro";"Dupla";"Reta";"Não";1;0;0;0;1;0;0;1;-27,49815;-48,65661;"SR-SC";"UOP01";"DEL01"
273204;2020-03-04;"quarta-feira";"12:50:00";"RS";116;318,8;"BARRA DO RIBEIRO";"Ultrapassagem Indevida";"Colisão lateral";"Sem Vítimas";"Pleno dia";"Decrescente";"Céu Claro";"Simples";"Reta";"Não";3;0;0;0;1;2;0;3;-30,27279;-51,40936;"SR-RS";"UOP01";"DEL02"
273205;2020-03-04;"quarta-feira";"12:00:00";"MG";40;759,9;"JUIZ DE FORA";"Defeito Mecânico no Veículo";"Incêndio";"Sem Vítimas";"Pleno dia";"Decrescente";"Nublado";"Simples";"Reta";"Não";1;0;0;0;1;0;0;1;-21,52076;-43,52314;"SR-MG";"UOP01";"DEL05"
273206;2020-03-04;"quarta-feira";"13:30:00";"GO";153;622,1;"MORRINHOS";"Agressão Externa";"Saída de leito carroçável";"Com Vítimas Fatais";"Pleno dia";"Decrescente";"Nublado";"Dupla";"Reta";"Não";1;1;0;0;0;0;0;1;-17,7397;-49,1575;"SR-GO";"UOP01";"DEL03"
273208;2020-03-04;"quarta-feira";"12:00:00";"RJ";40;114;"DUQUE DE CAXIAS";"Objeto estático sobre o leito carroçável";"Colisão com objeto estático";"Com Vítimas Feridas";"Pleno dia";"Crescente";"Nublado";"Múltipla";"Reta";"Sim";1;0;1;0;0;0;1;1;-22,71854;-43,28993;"SR-RJ";"UOP01";"DEL01"
273209;2020-03-04;"quarta-feira";"10:20:00";"AC";364;108,4;"RIO BRANCO";"Falta de Atenção à Condução";"Saída de leito carroçável";"Com Vítimas Feridas";"Pleno dia";"Crescente";"Sol";"Simples";"Reta";"Não";5;0;5;0;0;0;5;1;-10,02113;-67,64917;"SR-AC";"UOP01";"DEL01"
273210;2020-03-04;"quarta-feira";"13:30:00";"SC";282;17;"PALHOCA";"Falta de Atenção à Condução";"Colisão transversal";"Com Vítimas Feridas";"Pleno dia";"Crescente";"Céu Claro";"Simples";"Interseção de vias";"Não";2;0;1;0;1;0;1;2;-27,66571;-48,68807;"SR-SC";"UOP02";"DEL01"
273211;2020-02-10;"segunda-feira";"07:20:00";"GO";20;1;"FORMOSA";"Desobediência às normas de trânsito pelo condutor";"Colisão transversal";"Com Vítimas Feridas";"Pleno dia";"Crescente";"Nublado";"Simples";"Reta";"Sim";2;0;1;0;1;0;1;2;-15,57942;-47,3343;"SR-DF";"UOP01";"DEL02"
273212;2020-03-04;"quarta-feira";"07:50:00";"MG";381;237,2;"SANTANA DO PARAISO";"Falta de Atenção à Condução";"Tombamento";"Com Vítimas Fatais";"Pleno dia";"Crescente";"Chuva";"Simples";"Curva";"Não";1;1;0;0;0;0;0;1;-19,39364;-42,48303;"SR-MG";"UOP01";"DEL06"
273213;2020-03-04;"quarta-feira";"14:20:00";"ES";101;304;"VIANA";"Falta de Atenção à Condução";"Colisão com objeto estático";"Sem Vítimas";"Pleno dia";"Decrescente";"Nublado";"Simples";"Reta";"Sim";1;0;0;0;1;0;0;1;-20,38006;-40,45431;"SR-ES";"UOP01";"DEL01"
273214;2020-03-04;"quarta-feira";"14:15:00";"GO";80;17;"PADRE BERNARDO";"Ingestão de Álcool";"Saída de leito carroçável";"Com Vítimas Feridas";"Pleno dia";"Decrescente";"Nublado";"Simples";"Não Informado";"Não";2;0;1;1;0;0;2;1;-15,69199;-48,20518;"SR-DF";"UOP03";"DEL01"
273215;2020-03-04;"quarta-feira";"10:20:00";"MG";116;521,6;"CARATINGA";"Velocidade Incompatível";"Colisão com objeto estático";"Com Vítimas Feridas";"Pleno dia";"Crescente";"Chuva";"Dupla";"Curva";"Não";1;0;1;0;0;0;1;1;-19,7341;-42,13265;"SR-MG";"UOP02";"DEL06"
273216;2020-03-04;"quarta-feira";"14:20:00";"PE";101;56,1;"PAULISTA";"Mal Súbito";"Colisão frontal";"Com Vítimas Feridas";"Pleno dia";"Crescente";"Sol";"Simples";"Reta";"Sim";2;0;2;0;0;0;2;2;-7,955451;-34,91141;"SR-PE";"UOP02";"DEL01"
273217;2020-03-04;"quarta-feira";"10:15:00";"CE";20;422;"MARACANAU";"Falta de Atenção à Condução";"Saída de leito carroçável";"Com Vítimas Feridas";"Amanhecer";"Decrescente";"Chuva";"Dupla";"Desvio Temporário";"Não";1;0;1;0;0;0;1;1;-3,850264;-38,56606;"SR-CE";"UOP02";"DEL01"
273218;2020-03-04;"quarta-feira";"10:00:00";"MG";381;237,5;"SANTANA DO PARAISO";"Falta de Atenção à Condução";"Colisão traseira";"Sem Vítimas";"Pleno dia";"Decrescente";"Chuva";"Simples";"Reta";"Não";2;0;0;0;2;0;0;2;-19,39364;-42,48303;"SR-MG";"UOP01";"DEL06"
273219;2020-03-04;"quarta-feira";"14:30:00";"MG";381;507,2;"SAO JOAQUIM DE BICAS";"Desobediência às normas de trânsito pelo pedestre";"Atropelamento de Pedestre";"Com Vítimas Feridas";"Pleno dia";"Decrescente";"Céu Claro";"Múltipla";"Reta";"Sim";3;0;0;1;1;1;1;1;-20,05643;-44,28663;"SR-MG";"UOP03";"DEL01"
273220;2020-03-04;"quarta-feira";"15:05:00";"MG";381;479;"CONTAGEM";"Falta de Atenção à Condução";"Colisão traseira";"Com Vítimas Feridas";"Pleno dia";"Decrescente";"Céu Claro";"Múltipla";"Não Informado";"Sim";2;0;1;0;1;0;1;2;-19,9589;-44,0692;"SR-MG";"UOP03";"DEL01"
273222;2020-03-04;"quarta-feira";"14:45:00";"SC";282;515;"XANXERE";"Não guardar distância de segurança";"Colisão traseira";"Sem Vítimas";"Pleno dia";"Crescente";"Céu Claro";"Simples";"Reta";"Não";2;0;0;0;2;0;0;2;-26,91465;-52,47886;"SR-SC";"UOP01";"DEL07"
273223;2020-03-04;"quarta-feira";"12:50:00";"SC";282;507,1;"XANXERE";"Não guardar distância de segurança";"Tombamento";"Com Vítimas Feridas";"Pleno dia";"Crescente";"Céu Claro";"Múltipla";"Rotatória";"Sim";1;0;1;0;0;0;1;1;-26,88617;-52,43911;"SR-SC";"UOP01";"DEL07"
273225;2020-03-04;"quarta-feira";"12:00:00";"RS";293;4,2;"PELOTAS";"Falta de Atenção à Condução";"Colisão transversal";"Com Vítimas Feridas";"Pleno dia";"Crescente";"Céu Claro";"Simples";"Reta";"Não";2;0;2;0;0;0;2;2;-31,73358;-52,37276;"SR-RS";"UOP01";"DEL07"
273226;2020-03-04;"quarta-feira";"13:50:00";"CE";222;150;"IRAUCUBA";"Restrição de Visibilidade";"Colisão com objeto estático";"Sem Vítimas";"Pleno dia";"Crescente";"Chuva";"Simples";"Reta";"Não";1;0;0;0;1;0;0;1;-3,747336;-39,79028;"SR-CE";"UOP03";"DEL04"
273227;2020-03-04;"quarta-feira";"13:30:00";"RS";290;251,1;"CACHOEIRA DO SUL";"Desobediência às normas de trânsito pelo condutor";"Colisão frontal";"Com Vítimas Fatais";"Pleno dia";"Decrescente";"Céu Claro";"Simples";"Reta";"Não";3;1;0;0;2;0;0;3;-30,23982;-52,73447;"SR-RS";"UOP03";"DEL02"
273228;2020-03-04;"quarta-feira";"15:30:00";"SC";470;56,3;"BLUMENAU";"Desobediência às normas de trânsito pelo condutor";"Colisão transversal";"Com Vítimas Feridas";"Pleno dia";"Crescente";"Céu Claro";"Simples";"Reta";"Sim";3;0;2;0;1;0;2;2;-26,87674;-49,12774;"SR-SC";"UOP01";"DEL04"
273229;2020-03-04;"quarta-feira";"13:45:00";"RO";364;347,2;"JI-PARANA";"Desobediência às normas de trânsito pelo condutor";"Colisão transversal";"Com Vítimas Feridas";"Pleno dia";"Crescente";"Céu Claro";"Simples";"Reta";"Sim";2;0;1;0;1;0;1;2;-10,8607;-61,97615;"SR-RO";"UOP01";"DEL02"
273230;2020-02-17;"segunda-feira";"19:30:00";"MG";146;525,6;"GUAXUPE";"Falta de Atenção à Condução";"Colisão transversal";"Com Vítimas Feridas";"Plena Noite";"Crescente";"Céu Claro";"Simples";"Não Informado";"Não";3;0;2;0;1;0;2;3;-21,30575;-46,62204;"SR-MG";"UOP01";"DEL09"
273231;2020-03-04;"quarta-feira";"15:15:00";"RS";290;135,9;"ELDORADO DO SUL";"Condutor Dormindo";"Colisão frontal";"Com Vítimas Feridas";"Pleno dia";"Decrescente";"Sol";"Simples";"Reta";"Não";5;0;3;0;2;0;3;3;-30,06658;-51,56146;"SR-RS";"UOP01";"DEL02"
273232;2020-03-04;"quarta-feira";"15:40:00";"RN";101;84,5;"SAO GONCALO DO AMARANTE";"Desobediência às normas de trânsito pelo condutor";"Colisão traseira";"Sem Vítimas";"Pleno dia";"Decrescente";"Céu Claro";"Dupla";"Reta";"Sim";2;0;0;0;2;0;0;2;-5,775035;-35,25579;"SR-RN";"UOP01";"DEL02"