"id";"data_inversa";"dia_semana";"horario";"uf";"br";"km";"municipio";"causa_acidente";"tipo_acidente";"classificacao_acidente";"fase_dia";"sentido_via";"condicao_metereologica";"tipo_pista";"tracado_via";"uso_solo";"pessoas";"mortos";"feridos_leves";"feridos_graves";"ilesos";"ignorados";"feridos";"veiculos";"latitude";"longitude";"regional";"delegacia";"uop"
273233;2020-03-04;"quarta-feira";"15:50:00";"PR";373;229,6;"IMBITUVA";"Falta de Atenção à Condução";"Queda de ocupante de veículo";"Com Vítimas Feridas";"Pleno dia";"Decrescente";"Céu Claro";"Simples";"Interseção de vias";"Sim";1;0;1;0;0;0;1;1;-25,17844;-50,6526;"SR-PR";"UOP01";"DEL03"
273234;2020-01-02;"quinta-feira";"10:00:00";"PA";316;109,1;"SANTA MARIA DO PARA";"Falta de Atenção à Condução";"Colisão traseira";"Com Vítimas Feridas";"Pleno dia";"Decrescente";"Chuva";"Simples";"Reta";"Não";4;0;2;0;2;0;2;2;-1,327817;-47,52776;"SR-PA";"DEL19/1";"UOP02/PA"
273235;2020-03-04;"quarta-feira";"15:30:00";"PE";232;19,8;"MORENO";"Falta de Atenção à Condução";"Saída de leito carroçável";"Com Vítimas Feridas";"Pleno dia";"Crescente";"Céu Claro";"Dupla";"Reta";"Não";2;0;2;0;0;0;2;1;-8,098225;-35,06316;"SR-PE";"UOP01";"DEL01"
273236;2020-03-04;"quarta-feira";"16:10:00";"PR";116;24;"CAMPINA GRANDE DO SUL";"Defeito Mecânico no Veículo";"Incêndio";"Sem Vítimas";"Pleno dia";"Crescente";"Nublado";"Dupla";"Não Informado";"Não";1;0;0;0;1;0;0;1;-25,10886;-48,76564;"SR-PR";"UOP02";"DEL01"
273237;2020-03-04;"quarta-feira";"17:00:00";"GO";153;493;"GOIANIA";"Ingestão de Álcool";"Colisão traseira";"Com Vítimas Feridas";"Pleno dia";"Crescente";"Nublado";"Simples";"Desvio Temporário";"Sim";2;0;0;1;1;0;1;2;-16,6537;-49,2172;"SR-GO";"UOP01";"DEL01"
273238;2020-03-04;"quarta-feira";"16:20:00";"PA";316;61,5;"CASTANHAL";"Desobediência às normas de trânsito pelo condutor";"Colisão transversal";"Com Vítimas Feridas";"Pleno dia";"Decrescente";"Céu Claro";"Dupla";"Reta";"Sim";2;0;1;0;1;0;1;2;-1,29686;-47,94639;"SR-PA";"UOP01";"DEL01"
273239;2020-03-04;"quarta-feira";"16:00:00";"BA";116;418,9;"FEIRA DE SANTANA";"Falta de Atenção à Condução";"Colisão traseira";"Com Vítimas Feridas";"Pleno dia";"Crescente";"Céu Claro";"Dupla";"Retorno Regulamentado";"Sim";3;0;2;0;1;0;2;2;-12,19846;-38,96554;"SR-BA";"UOP01";"DEL02"
273240;2020-03-04;"quarta-feira";"14:00:00";"BA";101;693,2;"EUNAPOLIS";"Falta de Atenção à Condução";"Colisão lateral";"Com Vítimas Feridas";"Pleno dia";"Crescente";"Céu Claro";"Simples";"Não Informado";"Não";6;0;5;0;1;0;5;2;-16,19582;-39,60706;"SR-BA";"UOP01";"DEL09"
273241;2020-03-04;"quarta-feira";"15:55:00";"PR";369;430;"UBIRATA";"Desobediência às normas de trânsito pelo condutor";"Colisão lateral";"Com Vítimas Feridas";"Pleno dia";"Decrescente";"Céu Claro";"Simples";"Reta";"Não";2;0;1;0;1;0;1;2;-24,4538;-52,8507;"SR-PR";"UOP04";"DEL04"
273242;2020-03-04;"quarta-feira";"17:00:00";"ES";101;147,9;"LINHARES";"Não guardar distância de segurança";"Colisão traseira";"Com Vítimas Feridas";"Pleno dia";"Crescente";"Céu Claro";"Múltipla";"Reta";"Sim";2;0;1;0;1;0;1;2;-19,37887;-40,06658;"SR-ES";"UOP01";"DEL04"
273243;2020-03-04;"quarta-feira";"15:45:00";"SC";470;128;"LONTRAS";"Falta de Atenção à Condução";"Colisão transversal";"Com Vítimas Fatais";"Pleno dia";"Decrescente";"Céu Claro";"Simples";"Reta";"Não";3;1;0;0;2;0;0;2;-27,14374;-49,5489;"SR-SC";"UOP02";"DEL04"
273244;2020-03-04;"quarta-feira";"08:30:00";"SC";116;156,8;"SANTA CECILIA";"Velocidade Incompatível";"Tombamento";"Com Vítimas Feridas";"Pleno dia";"Decrescente";"Céu Claro";"Simples";"Não Informado";"Não";1;0;1;0;0;0;1;1;-27,08006;-50,43642;"SR-SC";"UOP02";"DEL06"
273245;2020-03-04;"quarta-feira";"17:30:00";"ES";101;376;"ICONHA";"Falta de Atenção à Condução";"Colisão transversal";"Com Vítimas Feridas";"Pleno dia";"Decrescente";"Nublado";"Simples";"Interseção de vias";"Não";3;0;2;0;1;0;2;2;-20,79013;-40,80344;"SR-ES";"UOP01";"DEL03"
273246;2020-03-04;"quarta-feira";"14:00:00";"GO";60;234;"CEZARINA";"Agressão Externa";"Capotamento";"Sem Vítimas";"Pleno dia";"Decrescente";"Céu Claro";"Dupla";"Reta";"Não";2;0;0;0;2;0;0;1;-17,0757;-49,8215;"SR-GO";"UOP02";"DEL01"
273247;2020-03-04;"quarta-feira";"17:20:00";"GO";452;177,9;"ITUMBIARA";"Falta de Atenção à Condução";"Colisão transversal";"Com Vítimas Feridas";"Pleno dia";"Decrescente";"Céu Claro";"Simples";"Interseção de vias";"Não";2;0;1;0;1;0;1;2;-18,36304;-49,37043;"SR-GO";"UOP02";"DEL03"
273248;2020-03-04;"quarta-feira";"17:45:00";"GO";40;5,4;"VALPARAISO DE GOIAS";"Falta de Atenção à Condução";"Colisão transversal";"Com Vítimas Feridas";"Pleno dia";"Crescente";"Nublado";"Dupla";"Reta";"Sim";5;0;4;0;1;0;4;2;-16,09313;-47,98224;"SR-DF";"UOP01";"DEL01"
273249;2020-03-04;"quarta-feira";"17:02:00";"RS";116;112;"SAO MARCOS";"Falta de Atenção à Condução";"Colisão transversal";"Com Vítimas Feridas";"Anoitecer";"Crescente";"Céu Claro";"Simples";"Reta";"Sim";5;0;5;0;0;0;5;2;-28,94828;-51,0817;"SR-RS";"UOP01";"DEL05"
273250;2020-03-04;"quarta-feira";"17:30:00";"RJ";493;87;"JAPERI";"Defeito Mecânico no Veículo";"Incêndio";"Sem Vítimas";"Anoitecer";"Crescente";"Nublado";"Dupla";"Reta";"Sim";1;0;0;0;1;0;0;1;-22,68847;-43,67786;"SR-RJ";"UOP03";"DEL01"
273251;2020-03-04;"quarta-feira";"18:00:00";"PE";316;56,5;"TRINDADE";"Falta de Atenção à Condução";"Colisão traseira";"Com Vítimas Feridas";"Anoitecer";"Decrescente";"Nublado";"Simples";"Reta";"Sim";3;0;1;1;1;0;2;2;-7,743809;-40,27876;"SR-PE";"UOP02";"DEL05"
273252;2020-03-04;"quarta-feira";"17:50:00";"TO";153;146,5;"ARAGUAINA";"Desobediência às normas de trânsito pelo condutor";"Colisão frontal";"Com Vítimas Feridas";"Pleno dia";"Crescente";"Céu Claro";"Dupla";"Reta";"Sim";2;0;0;1;1;0;1;2;-7,213378;-48,24431;"SR-TO";"UOP04";"DEL02"
273253;2020-03-04;"quarta-feira";"17:30:00";"PR";476;120;"COLOMBO";"Falta de Atenção à Condução";"Queda de ocupante de veículo";"Com Vítimas Feridas";"Anoitecer";"Crescente";"Céu Claro";"Dupla";"Reta";"Sim";4;0;1;0;2;1;1;4;-25,37191;-49,19146;"SR-PR";"UOP06";"DEL01"
273254;2020-03-04;"quarta-feira";"18:10:00";"GO";153;504;"APARECIDA DE GOIANIA";"Desobediência às normas de trânsito pelo condutor";"Colisão lateral";"Com Vítimas Feridas";"Plena Noite";"Decrescente";"Nublado";"Dupla";"Interseção de vias";"Sim";2;0;1;0;1;0;1;2;-16,7451;-49,2408;"SR-GO";"UOP01";"DEL01"
273255;2020-03-04;"quarta-feira";"18:30:00";"RN";304;297;"MACAIBA";"Falta de Atenção à Condução";"Colisão lateral";"Com Vítimas Feridas";"Plena Noite";"Decrescente";"Céu Claro";"Dupla";"Rotatória";"Sim";2;0;1;0;1;0;1;2;-5,865341;-35,34069;"SR-RN";"UOP02";"DEL01"
273256;2020-03-04;"quarta-feira";"17:45:00";"PR";116;17;"CURITIBA";"Falta de Atenção à Condução";"Colisão traseira";"Sem Vítimas";"Anoitecer";"Crescente";"Céu Claro";"Dupla";"Reta";"Sim";2;0;0;0;2;0;0;2;-25,389;-49,1867;"SR-PR";"UOP01";"DEL01"
273257;2020-03-04;"quarta-feira";"17:00:00";"PR";373;433,2;"CHOPINZINHO";"Falta de Atenção à Condução";"Saída de leito carroçável";"Sem Vítimas";"Pleno dia";"Decrescente";"Céu Claro";"Simples";"Não Informado";"Não";1;0;0;0;1;0;0;1;-25,76111;-52,25546;"SR-PR";"UOP01";"DEL02"
273258;2020-03-04;"quarta-feira";"18:15:00";"CE";116;1;"FORTALEZA";"Falta de Atenção à Condução";"Colisão traseira";"Sem Vítimas";"Plena Noite";"Crescente";"Céu Claro";"Dupla";"Reta";"Sim";2;0;0;0;2;0;0;2;-3,761599;-38,51901;"SR-CE";"UOP02";"DEL01"
273260;2020-03-04;"quarta-feira";"16:50:00";"RO";319;63;"PORTO VELHO";"Não guardar distância de segurança";"Colisão traseira";"Com Vítimas Feridas";"Pleno dia";"Decrescente";"Céu Claro";"Dupla";"Não Informado";"Sim";2;0;1;0;1;0;1;2;-8,766685;-63,88405;"SR-RO";"UOP01";"DEL01"
273261;2020-03-04;"quarta-feira";"17:50:00";"PR";376;6;"MARINGA";"Velocidade Incompatível";"Saída de leito carroçável";"Com Vítimas Feridas";"Pleno dia";"Crescente";"Céu Claro";"Dupla";"Curva";"Não";1;0;1;0;0;0;1;1;-23,38109;-51,96009;"SR-PR";"UOP01";"DEL09"
273262;2020-03-04;"quarta-feira";"19:09:00";"PR";277;3,4;"PARANAGUA";"Falta de Atenção à Condução";"Queda de ocupante de veículo";"Com Vítimas Feridas";"Plena Noite";"Decrescente";"Céu Claro";"Simples";"Reta";"Sim";1;0;1;0;0;0;1;1;-25,5682;-48,61529;"SR-PR";"UOP07";"DEL01"
273263;2020-03-04;"quarta-feira";"13:15:00";"SC";280;115,1;"SAO BENTO DO SUL";"Ingestão de Álcool";"Saída de leito carroçável";"Com Vítimas Feridas";"Pleno dia";"Decrescente";"Céu Claro";"Simples";"Não Informado";"Não";1;0;1;0;0;0;1;1;-26,28476;-49,40831;"SR-SC";"UOP03";"DEL06"
273265;2020-03-04;"quarta-feira";"19:30:00";"SP";116;296;"ITAPECERICA DA SERRA";"Defeito na Via";"Tombamento";"Com Vítimas Feridas";"Plena Noite";"Decrescente";"Nublado";"Dupla";"Reta";"Não";2;0;2;0;0;0;2;1;-23,77548;-46,91442;"SR-SP";"UOP01";"DEL04"
273266;2020-03-04;"quarta-feira";"19:30:00";"GO";153;528,9;"HIDROLANDIA";"Falta de Atenção do Pedestre";"Atropelamento de Pedestre";"Com Vítimas Fatais";"Plena Noite";"Decrescente";"Nublado";"Múltipla";"Reta";"Não";3;1;0;1;0;1;1;1;-16,95294;-49,24359;"SR-GO";"UOP03";"DEL01"
273267;2020-03-04;"quarta-feira";"15:30:00";"MT";174;95,1;"CACERES";"Falta de Atenção à Condução";"Saída de leito carroçável";"Com Vítimas Feridas";"Pleno dia";"Decrescente";"Céu Claro";"Simples";"Reta";"Não";1;0;0;1;0;0;1;1;-15,86881;-57,83404;"SR-MT";"UOP01";"DEL03"
273268;2020-03-04;"quarta-feira";"19:25:00";"ES";101;260,1;"SERRA";"Desobediência às normas de trânsito pelo condutor";"Colisão transversal";"Com Vítimas Feridas";"Plena Noite";"Crescente";"Chuva";"Simples";"Curva";"Sim";2;0;1;0;1;0;1;2;-20,14616;-40,28836;"SR-ES";"UOP01";"DEL02"
273269;2020-03-04;"quarta-feira";"17:30:00";"RS";293;184;"BAGE";"Falta de Atenção à Condução";"Saída de leito carroçável";"Com Vítimas Feridas";"Pleno dia";"Crescente";"Céu Claro";"Simples";"Reta";"Não";2;0;2;0;0;0;2;1;-31,2828;-54,08864;"SR-RS";"UOP03";"DEL11"
273271;2020-03-04;"quarta-feira";"20:00:00";"BA";116;585;"NOVA ITARANA";"Agressão Externa";"Tombamento";"Com Vítimas Fatais";"Plena Noite";"Crescente";"Céu Claro";"Simples";"Curva";"Não";2;1;1;0;0;0;1;1;-13,10445;-39,99104;"SR-BA";"UOP02";"DEL03"
273272;2020-03-04;"quarta-feira";"19:20:00";"PE";232;144;"SAO CAITANO";"Condutor Dormindo";"Colisão com objeto estático";"Sem Vítimas";"Plena Noite";"Crescente";"Nublado";"Dupla";"Curva";"Não";3;0;0;0;3;0;0;1;-8,325222;-36,11251;"SR-PE";"UOP02";"DEL02"
273274;2020-03-04;"quarta-feira";"20:20:00";"RS";392;352,2;"SANTA MARIA";"Desobediência às normas de trânsito pelo condutor";"Colisão transversal";"Com Vítimas Feridas";"Plena Noite";"Crescente";"Céu Claro";"Simples";"Interseção de vias";"Sim";2;0;1;0;1;0;1;2;-29,72462;-53,80601;"SR-RS";"UOP01";"DEL09"
273275;2020-03-04;"quarta-feira";"20:15:00";"GO";20;5,8;"FORMOSA";"Falta de Atenção à Condução";"Colisão transversal";"Com Vítimas Feridas";"Plena Noite";"Crescente";"Céu Claro";"Simples";"Interseção de vias";"Sim";7;0;4;3;0;0;7;2;-15,55527;-47,30691;"SR-DF";"UOP01";"DEL02"
273276;2020-03-04;"quarta-feira";"18:20:00";"PI";343;618;"FLORIANO";"Animais na Pista";"Atropelamento de Animal";"Com Vítimas Feridas";"Plena Noite";"Crescente";"Nublado";"Simples";"Reta";"Não";2;0;2;0;0;0;2;1;-6,935258;-43,19387;"SR-PI";"UOP01";"DEL03"
273277;2020-03-04;"quarta-feira";"20:05:00";"PR";116;15;"CAMPINA GRANDE DO SUL";"Ingestão de Álcool";"Colisão com objeto estático";"Com Vítimas Feridas";"Plena Noite";"Crescente";"Garoa/Chuvisco";"Múltipla";"Reta";"Sim";1;0;1;0;0;0;1;1;-25,09833;-48,68266;"SR-PR";"UOP02";"DEL01"
273278;2020-03-04;"quarta-feira";"17:00:00";"MG";365;67,2;"JEQUITAI";"Pista Escorregadia";"Saída de leito carroçável";"Com Vítimas Feridas";"Pleno dia";"Crescente";"Chuva";"Simples";"Curva";"Não";4;0;2;0;2;0;2;1;-17,05656;-44,33146;"SR-MG";"UOP01";"DEL12"
273279;2020-03-04;"quarta-feira";"20:30:00";"PE";101;77,4;"RECIFE";"Falta de Atenção à Condução";"Colisão transversal";"Sem Vítimas";"Plena Noite";"Crescente";"Céu Claro";"Dupla";"Curva";"Sim";2;0;0;0;2;0;0;2;-8,131768;-34,94555;"SR-PE";"UOP01";"DEL01"
273280;2020-03-04;"quarta-feira";"19:55:00";"BA";242;416;"SEABRA";"Falta de Atenção à Condução";"Colisão frontal";"Sem Vítimas";"Plena Noite";"Decrescente";"Nublado";"Simples";"Ponte";"Sim";1;0;0;0;0;1;0;1;-12,42835;-41,77706;"SR-BA";"UOP01";"DEL06"
273282;2020-03-04;"quarta-feira";"21:30:00";"PR";476;130;"CURITIBA";"Mal Súbito";"Colisão com objeto estático";"Com Vítimas Feridas";"Plena Noite";"Decrescente";"Nublado";"Múltipla";"Reta";"Sim";1;0;0;1;0;0;1;1;-25,44956;-49,23643;"SR-PR";"UOP06";"DEL01"
273283;2020-03-04;"quarta-feira";"19:15:00";"BA";101;108;"ALAGOINHAS";"Falta de Atenção à Condução";"Colisão transversal";"Com Vítimas Feridas";"Plena Noite";"Decrescente";"Céu Claro";"Simples";"Interseção de vias";"Sim";3;0;1;0;0;2;1;2;-12,14878;-38,39565;"SR-BA";"UOP04";"DEL01"
273284;2020-03-04;"quarta-feira";"20:00:00";"MT";70;503;"CUIABA";"Desobediência às normas de trânsito pelo condutor";"Colisão transversal";"Com Vítimas Fatais";"Plena Noite";"Crescente";"Céu Claro";"Simples";"Não Informado";"Não";2;1;0;0;1;0;0;2;-15,70056;-56,04212;"SR-MT";"UOP02";"DEL01"
273285;2020-02-29;"sábado";"22:20:00";"BA";116;574,5;"BREJOES";"Desobediência às normas de trânsito pelo condutor";"Colisão frontal";"Com Vítimas Feridas";"Plena Noite";"Decrescente";"Céu Claro";"Simples";"Reta";"Sim";2;0;1;0;1;0;1;2;-13,07411;-39,96126;"SR-BA";"UOP02";"DEL03"
273286;2020-03-04;"quarta-feira";"21:15:00";"SP";116;307;"SAO LOURENCO DA SERRA";"Defeito Mecânico no Veículo";"Incêndio";"Sem Vítimas";"Plena Noite";"Crescente";"Nublado";"Dupla";"Reta";"Sim";1;0;0;0;1;0;0;1;-23,8563;-46,94097;"SR-SP";"UOP01";"DEL04"
273287;2020-03-04;"quarta-feira";"20:20:00";"GO";60;237,8;"CEZARINA";"Falta de Atenção à Condução";"Colisão traseira";"Com Vítimas Feridas";"Plena Noite";"Decrescente";"Chuva";"Dupla";"Reta";"Não";3;0;2;0;1;0;2;2;-17,087;-49,8474;"SR-GO";"UOP02";"DEL01"
273288;2020-03-04;"quarta-feira";"21:20:00";"MT";70;528;"VARZEA GRANDE";"Desobediência às normas de trânsito pelo condutor";"Colisão com objeto estático";"Com Vítimas Fatais";"Plena Noite";"Crescente";"Céu Claro";"Simples";"Reta";"Sim";2;1;0;0;1;0;0;2;-15,64921;-56,19486;"SR-MT";"UOP02";"DEL05"
273289;2020-03-04;"quarta-feira";"22:00:00";"PB";230;163,8;"CAMPINA GRANDE";"Animais na Pista";"Atropelamento de Animal";"Com Vítimas Feridas";"Plena Noite";"Crescente";"Céu Claro";"Simples";"Não Informado";"Sim";2;0;2;0;0;0;2;1;-7,2198;-35,9443;"SR-PB";"UOP01";"DEL02"
273290;2020-03-04;"quarta-feira";"22:50:00";"ES";482;17;"CACHOEIRO DE ITAPEMIRIM";"Desobediência às normas de trânsito pelo condutor";"Colisão frontal";"Sem Vítimas";"Plena Noite";"Crescente";"Chuva";"Simples";"Reta";"Não";2;0;0;0;1;1;0;2;-20,83982;-41,08346;"SR-ES";"UOP02";"DEL03"
273291;2020-03-04;"quarta-feira";"23:20:00";"PE";101;60;"RECIFE";"Falta de Atenção à Condução";"Capotamento";"Com Vítimas Feridas";"Plena Noite";"Crescente";"Céu Claro";"Dupla";"Curva";"Não";1;0;1;0;0;0;1;1;-7,983443;-34,93177;"SR-PE";"UOP02";"DEL01"
273292;2020-03-04;"quarta-feira";"23:10:00";"GO";153;517,8;"APARECIDA DE GOIANIA";"Avarias e/ou desgaste excessivo no pneu";"Saída de leito carroçável";"Com Vítimas Feridas";"Plena Noite";"Decrescente";"Chuva";"Dupla";"Reta";"Sim";1;0;1;0;0;0;1;1;-16,8581;-49,2488;"SR-GO";"UOP03";"DEL01"
273293;2020-03-04;"quarta-feira";"23:15:00";"PR";277;82;"CURITIBA";"Falta de Atenção à Condução";"Colisão com objeto estático";"Sem Vítimas";"Plena Noite";"Decrescente";"Nublado";"Dupla";"Reta";"Sim";1;0;0;0;1;0;0;1;-25,56894;-49,18198;"SR-PR";"UOP04";"DEL01"
273294;2020-03-05;"quinta-feira";"00:10:00";"PR";376;508;"PONTA GROSSA";"Falta de Atenção à Condução";"Colisão traseira";"Com Vítimas Feridas";"Plena Noite";"Crescente";"Céu Claro";"Dupla";"Não Informado";"Não";5;0;4;0;1;0;4;2;-25,25429;-50,01605;"SR-PR";"UOP02";"DEL03"
273295;2020-03-04;"quarta-feira";"22:45:00";"SC";280;292,8;"PORTO UNIAO";"Falta de Atenção à Condução";"Saída de leito carroçável";"Com Vítimas Feridas";"Plena Noite";"Decrescente";"Céu Claro";"Simples";"Não Informado";"Não";1;0;1;0;0;0;1;1;-26,29652;-50,94542;"SR-SC";"UOP04";"DEL06"
273296;2020-03-04;"quarta-feira";"22:10:00";"RS";285;568,5;"SAO LUIZ GONZAGA";"Animais na Pista";"Atropelamento de Animal";"Sem Vítimas";"Plena Noite";"Crescente";"Céu Claro";"Simples";"Curva";"Sim";3;0;0;0;3;0;0;1;-28,414;-54,97613;"SR-RS";"UOP01";"DEL12"
273298;2020-03-04;"quarta-feira";"19:00:00";"SC";282;51,8;"RANCHO QUEIMADO";"Defeito Mecânico no Veículo";"Saída de leito carroçável";"Com Vítimas Feridas";"Plena Noite";"Decrescente";"Céu Claro";"Simples";"Curva";"Não";1;0;1;0;0;0;1;1;-27,70371;-48,95927;"SR-SC";"UOP03";"DEL01"
273299;2020-03-04;"quarta-feira";"23:50:00";"GO";153;73,6;"PORANGATU";"Ultrapassagem Indevida";"Saída de leito carroçável";"Com Vítimas Feridas";"Plena Noite";"Decrescente";"Céu Claro";"Simples";"Não Informado";"Sim";12;0;12;0;0;0;12;1;-13,45713;-49,13563;"SR-GO";"UOP01";"DEL07"
273301;2020-03-05;"quinta-feira";"01:10:00";"CE";116;0,7;"FORTALEZA";"Velocidade Incompatível";"Colisão com objeto estático";"Com Vítimas Fatais";"Plena Noite";"Decrescente";"Céu Claro";"Múltipla";"Viaduto";"Sim";2;2;0;0;0;0;0;1;-3,76057;-38,51901;"SR-CE";"UOP02";"DEL01"
273302;2020-03-05;"quinta-feira";"00:20:00";"PR";376;442,9;"TIBAGI";"Falta de Atenção do Pedestre";"Saída de leito carroçável";"Com Vítimas Feridas";"Plena Noite";"Crescente";"Céu Claro";"Dupla";"Curva";"Não";1;0;1;0;0;0;1;1;-24,87404;-50,44307;"SR-PR";"UOP04";"DEL03"
273304;2020-03-05;"quinta-feira";"03:00:00";"SC";101;155;"PORTO BELO";"Falta de Atenção à Condução";"Saída de leito carroçável";"Sem Vítimas";"Plena Noite";"Decrescente";"Céu Claro";"Dupla";"Reta";"Não";1;0;0;0;1;0;0;1;-27,16292;-48,61129;"SR-SC";"UOP03";"DEL04"
273305;2020-03-05;"quinta-feira";"01:20:00";"ES";259;50;"COLATINA";"Falta de Atenção à Condução";"Tombamento";"Com Vítimas Feridas";"Plena Noite";"Crescente";"Nublado";"Simples";"Curva";"Sim";2;0;2;0;0;0;2;1;-19,5101;-40,60615;"SR-ES";"UOP01";"DEL02"
273306;2020-03-05;"quinta-feira";"03:45:00";"CE";222;205,1;"FORQUILHA";"Animais na Pista";"Atropelamento de Animal";"Com Vítimas Feridas";"Plena Noite";"Crescente";"Céu Claro";"Simples";"Não Informado";"Não";5;0;1;3;1;0;4;3;-3,781798;-40,2305;"SR-CE";"UOP01";"DEL04"
273307;2020-03-05;"quinta-feira";"01:20:00";"SP";116;320;"JUQUITIBA";"Não guardar distância de segurança";"Colisão traseira";"Sem Vítimas";"Plena Noite";"Crescente";"Céu Claro";"Dupla";"Reta";"Não";2;0;0;0;0;2;0;2;-23,93226;-47,00835;"SR-SP";"UOP01";"DEL04"
273308;2020-03-05;"quinta-feira";"01:20:00";"SP";116;302;"SAO LOURENCO DA SERRA";"Defeito Mecânico no Veículo";"Incêndio";"Sem Vítimas";"Plena Noite";"Decrescente";"Nublado";"Dupla";"Reta";"Não";1;0;0;0;1;0;0;1;-23,82053;-46,92467;"SR-SP";"UOP01";"DEL04"
273310;2020-03-04;"quarta-feira";"18:33:00";"SC";101;38,9;"JOINVILLE";"Desobediência às normas de trânsito pelo pedestre";"Atropelamento de Pedestre";"Com Vítimas Feridas";"Plena Noite";"Crescente";"Céu Claro";"Simples";"Interseção de vias";"Sim";2;0;1;0;1;0;1;1;-26,25473;-48,90561;"SR-SC";"UOP01";"DEL03"
273311;2020-03-04;"quarta-feira";"23:14:00";"BA";407;7,6;"JUAZEIRO";"Animais na Pista";"Atropelamento de Animal";"Com Vítimas Feridas";"Plena Noite";"Decrescente";"Nublado";"Simples";"Reta";"Não";1;0;1;0;0;0;1;1;-9,464061;-40,48272;"SR-PE";"UOP01";"DEL06"
273312;2020-03-05;"quinta-feira";"04:00:00";"PE";101;69;"RECIFE";"Ingestão de Álcool";"Capotamento";"Sem Vítimas";"Plena Noite";"Decrescente";"Nublado";"Dupla";"Reta";"Sim";2;0;0;0;0;2;0;1;-8,059516;-34,94581;"SR-PE";"UOP01";"DEL01"
273313;2020-03-05;"quinta-feira";"04:30:00";"RN";304;226,4;"CAICARA DO RIO DO VENTO";"Condutor Dormindo";"Capotamento";"Com Vítimas Feridas";"Plena Noite";"Crescente";"Céu Claro";"Simples";"Reta";"Não";5;0;0;1;4;0;1;2;-5,747373;-35,93841;"SR-RN";"UOP03";"DEL01"
273314;2020-03-05;"quinta-feira";"04:30:00";"DF";20;16,1;"BRASILIA";"Falta de Atenção à Condução";"Colisão lateral";"Sem Vítimas";"Plena Noite";"Crescente";"Nublado";"Dupla";"Reta";"Sim";3;0;0;0;1;2;0;2;-15,62567;-47,72516;"SR-DF";"UOP01";"DEL02"
273316;2020-03-05;"quinta-feira";"05:20:00";"SC";470;51,1;"BLUMENAU";"Velocidade Incompatível";"Tombamento";"Com Vítimas Feridas";"Plena Noite";"Decrescente";"Nublado";"Simples";"Rotatória";"Sim";1;0;1;0;0;0;1;1;-26,86234;-49,08404;"SR-SC";"UOP01";"DEL04"
273317;2020-03-04;"quarta-feira";"18:39:00";"SC";101;43;"JOINVILLE";"Desobediência às normas de trânsito pelo condutor";"Colisão transversal";"Com Vítimas Feridas";"Plena Noite";"Crescente";"Céu Claro";"Simples";"Interseção de vias";"Sim";2;0;1;0;1;0;1;2;-26,30357;-48,88226;"SR-SC";"UOP01";"DEL03"
273318;2020-03-05;"quinta-feira";"05:40:00";"GO";60;384,9;"RIO VERDE";"Falta de Atenção à Condução";"Tombamento";"Com Vítimas Feridas";"Amanhecer";"Crescente";"Céu Claro";"Dupla";"Reta";"Sim";1;0;1;0;0;0;1;1;-17,7906;-50,9071;"SR-GO";"UOP01";"DEL04"
273319;2020-03-05;"quinta-feira";"06:30:00";"SC";470;9;"NAVEGANTES";"Desobediência às normas de trânsito pelo condutor";"Colisão frontal";"Com Vítimas Feridas";"Pleno dia";"Crescente";"Sol";"Simples";"Reta";"Não";2;0;0;1;1;0;1;2;-26,83314;-48,72743;"SR-SC";"UOP04";"DEL04"
273320;2020-03-04;"quarta-feira";"21:45:00";"SC";470;106,7;"IBIRAMA";"Desobediência às normas de trânsito pelo condutor";"Saída de leito carroçável";"Com Vítimas Feridas";"Plena Noite";"Decrescente";"Céu Claro";"Simples";"Reta";"Não";2;0;1;0;0;1;1;2;-27,07311;-49,42294;"SR-SC";"UOP02";"DEL04"
273321;2020-03-04;"quarta-feira";"16:15:00";"MG";365;627,4;"UBERLANDIA";"Sinalização da via insuficiente ou inadequada";"Colisão traseira";"Com Vítimas Feridas";"Pleno dia";"Decrescente";"Céu Claro";"Dupla";"Reta";"Não";3;0;1;0;2;0;1;2;-18,90359;-48,34362;"SR-MG";"UOP01";"DEL15"
273322;2020-03-05;"quinta-feira";"06:50:00";"PB";230;23,9;"JOAO PESSOA";"Não guardar distância de segurança";"Colisão traseira";"Com Vítimas Feridas";"Pleno dia";"Decrescente";"Sol";"Dupla";"Não Informado";"Sim";2;0;1;0;1;0;1;2;-7,1562;-34,8574;"SR-PB";"UOP01";"DEL01"
273323;2020-03-04;"quarta-feira";"11:15:00";"SC";101;144;"ITAPEMA";"Falta de Atenção à Condução";"Tombamento";"Com Vítimas Feridas";"Pleno dia";"Crescente";"Céu Claro";"Dupla";"Reta";"Sim";1;0;1;0;0;0;1;1;-27,07327;-48,59673;"SR-SC";"UOP03";"DEL04"