"id";"data_inversa";"dia_semana";"horario";"uf";"br";"km";"municipio";"causa_acidente";"tipo_acidente";"classificacao_acidente";"fase_dia";"sentido_via";"condicao_metereologica";"tipo_pista";"tracado_via";"uso_solo";"pessoas";"mortos";"feridos_leves";"feridos_graves";"ilesos";"ignorados";"feridos";"veiculos";"latitude";"longitude";"regional";"delegacia";"uop"
273324;2020-03-05;"quinta-feira";"05:40:00";"PE";423;96,5;"GARANHUNS";"Desobediência às normas de trânsito pelo condutor";"Colisão transversal";"Com Vítimas Feridas";"Amanhecer";"Decrescente";"Céu Claro";"Simples";"Reta";"Sim";2;0;0;1;1;0;1;2;-8,88168;-36,49023;"SR-PE";"UOP01";"DEL03"
273325;2020-03-05;"quinta-feira";"07:17:00";"BA";235;350,8;"JUAZEIRO";"Falta de Atenção à Condução";"Colisão transversal";"Com Vítimas Feridas";"Pleno dia";"Decrescente";"Nublado";"Simples";"Reta";"Sim";2;0;1;0;1;0;1;2;-9,442386;-40,49327;"SR-PE";"UOP01";"DEL06"
273326;2020-03-05;"quinta-feira";"07:10:00";"SP";381;81;"SAO PAULO";"Falta de Atenção à Condução";"Colisão traseira";"Com Vítimas Feridas";"Pleno dia";"Crescente";"Céu Claro";"Dupla";"Reta";"Sim";6;0;1;0;5;0;1;6;-23,41704;-46,58022;"SR-SP";"UOP01";"DEL03"
273327;2020-03-05;"quinta-feira";"07:50:00";"PR";376;178,8;"MARINGA";"Defeito Mecânico no Veículo";"Queda de ocupante de veículo";"Com Vítimas Feridas";"Pleno dia";"Decrescente";"Céu Claro";"Dupla";"Reta";"Sim";2;0;2;0;0;0;2;1;-23,41921;-51,91294;"SR-PR";"UOP01";"DEL09"
273328;2020-03-05;"quinta-feira";"07:45:00";"PB";101;84;"BAYEUX";"Avarias e/ou desgaste excessivo no pneu";"Tombamento";"Com Vítimas Feridas";"Pleno dia";"Crescente";"Sol";"Dupla";"Reta";"Sim";2;0;2;0;0;0;2;1;-7,139579;-34,92313;"SR-PB";"UOP01";"DEL01"
273329;2020-03-05;"quinta-feira";"06:15:00";"PR";277;130;"CAMPO LARGO";"Condutor Dormindo";"Saída de leito carroçável";"Com Vítimas Feridas";"Amanhecer";"Crescente";"Nublado";"Simples";"Curva";"Não";1;0;1;0;0;0;1;1;-25,45734;-49,64013;"SR-PR";"UOP03";"DEL03"
273330;2020-03-05;"quinta-feira";"07:05:00";"SE";235;1,8;"ARACAJU";"Falta de Atenção à Condução";"Tombamento";"Com Vítimas Feridas";"Pleno dia";"Crescente";"Céu Claro";"Dupla";"Não Informado";"Sim";1;0;1;0;0;0;1;1;-10,90794;-37,09;"SR-SE";"UOP01";"DEL01"
273331;2020-03-05;"quinta-feira";"07:20:00";"GO";153;498,3;"GOIANIA";"Agressão Externa";"Queda de ocupante de veículo";"Com Vítimas Feridas";"Pleno dia";"Crescente";"Céu Claro";"Dupla";"Não Informado";"Sim";1;0;0;1;0;0;1;1;-16,6939;-49,2321;"SR-GO";"UOP01";"DEL01"
273332;2020-03-05;"quinta-feira";"07:20:00";"SC";470;135,5;"RIO DO SUL";"Falta de Atenção à Condução";"Colisão transversal";"Com Vítimas Feridas";"Pleno dia";"Crescente";"Céu Claro";"Simples";"Interseção de vias";"Não";2;0;1;0;1;0;1;2;-27,18849;-49,61232;"SR-SC";"UOP02";"DEL04"
273334;2020-03-05;"quinta-feira";"07:35:00";"RS";116;395,2;"CAMAQUA";"Velocidade Incompatível";"Saída de leito carroçável";"Com Vítimas Feridas";"Amanhecer";"Decrescente";"Sol";"Dupla";"Reta";"Não";1;0;1;0;0;0;1;1;-30,84888;-51,76593;"SR-RS";"UOP02";"DEL02"
273335;2020-03-05;"quinta-feira";"07:50:00";"SP";116;496;"CAJATI";"Mal Súbito";"Saída de leito carroçável";"Com Vítimas Feridas";"Pleno dia";"Decrescente";"Sol";"Dupla";"Curva";"Não";5;0;5;0;0;0;5;1;-24,75946;-48,16458;"SR-SP";"UOP02";"DEL05"
273337;2020-03-05;"quinta-feira";"07:00:00";"MG";262;446;"NOVA SERRANA";"Falta de Atenção à Condução";"Saída de leito carroçável";"Com Vítimas Feridas";"Pleno dia";"Crescente";"Sol";"Dupla";"Viaduto";"Sim";3;0;1;1;0;1;2;1;-19,87515;-44,95031;"SR-MG";"UOP03";"DEL08"
273338;2020-03-05;"quinta-feira";"07:45:00";"GO";20;94,1;"VILA BOA";"Falta de Atenção à Condução";"Saída de leito carroçável";"Com Vítimas Feridas";"Pleno dia";"Crescente";"Céu Claro";"Simples";"Reta";"Não";1;0;0;1;0;0;1;1;-14,99049;-47,02542;"SR-DF";"UOP01";"DEL02"
273339;2020-03-05;"quinta-feira";"08:00:00";"PA";163;1004;"SANTAREM";"Falta de Atenção à Condução";"Colisão transversal";"Com Vítimas Feridas";"Pleno dia";"Crescente";"Chuva";"Dupla";"Não Informado";"Sim";2;0;1;0;1;0;1;2;-2,438245;-54,73277;"SR-PA";"UOP01";"DEL05"
273340;2020-03-05;"quinta-feira";"08:13:00";"MG";381;509,9;"SAO JOAQUIM DE BICAS";"Ingestão de álcool e/ou substâncias psicoativas pelo pedestre";"Atropelamento de Pedestre";"Com Vítimas Feridas";"Pleno dia";"Crescente";"Sol";"Múltipla";"Reta";"Não";3;0;0;1;2;0;1;1;-20,05851;-44,28829;"SR-MG";"UOP03";"DEL01"
273342;2020-03-05;"quinta-feira";"08:10:00";"MG";365;627;"UBERLANDIA";"Falta de Atenção do Pedestre";"Atropelamento de Pedestre";"Com Vítimas Feridas";"Pleno dia";"Decrescente";"Céu Claro";"Dupla";"Reta";"Sim";4;0;1;2;0;1;3;1;-18,90359;-48,34362;"SR-MG";"UOP01";"DEL15"
273343;2020-03-05;"quinta-feira";"07:30:00";"MG";40;514,9;"RIBEIRAO DAS NEVES";"Falta de Atenção à Condução";"Colisão lateral";"Com Vítimas Feridas";"Pleno dia";"Crescente";"Nublado";"Dupla";"Reta";"Sim";3;0;1;0;2;0;1;3;-19,80152;-44,1;"SR-MG";"UOP02";"DEL01"
273344;2020-03-05;"quinta-feira";"07:40:00";"CE";116;63,6;"CHOROZINHO";"Condutor Dormindo";"Colisão lateral";"Com Vítimas Feridas";"Pleno dia";"Crescente";"Céu Claro";"Simples";"Não Informado";"Não";3;0;0;1;2;0;1;3;-4,272633;-38,49159;"SR-CE";"UOP02";"DEL03"
273345;2020-03-05;"quinta-feira";"08:50:00";"PR";376;144,9;"NOVA ESPERANCA";"Não guardar distância de segurança";"Colisão traseira";"Com Vítimas Feridas";"Pleno dia";"Crescente";"Sol";"Dupla";"Reta";"Sim";3;0;1;0;2;0;1;2;-23,27343;-52,15721;"SR-PR";"UOP02";"DEL09"
273346;2020-02-26;"quarta-feira";"07:15:00";"PR";277;188,8;"PALMEIRA";"Condutor Dormindo";"Saída de leito carroçável";"Sem Vítimas";"Pleno dia";"Decrescente";"Chuva";"Simples";"Reta";"Não";1;0;0;0;1;0;0;1;-25,42229;-50,09322;"SR-PR";"UOP02";"DEL08"
273347;2020-03-05;"quinta-feira";"07:00:00";"RJ";NA;NA;"DUQUE DE CAXIAS";"Defeito Mecânico no Veículo";"Colisão traseira";"Sem Vítimas";"Pleno dia";"Não Informado";"Céu Claro";"Simples";"Não Informado";"Não";2;0;0;0;2;0;0;2;-22,56409;-43,26976;"SR-RJ";"DEL01";"RJ"
273348;2020-03-05;"quinta-feira";"07:20:00";"MS";163;479,2;"CAMPO GRANDE";"Desobediência às normas de trânsito pelo condutor";"Colisão frontal";"Com Vítimas Fatais";"Pleno dia";"Crescente";"Céu Claro";"Simples";"Reta";"Sim";2;1;0;1;0;0;1;2;-20,48732;-54,55929;"SR-MS";"UOP01";"DEL01"
273349;2020-03-05;"quinta-feira";"08:10:00";"RO";364;240,6;"CACOAL";"Falta de Atenção à Condução";"Colisão transversal";"Com Vítimas Feridas";"Pleno dia";"Crescente";"Céu Claro";"Simples";"Reta";"Sim";2;0;1;1;0;0;2;2;-11,43579;-61,47097;"SR-RO";"UOP02";"DEL02"
273350;2020-03-05;"quinta-feira";"09:20:00";"RS";470;223,8;"GARIBALDI";"Desobediência às normas de trânsito pelo condutor";"Colisão transversal";"Com Vítimas Feridas";"Pleno dia";"Decrescente";"Céu Claro";"Simples";"Retorno Regulamentado";"Não";3;0;1;0;2;0;1;2;-29,21249;-51,51794;"SR-RS";"UOP01";"DEL06"
273351;2020-02-26;"quarta-feira";"18:30:00";"RS";290;53,6;"GLORINHA";"Não guardar distância de segurança";"Engavetamento";"Com Vítimas Feridas";"Anoitecer";"Crescente";"Nublado";"Múltipla";"Reta";"Não";4;0;1;0;3;0;1;4;-29,91208;-50,78776;"SR-RS";"UOP01";"DEL03"
273352;2020-03-05;"quinta-feira";"08:40:00";"GO";452;21;"RIO VERDE";"Desobediência às normas de trânsito pelo condutor";"Colisão frontal";"Com Vítimas Feridas";"Pleno dia";"Decrescente";"Nublado";"Simples";"Não Informado";"Não";2;0;2;0;0;0;2;2;-17,87416;-50,72576;"SR-GO";"UOP01";"DEL04"
273353;2020-03-05;"quinta-feira";"06:45:00";"BA";242;463;"IBITIARA";"Velocidade Incompatível";"Capotamento";"Com Vítimas Fatais";"Amanhecer";"Crescente";"Nublado";"Simples";"Curva";"Não";1;1;0;0;0;0;0;1;-12,44238;-42,17379;"SR-BA";"UOP01";"DEL06"
273355;2020-03-05;"quinta-feira";"09:30:00";"PR";277;637,2;"CEU AZUL";"Não guardar distância de segurança";"Colisão traseira";"Sem Vítimas";"Pleno dia";"Decrescente";"Céu Claro";"Simples";"Não Informado";"Sim";2;0;0;0;2;0;0;2;-25,15128;-53,84435;"SR-PR";"UOP05";"DEL04"
273357;2020-03-05;"quinta-feira";"08:05:00";"PE";408;90,6;"SAO LOURENCO DA MATA";"Falta de Atenção à Condução";"Saída de leito carroçável";"Com Vítimas Feridas";"Pleno dia";"Decrescente";"Sol";"Dupla";"Reta";"Sim";1;0;1;0;0;0;1;1;-7,988653;-35,07626;"SR-PE";"UOP01";"DEL01"
273358;2020-03-05;"quinta-feira";"10:00:00";"MG";116;686;"MURIAE";"Falta de Atenção à Condução";"Colisão frontal";"Com Vítimas Feridas";"Pleno dia";"Crescente";"Nublado";"Simples";"Interseção de vias";"Sim";2;0;1;0;1;0;1;2;-20,98984;-42,35916;"SR-MG";"UOP02";"DEL07"
273359;2020-03-05;"quinta-feira";"09:00:00";"SP";153;57;"SAO JOSE DO RIO PRETO";"Mal Súbito";"Tombamento";"Sem Vítimas";"Pleno dia";"Crescente";"Sol";"Dupla";"Não Informado";"Sim";1;0;0;0;1;0;0;1;-20,76991;-49,34982;"SR-SP";"UOP01";"DEL09"
273360;2020-03-05;"quinta-feira";"07:30:00";"PI";343;7,8;"PARNAIBA";"Desobediência às normas de trânsito pelo condutor";"Colisão lateral";"Com Vítimas Feridas";"Pleno dia";"Decrescente";"Nublado";"Simples";"Reta";"Sim";2;0;1;0;1;0;1;2;-2,898051;-41,71477;"SR-PI";"UOP01";"DEL05"
273361;2020-03-05;"quinta-feira";"10:00:00";"SP";116;270;"TABOAO DA SERRA";"Defeito Mecânico no Veículo";"Tombamento";"Com Vítimas Feridas";"Pleno dia";"Crescente";"Céu Claro";"Dupla";"Reta";"Não";2;0;2;0;0;0;2;1;-23,60733;-46,76451;"SR-SP";"UOP01";"DEL04"
273363;2020-03-05;"quinta-feira";"11:00:00";"SP";116;228;"SAO PAULO";"Não guardar distância de segurança";"Colisão com objeto estático";"Com Vítimas Feridas";"Pleno dia";"Crescente";"Nublado";"Múltipla";"Reta";"Sim";2;0;1;0;0;1;1;1;-23,50343;-46,56639;"SR-SP";"UOP01";"DEL01"
273364;2020-03-05;"quinta-feira";"09:45:00";"SP";116;508,6;"CAJATI";"Falta de Atenção à Condução";"Saída de leito carroçável";"Com Vítimas Feridas";"Pleno dia";"Crescente";"Nublado";"Simples";"Não Informado";"Não";3;0;2;0;0;1;2;1;-24,81333;-48,2131;"SR-SP";"UOP02";"DEL05"
273365;2020-02-06;"quinta-feira";"12:30:00";"MG";365;371,8;"PATOS DE MINAS";"Velocidade Incompatível";"Colisão frontal";"Com Vítimas Feridas";"Pleno dia";"Decrescente";"Chuva";"Simples";"Curva";"Não";6;0;6;0;0;0;6;2;-18,51644;-46,13976;"SR-MG";"DEL4/10";"UOP01/MG"
273366;2020-03-05;"quinta-feira";"10:10:00";"MT";364;259;"JUSCIMEIRA";"Falta de Atenção à Condução";"Colisão frontal";"Com Vítimas Feridas";"Pleno dia";"Crescente";"Céu Claro";"Simples";"Reta";"Sim";2;0;1;0;1;0;1;2;-16,04831;-54,88714;"SR-MT";"UOP02";"DEL05"
273367;2020-03-05;"quinta-feira";"10:10:00";"MS";163;316;"RIO BRILHANTE";"Falta de Atenção à Condução";"Queda de ocupante de veículo";"Com Vítimas Feridas";"Pleno dia";"Decrescente";"Céu Claro";"Simples";"Rotatória";"Não";1;0;1;0;0;0;1;1;-21,84371;-54,53746;"SR-MS";"UOP02";"DEL02"
273368;2020-03-05;"quinta-feira";"11:25:00";"RN";304;48,9;"MOSSORO";"Falta de Atenção à Condução";"Colisão transversal";"Com Vítimas Feridas";"Pleno dia";"Crescente";"Céu Claro";"Simples";"Interseção de vias";"Sim";3;0;2;0;1;0;2;2;-5,228686;-37,32203;"SR-RN";"UOP01";"DEL04"
273369;2020-02-26;"quarta-feira";"07:20:00";"SC";470;169,2;"POUSO REDONDO";"Ultrapassagem Indevida";"Colisão lateral";"Com Vítimas Feridas";"Pleno dia";"Decrescente";"Chuva";"Simples";"Reta";"Não";3;0;2;0;1;0;2;2;-27,26547;-49,88244;"SR-SC";"UOP02";"DEL04"
273370;2020-03-05;"quinta-feira";"08:10:00";"RJ";116;40;"TERESOPOLIS";"Falta de Atenção à Condução";"Colisão transversal";"Com Vítimas Feridas";"Pleno dia";"Decrescente";"Nublado";"Simples";"Reta";"Sim";2;0;1;0;1;0;1;2;-22,13343;-42,77952;"SR-RJ";"UOP02";"DEL06"
273371;2020-02-15;"sábado";"15:55:00";"GO";60;313,3;"ACREUNA";"Falta de Atenção à Condução";"Colisão traseira";"Com Vítimas Feridas";"Pleno dia";"Decrescente";"Céu Claro";"Dupla";"Reta";"Não";2;0;0;1;1;0;1;2;-17,43638;-50,42724;"SR-GO";"UOP01";"DEL04"
273373;2020-03-05;"quinta-feira";"10:10:00";"GO";60;195;"GUAPO";"Falta de Atenção à Condução";"Saída de leito carroçável";"Com Vítimas Feridas";"Pleno dia";"Crescente";"Céu Claro";"Dupla";"Reta";"Não";4;0;1;0;3;0;1;1;-16,8523;-49,5775;"SR-GO";"UOP02";"DEL01"
273374;2020-03-05;"quinta-feira";"11:20:00";"RS";386;72,5;"BOA VISTA DAS MISSOES";"Falta de Atenção à Condução";"Colisão transversal";"Com Vítimas Feridas";"Pleno dia";"Crescente";"Sol";"Simples";"Reta";"Sim";2;0;1;1;0;0;2;2;-27,66833;-53,31271;"SR-RS";"UOP02";"DEL08"
273375;2020-03-05;"quinta-feira";"10:50:00";"PE";232;408,7;"SERRA TALHADA";"Desobediência às normas de trânsito pelo condutor";"Colisão transversal";"Com Vítimas Feridas";"Pleno dia";"Decrescente";"Sol";"Simples";"Interseção de vias";"Não";3;0;0;2;0;1;2;2;-7,983714;-38,28048;"SR-PE";"UOP01";"DEL04"
273376;2020-03-05;"quinta-feira";"12:00:00";"BA";116;818;"VITORIA DA CONQUISTA";"Falta de Atenção à Condução";"Colisão transversal";"Com Vítimas Feridas";"Pleno dia";"Crescente";"Céu Claro";"Simples";"Reta";"Sim";2;0;1;0;1;0;1;2;-14,78622;-40,74705;"SR-BA";"UOP01";"DEL08"
273377;2020-03-05;"quinta-feira";"09:30:00";"PE";232;77,1;"GRAVATA";"Falta de Atenção à Condução";"Atropelamento de Pedestre";"Com Vítimas Feridas";"Pleno dia";"Decrescente";"Sol";"Dupla";"Reta";"Sim";3;0;0;1;0;2;1;1;-8,193439;-35,54301;"SR-PE";"UOP04";"DEL01"
273380;2020-03-05;"quinta-feira";"07:31:00";"PR";116;128;"CURITIBA";"Velocidade Incompatível";"Queda de ocupante de veículo";"Com Vítimas Feridas";"Pleno dia";"Decrescente";"Céu Claro";"Dupla";"Reta";"Sim";1;0;1;0;0;0;1;1;-25,62151;-49,31622;"SR-PR";"UOP03";"DEL01"
273381;2020-03-05;"quinta-feira";"13:00:00";"SP";153;58,8;"SAO JOSE DO RIO PRETO";"Desobediência às normas de trânsito pelo condutor";"Tombamento";"Com Vítimas Feridas";"Pleno dia";"Decrescente";"Sol";"Simples";"Não Informado";"Sim";3;0;2;0;1;0;2;2;-20,77838;-49,35301;"SR-SP";"UOP01";"DEL09"
273383;2020-03-05;"quinta-feira";"12:20:00";"RJ";393;268;"BARRA DO PIRAI";"Falta de Atenção à Condução";"Colisão transversal";"Com Vítimas Feridas";"Pleno dia";"Crescente";"Céu Claro";"Simples";"Interseção de vias";"Sim";3;0;0;1;2;0;1;2;-22,4878;-43,90933;"SR-RJ";"UOP02";"DEL05"
273384;2020-03-05;"quinta-feira";"12:00:00";"PR";376;595;"CURITIBA";"Defeito Mecânico no Veículo";"Incêndio";"Sem Vítimas";"Pleno dia";"Decrescente";"Sol";"Dupla";"Interseção de vias";"Sim";2;0;0;0;2;0;0;1;-25,49318;-49,34371;"SR-PR";"UOP04";"DEL01"
273385;2020-03-05;"quinta-feira";"11:45:00";"SC";470;170,7;"POUSO REDONDO";"Desobediência às normas de trânsito pelo condutor";"Colisão lateral";"Com Vítimas Feridas";"Pleno dia";"Crescente";"Sol";"Simples";"Não Informado";"Não";2;0;0;1;1;0;1;2;-27,2659;-49,89244;"SR-SC";"UOP02";"DEL04"
273386;2020-03-05;"quinta-feira";"13:30:00";"SP";116;512;"CAJATI";"Falta de Atenção à Condução";"Danos eventuais";"Com Vítimas Feridas";"Pleno dia";"Decrescente";"Nublado";"Simples";"Curva";"Não";5;0;1;0;4;0;1;1;-24,84304;-48,22028;"SR-SP";"UOP02";"DEL05"
273387;2020-03-05;"quinta-feira";"13:00:00";"RJ";493;21;"MAGE";"Desobediência às normas de trânsito pelo condutor";"Colisão transversal";"Com Vítimas Feridas";"Pleno dia";"Decrescente";"Céu Claro";"Simples";"Retorno Regulamentado";"Sim";3;0;1;0;2;0;1;2;-22,66151;-43,04481;"SR-RJ";"UOP02";"DEL04"
273388;2020-03-05;"quinta-feira";"05:00:00";"BA";242;555;"OLIVEIRA DOS BREJINHOS";"Pista Escorregadia";"Saída de leito carroçável";"Sem Vítimas";"Amanhecer";"Crescente";"Chuva";"Simples";"Reta";"Não";1;0;0;0;1;0;0;1;-12,02556;-43,04198;"SR-BA";"UOP02";"DEL10"
273389;2020-03-05;"quinta-feira";"13:15:00";"MG";116;419;"GOVERNADOR VALADARES";"Objeto estático sobre o leito carroçável";"Queda de ocupante de veículo";"Com Vítimas Feridas";"Pleno dia";"Crescente";"Céu Claro";"Simples";"Reta";"Sim";1;0;1;0;0;0;1;1;-18,92044;-41,94024;"SR-MG";"UOP01";"DEL06"
273390;2020-03-05;"quinta-feira";"13:30:00";"MG";381;821,9;"CAREACU";"Velocidade Incompatível";"Colisão com objeto estático";"Com Vítimas Feridas";"Pleno dia";"Decrescente";"Céu Claro";"Dupla";"Curva";"Não";1;0;1;0;0;0;1;1;-22,11209;-45,74743;"SR-MG";"UOP02";"DEL16"
273391;2020-03-05;"quinta-feira";"14:15:00";"PB";230;24,7;"JOAO PESSOA";"Falta de Atenção à Condução";"Colisão com objeto estático";"Com Vítimas Feridas";"Pleno dia";"Crescente";"Céu Claro";"Dupla";"Reta";"Sim";1;0;1;0;0;0;1;1;-7,1637;-34,8618;"SR-PB";"UOP01";"DEL01"
273392;2020-01-18;"sábado";"04:15:00";"BA";101;65;"ENTRE RIOS";"Falta de Atenção à Condução";"Queda de ocupante de veículo";"Com Vítimas Feridas";"Amanhecer";"Crescente";"Céu Claro";"Simples";"Reta";"Não";1;0;1;0;0;0;1;1;-11,96567;-38,15393;"SR-BA";"UOP04";"DEL01"
273393;2020-03-05;"quinta-feira";"13:20:00";"PB";101;97,3;"ALHANDRA";"Desobediência às normas de trânsito pelo condutor";"Colisão traseira";"Com Vítimas Feridas";"Pleno dia";"Crescente";"Céu Claro";"Dupla";"Reta";"Sim";3;0;2;0;1;0;2;2;-7,220986;-34,91461;"SR-PB";"UOP01";"DEL01"
273394;2020-03-05;"quinta-feira";"13:20:00";"RS";285;247,9;"CIRIACO";"Condutor Dormindo";"Colisão frontal";"Com Vítimas Feridas";"Pleno dia";"Crescente";"Céu Claro";"Simples";"Reta";"Não";3;0;3;0;0;0;3;2;-28,27849;-51,9478;"SR-RS";"UOP03";"DEL08"
273395;2020-03-05;"quinta-feira";"14:30:00";"GO";70;61;"COCALZINHO DE GOIAS";"Condutor Dormindo";"Colisão lateral";"Com Vítimas Feridas";"Pleno dia";"Crescente";"Céu Claro";"Simples";"Reta";"Não";3;0;2;0;1;0;2;2;-15,7675;-48,7152;"SR-DF";"UOP03";"DEL01"
273396;2020-02-18;"terça-feira";"08:45:00";"MG";40;529,3;"CONTAGEM";"Falta de Atenção à Condução";"Colisão lateral";"Com Vítimas Feridas";"Pleno dia";"Crescente";"Nublado";"Dupla";"Reta";"Sim";2;0;0;1;1;0;1;2;-19,93568;-44,02452;"SR-MG";"UOP02";"DEL01"
273397;2020-03-05;"quinta-feira";"13:45:00";"RS";386;440;"CANOAS";"Velocidade Incompatível";"Colisão traseira";"Com Vítimas Feridas";"Pleno dia";"Crescente";"Céu Claro";"Dupla";"Reta";"Não";2;0;1;0;1;0;1;2;-29,87826;-51,24195;"SR-RS";"UOP02";"DEL04"
273400;2020-03-05;"quinta-feira";"15:00:00";"RN";101;97;"NATAL";"Falta de Atenção à Condução";"Colisão traseira";"Com Vítimas Feridas";"Pleno dia";"Crescente";"Céu Claro";"Dupla";"Reta";"Sim";2;0;1;0;1;0;1;2;-5,857589;-35,21271;"SR-RN";"UOP01";"DEL01"
273401;2020-03-05;"quinta-feira";"13:45:00";"MS";163;475,7;"CAMPO GRANDE";"Falta de Atenção à Condução";"Colisão transversal";"Com Vítimas Feridas";"Pleno dia";"Crescente";"Céu Claro";"Simples";"Interseção de vias";"Sim";2;0;1;0;1;0;1;2;-20,51838;-54,56659;"SR-MS";"UOP01";"DEL01"
273402;2020-03-05;"quinta-feira";"15:25:00";"SP";116;73,6;"APARECIDA";"Condutor Dormindo";"Colisão com objeto estático";"Sem Vítimas";"Pleno dia";"Decrescente";"Sol";"Dupla";"Reta";"Não";1;0;0;0;1;0;0;1;-22,86998;-45,24431;"SR-SP";"UOP02";"DEL08"
273403;2020-03-05;"quinta-feira";"14:00:00";"RJ";101;432;"MANGARATIBA";"Pista Escorregadia";"Colisão frontal";"Com Vítimas Feridas";"Pleno dia";"Crescente";"Nublado";"Simples";"Curva";"Não";2;0;2;0;0;0;2;2;-22,93437;-44,02919;"SR-RJ";"UOP01";"DEL03"
273405;2020-02-07;"sexta-feira";"20:00:00";"PB";230;250,3;"JUAZEIRINHO";"Ingestão de Álcool";"Colisão frontal";"Sem Vítimas";"Plena Noite";"Crescente";"Nublado";"Simples";"Reta";"Não";6;0;0;0;5;1;0;2;-7,0593;-36,652;"SR-PB";"UOP01";"DEL03"
273406;2020-03-05;"quinta-feira";"12:10:00";"MT";163;850,3;"SINOP";"Pista Escorregadia";"Colisão com objeto estático";"Sem Vítimas";"Pleno dia";"Decrescente";"Chuva";"Simples";"Desvio Temporário";"Não";1;0;0;0;1;0;0;1;-11,72037;-55,4586;"SR-MT";"UOP02";"DEL06"
273407;2020-03-05;"quinta-feira";"16:50:00";"MG";381;500,5;"BETIM";"Falta de Atenção à Condução";"Tombamento";"Com Vítimas Feridas";"Pleno dia";"Decrescente";"Nublado";"Dupla";"Reta";"Sim";1;0;1;0;0;0;1;1;-20,02513;-44,23113;"SR-MG";"UOP03";"DEL01"
273408;2020-03-05;"quinta-feira";"16:45:00";"PR";277;83;"CURITIBA";"Não guardar distância de segurança";"Colisão traseira";"Com Vítimas Feridas";"Anoitecer";"Decrescente";"Céu Claro";"Dupla";"Reta";"Sim";2;0;1;0;1;0;1;2;-25,56894;-49,18198;"SR-PR";"UOP04";"DEL01"
273409;2020-03-05;"quinta-feira";"16:25:00";"MG";381;908,1;"CAMBUI";"Falta de Atenção à Condução";"Colisão traseira";"Com Vítimas Feridas";"Pleno dia";"Decrescente";"Céu Claro";"Dupla";"Curva";"Não";4;0;1;0;3;0;1;2;-22,71744;-46,12652;"SR-MG";"UOP03";"DEL16"
273410;2020-03-05;"quinta-feira";"14:00:00";"MT";364;646,1;"DIAMANTINO";"Desobediência às normas de trânsito pelo condutor";"Colisão traseira";"Com Vítimas Fatais";"Pleno dia";"Crescente";"Céu Claro";"Simples";"Reta";"Não";2;1;0;0;1;0;0;2;-14,3256;-56,44432;"SR-MT";"UOP01";"DEL01"
273411;2020-03-05;"quinta-feira";"16:12:00";"SP";116;271;"TABOAO DA SERRA";"Defeito Mecânico no Veículo";"Tombamento";"Com Vítimas Feridas";"Pleno dia";"Decrescente";"Céu Claro";"Dupla";"Reta";"Sim";1;0;1;0;0;0;1;1;-23,61809;-46,80556;"SR-SP";"UOP01";"DEL04"
273412;2020-03-05;"quinta-feira";"16:30:00";"SP";381;40,6;"ATIBAIA";"Falta de Atenção à Condução";"Colisão lateral";"Sem Vítimas";"Pleno dia";"Decrescente";"Céu Claro";"Dupla";"Não Informado";"Sim";3;0;0;0;2;1;0;2;-23,13561;-46,57579;"SR-SP";"UOP01";"DEL03"
273413;2020-03-05;"quinta-feira";"16:30:00";"DF";80;16,6;"BRASILIA";"Falta de Atenção à Condução";"Atropelamento de Pedestre";"Com Vítimas Feridas";"Pleno dia";"Crescente";"Ignorado";"Simples";"Desvio Temporário";"Não";4;0;1;0;3;0;1;1;-15,70106;-48,20226;"SR-DF";"UOP03";"DEL01"
273414;2020-03-05;"quinta-feira";"17:15:00";"MG";50;70;"UBERLANDIA";"Falta de Atenção à Condução";"Colisão traseira";"Com Vítimas Feridas";"Pleno dia";"Decrescente";"Céu Claro";"Dupla";"Reta";"Sim";4;0;1;0;3;0;1;3;-18,8514;-48,25346;"SR-MG";"UOP01";"DEL15"
273415;2020-03-05;"quinta-feira";"17:30:00";"SP";116;226,6;"GUARULHOS";"Ingestão de Álcool";"Colisão traseira";"Com Vítimas Feridas";"Anoitecer";"Decrescente";"Céu Claro";"Múltipla";"Reta";"Sim";2;0;1;0;1;0;1;2;-23,49103;-46,54878;"SR-SP";"UOP01";"DEL01"
273416;2020-03-05;"quinta-feira";"13:45:00";"MT";364;1,8;"ALTO ARAGUAIA";"Falta de Atenção à Condução";"Colisão transversal";"Com Vítimas Feridas";"Pleno dia";"Decrescente";"Nublado";"Simples";"Curva";"Sim";2;0;0;1;1;0;1;2;-17,31227;-53,21828;"SR-MT";"UOP04";"DEL02"
273417;2020-03-05;"quinta-feira";"09:00:00";"MT";158;409,8;"RIBEIRAO CASCALHEIRA";"Defeito na Via";"Colisão traseira";"Com Vítimas Feridas";"Pleno dia";"Crescente";"Nublado";"Simples";"Reta";"Não";2;0;0;1;0;1;1;2;-12,84694;-51,79436;"SR-MT";"UOP02";"DEL07"
273418;2020-03-05;"quinta-feira";"17:50:00";"PB";101;83;"BAYEUX";"Defeito Mecânico no Veículo";"Queda de ocupante de veículo";"Com Vítimas Feridas";"Plena Noite";"Crescente";"Céu Claro";"Dupla";"Reta";"Não";2;0;2;0;0;0;2;1;-7,13377;-34,92964;"SR-PB";"UOP01";"DEL01"