"id";"data_inversa";"dia_semana";"horario";"uf";"br";"km";"municipio";"causa_acidente";"tipo_acidente";"classificacao_acidente";"fase_dia";"sentido_via";"condicao_metereologica";"tipo_pista";"tracado_via";"uso_solo";"pessoas";"mortos";"feridos_leves";"feridos_graves";"ilesos";"ignorados";"feridos";"veiculos";"latitude";"longitude";"regional";"delegacia";"uop"
273419;2020-03-05;"quinta-feira";"17:20:00";"BA";101;939;"MUCURI";"Ultrapassagem Indevida";"Colisão frontal";"Com Vítimas Fatais";"Pleno dia";"Crescente";"Chuva";"Simples";"Reta";"Não";4;2;0;0;2;0;0;3;-18,1684;-39,91874;"SR-BA";"UOP02";"DEL09"
273421;2020-03-05;"quinta-feira";"18:10:00";"GO";40;8,1;"LUZIANIA";"Falta de Atenção do Pedestre";"Atropelamento de Pedestre";"Com Vítimas Feridas";"Anoitecer";"Crescente";"Garoa/Chuvisco";"Dupla";"Reta";"Sim";2;0;1;0;1;0;1;1;-16,11616;-47,96761;"SR-DF";"UOP01";"DEL01"
273422;2020-03-05;"quinta-feira";"17:45:00";"DF";20;36,7;"BRASILIA";"Falta de Atenção à Condução";"Colisão transversal";"Com Vítimas Feridas";"Anoitecer";"Crescente";"Chuva";"Dupla";"Reta";"Não";3;0;1;0;1;1;1;2;-15,582;-47,54299;"SR-DF";"UOP01";"DEL02"
273424;2020-03-05;"quinta-feira";"18:00:00";"GO";153;505,9;"APARECIDA DE GOIANIA";"Não guardar distância de segurança";"Engavetamento";"Com Vítimas Feridas";"Anoitecer";"Decrescente";"Chuva";"Múltipla";"Reta";"Sim";7;0;1;0;6;0;1;4;-16,75231;-49,24125;"SR-GO";"UOP01";"DEL01"
273425;2020-03-05;"quinta-feira";"18:35:00";"MG";354;705,4;"CAXAMBU";"Falta de Atenção à Condução";"Colisão lateral";"Com Vítimas Feridas";"Anoitecer";"Decrescente";"Céu Claro";"Simples";"Não Informado";"Sim";2;0;1;0;1;0;1;2;-21,99205;-44,92517;"SR-MG";"UOP01";"DEL17"
273426;2020-03-05;"quinta-feira";"17:40:00";"PR";369;102,1;"URAI";"Velocidade Incompatível";"Tombamento";"Com Vítimas Feridas";"Pleno dia";"Decrescente";"Nublado";"Simples";"Reta";"Não";2;0;1;0;1;0;1;2;-23,24545;-50,72285;"SR-PR";"UOP04";"DEL07"
273427;2020-03-05;"quinta-feira";"13:00:00";"MT";70;278;"PRIMAVERA DO LESTE";"Defeito Mecânico no Veículo";"Danos eventuais";"Sem Vítimas";"Pleno dia";"Crescente";"Sol";"Dupla";"Rotatória";"Sim";1;0;0;0;1;0;0;1;-15,5574;-54,27982;"SR-MT";"UOP01";"DEL05"
273428;2020-03-05;"quinta-feira";"18:05:00";"PR";369;184,3;"ARAPONGAS";"Falta de Atenção à Condução";"Colisão traseira";"Com Vítimas Feridas";"Anoitecer";"Crescente";"Céu Claro";"Simples";"Reta";"Sim";3;0;3;0;0;0;3;2;-23,40252;-51,42787;"SR-PR";"UOP03";"DEL07"
273429;2020-03-05;"quinta-feira";"18:30:00";"BA";116;831,4;"VITORIA DA CONQUISTA";"Falta de Atenção à Condução";"Colisão transversal";"Com Vítimas Fatais";"Plena Noite";"Crescente";"Nublado";"Simples";"Reta";"Não";2;1;0;0;0;1;0;2;-14,91996;-40,88055;"SR-BA";"UOP01";"DEL08"
273430;2020-03-05;"quinta-feira";"13:20:00";"MG";267;124,7;"JUIZ DE FORA";"Velocidade Incompatível";"Tombamento";"Com Vítimas Feridas";"Pleno dia";"Decrescente";"Céu Claro";"Simples";"Curva";"Não";3;0;1;0;2;0;1;2;-21,70787;-43,51812;"SR-MG";"UOP01";"DEL05"
273431;2020-03-05;"quinta-feira";"17:30:00";"SC";116;220,5;"CORREIA PINTO";"Falta de Atenção à Condução";"Atropelamento de Pedestre";"Com Vítimas Feridas";"Pleno dia";"Decrescente";"Céu Claro";"Simples";"Não Informado";"Sim";2;0;1;0;1;0;1;1;-27,57771;-50,36993;"SR-SC";"UOP03";"DEL05"
273432;2020-03-05;"quinta-feira";"19:10:00";"MG";40;499;"ESMERALDAS";"Falta de Atenção do Pedestre";"Atropelamento de Pedestre";"Com Vítimas Fatais";"Plena Noite";"Crescente";"Garoa/Chuvisco";"Dupla";"Não Informado";"Sim";2;1;0;0;1;0;0;1;-19,69293;-44,17828;"SR-MG";"UOP01";"DEL02"
273433;2020-03-05;"quinta-feira";"19:00:00";"CE";116;61,9;"CHOROZINHO";"Defeito na Via";"Saída de leito carroçável";"Com Vítimas Feridas";"Plena Noite";"Decrescente";"Céu Claro";"Simples";"Reta";"Não";1;0;1;0;0;0;1;1;-4,255396;-38,48633;"SR-CE";"UOP02";"DEL03"
273434;2020-03-05;"quinta-feira";"18:00:00";"SC";153;65;"IRANI";"Falta de Atenção à Condução";"Colisão transversal";"Com Vítimas Feridas";"Pleno dia";"Crescente";"Céu Claro";"Simples";"Reta";"Não";3;0;3;0;0;0;3;2;-27,01172;-51,87686;"SR-SC";"UOP05";"DEL07"
273435;2020-03-05;"quinta-feira";"19:10:00";"SC";280;55;"GUARAMIRIM";"Falta de Atenção à Condução";"Colisão transversal";"Com Vítimas Feridas";"Plena Noite";"Decrescente";"Céu Claro";"Simples";"Reta";"Sim";3;0;0;1;2;0;1;2;-26,47584;-48,99379;"SR-SC";"UOP03";"DEL03"
273436;2020-03-05;"quinta-feira";"19:00:00";"GO";153;534,5;"HIDROLANDIA";"Pista Escorregadia";"Saída de leito carroçável";"Sem Vítimas";"Plena Noite";"Crescente";"Chuva";"Dupla";"Reta";"Não";1;0;0;0;1;0;0;1;-17,0016;-49,2231;"SR-GO";"UOP03";"DEL01"
273438;2020-03-05;"quinta-feira";"19:15:00";"RS";293;13,9;"CAPAO DO LEAO";"Animais na Pista";"Atropelamento de Animal";"Com Vítimas Feridas";"Plena Noite";"Crescente";"Céu Claro";"Simples";"Reta";"Sim";3;0;0;2;1;0;2;2;-31,75435;-52,45089;"SR-RS";"UOP01";"DEL07"
273439;2020-03-05;"quinta-feira";"18:35:00";"PR";116;111,2;"CURITIBA";"Falta de Atenção à Condução";"Colisão lateral";"Com Vítimas Feridas";"Pleno dia";"Crescente";"Sol";"Múltipla";"Reta";"Sim";2;0;1;0;1;0;1;2;-25,56885;-49,22725;"SR-PR";"UOP04";"DEL01"
273440;2020-03-05;"quinta-feira";"18:40:00";"RJ";101;189;"CASIMIRO DE ABREU";"Falta de Atenção à Condução";"Queda de ocupante de veículo";"Com Vítimas Feridas";"Plena Noite";"Crescente";"Nublado";"Simples";"Reta";"Não";2;0;1;0;1;0;1;1;-22,4559;-42,06084;"SR-RJ";"UOP04";"DEL02"
273441;2020-03-05;"quinta-feira";"10:40:00";"MG";365;438;"GUIMARANIA";"Falta de Atenção à Condução";"Colisão traseira";"Sem Vítimas";"Pleno dia";"Decrescente";"Céu Claro";"Dupla";"Não Informado";"Não";2;0;0;0;1;1;0;2;-18,79187;-46,72655;"SR-MG";"UOP01";"DEL10"
273442;2020-03-05;"quinta-feira";"19:55:00";"RS";290;204;"RIO PARDO";"Falta de Atenção à Condução";"Colisão lateral";"Com Vítimas Feridas";"Plena Noite";"Crescente";"Céu Claro";"Simples";"Reta";"Não";2;0;1;0;0;1;1;2;-30,16957;-52,27807;"SR-RS";"UOP03";"DEL02"
273443;2020-03-05;"quinta-feira";"19:00:00";"RN";101;99;"NATAL";"Pista Escorregadia";"Queda de ocupante de veículo";"Com Vítimas Feridas";"Plena Noite";"Decrescente";"Céu Claro";"Múltipla";"Retorno Regulamentado";"Sim";2;0;2;0;0;0;2;1;-5,873592;-35,22063;"SR-RN";"UOP01";"DEL01"
273444;2020-03-05;"quinta-feira";"17:25:00";"RO";364;371,4;"OURO PRETO DO OESTE";"Falta de Atenção à Condução";"Saída de leito carroçável";"Com Vítimas Feridas";"Pleno dia";"Decrescente";"Céu Claro";"Simples";"Não Informado";"Não";1;0;0;1;0;0;1;1;-10,75696;-62,15412;"SR-RO";"UOP01";"DEL02"
273445;2020-03-05;"quinta-feira";"15:00:00";"RO";364;448,9;"JARU";"Não guardar distância de segurança";"Engavetamento";"Com Vítimas Feridas";"Pleno dia";"Crescente";"Nublado";"Simples";"Não Informado";"Não";6;0;2;2;2;0;4;3;-10,31044;-62,63906;"SR-RO";"UOP02";"DEL03"
273448;2020-03-05;"quinta-feira";"19:45:00";"RN";101;106,6;"PARNAMIRIM";"Animais na Pista";"Atropelamento de Animal";"Com Vítimas Feridas";"Plena Noite";"Crescente";"Céu Claro";"Múltipla";"Reta";"Sim";1;0;0;1;0;0;1;1;-5,910564;-35,26131;"SR-RN";"UOP01";"DEL01"
273449;2020-03-05;"quinta-feira";"17:55:00";"PR";369;158;"CAMBE";"Não guardar distância de segurança";"Tombamento";"Com Vítimas Feridas";"Pleno dia";"Crescente";"Nublado";"Dupla";"Reta";"Sim";1;0;1;0;0;0;1;1;-23,28495;-51,23944;"SR-PR";"UOP01";"DEL07"
273450;2020-03-05;"quinta-feira";"19:00:00";"PI";316;309,5;"PICOS";"Desobediência às normas de trânsito pelo pedestre";"Atropelamento de Pedestre";"Com Vítimas Feridas";"Plena Noite";"Decrescente";"Nublado";"Simples";"Desvio Temporário";"Sim";2;0;0;1;0;1;1;1;-7,077787;-41,4837;"SR-PI";"UOP01";"DEL04"
273451;2020-03-05;"quinta-feira";"18:50:00";"PR";116;103;"SAO JOSE DOS PINHAIS";"Não guardar distância de segurança";"Colisão traseira";"Sem Vítimas";"Plena Noite";"Crescente";"Céu Claro";"Dupla";"Reta";"Sim";3;0;0;0;3;0;0;3;-25,55945;-49,151;"SR-PR";"UOP01";"DEL01"
273452;2020-03-05;"quinta-feira";"17:15:00";"PB";230;1,2;"CABEDELO";"Falta de Atenção à Condução";"Colisão lateral";"Com Vítimas Feridas";"Plena Noite";"Decrescente";"Céu Claro";"Simples";"Reta";"Sim";2;0;1;0;1;0;1;2;-6,9753;-34,8318;"SR-PB";"UOP01";"DEL01"
273453;2020-03-05;"quinta-feira";"19:30:00";"BA";101;204;"GOVERNADOR MANGABEIRA";"Defeito Mecânico no Veículo";"Colisão com objeto estático";"Com Vítimas Feridas";"Plena Noite";"Decrescente";"Céu Claro";"Simples";"Desvio Temporário";"Não";1;0;1;0;0;0;1;1;-12,63317;-39,09399;"SR-BA";"UOP03";"DEL01"
273454;2020-03-05;"quinta-feira";"20:20:00";"RN";101;105;"PARNAMIRIM";"Falta de Atenção do Pedestre";"Atropelamento de Pedestre";"Com Vítimas Feridas";"Plena Noite";"Crescente";"Céu Claro";"Dupla";"Reta";"Sim";2;0;1;1;0;0;2;1;-5,901652;-35,25929;"SR-RN";"UOP01";"DEL01"
273455;2020-03-05;"quinta-feira";"20:40:00";"CE";222;205,9;"FORQUILHA";"Animais na Pista";"Atropelamento de Animal";"Sem Vítimas";"Plena Noite";"Crescente";"Céu Claro";"Simples";"Reta";"Não";1;0;0;0;1;0;0;1;-3,781798;-40,2305;"SR-CE";"UOP01";"DEL04"
273456;2020-03-05;"quinta-feira";"19:10:00";"PR";369;486,2;"CORBELIA";"Ultrapassagem Indevida";"Colisão frontal";"Com Vítimas Fatais";"Plena Noite";"Crescente";"Céu Claro";"Simples";"Reta";"Não";7;1;1;2;3;0;3;4;-24,6836;-53,2279;"SR-PR";"UOP04";"DEL04"
273457;2020-03-05;"quinta-feira";"18:30:00";"GO";153;530;"HIDROLANDIA";"Pista Escorregadia";"Queda de ocupante de veículo";"Com Vítimas Feridas";"Plena Noite";"Decrescente";"Chuva";"Dupla";"Reta";"Sim";1;0;1;0;0;0;1;1;-16,9677;-49,2331;"SR-GO";"UOP03";"DEL01"
273458;2020-03-05;"quinta-feira";"20:20:00";"ES";101;245,7;"SERRA";"Pista Escorregadia";"Capotamento";"Com Vítimas Feridas";"Plena Noite";"Crescente";"Chuva";"Dupla";"Desvio Temporário";"Não";2;0;1;0;1;0;1;1;-20,05454;-40,3819;"SR-ES";"UOP01";"DEL02"
273459;2020-03-05;"quinta-feira";"20:55:00";"RS";290;616,9;"ALEGRETE";"Condutor Dormindo";"Colisão lateral";"Com Vítimas Feridas";"Plena Noite";"Crescente";"Céu Claro";"Simples";"Reta";"Não";4;0;3;0;1;0;3;2;-29,94943;-56,10674;"SR-RS";"UOP02";"DEL13"
273460;2020-03-05;"quinta-feira";"21:15:00";"PR";376;191,7;"MARIALVA";"Defeito Mecânico no Veículo";"Colisão traseira";"Com Vítimas Feridas";"Plena Noite";"Decrescente";"Nublado";"Dupla";"Retorno Regulamentado";"Não";3;0;1;0;2;0;1;2;-23,48496;-51,82027;"SR-PR";"UOP01";"DEL09"
273461;2020-03-05;"quinta-feira";"21:55:00";"SC";101;78,2;"ARAQUARI";"Objeto estático sobre o leito carroçável";"Colisão com objeto estático";"Com Vítimas Feridas";"Plena Noite";"Decrescente";"Céu Claro";"Dupla";"Reta";"Não";2;0;2;0;0;0;2;1;-26,57672;-48,72271;"SR-SC";"UOP02";"DEL03"
273462;2020-03-05;"quinta-feira";"19:25:00";"RO";435;35;"VILHENA";"Falta de Atenção do Pedestre";"Atropelamento de Pedestre";"Com Vítimas Feridas";"Plena Noite";"Crescente";"Céu Claro";"Simples";"Desvio Temporário";"Não";2;0;1;0;1;0;1;1;-12,84737;-60,37897;"SR-RO";"UOP02";"DEL04"
273463;2020-03-05;"quinta-feira";"18:30:00";"MG";40;738,5;"SANTOS DUMONT";"Falta de Atenção do Pedestre";"Atropelamento de Pedestre";"Com Vítimas Feridas";"Plena Noite";"Crescente";"Nublado";"Simples";"Curva";"Não";2;0;1;0;1;0;1;1;-21,3888;-43,56911;"SR-MG";"UOP01";"DEL05"
273464;2020-03-05;"quinta-feira";"18:45:00";"MT";174;82;"CACERES";"Animais na Pista";"Tombamento";"Com Vítimas Feridas";"Plena Noite";"Crescente";"Céu Claro";"Simples";"Reta";"Não";1;0;1;0;0;0;1;1;-15,96747;-57,76854;"SR-MT";"UOP01";"DEL03"
273465;2020-03-05;"quinta-feira";"20:30:00";"RO";364;713;"PORTO VELHO";"Desobediência às normas de trânsito pelo condutor";"Colisão lateral";"Com Vítimas Feridas";"Plena Noite";"Crescente";"Céu Claro";"Dupla";"Curva";"Não";2;0;1;1;0;0;2;2;-8,773316;-63,87969;"SR-RO";"UOP01";"DEL01"
273466;2020-03-05;"quinta-feira";"19:15:00";"GO";153;442,8;"ANAPOLIS";"Sinalização da via insuficiente ou inadequada";"Colisão lateral";"Com Vítimas Fatais";"Plena Noite";"Crescente";"Nublado";"Dupla";"Reta";"Sim";4;1;1;0;2;0;1;2;-16,34376;-48,9245;"SR-GO";"UOP01";"DEL02"
273467;2020-03-05;"quinta-feira";"21:40:00";"GO";40;100,9;"CRISTALINA";"Desobediência às normas de trânsito pelo condutor";"Colisão frontal";"Com Vítimas Feridas";"Plena Noite";"Crescente";"Chuva";"Simples";"Reta";"Não";2;0;1;1;0;0;2;2;-16,78636;-47,57921;"SR-DF";"UOP04";"DEL01"
273468;2020-03-05;"quinta-feira";"20:10:00";"SP";381;68,7;"MAIRIPORA";"Desobediência às normas de trânsito pelo condutor";"Colisão lateral";"Com Vítimas Feridas";"Plena Noite";"Decrescente";"Céu Claro";"Dupla";"Não Informado";"Não";3;0;2;0;0;1;2;1;-23,34448;-46,57006;"SR-SP";"UOP01";"DEL03"
273469;2020-03-05;"quinta-feira";"17:10:00";"MG";153;69,7;"MONTE ALEGRE DE MINAS";"Condutor Dormindo";"Saída de leito carroçável";"Sem Vítimas";"Pleno dia";"Crescente";"Céu Claro";"Simples";"Reta";"Não";1;0;0;0;1;0;0;1;-18,97569;-49,02409;"SR-MG";"UOP03";"DEL15"
273470;2020-03-05;"quinta-feira";"23:00:00";"BA";101;453;"AURELINO LEAL";"Velocidade Incompatível";"Colisão transversal";"Com Vítimas Fatais";"Plena Noite";"Crescente";"Chuva";"Simples";"Curva";"Não";9;3;1;1;2;2;2;3;-14,38813;-39,32419;"SR-BA";"UOP01";"DEL05"
273471;2020-03-05;"quinta-feira";"22:30:00";"RO";319;63,8;"PORTO VELHO";"Desobediência às normas de trânsito pelo condutor";"Colisão transversal";"Com Vítimas Feridas";"Plena Noite";"Crescente";"Céu Claro";"Dupla";"Interseção de vias";"Sim";2;0;0;1;1;0;1;2;-8,766685;-63,88405;"SR-RO";"UOP01";"DEL01"
273472;2020-03-05;"quinta-feira";"23:38:00";"RS";472;577;"URUGUAIANA";"Falta de Atenção à Condução";"Colisão traseira";"Com Vítimas Feridas";"Plena Noite";"Crescente";"Céu Claro";"Simples";"Interseção de vias";"Sim";5;0;2;0;3;0;2;2;-29,7658;-57,00835;"SR-RS";"UOP01";"DEL13"
273473;2020-03-05;"quinta-feira";"21:30:00";"RS";287;399,2;"SANTIAGO";"Falta de Atenção do Pedestre";"Atropelamento de Pedestre";"Com Vítimas Feridas";"Plena Noite";"Crescente";"Nublado";"Simples";"Desvio Temporário";"Sim";2;0;1;0;1;0;1;1;-29,16794;-54,86705;"SR-RS";"UOP02";"DEL12"
273474;2020-03-05;"quinta-feira";"22:50:00";"SC";470;120,9;"IBIRAMA";"Velocidade Incompatível";"Tombamento";"Com Vítimas Feridas";"Plena Noite";"Decrescente";"Céu Claro";"Simples";"Curva";"Não";4;0;2;1;1;0;3;2;-27,08992;-49,52042;"SR-SC";"UOP02";"DEL04"
273475;2020-03-05;"quinta-feira";"22:57:00";"PR";277;100;"CURITIBA";"Falta de Atenção à Condução";"Colisão traseira";"Com Vítimas Feridas";"Plena Noite";"Crescente";"Nublado";"Dupla";"Não Informado";"Sim";4;0;2;0;2;0;2;3;-25,43183;-49,36515;"SR-PR";"UOP04";"DEL01"
273476;2020-03-05;"quinta-feira";"22:55:00";"MS";163;469,9;"CAMPO GRANDE";"Defeito Mecânico no Veículo";"Incêndio";"Com Vítimas Feridas";"Plena Noite";"Crescente";"Céu Claro";"Simples";"Reta";"Não";1;0;1;0;0;0;1;1;-20,56777;-54,56218;"SR-MS";"UOP01";"DEL01"
273477;2020-03-06;"sexta-feira";"01:40:00";"AL";101;162;"CAMPO ALEGRE";"Falta de Atenção à Condução";"Saída de leito carroçável";"Com Vítimas Feridas";"Plena Noite";"Decrescente";"Céu Claro";"Dupla";"Reta";"Não";1;0;1;0;0;0;1;1;-9,900553;-36,25568;"SR-AL";"UOP02";"DEL02"
273478;2020-03-06;"sexta-feira";"02:05:00";"ES";101;3,3;"PEDRO CANARIO";"Falta de Atenção à Condução";"Colisão com objeto estático";"Com Vítimas Fatais";"Plena Noite";"Decrescente";"Nublado";"Simples";"Reta";"Não";2;1;0;0;1;0;0;1;-18,19921;-39,92893;"SR-ES";"UOP02";"DEL04"
273479;2020-03-06;"sexta-feira";"01:00:00";"GO";40;36,7;"LUZIANIA";"Falta de Atenção à Condução";"Saída de leito carroçável";"Sem Vítimas";"Plena Noite";"Crescente";"Chuva";"Dupla";"Reta";"Não";1;0;0;0;1;0;0;1;-16,32527;-47,83935;"SR-DF";"UOP01";"DEL01"
273480;2020-03-05;"quinta-feira";"22:35:00";"SC";153;21,8;"AGUA DOCE";"Ingestão de Álcool";"Tombamento";"Sem Vítimas";"Plena Noite";"Decrescente";"Céu Claro";"Simples";"Reta";"Não";1;0;0;0;1;0;0;1;-26,72597;-51,63372;"SR-SC";"UOP06";"DEL07"
273481;2020-03-06;"sexta-feira";"01:35:00";"MS";60;3;"CHAPADAO DO SUL";"Falta de Atenção à Condução";"Colisão com objeto estático";"Com Vítimas Feridas";"Plena Noite";"Crescente";"Céu Claro";"Simples";"Reta";"Não";1;0;0;1;0;0;1;1;-18,71638;-52,62191;"SR-MS";"UOP01";"DEL08"
273482;2020-03-06;"sexta-feira";"00:15:00";"RJ";116;217;"PARACAMBI";"Falta de Atenção à Condução";"Colisão traseira";"Com Vítimas Feridas";"Plena Noite";"Decrescente";"Nublado";"Múltipla";"Reta";"Sim";3;0;1;0;2;0;1;2;-22,68973;-43,80132;"SR-RJ";"UOP03";"DEL01"
273483;2020-03-06;"sexta-feira";"03:30:00";"RJ";40;29,2;"TRES RIOS";"Sinalização da via insuficiente ou inadequada";"Tombamento";"Com Vítimas Fatais";"Plena Noite";"Decrescente";"Céu Claro";"Dupla";"Não Informado";"Não";2;1;0;0;1;0;0;2;-22,17757;-43,16802;"SR-RJ";"UOP01";"DEL06"
273484;2020-03-06;"sexta-feira";"04:00:00";"PR";116;113;"CURITIBA";"Desobediência às normas de trânsito pelo condutor";"Colisão frontal";"Com Vítimas Feridas";"Plena Noite";"Decrescente";"Nublado";"Dupla";"Interseção de vias";"Sim";2;0;1;0;0;1;1;2;-25,56514;-49,24675;"SR-PR";"UOP04";"DEL01"
273485;2020-03-05;"quinta-feira";"18:58:00";"MG";40;474;"SETE LAGOAS";"Desobediência às normas de trânsito pelo pedestre";"Saída de leito carroçável";"Sem Vítimas";"Plena Noite";"Crescente";"Chuva";"Simples";"Curva";"Não";1;0;0;0;0;1;0;1;-19,49805;-44,2793;"SR-MG";"UOP01";"DEL02"
273486;2020-03-06;"sexta-feira";"02:50:00";"SC";101;433,6;"SOMBRIO";"Ingestão de Álcool";"Colisão com objeto estático";"Sem Vítimas";"Plena Noite";"Decrescente";"Céu Claro";"Dupla";"Reta";"Sim";1;0;0;0;1;0;0;1;-29,08201;-49,62972;"SR-SC";"UOP02";"DEL02"
273487;2020-03-06;"sexta-feira";"02:58:00";"MG";381;944,2;"EXTREMA";"Defeito Mecânico no Veículo";"Incêndio";"Sem Vítimas";"Plena Noite";"Decrescente";"Céu Claro";"Dupla";"Reta";"Não";2;0;0;0;1;1;0;1;-22,87479;-46,36656;"SR-MG";"UOP03";"DEL16"
273488;2020-03-06;"sexta-feira";"05:00:00";"MG";50;81;"UBERLANDIA";"Ingestão de Álcool";"Colisão com objeto estático";"Com Vítimas Feridas";"Amanhecer";"Decrescente";"Céu Claro";"Simples";"Curva";"Não";1;0;1;0;0;0;1;1;-18,97091;-48,21453;"SR-MG";"UOP01";"DEL15"
273489;2020-03-06;"sexta-feira";"04:30:00";"RJ";356;2,1;"ITAPERUNA";"Animais na Pista";"Atropelamento de Animal";"Com Vítimas Feridas";"Plena Noite";"Decrescente";"Céu Claro";"Simples";"Reta";"Não";2;0;0;1;1;0;1;2;-21,14875;-42,16134;"SR-RJ";"UOP03";"DEL08"
273490;2020-03-06;"sexta-feira";"03:50:00";"SC";282;166;"BOCAINA DO SUL";"Condutor Dormindo";"Saída de leito carroçável";"Com Vítimas Feridas";"Plena Noite";"Crescente";"Nevoeiro/Neblina";"Simples";"Reta";"Não";1;0;1;0;0;0;1;1;-27,74497;-49,8083;"SR-SC";"UOP01";"DEL05"
273491;2020-03-06;"sexta-feira";"04:00:00";"MT";158;605;"AGUA BOA";"Deficiência ou não Acionamento do Sistema de Iluminação/Sinalização do Veículo";"Colisão traseira";"Sem Vítimas";"Plena Noite";"Decrescente";"Nevoeiro/Neblina";"Simples";"Reta";"Não";1;0;0;0;1;0;0;1;-14,36754;-52,16909;"SR-MT";"UOP02";"DEL07"
273492;2020-03-06;"sexta-feira";"05:10:00";"DF";70;12;"BRASILIA";"Pista Escorregadia";"Saída de leito carroçável";"Com Vítimas Feridas";"Amanhecer";"Decrescente";"Chuva";"Dupla";"Reta";"Sim";1;0;1;0;0;0;1;1;-15,79224;-48,15854;"SR-DF";"UOP03";"DEL01"
273493;2020-03-06;"sexta-feira";"05:10:00";"SC";470;61,1;"INDAIAL";"Ingestão de Álcool";"Colisão frontal";"Sem Vítimas";"Plena Noite";"Decrescente";"Céu Claro";"Simples";"Reta";"Sim";3;0;0;0;2;1;0;2;-26,87895;-49,17421;"SR-SC";"UOP01";"DEL04"
273494;2020-03-06;"sexta-feira";"05:10:00";"AL";101;76,5;"RIO LARGO";"Avarias e/ou desgaste excessivo no pneu";"Queda de ocupante de veículo";"Com Vítimas Feridas";"Amanhecer";"Crescente";"Sol";"Dupla";"Reta";"Não";2;0;1;0;1;0;1;1;-9,413356;-35,84073;"SR-AL";"UOP01";"DEL01"
273495;2020-03-06;"sexta-feira";"05:30:00";"SP";116;89,5;"PINDAMONHANGABA";"Falta de Atenção do Pedestre";"Atropelamento de Pedestre";"Com Vítimas Fatais";"Amanhecer";"Crescente";"Nublado";"Dupla";"Reta";"Não";3;1;0;0;1;1;0;1;-22,93931;-45,37875;"SR-SP";"UOP01";"DEL06"
273496;2020-03-06;"sexta-feira";"05:30:00";"MG";262;380,8;"JUATUBA";"Defeito Mecânico no Veículo";"Incêndio";"Sem Vítimas";"Amanhecer";"Decrescente";"Nublado";"Dupla";"Não Informado";"Não";1;0;0;0;1;0;0;1;-19,93608;-44,43854;"SR-MG";"UOP03";"DEL01"
273497;2020-03-06;"sexta-feira";"06:05:00";"RS";116;528,3;"CAPAO DO LEAO";"Falta de Atenção à Condução";"Saída de leito carroçável";"Com Vítimas Feridas";"Amanhecer";"Crescente";"Céu Claro";"Simples";"Reta";"Sim";1;0;1;0;0;0;1;1;-31,75074;-52,41851;"SR-RS";"UOP01";"DEL07"
273498;2020-03-06;"sexta-feira";"05:45:00";"RJ";116;180;"NOVA IGUACU";"Falta de Atenção à Condução";"Colisão lateral";"Com Vítimas Feridas";"Amanhecer";"Decrescente";"Garoa/Chuvisco";"Dupla";"Reta";"Sim";5;0;1;0;4;0;1;2;-22,76516;-43,41547;"SR-RJ";"UOP02";"DEL01"
273499;2020-03-06;"sexta-feira";"05:30:00";"PR";373;177;"PONTA GROSSA";"Falta de Atenção à Condução";"Colisão lateral";"Sem Vítimas";"Amanhecer";"Crescente";"Céu Claro";"Dupla";"Curva";"Sim";6;0;0;0;5;1;0;2;-25,05597;-50,22678;"SR-PR";"UOP01";"DEL03"
273500;2020-03-06;"sexta-feira";"05:50:00";"RS";116;344,2;"BARRA DO RIBEIRO";"Defeito na Via";"Tombamento";"Com Vítimas Feridas";"Amanhecer";"Crescente";"Céu Claro";"Simples";"Reta";"Não";1;0;0;1;0;0;1;1;-30,49179;-51,49006;"SR-RS";"UOP02";"DEL02"
273502;2020-03-06;"sexta-feira";"03:50:00";"MT";163;957,5;"ITAUBA";"Avarias e/ou desgaste excessivo no pneu";"Saída de leito carroçável";"Com Vítimas Feridas";"Plena Noite";"Decrescente";"Garoa/Chuvisco";"Simples";"Curva";"Não";2;0;2;0;0;0;2;1;-10,95258;-55,21543;"SR-MT";"UOP02";"DEL06"
273503;2020-03-06;"sexta-feira";"06:50:00";"SP";116;221;"GUARULHOS";"Não guardar distância de segurança";"Colisão traseira";"Com Vítimas Feridas";"Pleno dia";"Crescente";"Sol";"Múltipla";"Reta";"Sim";2;0;2;0;0;0;2;2;-23,46802;-46,50705;"SR-SP";"UOP01";"DEL01"
273504;2020-03-06;"sexta-feira";"06:50:00";"GO";153;440;"ANAPOLIS";"Desobediência às normas de trânsito pelo condutor";"Colisão lateral";"Com Vítimas Feridas";"Pleno dia";"Crescente";"Nublado";"Dupla";"Não Informado";"Sim";2;0;1;0;1;0;1;2;-16,30676;-48,92385;"SR-GO";"UOP01";"DEL02"
273505;2020-03-06;"sexta-feira";"07:00:00";"BA";101;392,4;"IBIRAPITANGA";"Velocidade Incompatível";"Colisão transversal";"Com Vítimas Feridas";"Pleno dia";"Crescente";"Céu Claro";"Simples";"Curva";"Não";2;0;1;0;1;0;1;2;-14,03983;-39,40431;"SR-BA";"UOP03";"DEL05"
273506;2020-03-06;"sexta-feira";"07:15:00";"RJ";101;77;"CAMPOS DOS GOYTACAZES";"Falta de Atenção à Condução";"Colisão traseira";"Com Vítimas Feridas";"Pleno dia";"Crescente";"Céu Claro";"Simples";"Reta";"Sim";1;0;1;0;0;0;1;1;-21,82996;-41,41024;"SR-RJ";"UOP02";"DEL08"