"id";"data_inversa";"dia_semana";"horario";"uf";"br";"km";"municipio";"causa_acidente";"tipo_acidente";"classificacao_acidente";"fase_dia";"sentido_via";"condicao_metereologica";"tipo_pista";"tracado_via";"uso_solo";"pessoas";"mortos";"feridos_leves";"feridos_graves";"ilesos";"ignorados";"feridos";"veiculos";"latitude";"longitude";"regional";"delegacia";"uop"
273507;2020-03-06;"sexta-feira";"07:30:00";"DF";60;0,1;"BRASILIA";"Não guardar distância de segurança";"Colisão traseira";"Com Vítimas Feridas";"Pleno dia";"Decrescente";"Chuva";"Dupla";"Não Informado";"Sim";2;0;1;0;1;0;1;2;-15,8825;-48,06021;"SR-DF";"UOP02";"DEL01"
273508;2020-03-06;"sexta-feira";"07:25:00";"PR";376;182,1;"MARINGA";"Não guardar distância de segurança";"Colisão lateral";"Com Vítimas Feridas";"Pleno dia";"Crescente";"Céu Claro";"Dupla";"Reta";"Sim";2;0;1;0;1;0;1;2;-23,4325;-51,88673;"SR-PR";"UOP01";"DEL09"
273509;2020-03-06;"sexta-feira";"07:10:00";"SC";470;60,7;"BLUMENAU";"Falta de Atenção à Condução";"Colisão lateral";"Com Vítimas Feridas";"Pleno dia";"Decrescente";"Céu Claro";"Simples";"Reta";"Não";2;0;1;0;1;0;1;2;-26,88138;-49,16454;"SR-SC";"UOP01";"DEL04"
273510;2020-03-06;"sexta-feira";"06:30:00";"PR";476;116,2;"COLOMBO";"Falta de Atenção à Condução";"Colisão traseira";"Com Vítimas Feridas";"Pleno dia";"Crescente";"Céu Claro";"Dupla";"Reta";"Sim";3;0;1;0;1;1;1;2;-25,34996;-49,16642;"SR-PR";"UOP06";"DEL01"
273511;2020-03-06;"sexta-feira";"07:30:00";"GO";50;280,3;"CATALAO";"Falta de Atenção à Condução";"Colisão transversal";"Com Vítimas Feridas";"Pleno dia";"Decrescente";"Nublado";"Simples";"Não Informado";"Sim";3;0;0;1;2;0;1;2;-18,18059;-47,93901;"SR-GO";"UOP01";"DEL06"
273513;2020-03-06;"sexta-feira";"06:30:00";"MG";365;344;"VARJAO DE MINAS";"Desobediência às normas de trânsito pelo condutor";"Colisão transversal";"Sem Vítimas";"Pleno dia";"Decrescente";"Céu Claro";"Simples";"Não Informado";"Sim";2;0;0;0;1;1;0;2;-18,30662;-45,95787;"SR-MG";"UOP01";"DEL10"
273514;2020-03-06;"sexta-feira";"07:15:00";"SC";282;579;"PINHALZINHO";"Falta de Atenção à Condução";"Colisão lateral";"Com Vítimas Feridas";"Pleno dia";"Decrescente";"Céu Claro";"Simples";"Curva";"Sim";3;0;2;0;1;0;2;2;-26,83544;-52,99058;"SR-SC";"UOP02";"DEL07"
273515;2020-03-06;"sexta-feira";"06:30:00";"MG";262;37,1;"MANHUACU";"Falta de Atenção à Condução";"Colisão transversal";"Com Vítimas Feridas";"Pleno dia";"Crescente";"Nublado";"Simples";"Reta";"Sim";3;0;2;0;1;0;2;2;-20,25932;-42,02298;"SR-MG";"UOP04";"DEL06"
273516;2020-03-06;"sexta-feira";"06:30:00";"MS";163;208,9;"CAARAPO";"Desobediência às normas de trânsito pelo condutor";"Colisão frontal";"Com Vítimas Feridas";"Pleno dia";"Crescente";"Céu Claro";"Simples";"Reta";"Sim";3;0;1;0;2;0;1;2;-22,6384;-54,81493;"SR-MS";"UOP02";"DEL04"
273517;2020-03-06;"sexta-feira";"07:40:00";"BA";324;517,8;"FEIRA DE SANTANA";"Desobediência às normas de trânsito pelo condutor";"Colisão transversal";"Com Vítimas Feridas";"Pleno dia";"Decrescente";"Chuva";"Simples";"Reta";"Sim";2;0;1;0;1;0;1;2;-12,24953;-38,93363;"SR-BA";"UOP01";"DEL02"
273518;2020-03-06;"sexta-feira";"08:05:00";"PE";104;67;"CARUARU";"Não guardar distância de segurança";"Colisão traseira";"Com Vítimas Feridas";"Pleno dia";"Decrescente";"Céu Claro";"Dupla";"Desvio Temporário";"Sim";2;0;1;0;1;0;1;2;-8,294506;-35,98682;"SR-PE";"UOP01";"DEL02"
273519;2020-03-06;"sexta-feira";"07:55:00";"MG";40;784,4;"JUIZ DE FORA";"Não guardar distância de segurança";"Colisão traseira";"Com Vítimas Feridas";"Pleno dia";"Decrescente";"Céu Claro";"Dupla";"Interseção de vias";"Não";3;0;2;0;1;0;2;2;-21,73112;-43,43696;"SR-MG";"UOP01";"DEL05"
273520;2020-03-06;"sexta-feira";"07:50:00";"DF";70;0,5;"BRASILIA";"Defeito Mecânico no Veículo";"Danos eventuais";"Com Vítimas Feridas";"Pleno dia";"Decrescente";"Garoa/Chuvisco";"Múltipla";"Reta";"Não";2;0;2;0;0;0;2;1;-15,79235;-48,05451;"SR-DF";"UOP03";"DEL01"
273521;2020-03-06;"sexta-feira";"07:20:00";"SC";101;200;"SAO JOSE";"Não guardar distância de segurança";"Colisão traseira";"Com Vítimas Feridas";"Pleno dia";"Crescente";"Sol";"Múltipla";"Reta";"Não";6;0;4;0;2;0;4;4;-27,54019;-48,62288;"SR-SC";"UOP01";"DEL01"
273522;2020-03-06;"sexta-feira";"07:20:00";"SC";101;239,3;"PALHOCA";"Animais na Pista";"Colisão lateral";"Com Vítimas Feridas";"Pleno dia";"Decrescente";"Nublado";"Dupla";"Reta";"Não";4;0;1;0;3;0;1;4;-27,85047;-48,63955;"SR-SC";"UOP02";"DEL01"
273523;2020-03-06;"sexta-feira";"08:20:00";"DF";20;16;"BRASILIA";"Não guardar distância de segurança";"Colisão traseira";"Sem Vítimas";"Pleno dia";"Crescente";"Chuva";"Dupla";"Reta";"Não";4;0;0;0;4;0;0;2;-15,62567;-47,72516;"SR-DF";"UOP01";"DEL02"
273524;2020-03-06;"sexta-feira";"08:10:00";"CE";116;64,7;"CHOROZINHO";"Desobediência às normas de trânsito pelo condutor";"Colisão lateral";"Com Vítimas Feridas";"Pleno dia";"Decrescente";"Céu Claro";"Simples";"Curva";"Sim";2;0;0;1;1;0;1;2;-4,293664;-38,49846;"SR-CE";"UOP02";"DEL03"
273525;2020-03-06;"sexta-feira";"05:30:00";"SP";116;108,5;"TAUBATE";"Falta de Atenção à Condução";"Colisão traseira";"Com Vítimas Feridas";"Amanhecer";"Crescente";"Céu Claro";"Dupla";"Reta";"Sim";3;0;1;0;1;1;1;2;-23,02331;-45,53764;"SR-SP";"UOP01";"DEL06"
273526;2020-03-06;"sexta-feira";"07:50:00";"PR";469;0,5;"FOZ DO IGUACU";"Falta de Atenção à Condução";"Colisão transversal";"Com Vítimas Feridas";"Pleno dia";"Decrescente";"Sol";"Simples";"Não Informado";"Não";3;0;1;0;2;0;1;2;-25,57513;-54,5513;"SR-PR";"UOP03";"DEL05"
273527;2020-03-06;"sexta-feira";"08:00:00";"GO";153;502;"GOIANIA";"Falta de Atenção à Condução";"Colisão traseira";"Com Vítimas Feridas";"Pleno dia";"Decrescente";"Céu Claro";"Dupla";"Reta";"Sim";4;0;1;0;3;0;1;4;-16,7287;-49,2424;"SR-GO";"UOP01";"DEL01"
273528;2020-03-06;"sexta-feira";"07:00:00";"PB";230;158,9;"CAMPINA GRANDE";"Não guardar distância de segurança";"Colisão traseira";"Com Vítimas Feridas";"Pleno dia";"Crescente";"Sol";"Simples";"Reta";"Sim";4;0;1;0;2;1;1;2;-7,255709;-35,92952;"SR-PB";"UOP01";"DEL02"
273529;2020-03-06;"sexta-feira";"07:50:00";"RJ";40;84;"PETROPOLIS";"Pista Escorregadia";"Queda de ocupante de veículo";"Com Vítimas Feridas";"Pleno dia";"Decrescente";"Nublado";"Simples";"Curva";"Sim";2;0;2;0;0;0;2;1;-22,52146;-43,23708;"SR-RJ";"UOP03";"DEL06"
273530;2020-03-06;"sexta-feira";"07:50:00";"RJ";40;84;"PETROPOLIS";"Pista Escorregadia";"Tombamento";"Sem Vítimas";"Amanhecer";"Decrescente";"Nublado";"Simples";"Curva";"Não";2;0;0;0;2;0;0;1;-22,52146;-43,23708;"SR-RJ";"UOP03";"DEL06"
273531;2020-03-06;"sexta-feira";"08:30:00";"PR";476;136;"CURITIBA";"Falta de Atenção à Condução";"Colisão traseira";"Com Vítimas Feridas";"Pleno dia";"Crescente";"Céu Claro";"Múltipla";"Reta";"Sim";2;0;1;0;1;0;1;2;-25,49105;-49,27168;"SR-PR";"UOP03";"DEL01"
273532;2020-03-06;"sexta-feira";"05:15:00";"MG";262;763,9;"UBERABA";"Condutor Dormindo";"Saída de leito carroçável";"Com Vítimas Feridas";"Plena Noite";"Crescente";"Céu Claro";"Simples";"Reta";"Não";1;0;1;0;0;0;1;1;-19,6755;-47,63898;"SR-MG";"UOP01";"DEL13"
273533;2020-03-06;"sexta-feira";"08:00:00";"PR";277;188;"PALMEIRA";"Falta de Atenção à Condução";"Saída de leito carroçável";"Com Vítimas Feridas";"Pleno dia";"Crescente";"Céu Claro";"Simples";"Reta";"Não";1;0;1;0;0;0;1;1;-25,42229;-50,09322;"SR-PR";"UOP02";"DEL08"
273534;2020-03-06;"sexta-feira";"08:05:00";"SC";470;1,2;"GASPAR";"Desobediência às normas de trânsito pelo condutor";"Colisão transversal";"Com Vítimas Feridas";"Pleno dia";"Decrescente";"Céu Claro";"Simples";"Reta";"Sim";5;0;2;0;1;2;2;4;-26,92354;-48,95892;"SR-SC";"UOP01";"DEL04"
273535;2020-03-06;"sexta-feira";"07:45:00";"PR";369;149,2;"LONDRINA";"Desobediência às normas de trânsito pelo condutor";"Colisão transversal";"Com Vítimas Feridas";"Pleno dia";"Crescente";"Céu Claro";"Dupla";"Não Informado";"Sim";2;0;0;2;0;0;2;2;-23,29291;-51,15458;"SR-PR";"UOP01";"DEL07"
273536;2020-02-27;"quinta-feira";"13:00:00";"SC";101;417,9;"ARARANGUA";"Falta de Atenção à Condução";"Colisão traseira";"Sem Vítimas";"Pleno dia";"Crescente";"Céu Claro";"Dupla";"Reta";"Sim";2;0;0;0;2;0;0;2;-28,97376;-49,53023;"SR-SC";"UOP02";"DEL02"
273537;2020-03-06;"sexta-feira";"07:10:00";"MG";40;43,3;"PARACATU";"Desobediência às normas de trânsito pelo condutor";"Colisão transversal";"Com Vítimas Feridas";"Pleno dia";"Crescente";"Céu Claro";"Simples";"Não Informado";"Sim";2;0;1;0;1;0;1;2;-17,22598;-46,86164;"SR-MG";"UOP01";"DEL14"
273538;2020-03-06;"sexta-feira";"05:00:00";"MT";163;1102;"GUARANTA DO NORTE";"Condutor Dormindo";"Tombamento";"Com Vítimas Feridas";"Amanhecer";"Decrescente";"Chuva";"Simples";"Curva";"Não";1;0;1;0;0;0;1;1;-9,782005;-54,90867;"SR-MT";"UOP02";"DEL06"
273539;2020-03-06;"sexta-feira";"07:00:00";"SP";116;138,9;"SAO JOSE DOS CAMPOS";"Falta de Atenção à Condução";"Colisão traseira";"Sem Vítimas";"Pleno dia";"Crescente";"Sol";"Dupla";"Reta";"Sim";2;0;0;0;1;1;0;2;-23,15727;-45,79555;"SR-SP";"UOP01";"DEL06"
273540;2020-03-06;"sexta-feira";"08:50:00";"BA";324;518,2;"FEIRA DE SANTANA";"Desobediência às normas de trânsito pelo condutor";"Colisão transversal";"Com Vítimas Feridas";"Pleno dia";"Decrescente";"Chuva";"Dupla";"Reta";"Sim";2;0;1;0;1;0;1;2;-12,2582;-38,93218;"SR-BA";"UOP01";"DEL02"
273541;2020-03-06;"sexta-feira";"08:55:00";"SC";282;32,6;"AGUAS MORNAS";"Falta de Atenção à Condução";"Colisão transversal";"Com Vítimas Feridas";"Pleno dia";"Decrescente";"Sol";"Simples";"Não Informado";"Sim";3;0;1;0;2;0;1;2;-27,70116;-48,80018;"SR-SC";"UOP03";"DEL01"
273542;2020-03-06;"sexta-feira";"08:15:00";"SC";101;264,1;"GAROPABA";"Velocidade Incompatível";"Saída de leito carroçável";"Com Vítimas Feridas";"Pleno dia";"Decrescente";"Garoa/Chuvisco";"Dupla";"Não Informado";"Sim";5;0;4;1;0;0;5;1;-28,05698;-48,71776;"SR-SC";"UOP03";"DEL02"
273543;2020-03-06;"sexta-feira";"08:20:00";"ES";101;255,5;"SERRA";"Falta de Atenção à Condução";"Colisão traseira";"Sem Vítimas";"Pleno dia";"Crescente";"Céu Claro";"Simples";"Reta";"Sim";2;0;0;0;2;0;0;2;-20,11488;-40,31944;"SR-ES";"UOP01";"DEL02"
273544;2020-03-06;"sexta-feira";"08:55:00";"GO";153;500;"GOIANIA";"Não guardar distância de segurança";"Colisão traseira";"Sem Vítimas";"Pleno dia";"Decrescente";"Céu Claro";"Dupla";"Reta";"Sim";3;0;0;0;3;0;0;3;-16,7118;-49,2324;"SR-GO";"UOP01";"DEL01"
273545;2020-03-06;"sexta-feira";"08:15:00";"DF";60;28;"BRASILIA";"Falta de Atenção à Condução";"Saída de leito carroçável";"Com Vítimas Feridas";"Pleno dia";"Decrescente";"Garoa/Chuvisco";"Dupla";"Não Informado";"Não";2;0;1;0;1;0;1;1;-16,02064;-48,25083;"SR-DF";"UOP02";"DEL01"
273546;2020-03-06;"sexta-feira";"02:00:00";"RS";158;501,3;"SANTANA DO LIVRAMENTO";"Condutor Dormindo";"Saída de leito carroçável";"Sem Vítimas";"Plena Noite";"Crescente";"Céu Claro";"Simples";"Reta";"Não";1;0;0;0;1;0;0;1;-30,52969;-55,07412;"SR-RS";"UOP01";"DEL11"
273547;2020-03-03;"terça-feira";"18:50:00";"SC";282;523,7;"XAXIM";"Desobediência às normas de trânsito pelo condutor";"Colisão lateral";"Com Vítimas Feridas";"Plena Noite";"Decrescente";"Céu Claro";"Simples";"Reta";"Não";2;0;2;0;0;0;2;2;-26,96553;-52,55374;"SR-SC";"UOP01";"DEL07"
273548;2020-03-06;"sexta-feira";"07:25:00";"DF";251;43,7;"BRASILIA";"Avarias e/ou desgaste excessivo no pneu";"Colisão lateral";"Com Vítimas Feridas";"Pleno dia";"Crescente";"Chuva";"Simples";"Curva";"Não";2;0;1;0;1;0;1;2;-15,9478;-47,84512;"SR-DF";"UOP01";"DEL01"
273549;2020-03-06;"sexta-feira";"08:30:00";"MS";163;695;"RIO VERDE DE MATO GROSSO";"Falta de Atenção à Condução";"Capotamento";"Com Vítimas Feridas";"Pleno dia";"Crescente";"Céu Claro";"Dupla";"Reta";"Não";5;0;4;0;1;0;4;1;-18,80016;-54,82359;"SR-MS";"UOP01";"DEL06"
273550;2020-03-06;"sexta-feira";"09:25:00";"MG";381;525,5;"BRUMADINHO";"Velocidade Incompatível";"Colisão com objeto estático";"Com Vítimas Feridas";"Pleno dia";"Crescente";"Nublado";"Dupla";"Curva";"Não";1;0;1;0;0;0;1;1;-20,16711;-44,33422;"SR-MG";"UOP03";"DEL04"
273551;2020-03-06;"sexta-feira";"08:30:00";"MG";381;483;"BETIM";"Falta de Atenção à Condução";"Tombamento";"Com Vítimas Feridas";"Pleno dia";"Decrescente";"Nublado";"Múltipla";"Curva";"Sim";1;0;1;0;0;0;1;1;-19,95915;-44,08161;"SR-MG";"UOP03";"DEL01"
273552;2020-03-06;"sexta-feira";"09:30:00";"PR";369;184;"ARAPONGAS";"Desobediência às normas de trânsito pelo condutor";"Colisão lateral";"Com Vítimas Feridas";"Pleno dia";"Decrescente";"Céu Claro";"Simples";"Não Informado";"Sim";2;0;1;0;1;0;1;2;-23,40559;-51,42839;"SR-PR";"UOP03";"DEL07"
273553;2020-03-06;"sexta-feira";"09:20:00";"MG";40;816,6;"SIMAO PEREIRA";"Carga excessiva e/ou mal acondicionada";"Colisão com objeto estático";"Com Vítimas Feridas";"Pleno dia";"Crescente";"Céu Claro";"Dupla";"Reta";"Não";2;0;1;0;1;0;1;1;-21,92815;-43,31645;"SR-MG";"UOP01";"DEL05"
273554;2020-03-06;"sexta-feira";"08:30:00";"SC";282;209,8;"LAGES";"Não guardar distância de segurança";"Colisão traseira";"Com Vítimas Feridas";"Pleno dia";"Decrescente";"Céu Claro";"Simples";"Não Informado";"Não";5;0;0;1;3;1;1;2;-27,77693;-50,22189;"SR-SC";"UOP01";"DEL05"
273555;2020-03-06;"sexta-feira";"09:50:00";"RJ";101;73;"CAMPOS DOS GOYTACAZES";"Falta de Atenção do Pedestre";"Atropelamento de Pedestre";"Com Vítimas Feridas";"Pleno dia";"Decrescente";"Céu Claro";"Simples";"Reta";"Não";2;0;1;0;1;0;1;1;-21,79887;-41,39395;"SR-RJ";"UOP02";"DEL08"
273556;2020-03-06;"sexta-feira";"10:20:00";"SE";235;49;"ITABAIANA";"Falta de Atenção à Condução";"Colisão transversal";"Sem Vítimas";"Pleno dia";"Crescente";"Sol";"Simples";"Reta";"Não";2;0;0;0;2;0;0;2;-10,71622;-37,42167;"SR-SE";"UOP02";"DEL01"
273557;2020-03-06;"sexta-feira";"10:10:00";"BA";116;585;"NOVA ITARANA";"Velocidade Incompatível";"Colisão lateral";"Com Vítimas Feridas";"Pleno dia";"Decrescente";"Nublado";"Simples";"Reta";"Não";3;0;1;0;2;0;1;3;-13,10445;-39,99104;"SR-BA";"UOP02";"DEL03"
273558;2020-03-06;"sexta-feira";"08:30:00";"RS";285;339,7;"CARAZINHO";"Não guardar distância de segurança";"Colisão lateral";"Com Vítimas Feridas";"Pleno dia";"Crescente";"Sol";"Simples";"Interseção de vias";"Sim";2;0;1;0;1;0;1;2;-28,3125;-52,79107;"SR-RS";"UOP03";"DEL08"
273560;2020-03-06;"sexta-feira";"07:30:00";"AC";364;139;"RIO BRANCO";"Desobediência às normas de trânsito pelo condutor";"Colisão lateral";"Sem Vítimas";"Pleno dia";"Decrescente";"Nublado";"Dupla";"Não Informado";"Sim";4;0;0;0;4;0;0;2;-9,952725;-67,86257;"SR-AC";"UOP01";"DEL01"
273561;2020-03-06;"sexta-feira";"11:00:00";"PE";101;50;"ABREU E LIMA";"Falta de Atenção à Condução";"Colisão transversal";"Com Vítimas Feridas";"Pleno dia";"Decrescente";"Céu Claro";"Simples";"Interseção de vias";"Sim";3;0;1;0;2;0;1;2;-7,909386;-34,90123;"SR-PE";"UOP02";"DEL01"
273562;2020-03-06;"sexta-feira";"10:50:00";"ES";262;19;"VIANA";"Falta de Atenção à Condução";"Colisão com objeto estático";"Com Vítimas Feridas";"Pleno dia";"Crescente";"Nublado";"Simples";"Reta";"Sim";2;0;0;1;0;1;1;1;-20,39191;-40,49002;"SR-ES";"UOP01";"DEL01"
273563;2020-03-06;"sexta-feira";"11:15:00";"RS";116;1;"PORTO ALEGRE";"Não guardar distância de segurança";"Colisão lateral";"Com Vítimas Feridas";"Pleno dia";"Decrescente";"Céu Claro";"Dupla";"Reta";"Sim";4;0;2;0;1;1;2;2;-29,97678;-51,17848;"SR-RS";"UOP03";"DEL05"
273564;2020-03-06;"sexta-feira";"12:14:00";"RS";392;352;"SANTA MARIA";"Desobediência às normas de trânsito pelo condutor";"Colisão lateral";"Com Vítimas Feridas";"Pleno dia";"Crescente";"Céu Claro";"Simples";"Retorno Regulamentado";"Sim";2;0;1;0;1;0;1;2;-29,7204;-53,80763;"SR-RS";"UOP01";"DEL09"
273565;2020-03-06;"sexta-feira";"12:10:00";"SP";116;228;"SAO PAULO";"Defeito Mecânico no Veículo";"Incêndio";"Sem Vítimas";"Pleno dia";"Decrescente";"Sol";"Múltipla";"Reta";"Sim";1;0;0;0;1;0;0;1;-23,50343;-46,56639;"SR-SP";"UOP01";"DEL01"
273566;2020-03-06;"sexta-feira";"12:20:00";"SP";116;227;"SAO PAULO";"Falta de Atenção à Condução";"Colisão traseira";"Com Vítimas Feridas";"Pleno dia";"Crescente";"Céu Claro";"Múltipla";"Desvio Temporário";"Sim";2;0;1;0;1;0;1;2;-23,49755;-46,55862;"SR-SP";"UOP01";"DEL01"
273567;2020-03-06;"sexta-feira";"12:00:00";"PR";376;2;"SAO JOSE DOS PINHAIS";"Falta de Atenção do Pedestre";"Atropelamento de Pedestre";"Com Vítimas Feridas";"Pleno dia";"Decrescente";"Céu Claro";"Dupla";"Reta";"Sim";2;0;1;1;0;0;2;1;-25,5307;-49,1958;"SR-PR";"UOP01";"DEL01"
273569;2020-03-06;"sexta-feira";"09:00:00";"RJ";101;394;"RIO DE JANEIRO";"Falta de Atenção à Condução";"Colisão lateral";"Com Vítimas Feridas";"Pleno dia";"Decrescente";"Sol";"Dupla";"Viaduto";"Não";3;0;0;1;1;1;1;2;-22,88582;-43,71288;"SR-RJ";"UOP01";"DEL03"
273571;2020-03-06;"sexta-feira";"13:15:00";"ES";262;104,7;"VENDA NOVA DO IMIGRANTE";"Falta de Atenção à Condução";"Colisão transversal";"Com Vítimas Feridas";"Pleno dia";"Decrescente";"Céu Claro";"Simples";"Interseção de vias";"Não";2;0;1;0;1;0;1;2;-20,33303;-41,12932;"SR-ES";"UOP02";"DEL01"
273572;2020-03-06;"sexta-feira";"12:35:00";"RJ";116;235;"PIRAI";"Mal Súbito";"Colisão com objeto estático";"Com Vítimas Feridas";"Pleno dia";"Decrescente";"Céu Claro";"Dupla";"Reta";"Não";1;0;1;0;0;0;1;1;-22,66935;-43,85529;"SR-RJ";"UOP01";"DEL07"
273573;2020-03-06;"sexta-feira";"13:00:00";"PR";376;4,1;"APUCARANA";"Desobediência às normas de trânsito pelo condutor";"Colisão lateral";"Com Vítimas Feridas";"Pleno dia";"Crescente";"Sol";"Simples";"Reta";"Sim";2;0;1;0;1;0;1;2;-23,55509;-51,4446;"SR-PR";"UOP03";"DEL07"
273574;2020-03-06;"sexta-feira";"13:20:00";"RS";158;324;"SANTA MARIA";"Desobediência às normas de trânsito pelo condutor";"Colisão traseira";"Com Vítimas Feridas";"Pleno dia";"Decrescente";"Céu Claro";"Dupla";"Não Informado";"Sim";3;0;2;0;1;0;2;2;-29,69763;-53,78846;"SR-RS";"UOP01";"DEL09"
273575;2020-03-06;"sexta-feira";"12:15:00";"RS";290;187;"MINAS DO LEAO";"Falta de Atenção à Condução";"Engavetamento";"Com Vítimas Feridas";"Pleno dia";"Decrescente";"Céu Claro";"Simples";"Não Informado";"Não";4;0;2;0;2;0;2;3;-30,15244;-52,08359;"SR-RS";"UOP03";"DEL02"
273576;2020-03-06;"sexta-feira";"11:30:00";"BA";367;23,1;"PORTO SEGURO";"Ultrapassagem Indevida";"Colisão lateral";"Com Vítimas Feridas";"Pleno dia";"Decrescente";"Garoa/Chuvisco";"Simples";"Reta";"Sim";2;0;0;1;1;0;1;2;-16,43518;-39,07201;"SR-BA";"UOP01";"DEL09"
273577;2020-03-06;"sexta-feira";"11:45:00";"MA";10;246;"IMPERATRIZ";"Falta de Atenção à Condução";"Colisão traseira";"Com Vítimas Feridas";"Pleno dia";"Decrescente";"Céu Claro";"Simples";"Não Informado";"Sim";2;0;1;0;1;0;1;2;-5,581313;-47,43883;"SR-MA";"UOP01";"DEL04"
273578;2020-03-06;"sexta-feira";"12:00:00";"MS";163;357;"NOVA ALVORADA DO SUL";"Falta de Atenção à Condução";"Colisão transversal";"Com Vítimas Feridas";"Pleno dia";"Decrescente";"Céu Claro";"Simples";"Reta";"Não";2;0;1;0;1;0;1;2;-21,53319;-54,40745;"SR-MS";"UOP02";"DEL02"
273579;2020-03-06;"sexta-feira";"11:20:00";"SC";282;504,7;"XANXERE";"Desobediência às normas de trânsito pelo condutor";"Colisão traseira";"Com Vítimas Feridas";"Pleno dia";"Crescente";"Sol";"Simples";"Não Informado";"Sim";3;0;2;0;1;0;2;2;-26,88428;-52,40847;"SR-SC";"UOP01";"DEL07"
273580;2020-03-06;"sexta-feira";"11:00:00";"MT";174;4,1;"PONTES E LACERDA";"Desobediência às normas de trânsito pelo condutor";"Colisão frontal";"Com Vítimas Feridas";"Pleno dia";"Decrescente";"Céu Claro";"Simples";"Reta";"Sim";2;0;0;1;1;0;1;2;-15,23471;-59,34404;"SR-MT";"UOP01";"DEL03"
273581;2020-03-06;"sexta-feira";"11:40:00";"MT";364;204,7;"RONDONOPOLIS";"Falta de Atenção à Condução";"Tombamento";"Com Vítimas Feridas";"Pleno dia";"Decrescente";"Céu Claro";"Dupla";"Reta";"Sim";1;0;1;0;0;0;1;1;-16,46732;-54,6572;"SR-MT";"UOP01";"DEL02"
273582;2020-03-06;"sexta-feira";"14:00:00";"RS";468;97,3;"TRES PASSOS";"Não guardar distância de segurança";"Saída de leito carroçável";"Com Vítimas Feridas";"Pleno dia";"Crescente";"Céu Claro";"Simples";"Reta";"Não";3;0;3;0;0;0;3;1;-27,48845;-53,8932;"SR-RS";"UOP02";"DEL08"
273583;2020-03-06;"sexta-feira";"14:30:00";"SC";101;202;"SAO JOSE";"Falta de Atenção à Condução";"Colisão lateral";"Com Vítimas Feridas";"Pleno dia";"Crescente";"Céu Claro";"Múltipla";"Reta";"Não";2;0;1;0;1;0;1;2;-27,54837;-48,61978;"SR-SC";"UOP01";"DEL01"
273584;2020-03-06;"sexta-feira";"10:55:00";"RO";364;409;"JARU";"Falta de Atenção do Pedestre";"Atropelamento de Pedestre";"Com Vítimas Feridas";"Pleno dia";"Crescente";"Céu Claro";"Simples";"Reta";"Não";2;0;1;1;0;0;2;1;-10,5402;-62,39334;"SR-RO";"UOP02";"DEL03"
273586;2020-03-06;"sexta-feira";"13:50:00";"SC";116;183,4;"SAO CRISTOVAO DO SUL";"Falta de Atenção à Condução";"Colisão lateral";"Sem Vítimas";"Pleno dia";"Decrescente";"Sol";"Simples";"Curva";"Não";2;0;0;0;2;0;0;2;-27,29292;-50,43357;"SR-SC";"UOP03";"DEL05"
273587;2020-03-06;"sexta-feira";"14:00:00";"GO";153;675,9;"PANAMA";"Falta de Atenção à Condução";"Saída de leito carroçável";"Com Vítimas Feridas";"Pleno dia";"Crescente";"Chuva";"Dupla";"Curva";"Não";3;0;2;0;1;0;2;1;-18,1855;-49,2895;"SR-GO";"UOP02";"DEL03"
273588;2020-03-06;"sexta-feira";"14:00:00";"RJ";116;177;"NOVA IGUACU";"Desobediência às normas de trânsito pelo condutor";"Colisão lateral";"Com Vítimas Feridas";"Pleno dia";"Crescente";"Céu Claro";"Simples";"Reta";"Sim";2;0;1;0;1;0;1;2;-22,78055;-43,39209;"SR-RJ";"UOP02";"DEL01"
273590;2020-03-06;"sexta-feira";"14:00:00";"RJ";116;139,8;"DUQUE DE CAXIAS";"Não guardar distância de segurança";"Colisão traseira";"Com Vítimas Feridas";"Pleno dia";"Decrescente";"Sol";"Dupla";"Reta";"Não";4;0;1;0;3;0;1;3;-22,66393;-43,25495;"SR-RJ";"UOP02";"DEL04"
273591;2020-03-06;"sexta-feira";"15:00:00";"PR";116;116,8;"CURITIBA";"Velocidade Incompatível";"Colisão traseira";"Com Vítimas Feridas";"Pleno dia";"Crescente";"Céu Claro";"Múltipla";"Não Informado";"Sim";2;0;0;1;1;0;1;2;-25,5558;-49,30635;"SR-PR";"UOP03";"DEL01"
273592;2020-03-06;"sexta-feira";"12:30:00";"MT";70;705,2;"CACERES";"Avarias e/ou desgaste excessivo no pneu";"Queda de ocupante de veículo";"Com Vítimas Fatais";"Pleno dia";"Crescente";"Céu Claro";"Simples";"Reta";"Não";2;1;0;1;0;0;1;1;-16,25319;-57,46823;"SR-MT";"UOP01";"DEL03"
273594;2020-03-06;"sexta-feira";"15:37:00";"BA";101;896;"NOVA VICOSA";"Velocidade Incompatível";"Saída de leito carroçável";"Com Vítimas Fatais";"Pleno dia";"Decrescente";"Chuva";"Simples";"Curva";"Não";1;1;0;0;0;0;0;1;-17,89587;-39,81936;"SR-BA";"UOP02";"DEL09"