"id";"data_inversa";"dia_semana";"horario";"uf";"br";"km";"municipio";"causa_acidente";"tipo_acidente";"classificacao_acidente";"fase_dia";"sentido_via";"condicao_metereologica";"tipo_pista";"tracado_via";"uso_solo";"pessoas";"mortos";"feridos_leves";"feridos_graves";"ilesos";"ignorados";"feridos";"veiculos";"latitude";"longitude";"regional";"delegacia";"uop"
273683;2020-03-06;"sexta-feira";"20:45:00";"PR";277;72,1;"SAO JOSE DOS PINHAIS";"Falta de Atenção à Condução";"Queda de ocupante de veículo";"Com Vítimas Feridas";"Plena Noite";"Decrescente";"Céu Claro";"Dupla";"Reta";"Não";1;0;1;0;0;0;1;1;-25,52523;-49,09756;"SR-PR";"UOP01";"DEL01"
273684;2020-03-06;"sexta-feira";"18:05:00";"MT";364;269;"JACIARA";"Falta de Atenção à Condução";"Colisão transversal";"Com Vítimas Feridas";"Anoitecer";"Crescente";"Céu Claro";"Simples";"Curva";"Não";5;0;2;0;3;0;2;2;-15,97423;-54,938;"SR-MT";"UOP02";"DEL05"
273685;2020-03-06;"sexta-feira";"17:30:00";"RO";364;12;"VILHENA";"Falta de Atenção à Condução";"Queda de ocupante de veículo";"Com Vítimas Feridas";"Anoitecer";"Decrescente";"Céu Claro";"Dupla";"Rotatória";"Sim";2;0;1;0;1;0;1;2;-12,7437;-60,12148;"SR-RO";"UOP01";"DEL04"
273686;2020-03-06;"sexta-feira";"20:30:00";"RJ";116;167;"SAO JOAO DE MERITI";"Não guardar distância de segurança";"Colisão traseira";"Com Vítimas Feridas";"Plena Noite";"Crescente";"Céu Claro";"Múltipla";"Reta";"Sim";2;0;1;0;1;0;1;2;-22,81804;-43,30787;"SR-RJ";"UOP02";"DEL01"
273687;2020-03-06;"sexta-feira";"20:49:00";"SC";101;213,9;"PALHOCA";"Falta de Atenção à Condução";"Colisão traseira";"Sem Vítimas";"Plena Noite";"Decrescente";"Nublado";"Múltipla";"Reta";"Sim";3;0;0;0;3;0;0;2;-27,64443;-48,67057;"SR-SC";"UOP02";"DEL01"
273688;2020-03-06;"sexta-feira";"20:55:00";"PR";376;2,7;"SAO JOSE DOS PINHAIS";"Ingestão de Álcool";"Colisão traseira";"Com Vítimas Feridas";"Plena Noite";"Crescente";"Céu Claro";"Dupla";"Reta";"Sim";3;0;1;0;1;1;1;2;-25,5307;-49,1958;"SR-PR";"UOP01";"DEL01"
273689;2020-03-06;"sexta-feira";"21:30:00";"GO";414;342,5;"COCALZINHO DE GOIAS";"Falta de Atenção à Condução";"Colisão com objeto estático";"Sem Vítimas";"Plena Noite";"Decrescente";"Chuva";"Simples";"Ponte";"Não";1;0;0;0;1;0;0;1;-15,58099;-48,62866;"SR-GO";"UOP01";"DEL02"
273690;2020-03-06;"sexta-feira";"21:20:00";"MA";230;3;"BARAO DE GRAJAU";"Ingestão de Álcool";"Colisão lateral";"Com Vítimas Feridas";"Plena Noite";"Crescente";"Céu Claro";"Simples";"Interseção de vias";"Sim";2;0;1;0;0;1;1;2;-6,751649;-43,03389;"SR-PI";"UOP01";"DEL03"
273691;2020-03-06;"sexta-feira";"21:40:00";"PB";104;112,6;"LAGOA SECA";"Ingestão de Álcool";"Atropelamento de Pedestre";"Sem Vítimas";"Plena Noite";"Crescente";"Céu Claro";"Simples";"Reta";"Sim";1;0;0;0;1;0;0;1;-7,145029;-35,85693;"SR-PB";"UOP04";"DEL02"
273692;2020-03-06;"sexta-feira";"20:35:00";"SC";280;124,3;"RIO NEGRINHO";"Falta de Atenção à Condução";"Colisão traseira";"Com Vítimas Feridas";"Plena Noite";"Crescente";"Céu Claro";"Simples";"Não Informado";"Sim";2;0;0;1;1;0;1;2;-26,2413;-49,47514;"SR-SC";"UOP03";"DEL06"
273693;2020-03-06;"sexta-feira";"23:05:00";"SC";101;197,4;"BIGUACU";"Falta de Atenção à Condução";"Colisão traseira";"Com Vítimas Feridas";"Plena Noite";"Crescente";"Nublado";"Múltipla";"Reta";"Não";2;0;1;1;0;0;2;2;-27,51844;-48,63848;"SR-SC";"UOP01";"DEL01"
273694;2020-03-06;"sexta-feira";"20:50:00";"MT";364;57;"ALTO GARCAS";"Defeito Mecânico no Veículo";"Derramamento de carga";"Sem Vítimas";"Plena Noite";"Decrescente";"Céu Claro";"Simples";"Não Informado";"Sim";1;0;0;0;1;0;0;1;-16,94442;-53,53013;"SR-MT";"UOP04";"DEL02"
273695;2020-03-06;"sexta-feira";"22:10:00";"SC";470;68,6;"INDAIAL";"Não guardar distância de segurança";"Colisão traseira";"Sem Vítimas";"Plena Noite";"Crescente";"Céu Claro";"Simples";"Não Informado";"Sim";3;0;0;0;3;0;0;3;-26,8828;-49,2462;"SR-SC";"UOP01";"DEL04"
273696;2020-03-06;"sexta-feira";"23:25:00";"MG";381;925;"ITAPEVA";"Velocidade Incompatível";"Tombamento";"Com Vítimas Feridas";"Plena Noite";"Decrescente";"Nublado";"Dupla";"Curva";"Não";1;0;1;0;0;0;1;1;-22,77115;-46,19842;"SR-MG";"UOP03";"DEL16"
273697;2020-02-29;"sábado";"21:25:00";"RN";226;409;"PAU DOS FERROS";"Desobediência às normas de trânsito pelo condutor";"Saída de leito carroçável";"Sem Vítimas";"Plena Noite";"Decrescente";"Céu Claro";"Simples";"Não Informado";"Não";3;0;0;0;3;0;0;2;-6,089577;-38,20245;"SR-RN";"UOP02";"DEL04"
273698;2020-03-06;"sexta-feira";"21:20:00";"MT";163;829;"SINOP";"Desobediência às normas de trânsito pelo condutor";"Saída de leito carroçável";"Com Vítimas Feridas";"Plena Noite";"Crescente";"Céu Claro";"Dupla";"Retorno Regulamentado";"Sim";4;0;2;0;1;1;2;2;-11,91341;-55,50874;"SR-MT";"UOP01";"DEL06"
273699;2020-03-06;"sexta-feira";"20:30:00";"PR";376;178,6;"MARINGA";"Falta de Atenção à Condução";"Colisão traseira";"Com Vítimas Feridas";"Plena Noite";"Crescente";"Céu Claro";"Dupla";"Reta";"Sim";3;0;1;0;1;1;1;2;-23,41596;-51,92226;"SR-PR";"UOP01";"DEL09"
273700;2020-03-06;"sexta-feira";"22:00:00";"MS";267;26,7;"BATAGUASSU";"Animais na Pista";"Atropelamento de Animal";"Sem Vítimas";"Plena Noite";"Decrescente";"Céu Claro";"Simples";"Não Informado";"Não";1;0;0;0;1;0;0;1;-21,72335;-52,39418;"SR-MS";"DEL2";"UOP04/MS"
273701;2020-03-06;"sexta-feira";"18:00:00";"PR";376;438;"TIBAGI";"Falta de Atenção à Condução";"Colisão lateral";"Com Vítimas Feridas";"Pleno dia";"Crescente";"Sol";"Múltipla";"Reta";"Não";2;0;1;0;0;1;1;2;-24,84923;-50,46793;"SR-PR";"UOP04";"DEL03"
273702;2020-03-06;"sexta-feira";"22:20:00";"MG";381;847,9;"POUSO ALEGRE";"Falta de Atenção do Pedestre";"Atropelamento de Pedestre";"Com Vítimas Feridas";"Plena Noite";"Decrescente";"Céu Claro";"Dupla";"Reta";"Sim";2;0;0;1;1;0;1;1;-22,25237;-45,88779;"SR-MG";"UOP01";"DEL16"
273703;2020-03-07;"sábado";"00:00:00";"SP";116;276;"EMBU DAS ARTES";"Falta de Atenção à Condução";"Queda de ocupante de veículo";"Com Vítimas Feridas";"Plena Noite";"Decrescente";"Céu Claro";"Dupla";"Reta";"Não";1;0;1;0;0;0;1;1;-23,64262;-46,83811;"SR-SP";"UOP01";"DEL04"
273704;2020-03-06;"sexta-feira";"20:45:00";"MG";381;946,5;"EXTREMA";"Falta de Atenção à Condução";"Colisão traseira";"Com Vítimas Feridas";"Plena Noite";"Crescente";"Céu Claro";"Dupla";"Não Informado";"Não";6;0;0;2;4;0;2;5;-22,86067;-46,34205;"SR-MG";"UOP03";"DEL16"
273705;2020-03-07;"sábado";"00:30:00";"PR";163;36,3;"SANTO ANTONIO DO SUDOESTE";"Ingestão de álcool e/ou substâncias psicoativas pelo pedestre";"Colisão com objeto estático";"Com Vítimas Feridas";"Plena Noite";"Decrescente";"Céu Claro";"Simples";"Reta";"Sim";5;0;1;4;0;0;5;1;-26,05803;-53,72624;"SR-PR";"UOP02";"DEL02"
273706;2020-03-07;"sábado";"00:20:00";"PR";116;30;"CAMPINA GRANDE DO SUL";"Falta de Atenção à Condução";"Colisão lateral";"Com Vítimas Feridas";"Plena Noite";"Crescente";"Nublado";"Dupla";"Curva";"Não";2;0;1;0;0;1;1;2;-25,10003;-48,8209;"SR-PR";"UOP02";"DEL01"
273707;2020-03-06;"sexta-feira";"00:00:00";"GO";60;34,5;"GOIANIA";"Desobediência às normas de trânsito pelo condutor";"Colisão com objeto estático";"Sem Vítimas";"Plena Noite";"Crescente";"Céu Claro";"Dupla";"Reta";"Sim";2;0;0;0;2;0;0;1;-16,71776;-49,35669;"SR-GO";"UOP02";"DEL01"
273708;2020-03-07;"sábado";"00:20:00";"SC";101;323;"PESCARIA BRAVA";"Ingestão de Álcool";"Colisão com objeto estático";"Sem Vítimas";"Plena Noite";"Crescente";"Céu Claro";"Múltipla";"Reta";"Não";1;0;0;0;1;0;0;1;-28,4279;-48,91248;"SR-SC";"UOP01";"DEL02"
273709;2020-03-07;"sábado";"00:20:00";"BA";324;554;"AMELIA RODRIGUES";"Não guardar distância de segurança";"Colisão traseira";"Sem Vítimas";"Plena Noite";"Decrescente";"Chuva";"Dupla";"Reta";"Sim";3;0;0;0;3;0;0;3;-12,46038;-38,69682;"SR-BA";"UOP01";"DEL01"
273710;2020-03-06;"sexta-feira";"21:50:00";"PR";376;594;"CURITIBA";"Desobediência às normas de trânsito pelo pedestre";"Atropelamento de Pedestre";"Com Vítimas Feridas";"Plena Noite";"Crescente";"Céu Claro";"Dupla";"Curva";"Não";2;0;0;1;1;0;1;1;-25,4848;-49,3473;"SR-PR";"UOP04";"DEL01"
273711;2020-03-07;"sábado";"01:10:00";"MG";50;65,1;"UBERLANDIA";"Ingestão de Álcool";"Colisão com objeto estático";"Com Vítimas Feridas";"Plena Noite";"Decrescente";"Céu Claro";"Simples";"Reta";"Sim";4;0;3;0;0;1;3;4;-18,8514;-48,25346;"SR-MG";"UOP02";"DEL15"
273712;2020-03-07;"sábado";"00:25:00";"CE";116;37;"HORIZONTE";"Velocidade Incompatível";"Colisão com objeto estático";"Com Vítimas Feridas";"Plena Noite";"Crescente";"Céu Claro";"Dupla";"Curva";"Não";1;0;0;1;0;0;1;1;-4,070036;-38,5018;"SR-CE";"UOP02";"DEL01"
273714;2020-03-06;"sexta-feira";"23:25:00";"MG";40;276,6;"TRES MARIAS";"Pista Escorregadia";"Colisão frontal";"Com Vítimas Feridas";"Plena Noite";"Crescente";"Chuva";"Simples";"Reta";"Sim";4;0;1;3;0;0;4;2;-18,20603;-45,23123;"SR-MG";"UOP02";"DEL14"
273715;2020-03-06;"sexta-feira";"22:30:00";"PE";101;163,1;"GAMELEIRA";"Falta de Atenção do Pedestre";"Atropelamento de Pedestre";"Com Vítimas Fatais";"Plena Noite";"Crescente";"Céu Claro";"Dupla";"Curva";"Não";2;1;0;0;0;1;0;1;-8,550395;-35,4462;"SR-PE";"UOP03";"DEL01"
273716;2020-03-06;"sexta-feira";"23:30:00";"PR";277;674;"MEDIANEIRA";"Falta de Atenção à Condução";"Queda de ocupante de veículo";"Com Vítimas Feridas";"Plena Noite";"Crescente";"Céu Claro";"Dupla";"Reta";"Sim";2;0;1;0;0;1;1;1;-25,29484;-54,1151;"SR-PR";"UOP01";"DEL05"
273717;2020-03-07;"sábado";"00:10:00";"PR";153;502;"GENERAL CARNEIRO";"Falta de Atenção à Condução";"Saída de leito carroçável";"Com Vítimas Feridas";"Plena Noite";"Decrescente";"Céu Claro";"Simples";"Curva";"Não";1;0;1;0;0;0;1;1;-26,47634;-51,32804;"SR-PR";"UOP03";"DEL08"
273719;2020-03-06;"sexta-feira";"21:00:00";"GO";452;62,2;"MAURILANDIA";"Desobediência às normas de trânsito pelo condutor";"Saída de leito carroçável";"Sem Vítimas";"Plena Noite";"Decrescente";"Céu Claro";"Simples";"Desvio Temporário";"Não";1;0;0;0;0;1;0;1;-18,00373;-50,3721;"SR-GO";"UOP01";"DEL04"
273720;2020-03-07;"sábado";"01:45:00";"SC";101;321,4;"PESCARIA BRAVA";"Falta de Atenção à Condução";"Colisão lateral";"Com Vítimas Feridas";"Plena Noite";"Decrescente";"Nublado";"Dupla";"Reta";"Não";2;0;1;0;1;0;1;2;-28,42779;-48,9116;"SR-SC";"UOP01";"DEL02"
273721;2020-03-07;"sábado";"01:00:00";"SP";116;333;"JUQUITIBA";"Não guardar distância de segurança";"Colisão lateral";"Sem Vítimas";"Plena Noite";"Crescente";"Céu Claro";"Dupla";"Reta";"Não";2;0;0;0;2;0;0;2;-23,96142;-47,12114;"SR-SP";"UOP01";"DEL04"
273722;2020-03-07;"sábado";"02:00:00";"PE";232;179;"BELO JARDIM";"Desobediência às normas de trânsito pelo condutor";"Colisão frontal";"Com Vítimas Feridas";"Plena Noite";"Decrescente";"Nublado";"Simples";"Reta";"Não";2;0;0;1;1;0;1;2;-8,343532;-36,41997;"SR-PE";"UOP02";"DEL02"
273723;2020-03-07;"sábado";"01:35:00";"CE";20;416;"MARACANAU";"Velocidade Incompatível";"Colisão lateral";"Com Vítimas Feridas";"Plena Noite";"Decrescente";"Nublado";"Dupla";"Interseção de vias";"Não";2;0;1;0;0;1;1;2;-3,76999;-38,67006;"SR-CE";"UOP02";"DEL01"
273724;2020-03-07;"sábado";"01:20:00";"PB";230;140;"CAMPINA GRANDE";"Animais na Pista";"Atropelamento de Animal";"Com Vítimas Feridas";"Plena Noite";"Crescente";"Céu Claro";"Dupla";"Reta";"Não";2;0;1;0;1;0;1;1;-7,268;-35,7991;"SR-PB";"UOP01";"DEL02"
273726;2020-03-07;"sábado";"01:50:00";"GO";153;506;"APARECIDA DE GOIANIA";"Falta de Atenção à Condução";"Colisão transversal";"Com Vítimas Feridas";"Plena Noite";"Decrescente";"Céu Claro";"Dupla";"Retorno Regulamentado";"Sim";2;0;1;0;1;0;1;2;-16,7633;-49,24;"SR-GO";"UOP01";"DEL01"
273727;2020-03-07;"sábado";"02:45:00";"PR";369;161;"CAMBE";"Desobediência às normas de trânsito pelo condutor";"Colisão transversal";"Com Vítimas Feridas";"Plena Noite";"Crescente";"Céu Claro";"Dupla";"Interseção de vias";"Não";2;0;1;0;1;0;1;2;-23,28827;-51,26161;"SR-PR";"UOP01";"DEL07"
273729;2020-03-07;"sábado";"02:40:00";"MS";163;614;"SAO GABRIEL DO OESTE";"Desobediência às normas de trânsito pelo condutor";"Colisão transversal";"Com Vítimas Feridas";"Plena Noite";"Crescente";"Céu Claro";"Simples";"Reta";"Sim";2;0;1;1;0;0;2;2;-19,3959;-54,56737;"SR-MS";"UOP02";"DEL06"
273730;2020-03-07;"sábado";"01:55:00";"RJ";40;118,9;"DUQUE DE CAXIAS";"Desobediência às normas de trânsito pelo condutor";"Saída de leito carroçável";"Com Vítimas Feridas";"Plena Noite";"Decrescente";"Nublado";"Múltipla";"Reta";"Sim";1;0;0;1;0;0;1;1;-22,75471;-43,28738;"SR-RJ";"UOP01";"DEL01"
273732;2020-03-07;"sábado";"02:50:00";"BA";101;718;"EUNAPOLIS";"Desobediência às normas de trânsito pelo condutor";"Colisão transversal";"Com Vítimas Feridas";"Plena Noite";"Crescente";"Garoa/Chuvisco";"Múltipla";"Interseção de vias";"Sim";2;0;0;1;1;0;1;2;-16,37487;-39,58102;"SR-BA";"UOP01";"DEL09"
273733;2020-03-07;"sábado";"02:30:00";"GO";50;274,1;"CATALAO";"Ingestão de Álcool";"Saída de leito carroçável";"Sem Vítimas";"Plena Noite";"Decrescente";"Ignorado";"Dupla";"Não Informado";"Não";1;0;0;0;0;1;0;1;-18,1392;-47,9059;"SR-GO";"UOP01";"DEL06"
273734;2020-03-07;"sábado";"04:00:00";"TO";153;708,3;"CARIRI DO TOCANTINS";"Defeito Mecânico no Veículo";"Incêndio";"Sem Vítimas";"Plena Noite";"Crescente";"Céu Claro";"Simples";"Reta";"Não";1;0;0;0;1;0;0;1;-12,02248;-49,19988;"SR-TO";"UOP01";"DEL02"
273735;2020-03-07;"sábado";"02:00:00";"RS";290;32;"SANTO ANTONIO DA PATRULHA";"Animais na Pista";"Atropelamento de Animal";"Com Vítimas Feridas";"Plena Noite";"Decrescente";"Nublado";"Dupla";"Reta";"Não";2;0;1;0;1;0;1;1;-29,88484;-50,57605;"SR-RS";"UOP01";"DEL03"
273736;2020-03-07;"sábado";"01:45:00";"BA";324;530;"FEIRA DE SANTANA";"Falta de Atenção à Condução";"Saída de leito carroçável";"Sem Vítimas";"Plena Noite";"Decrescente";"Chuva";"Dupla";"Curva";"Não";1;0;0;0;1;0;0;1;-12,33686;-38,85008;"SR-BA";"UOP01";"DEL01"
273737;2020-03-07;"sábado";"03:30:00";"RR";174;502;"BOA VISTA";"Ingestão de Álcool";"Colisão traseira";"Com Vítimas Feridas";"Plena Noite";"Decrescente";"Céu Claro";"Dupla";"Reta";"Sim";2;0;1;0;1;0;1;2;2,787376;-60,69952;"SR-RR";"UOP01";"DEL01"
273738;2020-03-07;"sábado";"03:30:00";"CE";116;3;"FORTALEZA";"Falta de Atenção à Condução";"Saída de leito carroçável";"Sem Vítimas";"Plena Noite";"Decrescente";"Ignorado";"Dupla";"Não Informado";"Sim";1;0;0;0;0;1;0;1;-3,778665;-38,5149;"SR-CE";"UOP02";"DEL01"
273739;2020-03-07;"sábado";"05:00:00";"PR";277;131;"CAMPO LARGO";"Velocidade Incompatível";"Tombamento";"Sem Vítimas";"Plena Noite";"Decrescente";"Nevoeiro/Neblina";"Simples";"Não Informado";"Não";1;0;0;0;1;0;0;1;-25,44518;-49,49857;"SR-PR";"UOP03";"DEL03"
273740;2020-03-07;"sábado";"05:20:00";"MG";381;480;"CONTAGEM";"Velocidade Incompatível";"Colisão traseira";"Com Vítimas Feridas";"Amanhecer";"Crescente";"Garoa/Chuvisco";"Dupla";"Reta";"Sim";3;0;1;0;2;0;1;2;-19,9575;-44,079;"SR-MG";"UOP03";"DEL01"
273741;2020-03-07;"sábado";"04:45:00";"SC";477;192,2;"INDAIAL";"Falta de Atenção à Condução";"Colisão transversal";"Sem Vítimas";"Plena Noite";"Crescente";"Céu Claro";"Simples";"Curva";"Sim";2;0;0;0;2;0;0;2;-26,87093;-49,21767;"SR-SC";"UOP01";"DEL04"
273742;2020-03-07;"sábado";"05:50:00";"ES";101;168,9;"LINHARES";"Não guardar distância de segurança";"Saída de leito carroçável";"Com Vítimas Feridas";"Amanhecer";"Decrescente";"Nublado";"Simples";"Reta";"Não";3;0;2;0;1;0;2;1;-19,53476;-40,1576;"SR-ES";"UOP01";"DEL04"
273743;2020-03-07;"sábado";"05:05:00";"BA";101;723,5;"EUNAPOLIS";"Velocidade Incompatível";"Colisão com objeto estático";"Sem Vítimas";"Plena Noite";"Crescente";"Nublado";"Simples";"Não Informado";"Não";1;0;0;0;0;1;0;1;-16,41341;-39,58698;"SR-BA";"UOP01";"DEL09"
273744;2020-03-07;"sábado";"05:40:00";"RS";116;240,6;"SAO LEOPOLDO";"Falta de Atenção do Pedestre";"Atropelamento de Pedestre";"Com Vítimas Feridas";"Amanhecer";"Crescente";"Céu Claro";"Dupla";"Reta";"Sim";2;0;0;1;1;0;1;1;-29,70496;-51,14677;"SR-RS";"UOP02";"DEL01"
273745;2020-03-06;"sexta-feira";"23:30:00";"AL";316;123,3;"CACIMBINHAS";"Falta de Atenção à Condução";"Colisão lateral";"Com Vítimas Feridas";"Plena Noite";"Decrescente";"Céu Claro";"Simples";"Reta";"Não";2;0;0;1;1;0;1;2;-9,399953;-36,91178;"SR-AL";"UOP01";"DEL03"
273746;2020-03-07;"sábado";"06:30:00";"MG";381;502;"BETIM";"Ingestão de Álcool";"Colisão com objeto estático";"Com Vítimas Feridas";"Amanhecer";"Crescente";"Chuva";"Dupla";"Curva";"Não";1;0;1;0;0;0;1;1;-20,0362;-44,24586;"SR-MG";"UOP03";"DEL01"
273747;2020-03-07;"sábado";"06:30:00";"PR";376;161,4;"MARINGA";"Ingestão de Álcool";"Colisão traseira";"Com Vítimas Feridas";"Amanhecer";"Decrescente";"Céu Claro";"Dupla";"Reta";"Sim";2;0;1;0;1;0;1;2;-23,37282;-52,05547;"SR-PR";"UOP01";"DEL09"
273748;2020-03-07;"sábado";"03:00:00";"BA";242;816;"BARREIRAS";"Defeito Mecânico no Veículo";"Incêndio";"Sem Vítimas";"Pleno dia";"Decrescente";"Nublado";"Simples";"Reta";"Não";1;0;0;0;0;1;0;1;-12,1461;-45,00779;"SR-BA";"UOP01";"DEL10"
273749;2020-03-07;"sábado";"05:35:00";"RJ";116;169;"SAO JOAO DE MERITI";"Condutor Dormindo";"Colisão frontal";"Com Vítimas Feridas";"Amanhecer";"Crescente";"Céu Claro";"Múltipla";"Reta";"Sim";2;0;1;1;0;0;2;2;-22,81621;-43,32446;"SR-RJ";"UOP02";"DEL01"
273750;2020-03-07;"sábado";"05:25:00";"SP";116;153,5;"SAO JOSE DOS CAMPOS";"Velocidade Incompatível";"Colisão traseira";"Sem Vítimas";"Plena Noite";"Crescente";"Céu Claro";"Múltipla";"Reta";"Não";4;0;0;0;4;0;0;2;-23,23373;-45,91521;"SR-SP";"UOP01";"DEL02"
273751;2020-03-07;"sábado";"06:00:00";"PE";232;29,2;"MORENO";"Pista Escorregadia";"Saída de leito carroçável";"Com Vítimas Feridas";"Pleno dia";"Decrescente";"Céu Claro";"Dupla";"Reta";"Sim";2;0;0;1;1;0;1;1;-8,111269;-35,14314;"SR-PE";"UOP04";"DEL01"
273753;2020-03-07;"sábado";"07:00:00";"GO";153;553;"PIRACANJUBA";"Defeito Mecânico no Veículo";"Incêndio";"Sem Vítimas";"Pleno dia";"Crescente";"Céu Claro";"Múltipla";"Reta";"Sim";1;0;0;0;1;0;0;1;-17,1682;-49,2117;"SR-GO";"UOP03";"DEL01"
273754;2020-03-07;"sábado";"07:00:00";"PR";376;652,3;"TIJUCAS DO SUL";"Condutor Dormindo";"Saída de leito carroçável";"Com Vítimas Feridas";"Pleno dia";"Crescente";"Nublado";"Dupla";"Curva";"Não";3;0;3;0;0;0;3;1;-25,84616;-49,06888;"SR-PR";"UOP05";"DEL01"
273755;2020-03-06;"sexta-feira";"19:55:00";"PR";376;598;"CURITIBA";"Desobediência às normas de trânsito pelo condutor";"Colisão traseira";"Com Vítimas Feridas";"Plena Noite";"Crescente";"Céu Claro";"Dupla";"Reta";"Sim";2;0;1;0;0;1;1;2;-25,51888;-49,33507;"SR-PR";"UOP04";"DEL01"
273756;2020-03-07;"sábado";"07:40:00";"PE";101;77;"RECIFE";"Falta de Atenção à Condução";"Colisão traseira";"Com Vítimas Feridas";"Pleno dia";"Crescente";"Nublado";"Dupla";"Reta";"Sim";4;0;1;2;1;0;3;2;-8,126982;-34,94386;"SR-PE";"UOP01";"DEL01"
273757;2020-03-06;"sexta-feira";"09:20:00";"BA";101;447;"AURELINO LEAL";"Pista Escorregadia";"Saída de leito carroçável";"Sem Vítimas";"Pleno dia";"Crescente";"Chuva";"Simples";"Curva";"Não";2;0;0;0;2;0;0;1;-14,47399;-39,3275;"SR-BA";"UOP01";"DEL05"
273758;2020-03-06;"sexta-feira";"16:20:00";"BA";101;600;"MASCOTE";"Pista Escorregadia";"Saída de leito carroçável";"Com Vítimas Feridas";"Anoitecer";"Crescente";"Chuva";"Simples";"Curva";"Não";1;0;1;0;0;0;1;1;-15,65755;-39,43893;"SR-BA";"UOP02";"DEL05"
273759;2020-03-06;"sexta-feira";"01:50:00";"BA";101;557;"ARATACA";"Pista Escorregadia";"Saída de leito carroçável";"Sem Vítimas";"Plena Noite";"Crescente";"Chuva";"Simples";"Curva";"Não";1;0;0;0;1;0;0;1;-15,26269;-39,40739;"SR-BA";"UOP02";"DEL05"
273760;2020-02-24;"segunda-feira";"18:10:00";"SC";101;179;"BIGUACU";"Ingestão de Álcool";"Tombamento";"Com Vítimas Feridas";"Pleno dia";"Crescente";"Céu Claro";"Dupla";"Reta";"Sim";2;0;0;2;0;0;2;1;-27,37282;-48,63323;"SR-SC";"UOP01";"DEL01"
273761;2020-03-07;"sábado";"03:40:00";"MT";364;610;"DIAMANTINO";"Falta de Atenção à Condução";"Saída de leito carroçável";"Com Vítimas Feridas";"Pleno dia";"Crescente";"Nublado";"Simples";"Reta";"Não";1;0;1;0;0;0;1;1;-14,45157;-56,28191;"SR-MT";"UOP01";"DEL01"
273762;2020-03-07;"sábado";"07:00:00";"SC";282;370,8;"ERVAL VELHO";"Ingestão de Álcool";"Colisão traseira";"Sem Vítimas";"Pleno dia";"Crescente";"Céu Claro";"Simples";"Reta";"Sim";3;0;0;0;3;0;0;2;-27,26866;-51,44377;"SR-SC";"UOP07";"DEL07"
273763;2020-03-07;"sábado";"07:00:00";"GO";414;355,8;"COCALZINHO DE GOIAS";"Velocidade Incompatível";"Tombamento";"Com Vítimas Feridas";"Pleno dia";"Crescente";"Céu Claro";"Simples";"Curva";"Não";1;0;0;1;0;0;1;1;-15,66927;-48,69317;"SR-GO";"UOP01";"DEL02"
273764;2020-03-07;"sábado";"08:20:00";"MG";381;787,3;"SAO GONCALO DO SAPUCAI";"Condutor Dormindo";"Saída de leito carroçável";"Com Vítimas Feridas";"Pleno dia";"Decrescente";"Sol";"Dupla";"Reta";"Não";2;0;1;0;1;0;1;1;-21,89946;-45,55428;"SR-MG";"UOP02";"DEL16"
273765;2020-03-07;"sábado";"07:55:00";"SC";470;52,6;"BLUMENAU";"Defeito na Via";"Tombamento";"Com Vítimas Feridas";"Pleno dia";"Crescente";"Céu Claro";"Simples";"Interseção de vias";"Sim";1;0;1;0;0;0;1;1;-26,86229;-49,0939;"SR-SC";"UOP01";"DEL04"
273766;2020-03-07;"sábado";"08:30:00";"GO";452;131;"ITUMBIARA";"Desobediência às normas de trânsito pelo condutor";"Colisão lateral";"Sem Vítimas";"Pleno dia";"Crescente";"Céu Claro";"Dupla";"Reta";"Sim";2;0;0;0;2;0;0;2;-18,22777;-49,73445;"SR-GO";"UOP02";"DEL03"
273767;2020-03-07;"sábado";"08:00:00";"MG";381;636,8;"SANTO ANTONIO DO AMPARO";"Velocidade Incompatível";"Tombamento";"Com Vítimas Fatais";"Pleno dia";"Decrescente";"Céu Claro";"Dupla";"Reta";"Não";3;1;0;1;1;0;1;1;-20,87312;-44,8438;"SR-MG";"UOP01";"DEL04"
273768;2020-03-07;"sábado";"08:30:00";"BA";116;11,9;"VITORIA DA CONQUISTA";"Desobediência às normas de trânsito pelo condutor";"Colisão lateral";"Com Vítimas Feridas";"Pleno dia";"Crescente";"Nublado";"Simples";"Reta";"Sim";2;0;1;0;1;0;1;2;-14,8706;-40,87161;"SR-PE";"UOP03";"DEL05"
273769;2020-03-07;"sábado";"08:50:00";"RJ";116;70,4;"TERESOPOLIS";"Falta de Atenção à Condução";"Colisão com objeto estático";"Com Vítimas Feridas";"Pleno dia";"Decrescente";"Nublado";"Simples";"Reta";"Não";1;0;1;0;0;0;1;1;-22,3188;-42,93759;"SR-RJ";"UOP02";"DEL06"
273771;2020-03-07;"sábado";"09:15:00";"PE";101;11,4;"GOIANA";"Velocidade Incompatível";"Saída de leito carroçável";"Com Vítimas Feridas";"Pleno dia";"Decrescente";"Chuva";"Dupla";"Reta";"Não";3;0;2;0;1;0;2;1;-7,59514;-34,9846;"SR-PE";"UOP02";"DEL01"