"id";"data_inversa";"dia_semana";"horario";"uf";"br";"km";"municipio";"causa_acidente";"tipo_acidente";"classificacao_acidente";"fase_dia";"sentido_via";"condicao_metereologica";"tipo_pista";"tracado_via";"uso_solo";"pessoas";"mortos";"feridos_leves";"feridos_graves";"ilesos";"ignorados";"feridos";"veiculos";"latitude";"longitude";"regional";"delegacia";"uop"
273772;2020-03-07;"sábado";"09:10:00";"RJ";116;82,9;"TERESOPOLIS";"Falta de Atenção à Condução";"Colisão lateral";"Com Vítimas Feridas";"Pleno dia";"Decrescente";"Céu Claro";"Simples";"Curva";"Sim";3;0;0;2;1;0;2;2;-22,40655;-42,95137;"SR-RJ";"UOP01";"DEL04"
273773;2020-03-07;"sábado";"08:35:00";"MG";381;440,5;"SABARA";"Velocidade Incompatível";"Colisão frontal";"Com Vítimas Feridas";"Pleno dia";"Decrescente";"Garoa/Chuvisco";"Simples";"Não Informado";"Não";2;0;1;0;1;0;1;2;-19,80963;-43,76731;"SR-MG";"UOP01";"DEL01"
273774;2020-03-07;"sábado";"09:25:00";"CE";116;69,1;"CHOROZINHO";"Falta de Atenção à Condução";"Colisão transversal";"Com Vítimas Feridas";"Pleno dia";"Decrescente";"Nublado";"Simples";"Reta";"Não";3;0;1;1;1;0;2;2;-4,324432;-38,48777;"SR-CE";"UOP02";"DEL03"
273775;2020-03-07;"sábado";"08:30:00";"PR";153;109,6;"IBAITI";"Não guardar distância de segurança";"Tombamento";"Sem Vítimas";"Pleno dia";"Decrescente";"Céu Claro";"Simples";"Curva";"Sim";1;0;0;0;1;0;0;1;-23,84682;-50,19305;"SR-PR";"UOP05";"DEL07"
273776;2020-03-07;"sábado";"09:00:00";"PI";316;4;"TERESINA";"Velocidade Incompatível";"Colisão com objeto estático";"Sem Vítimas";"Pleno dia";"Crescente";"Sol";"Múltipla";"Curva";"Sim";1;0;0;0;0;1;0;1;-5,136559;-42,789;"SR-PI";"UOP02";"DEL01"
273777;2020-03-07;"sábado";"09:50:00";"PE";101;78,5;"JABOATAO DOS GUARARAPES";"Velocidade Incompatível";"Saída de leito carroçável";"Com Vítimas Feridas";"Pleno dia";"Decrescente";"Sol";"Dupla";"Curva";"Não";1;0;1;0;0;0;1;1;-8,134965;-34,94739;"SR-PE";"UOP01";"DEL01"
273778;2020-03-07;"sábado";"05:50:00";"PI";343;537;"AMARANTE";"Condutor Dormindo";"Saída de leito carroçável";"Com Vítimas Feridas";"Amanhecer";"Decrescente";"Chuva";"Simples";"Reta";"Não";1;0;1;0;0;0;1;1;-6,508012;-42,7961;"SR-PI";"UOP01";"DEL03"
273779;2020-03-07;"sábado";"10:01:00";"MG";40;825,3;"SIMAO PEREIRA";"Falta de Atenção à Condução";"Saída de leito carroçável";"Com Vítimas Feridas";"Pleno dia";"Decrescente";"Sol";"Dupla";"Curva";"Não";2;0;0;2;0;0;2;1;-21,97353;-43,28542;"SR-MG";"UOP01";"DEL05"
273780;2020-03-07;"sábado";"09:40:00";"CE";116;492,3;"MILAGRES";"Falta de Atenção do Pedestre";"Atropelamento de Pedestre";"Com Vítimas Fatais";"Pleno dia";"Decrescente";"Chuva";"Simples";"Curva";"Sim";2;1;0;0;0;1;0;1;-7,375984;-38,95509;"SR-CE";"UOP03";"DEL05"
273781;2020-03-07;"sábado";"10:00:00";"RN";101;46;"MOSSORO";"Falta de Atenção à Condução";"Colisão com objeto estático";"Com Vítimas Feridas";"Pleno dia";"Decrescente";"Céu Claro";"Simples";"Curva";"Não";2;0;1;0;1;0;1;2;-5,20146;-37,32302;"SR-RN";"UOP01";"DEL02"
273782;2020-03-07;"sábado";"10:20:00";"TO";153;137;"ARAGUAINA";"Desobediência às normas de trânsito pelo condutor";"Colisão frontal";"Com Vítimas Feridas";"Pleno dia";"Crescente";"Sol";"Dupla";"Interseção de vias";"Sim";2;0;1;0;1;0;1;2;-7,146303;-48,20256;"SR-TO";"UOP04";"DEL02"
273783;2020-03-07;"sábado";"09:50:00";"TO";230;72;"LUZINOPOLIS";"Falta de Atenção à Condução";"Colisão lateral";"Com Vítimas Feridas";"Pleno dia";"Decrescente";"Sol";"Simples";"Reta";"Não";2;0;1;0;1;0;1;2;-6,170777;-47,86206;"SR-TO";"UOP05";"DEL02"
273785;2020-03-07;"sábado";"10:30:00";"RN";101;85;"NATAL";"Ultrapassagem Indevida";"Colisão traseira";"Com Vítimas Fatais";"Pleno dia";"Crescente";"Céu Claro";"Simples";"Curva";"Sim";3;1;1;0;1;0;1;2;-5,777664;-35,24937;"SR-RN";"UOP01";"DEL02"
273786;2020-03-07;"sábado";"10:35:00";"SP";116;151,2;"SAO JOSE DOS CAMPOS";"Falta de Atenção à Condução";"Colisão traseira";"Com Vítimas Feridas";"Pleno dia";"Crescente";"Céu Claro";"Múltipla";"Não Informado";"Sim";3;0;0;1;2;0;1;2;-23,21981;-45,89992;"SR-SP";"UOP01";"DEL02"
273787;2020-03-07;"sábado";"10:20:00";"PB";101;107;"ALHANDRA";"Ingestão de Álcool";"Colisão com objeto estático";"Com Vítimas Feridas";"Pleno dia";"Crescente";"Céu Claro";"Dupla";"Reta";"Não";2;0;2;0;0;0;2;1;-7,325492;-34,9471;"SR-PB";"UOP01";"DEL01"
273788;2020-03-07;"sábado";"10:57:00";"DF";70;13;"BRASILIA";"Falta de Atenção à Condução";"Colisão traseira";"Sem Vítimas";"Pleno dia";"Crescente";"Céu Claro";"Dupla";"Reta";"Sim";2;0;0;0;2;0;0;2;-15,79456;-48,16658;"SR-DF";"UOP03";"DEL01"
273789;2020-03-07;"sábado";"10:25:00";"PR";277;40,3;"MORRETES";"Defeito Mecânico no Veículo";"Tombamento";"Sem Vítimas";"Pleno dia";"Decrescente";"Céu Claro";"Dupla";"Não Informado";"Não";1;0;0;0;1;0;0;1;-25,57369;-48,8266;"SR-PR";"UOP07";"DEL01"
273790;2020-03-07;"sábado";"08:45:00";"RS";158;116,4;"PALMEIRA DAS MISSOES";"Objeto estático sobre o leito carroçável";"Saída de leito carroçável";"Com Vítimas Feridas";"Pleno dia";"Decrescente";"Céu Claro";"Simples";"Reta";"Não";4;0;1;0;3;0;1;3;-28,02751;-53,35775;"SR-RS";"UOP02";"DEL08"
273791;2020-03-07;"sábado";"09:15:00";"RO";364;424;"JARU";"Restrição de Visibilidade";"Colisão transversal";"Com Vítimas Feridas";"Pleno dia";"Crescente";"Garoa/Chuvisco";"Simples";"Reta";"Sim";2;0;1;0;1;0;1;2;-10,44044;-62,46829;"SR-RO";"UOP02";"DEL03"
273792;2020-03-07;"sábado";"09:20:00";"MG";262;59;"MANHUACU";"Objeto estático sobre o leito carroçável";"Colisão frontal";"Com Vítimas Feridas";"Pleno dia";"Decrescente";"Chuva";"Simples";"Reta";"Não";5;0;1;0;3;1;1;3;-20,28276;-42,20329;"SR-MG";"UOP04";"DEL06"
273794;2020-03-07;"sábado";"10:45:00";"PE";101;43,8;"IGARASSU";"Falta de Atenção à Condução";"Saída de leito carroçável";"Com Vítimas Feridas";"Pleno dia";"Crescente";"Céu Claro";"Dupla";"Reta";"Sim";1;0;0;1;0;0;1;1;-7,847538;-34,90977;"SR-PE";"UOP02";"DEL01"
273795;2020-03-07;"sábado";"10:50:00";"PE";101;3,6;"GOIANA";"Velocidade Incompatível";"Colisão com objeto estático";"Sem Vítimas";"Pleno dia";"Crescente";"Chuva";"Dupla";"Não Informado";"Não";1;0;0;0;1;0;0;1;-7,523874;-34,99333;"SR-PE";"UOP02";"DEL01"
273796;2020-03-07;"sábado";"09:45:00";"PR";476;1;"ADRIANOPOLIS";"Ingestão de Álcool";"Colisão lateral";"Com Vítimas Feridas";"Pleno dia";"Crescente";"Céu Claro";"Dupla";"Reta";"Sim";2;0;1;0;1;0;1;2;-24,65662;-48,99419;"SR-PR";"UOP06";"DEL01"
273797;2020-03-07;"sábado";"11:25:00";"SC";101;214,7;"PALHOCA";"Falta de Atenção à Condução";"Colisão traseira";"Com Vítimas Feridas";"Pleno dia";"Decrescente";"Céu Claro";"Dupla";"Interseção de vias";"Sim";2;0;1;0;1;0;1;2;-27,64443;-48,67057;"SR-SC";"UOP02";"DEL01"
273798;2020-03-07;"sábado";"11:15:00";"GO";153;613,8;"MORRINHOS";"Condutor Dormindo";"Saída de leito carroçável";"Com Vítimas Feridas";"Pleno dia";"Decrescente";"Sol";"Dupla";"Reta";"Não";1;0;1;0;0;0;1;1;-17,6612;-49,168;"SR-GO";"UOP01";"DEL03"
273799;2020-03-07;"sábado";"11:05:00";"GO";50;280,6;"CATALAO";"Desobediência às normas de trânsito pelo condutor";"Colisão transversal";"Com Vítimas Feridas";"Pleno dia";"Decrescente";"Sol";"Simples";"Interseção de vias";"Sim";3;0;1;0;2;0;1;2;-18,1819;-47,94137;"SR-GO";"UOP01";"DEL06"
273801;2020-03-07;"sábado";"11:30:00";"DF";20;17;"BRASILIA";"Velocidade Incompatível";"Saída de leito carroçável";"Com Vítimas Feridas";"Pleno dia";"Crescente";"Chuva";"Dupla";"Reta";"Não";1;0;1;0;0;0;1;1;-15,62137;-47,71698;"SR-DF";"UOP01";"DEL02"
273802;2020-03-07;"sábado";"10:40:00";"MG";262;375;"JUATUBA";"Falta de Atenção à Condução";"Saída de leito carroçável";"Com Vítimas Feridas";"Pleno dia";"Decrescente";"Céu Claro";"Dupla";"Não Informado";"Não";4;0;3;1;0;0;4;1;-19,95993;-44,338;"SR-MG";"UOP03";"DEL01"
273803;2020-03-07;"sábado";"11:50:00";"SC";101;214,2;"PALHOCA";"Falta de Atenção à Condução";"Colisão lateral";"Com Vítimas Feridas";"Pleno dia";"Decrescente";"Sol";"Dupla";"Reta";"Sim";2;0;1;0;1;0;1;2;-27,64443;-48,67057;"SR-SC";"UOP02";"DEL01"
273804;2020-03-07;"sábado";"11:20:00";"PR";277;727;"FOZ DO IGUACU";"Agressão Externa";"Saída de leito carroçável";"Com Vítimas Feridas";"Pleno dia";"Crescente";"Céu Claro";"Dupla";"Reta";"Sim";1;0;1;0;0;0;1;1;-25,51017;-54,56455;"SR-PR";"UOP02";"DEL05"
273805;2020-03-07;"sábado";"12:20:00";"GO";153;500;"GOIANIA";"Falta de Atenção à Condução";"Colisão transversal";"Com Vítimas Feridas";"Pleno dia";"Crescente";"Céu Claro";"Dupla";"Reta";"Sim";2;0;1;0;1;0;1;2;-16,7118;-49,2324;"SR-GO";"UOP01";"DEL01"
273807;2020-03-07;"sábado";"12:20:00";"SC";101;123;"ITAJAI";"Falta de Atenção à Condução";"Colisão traseira";"Com Vítimas Feridas";"Pleno dia";"Crescente";"Sol";"Dupla";"Reta";"Não";2;0;1;0;0;1;1;2;-26,93669;-48,69877;"SR-SC";"UOP04";"DEL04"
273808;2020-03-07;"sábado";"11:25:00";"SC";101;356,2;"SANGAO";"Condutor Dormindo";"Saída de leito carroçável";"Com Vítimas Feridas";"Pleno dia";"Crescente";"Céu Claro";"Dupla";"Reta";"Não";2;0;1;1;0;0;2;1;-28,63621;-49,09636;"SR-SC";"UOP01";"DEL02"
273809;2020-03-07;"sábado";"11:20:00";"BA";407;208;"CAPIM GROSSO";"Ingestão de álcool e/ou substâncias psicoativas pelo pedestre";"Colisão traseira";"Sem Vítimas";"Pleno dia";"Decrescente";"Céu Claro";"Simples";"Reta";"Não";2;0;0;0;2;0;0;2;-11,17365;-40,04986;"SR-BA";"UOP02";"DEL04"
273810;2020-03-07;"sábado";"12:30:00";"PR";277;23,1;"MORRETES";"Objeto estático sobre o leito carroçável";"Colisão com objeto em movimento";"Com Vítimas Fatais";"Pleno dia";"Decrescente";"Sol";"Dupla";"Reta";"Não";3;1;0;0;2;0;0;2;-25,52726;-48,73913;"SR-PR";"UOP07";"DEL01"
273811;2020-03-07;"sábado";"13:10:00";"MG";50;131,7;"UBERABA";"Falta de Atenção à Condução";"Colisão traseira";"Com Vítimas Feridas";"Pleno dia";"Crescente";"Céu Claro";"Dupla";"Curva";"Não";2;0;0;1;1;0;1;2;-19,39896;-48,0774;"SR-MG";"UOP01";"DEL13"
273812;2020-03-07;"sábado";"13:25:00";"PR";476;170;"CONTENDA";"Ingestão de Álcool";"Tombamento";"Com Vítimas Feridas";"Pleno dia";"Decrescente";"Céu Claro";"Dupla";"Reta";"Não";3;0;3;0;0;0;3;1;-25,66807;-49,50395;"SR-PR";"UOP04";"DEL01"
273813;2020-03-07;"sábado";"13:30:00";"PR";277;37;"MORRETES";"Falta de Atenção à Condução";"Colisão traseira";"Com Vítimas Feridas";"Pleno dia";"Decrescente";"Céu Claro";"Dupla";"Reta";"Não";3;0;1;0;2;0;1;2;-25,56012;-48,8144;"SR-PR";"UOP07";"DEL01"
273814;2020-03-07;"sábado";"13:00:00";"MG";381;250;"SANTANA DO PARAISO";"Desobediência às normas de trânsito pelo condutor";"Colisão transversal";"Com Vítimas Feridas";"Pleno dia";"Crescente";"Chuva";"Simples";"Não Informado";"Sim";4;0;1;0;3;0;1;3;-19,48378;-42,55378;"SR-MG";"UOP01";"DEL06"
273815;2020-03-07;"sábado";"13:20:00";"SC";101;213;"PALHOCA";"Falta de Atenção à Condução";"Colisão lateral";"Com Vítimas Feridas";"Pleno dia";"Decrescente";"Céu Claro";"Dupla";"Reta";"Sim";3;0;1;0;2;0;1;2;-27,63597;-48,66429;"SR-SC";"UOP02";"DEL01"
273816;2020-03-07;"sábado";"10:20:00";"SC";282;554,7;"NOVA ITABERABA";"Velocidade Incompatível";"Capotamento";"Sem Vítimas";"Pleno dia";"Crescente";"Sol";"Simples";"Interseção de vias";"Não";1;0;0;0;1;0;0;1;-26,93627;-52,80081;"SR-SC";"UOP01";"DEL07"
273818;2020-03-07;"sábado";"11:35:00";"PE";101;2,8;"GOIANA";"Falta de Atenção à Condução";"Colisão traseira";"Com Vítimas Feridas";"Pleno dia";"Crescente";"Chuva";"Dupla";"Desvio Temporário";"Não";3;0;0;2;1;0;2;2;-7,523874;-34,99333;"SR-PE";"UOP02";"DEL01"
273819;2020-03-07;"sábado";"13:35:00";"DF";70;9;"BRASILIA";"Falta de Atenção à Condução";"Colisão lateral";"Com Vítimas Feridas";"Pleno dia";"Crescente";"Nublado";"Dupla";"Reta";"Sim";2;0;0;1;1;0;1;2;-15,78462;-48,13202;"SR-DF";"UOP03";"DEL01"
273820;2020-03-07;"sábado";"12:30:00";"RR";174;506,4;"BOA VISTA";"Falta de Atenção à Condução";"Engavetamento";"Sem Vítimas";"Pleno dia";"Crescente";"Sol";"Dupla";"Reta";"Sim";3;0;0;0;3;0;0;3;2,816381;-60,69325;"SR-RR";"UOP01";"DEL01"
273821;2020-03-07;"sábado";"13:40:00";"PB";230;47,9;"SANTA RITA";"Defeito Mecânico no Veículo";"Saída de leito carroçável";"Com Vítimas Feridas";"Pleno dia";"Crescente";"Céu Claro";"Dupla";"Reta";"Não";1;0;0;1;0;0;1;1;-7,1685;-35,032;"SR-PB";"UOP02";"DEL01"
273823;2020-03-07;"sábado";"14:20:00";"SC";470;136,2;"RIO DO SUL";"Falta de Atenção à Condução";"Colisão frontal";"Com Vítimas Feridas";"Pleno dia";"Decrescente";"Céu Claro";"Simples";"Reta";"Sim";5;0;3;0;2;0;3;2;-27,19432;-49,62455;"SR-SC";"UOP02";"DEL04"
273824;2020-01-09;"quinta-feira";"07:40:00";"ES";101;257;"SERRA";"Defeito Mecânico no Veículo";"Queda de ocupante de veículo";"Com Vítimas Feridas";"Pleno dia";"Decrescente";"Sol";"Dupla";"Reta";"Sim";2;0;1;1;0;0;2;1;-20,12455;-40,30332;"SR-ES";"DEL12/2";"UOP01/ES"
273825;2020-03-07;"sábado";"14:35:00";"PR";369;156;"LONDRINA";"Defeito Mecânico no Veículo";"Saída de leito carroçável";"Com Vítimas Feridas";"Pleno dia";"Crescente";"Céu Claro";"Dupla";"Reta";"Sim";2;0;2;0;0;0;2;1;-23,29077;-51,21879;"SR-PR";"UOP01";"DEL07"
273826;2020-03-07;"sábado";"13:30:00";"PE";104;66;"CARUARU";"Falta de Atenção à Condução";"Colisão lateral";"Sem Vítimas";"Pleno dia";"Decrescente";"Céu Claro";"Dupla";"Curva";"Sim";2;0;0;0;1;1;0;2;-8,2937;-35,9864;"SR-PE";"UOP01";"DEL02"
273827;2020-03-07;"sábado";"15:15:00";"PR";376;182;"MARINGA";"Desobediência às normas de trânsito pelo condutor";"Colisão lateral";"Com Vítimas Feridas";"Pleno dia";"Crescente";"Céu Claro";"Dupla";"Rotatória";"Sim";2;0;1;0;1;0;1;2;-23,43173;-51,8871;"SR-PR";"UOP01";"DEL09"
273828;2020-03-07;"sábado";"14:20:00";"MT";163;759;"SORRISO";"Falta de Atenção à Condução";"Saída de leito carroçável";"Com Vítimas Feridas";"Pleno dia";"Crescente";"Céu Claro";"Simples";"Reta";"Não";2;0;1;0;1;0;1;1;-12,60429;-55,75236;"SR-MT";"UOP01";"DEL06"
273829;2020-03-07;"sábado";"14:58:00";"PR";277;672,5;"MEDIANEIRA";"Velocidade Incompatível";"Colisão traseira";"Com Vítimas Feridas";"Pleno dia";"Decrescente";"Nublado";"Dupla";"Desvio Temporário";"Sim";3;0;1;0;1;1;1;3;-25,2874;-54,09701;"SR-PR";"UOP01";"DEL05"
273831;2020-03-07;"sábado";"15:19:00";"SP";381;58,9;"MAIRIPORA";"Desobediência às normas de trânsito pelo condutor";"Colisão lateral";"Com Vítimas Feridas";"Pleno dia";"Decrescente";"Céu Claro";"Dupla";"Curva";"Não";2;0;0;1;1;0;1;2;-23,27438;-46,58531;"SR-SP";"UOP01";"DEL03"
273832;2020-03-07;"sábado";"15:20:00";"GO";40;2;"VALPARAISO DE GOIAS";"Ingestão de Álcool";"Colisão lateral";"Sem Vítimas";"Pleno dia";"Crescente";"Garoa/Chuvisco";"Dupla";"Reta";"Sim";2;0;0;0;2;0;0;2;-16,06713;-47,98423;"SR-DF";"UOP01";"DEL01"
273833;2020-03-07;"sábado";"15:30:00";"DF";70;19;"BRASILIA";"Ingestão de Álcool";"Saída de leito carroçável";"Sem Vítimas";"Pleno dia";"Decrescente";"Nublado";"Dupla";"Não Informado";"Não";1;0;0;0;1;0;0;1;-15,78887;-48,22024;"SR-DF";"UOP03";"DEL01"
273834;2020-03-07;"sábado";"15:35:00";"SE";235;8,6;"NOSSA SENHORA DO SOCORRO";"Ingestão de Álcool";"Queda de ocupante de veículo";"Com Vítimas Feridas";"Pleno dia";"Decrescente";"Céu Claro";"Simples";"Reta";"Não";1;0;1;0;0;0;1;1;-10,88359;-37,13908;"SR-SE";"UOP01";"DEL01"
273835;2020-03-07;"sábado";"14:30:00";"SC";101;103,1;"BALNEARIO PICARRAS";"Falta de Atenção à Condução";"Saída de leito carroçável";"Com Vítimas Feridas";"Pleno dia";"Decrescente";"Sol";"Dupla";"Reta";"Sim";2;0;2;0;0;0;2;1;-26,78324;-48,68315;"SR-SC";"UOP02";"DEL03"
273837;2020-03-07;"sábado";"15:48:00";"PE";428;190,9;"PETROLINA";"Mal Súbito";"Queda de ocupante de veículo";"Com Vítimas Feridas";"Pleno dia";"Decrescente";"Céu Claro";"Múltipla";"Reta";"Sim";1;0;0;1;0;0;1;1;-9,37606;-40,49382;"SR-PE";"UOP01";"DEL06"
273838;2020-03-07;"sábado";"15:30:00";"SC";153;96,8;"CONCORDIA";"Falta de Atenção à Condução";"Colisão transversal";"Com Vítimas Feridas";"Pleno dia";"Crescente";"Nublado";"Simples";"Interseção de vias";"Não";2;0;1;0;1;0;1;2;-27,21265;-51,95214;"SR-SC";"UOP05";"DEL07"
273839;2020-03-07;"sábado";"15:25:00";"RS";285;485,5;"ENTRE-IJUIS";"Condutor Dormindo";"Saída de leito carroçável";"Sem Vítimas";"Pleno dia";"Crescente";"Sol";"Simples";"Reta";"Não";1;0;0;0;1;0;0;1;-28,37261;-54,14783;"SR-RS";"UOP01";"DEL10"
273840;2020-03-07;"sábado";"15:55:00";"RJ";101;303;"SAO GONCALO";"Agressão Externa";"Saída de leito carroçável";"Com Vítimas Feridas";"Pleno dia";"Crescente";"Céu Claro";"Dupla";"Reta";"Sim";2;0;1;0;1;0;1;1;-22,78282;-42,97667;"SR-RJ";"UOP01";"DEL02"
273841;2020-03-07;"sábado";"15:20:00";"MG";381;487;"BETIM";"Falta de Atenção à Condução";"Tombamento";"Com Vítimas Feridas";"Pleno dia";"Crescente";"Céu Claro";"Dupla";"Reta";"Sim";1;0;1;0;0;0;1;1;-19,95587;-44,1461;"SR-MG";"UOP03";"DEL01"
273842;2020-03-07;"sábado";"14:35:00";"MG";116;402;"GOVERNADOR VALADARES";"Velocidade Incompatível";"Colisão transversal";"Com Vítimas Feridas";"Pleno dia";"Crescente";"Chuva";"Simples";"Curva";"Não";3;0;0;2;1;0;2;2;-18,78507;-41,9882;"SR-MG";"UOP01";"DEL06"
273843;2020-03-07;"sábado";"13:30:00";"MG";116;402;"GOVERNADOR VALADARES";"Sinalização da via insuficiente ou inadequada";"Colisão traseira";"Com Vítimas Feridas";"Pleno dia";"Crescente";"Chuva";"Simples";"Reta";"Não";4;0;1;0;3;0;1;3;-18,79608;-41,98926;"SR-MG";"UOP01";"DEL06"
273844;2020-03-07;"sábado";"14:20:00";"BA";116;674;"JEQUIE";"Falta de Atenção à Condução";"Colisão traseira";"Sem Vítimas";"Pleno dia";"Crescente";"Nublado";"Múltipla";"Rotatória";"Sim";2;0;0;0;2;0;0;2;-13,81715;-40,11209;"SR-BA";"UOP01";"DEL03"
273846;2020-03-07;"sábado";"16:00:00";"SP";116;146;"SAO JOSE DOS CAMPOS";"Ingestão de Álcool";"Capotamento";"Sem Vítimas";"Pleno dia";"Crescente";"Céu Claro";"Simples";"Reta";"Sim";1;0;0;0;1;0;0;1;-23,19123;-45,86328;"SR-SP";"UOP01";"DEL02"
273848;2020-03-07;"sábado";"15:00:00";"MT";163;838;"SINOP";"Falta de Atenção à Condução";"Colisão traseira";"Com Vítimas Feridas";"Pleno dia";"Decrescente";"Céu Claro";"Simples";"Interseção de vias";"Sim";2;0;0;1;1;0;1;2;-11,82822;-55,48685;"SR-MT";"UOP02";"DEL06"
273849;2020-03-07;"sábado";"14:20:00";"BA";330;789,6;"JEQUIE";"Falta de Atenção à Condução";"Colisão frontal";"Com Vítimas Feridas";"Pleno dia";"Decrescente";"Nublado";"Simples";"Curva";"Não";4;0;0;4;0;0;4;2;-13,89267;-40,02313;"SR-BA";"UOP01";"DEL03"
273850;2020-03-07;"sábado";"16:48:00";"SE";101;18,4;"SAO FRANCISCO";"Desobediência às normas de trânsito pelo condutor";"Colisão traseira";"Sem Vítimas";"Pleno dia";"Decrescente";"Céu Claro";"Dupla";"Reta";"Não";2;0;0;0;1;1;0;2;-10,34642;-36,89794;"SR-SE";"UOP02";"DEL02"
273852;2020-03-07;"sábado";"15:00:00";"MG";116;91,3;"MEDINA";"Fenômenos da Natureza";"Saída de leito carroçável";"Com Vítimas Feridas";"Pleno dia";"Crescente";"Chuva";"Simples";"Não Informado";"Não";1;0;1;0;0;0;1;1;-16,35806;-41,47023;"SR-MG";"UOP02";"DEL11"
273853;2020-03-03;"terça-feira";"08:20:00";"SE";101;34;"CAPELA";"Não guardar distância de segurança";"Colisão traseira";"Com Vítimas Feridas";"Pleno dia";"Crescente";"Céu Claro";"Simples";"Curva";"Sim";3;0;1;0;2;0;1;2;-10,47631;-36,95093;"SR-SE";"UOP02";"DEL02"
273854;2020-03-07;"sábado";"16:45:00";"PR";163;346,1;"GUAIRA";"Ingestão de Álcool";"Colisão traseira";"Com Vítimas Feridas";"Pleno dia";"Crescente";"Céu Claro";"Simples";"Rotatória";"Sim";4;0;1;0;2;1;1;2;-24,10543;-54,23907;"SR-PR";"UOP01";"DEL06"
273855;2020-03-07;"sábado";"16:15:00";"RS";470;261;"SAO PEDRO DA SERRA";"Velocidade Incompatível";"Tombamento";"Com Vítimas Feridas";"Pleno dia";"Crescente";"Céu Claro";"Simples";"Não Informado";"Não";1;0;1;0;0;0;1;1;-29,48092;-51,48374;"SR-RS";"UOP01";"DEL06"
273856;2020-03-07;"sábado";"16:30:00";"RJ";116;177;"NOVA IGUACU";"Falta de Atenção à Condução";"Capotamento";"Com Vítimas Feridas";"Plena Noite";"Crescente";"Céu Claro";"Múltipla";"Reta";"Sim";3;0;1;0;2;0;1;2;-22,78055;-43,39209;"SR-RJ";"UOP02";"DEL01"
273857;2020-03-07;"sábado";"15:40:00";"BA";415;53;"ITABUNA";"Falta de Atenção à Condução";"Colisão frontal";"Com Vítimas Feridas";"Pleno dia";"Crescente";"Sol";"Simples";"Interseção de vias";"Sim";4;0;2;0;2;0;2;2;-14,83653;-39,32487;"SR-BA";"UOP01";"DEL05"
273858;2020-03-07;"sábado";"14:40:00";"MG";381;333;"NOVA ERA";"Falta de Atenção à Condução";"Colisão lateral";"Com Vítimas Feridas";"Pleno dia";"Decrescente";"Chuva";"Simples";"Reta";"Não";2;0;1;0;1;0;1;2;-19,786;-43,04502;"SR-MG";"UOP01";"DEL03"
273859;2020-03-07;"sábado";"14:47:00";"RJ";40;108;"DUQUE DE CAXIAS";"Desobediência às normas de trânsito pelo condutor";"Colisão transversal";"Sem Vítimas";"Pleno dia";"Crescente";"Céu Claro";"Múltipla";"Reta";"Sim";2;0;0;0;0;2;0;2;-22,66477;-43,28495;"SR-RJ";"UOP01";"DEL01"
273860;2020-03-07;"sábado";"16:30:00";"BA";242;901;"LUIS EDUARDO MAGALHAES";"Ingestão de Álcool";"Colisão traseira";"Com Vítimas Feridas";"Pleno dia";"Decrescente";"Garoa/Chuvisco";"Simples";"Reta";"Não";2;0;1;0;1;0;1;2;-12,08546;-45,75168;"SR-BA";"UOP01";"DEL10"
273861;2020-03-07;"sábado";"11:50:00";"PI";316;204,3;"VALENCA DO PIAUI";"Falta de Atenção à Condução";"Tombamento";"Com Vítimas Feridas";"Pleno dia";"Decrescente";"Nublado";"Simples";"Não Informado";"Não";1;0;1;0;0;0;1;1;-6,349902;-41,80395;"SR-PI";"UOP02";"DEL04"
273862;2020-03-07;"sábado";"17:25:00";"GO";60;182,2;"ABADIA DE GOIAS";"Defeito Mecânico no Veículo";"Saída de leito carroçável";"Sem Vítimas";"Pleno dia";"Decrescente";"Céu Claro";"Dupla";"Reta";"Não";1;0;0;0;1;0;0;1;-16,7778;-49,489;"SR-GO";"UOP02";"DEL01"
273863;2020-03-07;"sábado";"17:15:00";"GO";40;5,6;"VALPARAISO DE GOIAS";"Ingestão de Álcool";"Colisão traseira";"Sem Vítimas";"Pleno dia";"Decrescente";"Garoa/Chuvisco";"Dupla";"Reta";"Sim";2;0;0;0;2;0;0;2;-16,09313;-47,98224;"SR-DF";"UOP01";"DEL01"
273864;2020-03-07;"sábado";"10:30:00";"BA";101;667,3;"ITAPEBI";"Pista Escorregadia";"Tombamento";"Com Vítimas Feridas";"Pleno dia";"Crescente";"Chuva";"Simples";"Curva";"Não";1;0;1;0;0;0;1;1;-15,98013;-39,56461;"SR-BA";"UOP01";"DEL09"
273866;2020-03-07;"sábado";"17:15:00";"SP";381;90;"GUARULHOS";"Falta de Atenção à Condução";"Tombamento";"Com Vítimas Feridas";"Anoitecer";"Crescente";"Céu Claro";"Dupla";"Reta";"Sim";1;0;1;0;0;0;1;1;-23,49479;-46,5596;"SR-SP";"UOP01";"DEL03"
273867;2020-03-07;"sábado";"17:30:00";"PR";277;729;"FOZ DO IGUACU";"Falta de Atenção à Condução";"Colisão lateral";"Sem Vítimas";"Pleno dia";"Crescente";"Céu Claro";"Dupla";"Reta";"Sim";2;0;0;0;2;0;0;2;-25,48416;-54,58274;"SR-PR";"UOP02";"DEL05"
273868;2020-03-07;"sábado";"18:00:00";"GO";80;15;"PADRE BERNARDO";"Falta de Atenção à Condução";"Saída de leito carroçável";"Sem Vítimas";"Anoitecer";"Crescente";"Chuva";"Simples";"Não Informado";"Não";1;0;0;0;1;0;0;1;-15,41781;-48,19939;"SR-DF";"UOP03";"DEL01"