"id";"data_inversa";"dia_semana";"horario";"uf";"br";"km";"municipio";"causa_acidente";"tipo_acidente";"classificacao_acidente";"fase_dia";"sentido_via";"condicao_metereologica";"tipo_pista";"tracado_via";"uso_solo";"pessoas";"mortos";"feridos_leves";"feridos_graves";"ilesos";"ignorados";"feridos";"veiculos";"latitude";"longitude";"regional";"delegacia";"uop"
273869;2020-03-07;"sábado";"17:55:00";"PR";476;117;"COLOMBO";"Falta de Atenção à Condução";"Colisão lateral";"Com Vítimas Fatais";"Anoitecer";"Decrescente";"Céu Claro";"Dupla";"Não Informado";"Sim";2;1;0;0;1;0;0;2;-25,34853;-49,17569;"SR-PR";"UOP06";"DEL01"
273870;2020-03-07;"sábado";"17:35:00";"TO";153;786;"TALISMA";"Ultrapassagem Indevida";"Colisão frontal";"Com Vítimas Feridas";"Anoitecer";"Crescente";"Garoa/Chuvisco";"Simples";"Reta";"Não";2;0;1;0;1;0;1;2;-12,69294;-49,0713;"SR-TO";"UOP01";"DEL02"
273871;2020-03-07;"sábado";"17:40:00";"TO";153;276,2;"BRASILANDIA DO TOCANTINS";"Falta de Atenção à Condução";"Colisão lateral";"Com Vítimas Feridas";"Pleno dia";"Decrescente";"Céu Claro";"Simples";"Não Informado";"Não";3;0;1;0;2;0;1;2;-8,319293;-48,473;"SR-TO";"UOP03";"DEL02"
273872;2020-03-07;"sábado";"17:46:00";"DF";60;24;"BRASILIA";"Pista Escorregadia";"Tombamento";"Com Vítimas Feridas";"Anoitecer";"Decrescente";"Chuva";"Simples";"Reta";"Sim";1;0;1;0;0;0;1;1;-15,99181;-48,23207;"SR-DF";"UOP02";"DEL01"
273873;2020-03-07;"sábado";"17:20:00";"MA";10;253;"IMPERATRIZ";"Ingestão de Álcool";"Colisão traseira";"Sem Vítimas";"Pleno dia";"Crescente";"Céu Claro";"Múltipla";"Reta";"Sim";2;0;0;0;2;0;0;2;-5,480048;-47,51473;"SR-MA";"UOP01";"DEL04"
273874;2020-03-03;"terça-feira";"13:20:00";"MA";222;678,4;"ACAILANDIA";"Não guardar distância de segurança";"Colisão traseira";"Com Vítimas Feridas";"Pleno dia";"Crescente";"Garoa/Chuvisco";"Simples";"Reta";"Sim";2;0;1;0;1;0;1;2;-4,951841;-47,48456;"SR-MA";"UOP03";"DEL04"
273875;2020-03-07;"sábado";"15:40:00";"MS";267;332,6;"RIO BRILHANTE";"Defeito Mecânico no Veículo";"Saída de leito carroçável";"Com Vítimas Feridas";"Pleno dia";"Crescente";"Nublado";"Simples";"Reta";"Não";1;0;0;1;0;0;1;1;-21,58967;-54,85868;"SR-MS";"UOP02";"DEL02"
273876;2020-03-07;"sábado";"18:20:00";"SC";101;37,8;"JOINVILLE";"Defeito Mecânico no Veículo";"Tombamento";"Com Vítimas Feridas";"Pleno dia";"Decrescente";"Céu Claro";"Dupla";"Reta";"Sim";1;0;0;1;0;0;1;1;-26,2505;-48,90864;"SR-SC";"UOP01";"DEL03"
273877;2020-03-07;"sábado";"18:45:00";"SC";101;101,3;"BALNEARIO PICARRAS";"Desobediência às normas de trânsito pelo condutor";"Saída de leito carroçável";"Com Vítimas Feridas";"Plena Noite";"Decrescente";"Nublado";"Dupla";"Não Informado";"Não";1;0;1;0;0;0;1;1;-26,7687;-48,68603;"SR-SC";"UOP02";"DEL03"
273878;2020-03-07;"sábado";"18:40:00";"PR";158;530;"PATO BRANCO";"Defeito na Via";"Queda de ocupante de veículo";"Sem Vítimas";"Anoitecer";"Crescente";"Céu Claro";"Simples";"Não Informado";"Sim";1;0;0;0;1;0;0;1;-26,18964;-52,6712;"SR-PR";"UOP01";"DEL02"
273879;2020-03-07;"sábado";"18:00:00";"CE";304;40,1;"ARACATI";"Desobediência às normas de trânsito pelo condutor";"Colisão transversal";"Com Vítimas Feridas";"Plena Noite";"Crescente";"Ignorado";"Simples";"Interseção de vias";"Não";3;0;1;0;2;0;1;2;-4,579505;-37,85099;"SR-CE";"UOP03";"DEL03"
273880;2020-03-07;"sábado";"16:50:00";"GO";153;155;"CAMPINORTE";"Velocidade Incompatível";"Capotamento";"Com Vítimas Feridas";"Pleno dia";"Crescente";"Chuva";"Simples";"Reta";"Não";2;0;1;0;1;0;1;1;-14,12598;-49,10947;"SR-GO";"UOP01";"DEL07"
273881;2020-03-07;"sábado";"19:50:00";"RN";304;48;"MOSSORO";"Falta de Atenção do Pedestre";"Atropelamento de Pedestre";"Com Vítimas Feridas";"Plena Noite";"Decrescente";"Nublado";"Dupla";"Reta";"Sim";2;0;1;0;1;0;1;1;-5,228686;-37,32203;"SR-RN";"UOP01";"DEL04"
273882;2020-03-07;"sábado";"19:30:00";"MG";381;492;"BETIM";"Falta de Atenção à Condução";"Colisão com objeto estático";"Sem Vítimas";"Plena Noite";"Crescente";"Céu Claro";"Múltipla";"Reta";"Sim";1;0;0;0;1;0;0;1;-19,9749;-44,19004;"SR-MG";"UOP03";"DEL01"
273884;2020-03-07;"sábado";"19:30:00";"PR";376;132,9;"ALTO PARANA";"Desobediência às normas de trânsito pelo condutor";"Danos eventuais";"Com Vítimas Feridas";"Plena Noite";"Crescente";"Céu Claro";"Múltipla";"Interseção de vias";"Não";5;0;4;0;1;0;4;2;-23,18189;-52,21613;"SR-PR";"UOP02";"DEL09"
273885;2020-03-07;"sábado";"17:45:00";"SC";282;373;"ERVAL VELHO";"Desobediência às normas de trânsito pelo condutor";"Colisão transversal";"Com Vítimas Feridas";"Anoitecer";"Crescente";"Céu Claro";"Simples";"Retorno Regulamentado";"Não";4;0;1;1;2;0;2;2;-27,24314;-51,44791;"SR-SC";"UOP07";"DEL07"
273886;2020-03-07;"sábado";"17:50:00";"RJ";116;175,1;"NOVA IGUACU";"Falta de Atenção à Condução";"Capotamento";"Com Vítimas Feridas";"Anoitecer";"Decrescente";"Nublado";"Múltipla";"Reta";"Sim";2;0;2;0;0;0;2;1;-22,78924;-43,37275;"SR-RJ";"UOP02";"DEL01"
273887;2020-03-07;"sábado";"19:35:00";"RJ";393;285,7;"VOLTA REDONDA";"Velocidade Incompatível";"Tombamento";"Com Vítimas Feridas";"Anoitecer";"Crescente";"Céu Claro";"Simples";"Reta";"Sim";1;0;0;1;0;0;1;1;-22,48173;-44,06309;"SR-RJ";"UOP02";"DEL05"
273888;2020-03-07;"sábado";"17:40:00";"SC";280;225,5;"TRES BARRAS";"Falta de Atenção à Condução";"Colisão transversal";"Com Vítimas Feridas";"Pleno dia";"Crescente";"Céu Claro";"Simples";"Reta";"Não";3;0;1;0;2;0;1;2;-26,17876;-50,31309;"SR-SC";"UOP04";"DEL06"
273889;2020-03-07;"sábado";"20:40:00";"SP";116;271;"TABOAO DA SERRA";"Falta de Atenção à Condução";"Colisão lateral";"Com Vítimas Feridas";"Plena Noite";"Decrescente";"Céu Claro";"Dupla";"Reta";"Sim";2;0;1;0;0;1;1;2;-23,61162;-46,77603;"SR-SP";"UOP01";"DEL04"
273890;2020-03-07;"sábado";"20:19:00";"GO";40;21;"LUZIANIA";"Falta de Atenção à Condução";"Colisão com objeto estático";"Com Vítimas Feridas";"Plena Noite";"Crescente";"Garoa/Chuvisco";"Dupla";"Reta";"Sim";1;0;1;0;0;0;1;1;-16,21854;-47,91573;"SR-DF";"UOP01";"DEL01"
273891;2020-03-07;"sábado";"19:20:00";"MT";163;806,8;"SINOP";"Ingestão de Álcool";"Colisão lateral";"Com Vítimas Feridas";"Plena Noite";"Decrescente";"Céu Claro";"Simples";"Reta";"Não";2;0;0;1;1;0;1;2;-12,13029;-55,51527;"SR-MT";"UOP01";"DEL06"
273892;2020-03-07;"sábado";"20:00:00";"PR";476;162;"ARAUCARIA";"Falta de Atenção à Condução";"Colisão traseira";"Com Vítimas Feridas";"Plena Noite";"Crescente";"Ignorado";"Simples";"Reta";"Não";2;0;1;0;1;0;1;2;-25,62763;-49,45445;"SR-PR";"UOP04";"DEL01"
273893;2020-03-07;"sábado";"20:20:00";"RJ";101;404;"ITAGUAI";"Falta de Atenção do Pedestre";"Atropelamento de Pedestre";"Com Vítimas Feridas";"Plena Noite";"Decrescente";"Céu Claro";"Dupla";"Reta";"Sim";2;0;1;0;1;0;1;1;-22,86343;-43,79642;"SR-RJ";"UOP01";"DEL03"
273894;2020-03-07;"sábado";"21:15:00";"GO";60;472;"JATAI";"Velocidade Incompatível";"Colisão com objeto estático";"Com Vítimas Feridas";"Plena Noite";"Crescente";"Céu Claro";"Dupla";"Curva";"Sim";1;0;0;1;0;0;1;1;-17,92109;-51,7128;"SR-GO";"UOP01";"DEL05"
273895;2020-03-07;"sábado";"19:45:00";"MG";251;497,5;"FRANCISCO SA";"Desobediência às normas de trânsito pelo condutor";"Colisão frontal";"Com Vítimas Feridas";"Plena Noite";"Decrescente";"Chuva";"Simples";"Reta";"Não";4;0;2;0;2;0;2;2;-16,57596;-43,6283;"SR-MG";"UOP01";"DEL12"
273896;2020-03-07;"sábado";"07:40:00";"PR";373;264,9;"PRUDENTOPOLIS";"Falta de Atenção à Condução";"Colisão traseira";"Com Vítimas Feridas";"Pleno dia";"Decrescente";"Sol";"Simples";"Reta";"Não";3;0;1;1;0;1;2;2;-25,20032;-50,97393;"SR-PR";"UOP01";"DEL03"
273897;2020-03-07;"sábado";"21:00:00";"MG";40;463,5;"SETE LAGOAS";"Animais na Pista";"Atropelamento de Animal";"Sem Vítimas";"Plena Noite";"Crescente";"Nublado";"Dupla";"Não Informado";"Não";2;0;0;0;2;0;0;1;-19,42225;-44,3387;"SR-MG";"UOP01";"DEL02"
273899;2020-03-07;"sábado";"21:10:00";"PR";487;158;"ARARUNA";"Ingestão de Álcool";"Colisão lateral";"Com Vítimas Feridas";"Plena Noite";"Decrescente";"Céu Claro";"Simples";"Desvio Temporário";"Não";3;0;1;0;1;1;1;2;-23,96695;-52,57413;"SR-PR";"UOP03";"DEL09"
273900;2020-03-07;"sábado";"20:30:00";"PR";277;584,7;"CASCAVEL";"Ingestão de Álcool";"Engavetamento";"Sem Vítimas";"Plena Noite";"Decrescente";"Nublado";"Simples";"Reta";"Sim";4;0;0;0;3;1;0;4;-24,96684;-53,40258;"SR-PR";"UOP01";"DEL04"
273901;2020-03-07;"sábado";"21:15:00";"PR";376;35,5;"NOVA LONDRINA";"Desobediência às normas de trânsito pelo condutor";"Colisão frontal";"Com Vítimas Feridas";"Plena Noite";"Decrescente";"Céu Claro";"Simples";"Reta";"Não";5;0;5;0;0;0;5;2;-22,80453;-53,00236;"SR-PR";"UOP02";"DEL09"
273902;2020-03-07;"sábado";"20:55:00";"RJ";116;201;"SEROPEDICA";"Falta de Atenção à Condução";"Colisão transversal";"Com Vítimas Fatais";"Plena Noite";"Crescente";"Céu Claro";"Dupla";"Reta";"Sim";2;1;0;0;0;1;0;2;-22,73125;-43,60365;"SR-RJ";"UOP03";"DEL01"
273903;2020-03-07;"sábado";"20:30:00";"SC";280;125,3;"RIO NEGRINHO";"Falta de Atenção à Condução";"Colisão transversal";"Com Vítimas Feridas";"Plena Noite";"Crescente";"Céu Claro";"Simples";"Reta";"Sim";2;0;1;0;1;0;1;2;-26,23764;-49,48434;"SR-SC";"UOP03";"DEL06"
273904;2020-03-07;"sábado";"21:25:00";"ES";101;146;"LINHARES";"Falta de Atenção à Condução";"Colisão lateral";"Com Vítimas Feridas";"Plena Noite";"Decrescente";"Chuva";"Múltipla";"Reta";"Sim";2;0;1;0;1;0;1;2;-19,36991;-40,06561;"SR-ES";"UOP01";"DEL04"
273905;2020-03-07;"sábado";"21:55:00";"BA";324;516;"FEIRA DE SANTANA";"Desobediência às normas de trânsito pelo condutor";"Colisão transversal";"Com Vítimas Feridas";"Plena Noite";"Crescente";"Céu Claro";"Simples";"Reta";"Sim";3;0;2;0;1;0;2;2;-12,24171;-38,93768;"SR-BA";"UOP01";"DEL02"
273906;2020-03-07;"sábado";"21:25:00";"SP";116;326;"JUQUITIBA";"Falta de Atenção à Condução";"Colisão lateral";"Com Vítimas Feridas";"Plena Noite";"Crescente";"Céu Claro";"Dupla";"Reta";"Sim";2;0;1;0;1;0;1;2;-23,936;-47,06845;"SR-SP";"UOP01";"DEL04"
273907;2020-03-07;"sábado";"20:40:00";"PB";361;4;"PATOS";"Falta de Atenção à Condução";"Queda de ocupante de veículo";"Com Vítimas Feridas";"Plena Noite";"Decrescente";"Céu Claro";"Simples";"Reta";"Sim";1;0;0;1;0;0;1;1;-7,03208;-37,29365;"SR-PB";"UOP01";"DEL03"
273908;2020-03-07;"sábado";"17:45:00";"BA";101;602;"ITAPEBI";"Velocidade Incompatível";"Colisão frontal";"Com Vítimas Feridas";"Anoitecer";"Decrescente";"Chuva";"Simples";"Curva";"Não";4;0;1;1;2;0;2;2;-15,95614;-39,55937;"SR-BA";"UOP02";"DEL05"
273909;2020-03-07;"sábado";"21:45:00";"PR";153;468;"PORTO VITORIA";"Ingestão de Substâncias Psicoativas";"Colisão frontal";"Com Vítimas Feridas";"Plena Noite";"Decrescente";"Chuva";"Simples";"Não Informado";"Não";2;0;0;1;1;0;1;2;-26,31331;-51,22066;"SR-PR";"UOP03";"DEL08"
273910;2020-03-07;"sábado";"21:35:00";"PI";343;590;"FLORIANO";"Ultrapassagem Indevida";"Colisão lateral";"Com Vítimas Feridas";"Plena Noite";"Decrescente";"Céu Claro";"Simples";"Reta";"Sim";5;0;1;0;4;0;1;2;-6,783895;-43,0151;"SR-PI";"UOP01";"DEL03"
273911;2020-03-07;"sábado";"22:15:00";"RS";116;232;"ESTANCIA VELHA";"Desobediência às normas de trânsito pelo condutor";"Colisão traseira";"Com Vítimas Feridas";"Plena Noite";"Decrescente";"Nublado";"Simples";"Não Informado";"Sim";4;0;2;0;2;0;2;2;-29,63335;-51,14314;"SR-RS";"UOP02";"DEL01"
273912;2020-03-07;"sábado";"22:55:00";"BA";116;352,3;"SERRINHA";"Desobediência às normas de trânsito pelo condutor";"Colisão transversal";"Sem Vítimas";"Plena Noite";"Decrescente";"Céu Claro";"Simples";"Reta";"Não";3;0;0;0;2;1;0;2;-11,60901;-38,98385;"SR-BA";"UOP01";"DEL02"
273913;2020-03-07;"sábado";"14:40:00";"RO";364;496;"ARIQUEMES";"Defeito na Via";"Tombamento";"Sem Vítimas";"Pleno dia";"Decrescente";"Céu Claro";"Simples";"Curva";"Não";2;0;0;0;2;0;0;1;-10,06423;-62,97402;"SR-RO";"UOP01";"DEL03"
273915;2020-03-07;"sábado";"22:30:00";"DF";80;30;"BRASILIA";"Ingestão de Álcool";"Colisão com objeto estático";"Sem Vítimas";"Plena Noite";"Crescente";"Nublado";"Dupla";"Reta";"Não";1;0;0;0;0;1;0;1;-15,58634;-48,18809;"SR-DF";"UOP03";"DEL01"
273916;2020-03-07;"sábado";"20:20:00";"SC";101;106,8;"PENHA";"Falta de Atenção à Condução";"Colisão com objeto estático";"Com Vítimas Fatais";"Plena Noite";"Crescente";"Nublado";"Dupla";"Curva";"Sim";2;1;0;0;0;1;0;2;-26,82051;-48,68493;"SR-SC";"UOP02";"DEL03"
273917;2020-03-07;"sábado";"22:20:00";"PE";116;25,9;"SALGUEIRO";"Desobediência às normas de trânsito pelo condutor";"Colisão lateral";"Com Vítimas Feridas";"Plena Noite";"Decrescente";"Céu Claro";"Simples";"Reta";"Não";2;0;1;0;1;0;1;2;-8,069408;-39,13417;"SR-PE";"UOP01";"DEL05"
273918;2020-03-07;"sábado";"20:19:00";"MT";364;498;"JANGADA";"Desobediência às normas de trânsito pelo condutor";"Atropelamento de Pedestre";"Com Vítimas Fatais";"Plena Noite";"Crescente";"Céu Claro";"Simples";"Reta";"Não";2;1;1;0;0;0;1;1;-15,26383;-56,45549;"SR-MT";"DEL2/4";"UOP02/MT"
273919;2020-02-08;"sábado";"16:30:00";"MG";381;484;"BETIM";"Defeito Mecânico no Veículo";"Colisão com objeto em movimento";"Com Vítimas Feridas";"Pleno dia";"Crescente";"Céu Claro";"Múltipla";"Reta";"Sim";6;0;3;0;3;0;3;2;-19,95532;-44,11722;"SR-MG";"DEL4/1";"UOP03/MG"
273920;2020-03-07;"sábado";"17:20:00";"PR";277;67,7;"SAO JOSE DOS PINHAIS";"Desobediência às normas de trânsito pelo condutor";"Colisão lateral";"Com Vítimas Feridas";"Pleno dia";"Crescente";"Sol";"Dupla";"Reta";"Sim";2;0;0;1;0;1;1;2;-25,54511;-49,05291;"SR-PR";"UOP06";"DEL01"
273921;2020-03-07;"sábado";"17:17:00";"GO";40;9,7;"LUZIANIA";"Desobediência às normas de trânsito pelo condutor";"Colisão traseira";"Sem Vítimas";"Anoitecer";"Decrescente";"Chuva";"Dupla";"Reta";"Não";2;0;0;0;2;0;0;2;-16,13116;-47,95774;"SR-DF";"UOP01";"DEL01"
273922;2020-03-07;"sábado";"23:20:00";"PR";376;206,9;"MANDAGUARI";"Ingestão de Álcool";"Saída de leito carroçável";"Com Vítimas Feridas";"Plena Noite";"Decrescente";"Nublado";"Dupla";"Não Informado";"Não";1;0;1;0;0;0;1;1;-23,56113;-51,66161;"SR-PR";"UOP01";"DEL09"
273923;2020-03-07;"sábado";"17:50:00";"RO";364;342;"JI-PARANA";"Desobediência às normas de trânsito pelo condutor";"Colisão transversal";"Com Vítimas Feridas";"Anoitecer";"Decrescente";"Céu Claro";"Simples";"Retorno Regulamentado";"Sim";2;0;1;0;1;0;1;2;-10,88381;-61,93741;"SR-RO";"UOP01";"DEL02"
273924;2020-03-07;"sábado";"23:20:00";"GO";40;26;"LUZIANIA";"Desobediência às normas de trânsito pelo condutor";"Queda de ocupante de veículo";"Com Vítimas Feridas";"Plena Noite";"Crescente";"Nevoeiro/Neblina";"Dupla";"Reta";"Não";1;0;1;0;0;0;1;1;-16,2598;-47,89493;"SR-DF";"UOP01";"DEL01"
273925;2020-03-07;"sábado";"23:30:00";"PR";376;182,3;"SARANDI";"Desobediência às normas de trânsito pelo pedestre";"Atropelamento de Pedestre";"Com Vítimas Feridas";"Plena Noite";"Crescente";"Céu Claro";"Dupla";"Reta";"Sim";2;0;1;1;0;0;2;1;-23,43432;-51,88353;"SR-PR";"UOP01";"DEL09"
273926;2020-03-07;"sábado";"21:45:00";"RJ";101;64;"CAMPOS DOS GOYTACAZES";"Desobediência às normas de trânsito pelo condutor";"Colisão transversal";"Com Vítimas Feridas";"Plena Noite";"Crescente";"Ignorado";"Simples";"Interseção de vias";"Sim";3;0;0;2;1;0;2;2;-21,75063;-41,33789;"SR-RJ";"UOP02";"DEL08"
273927;2020-03-07;"sábado";"14:03:00";"PE";104;66;"CARUARU";"Não guardar distância de segurança";"Colisão traseira";"Com Vítimas Feridas";"Pleno dia";"Decrescente";"Céu Claro";"Dupla";"Reta";"Sim";3;0;2;0;1;0;2;2;-8,2937;-35,9864;"SR-PE";"UOP01";"DEL02"
273928;2020-03-07;"sábado";"14:00:00";"PE";104;66,1;"CARUARU";"Não guardar distância de segurança";"Colisão traseira";"Com Vítimas Feridas";"Pleno dia";"Decrescente";"Céu Claro";"Dupla";"Reta";"Sim";2;0;1;0;0;1;1;2;-8,2937;-35,9864;"SR-PE";"UOP01";"DEL02"
273929;2020-03-07;"sábado";"23:20:00";"SC";101;116;"ITAJAI";"Falta de Atenção do Pedestre";"Atropelamento de Pedestre";"Com Vítimas Feridas";"Plena Noite";"Crescente";"Céu Claro";"Dupla";"Reta";"Não";2;0;1;0;1;0;1;2;-26,87906;-48,72604;"SR-SC";"UOP04";"DEL04"
273930;2020-03-07;"sábado";"21:40:00";"SC";470;23;"ILHOTA";"Sinalização da via insuficiente ou inadequada";"Colisão com objeto estático";"Com Vítimas Feridas";"Plena Noite";"Decrescente";"Céu Claro";"Dupla";"Reta";"Não";1;0;0;1;0;0;1;1;-26,88091;-48,84624;"SR-SC";"UOP04";"DEL04"
273931;2020-03-08;"domingo";"00:10:00";"SP";381;22,9;"BRAGANCA PAULISTA";"Falta de Atenção à Condução";"Colisão traseira";"Sem Vítimas";"Plena Noite";"Decrescente";"Céu Claro";"Dupla";"Reta";"Não";2;0;0;0;2;0;0;2;-23,00772;-46,5215;"SR-SP";"UOP01";"DEL03"
273932;2020-03-08;"domingo";"00:20:00";"PB";101;97,8;"ALHANDRA";"Velocidade Incompatível";"Colisão com objeto estático";"Com Vítimas Feridas";"Plena Noite";"Decrescente";"Nublado";"Dupla";"Reta";"Sim";4;0;2;2;0;0;4;1;-7,243668;-34,92962;"SR-PB";"UOP01";"DEL01"
273933;2020-03-07;"sábado";"22:30:00";"SC";101;266,1;"PAULO LOPES";"Falta de Atenção do Pedestre";"Atropelamento de Pedestre";"Com Vítimas Fatais";"Plena Noite";"Decrescente";"Nublado";"Dupla";"Reta";"Sim";3;1;0;0;1;1;0;1;-28,06848;-48,71464;"SR-SC";"UOP03";"DEL02"
273934;2020-03-07;"sábado";"21:40:00";"MS";163;94;"ITAQUIRAI";"Falta de Atenção à Condução";"Colisão lateral";"Sem Vítimas";"Plena Noite";"Crescente";"Chuva";"Simples";"Reta";"Não";3;0;0;0;2;1;0;2;-23,33433;-54,21813;"SR-MS";"UOP01";"DEL09"
273935;2020-03-07;"sábado";"23:55:00";"PI";343;12,7;"PARNAIBA";"Desobediência às normas de trânsito pelo condutor";"Colisão transversal";"Com Vítimas Feridas";"Plena Noite";"Crescente";"Céu Claro";"Dupla";"Interseção de vias";"Sim";4;0;0;1;3;0;1;2;-2,910035;-41,75366;"SR-PI";"UOP01";"DEL05"
273936;2020-03-07;"sábado";"22:25:00";"RJ";101;315;"SAO GONCALO";"Falta de Atenção à Condução";"Colisão com objeto estático";"Sem Vítimas";"Plena Noite";"Decrescente";"Céu Claro";"Dupla";"Reta";"Sim";1;0;0;0;0;1;0;1;-22,82262;-43,08461;"SR-RJ";"UOP01";"DEL02"
273937;2020-03-08;"domingo";"01:10:00";"PE";101;71,2;"RECIFE";"Não guardar distância de segurança";"Colisão traseira";"Sem Vítimas";"Plena Noite";"Crescente";"Nublado";"Dupla";"Reta";"Sim";3;0;0;0;2;1;0;2;-8,076631;-34,94278;"SR-PE";"UOP01";"DEL01"
273938;2020-03-08;"domingo";"01:00:00";"MG";364;27;"FRUTAL";"Falta de Atenção à Condução";"Colisão transversal";"Com Vítimas Feridas";"Plena Noite";"Crescente";"Céu Claro";"Simples";"Rotatória";"Sim";2;0;0;1;1;0;1;2;-20,02519;-48,94096;"SR-MG";"UOP02";"DEL13"
273939;2020-03-08;"domingo";"00:30:00";"PR";373;194,3;"PONTA GROSSA";"Condutor Dormindo";"Saída de leito carroçável";"Com Vítimas Feridas";"Plena Noite";"Decrescente";"Céu Claro";"Simples";"Curva";"Não";1;0;1;0;0;0;1;1;-25,07808;-50,36582;"SR-PR";"UOP01";"DEL03"
273940;2020-03-07;"sábado";"22:54:00";"MG";262;695,6;"ARAXA";"Desobediência às normas de trânsito pelo condutor";"Colisão frontal";"Com Vítimas Fatais";"Plena Noite";"Decrescente";"Chuva";"Simples";"Desvio Temporário";"Não";2;1;0;0;1;0;0;2;-19,57012;-47,01525;"SR-MG";"UOP01";"DEL08"
273941;2020-03-08;"domingo";"00:10:00";"PR";369;231;"JANDAIA DO SUL";"Ingestão de Álcool";"Saída de leito carroçável";"Sem Vítimas";"Plena Noite";"Crescente";"Céu Claro";"Simples";"Curva";"Não";1;0;0;0;1;0;0;1;-23,60835;-51,66776;"SR-PR";"UOP03";"DEL07"
273942;2020-03-08;"domingo";"01:10:00";"RJ";116;178;"NOVA IGUACU";"Falta de Atenção à Condução";"Colisão traseira";"Com Vítimas Feridas";"Plena Noite";"Crescente";"Céu Claro";"Múltipla";"Reta";"Sim";2;0;1;0;1;0;1;2;-22,77496;-43,40081;"SR-RJ";"UOP02";"DEL01"
273944;2020-03-07;"sábado";"23:15:00";"RJ";101;297;"ITABORAI";"Falta de Atenção à Condução";"Queda de ocupante de veículo";"Com Vítimas Feridas";"Plena Noite";"Decrescente";"Céu Claro";"Simples";"Reta";"Sim";2;0;2;0;0;0;2;1;-22,76942;-42,91874;"SR-RJ";"UOP03";"DEL02"
273945;2020-03-07;"sábado";"08:00:00";"RS";116;52,4;"VACARIA";"Velocidade Incompatível";"Tombamento";"Com Vítimas Feridas";"Pleno dia";"Decrescente";"Céu Claro";"Simples";"Curva";"Sim";1;0;1;0;0;0;1;1;-28,5823;-51,02379;"SR-RS";"UOP03";"DEL05"
273946;2020-03-08;"domingo";"01:40:00";"SE";235;8;"NOSSA SENHORA DO SOCORRO";"Ingestão de Álcool";"Saída de leito carroçável";"Com Vítimas Feridas";"Plena Noite";"Crescente";"Céu Claro";"Simples";"Viaduto";"Não";1;0;0;1;0;0;1;1;-10,88484;-37,13429;"SR-SE";"UOP01";"DEL01"
273947;2020-03-07;"sábado";"19:35:00";"SC";116;132,4;"SANTA CECILIA";"Ingestão de Álcool";"Colisão frontal";"Com Vítimas Feridas";"Plena Noite";"Decrescente";"Nublado";"Simples";"Não Informado";"Não";2;0;1;0;1;0;1;2;-26,90777;-50,4412;"SR-SC";"UOP02";"DEL06"
273948;2020-03-08;"domingo";"01:05:00";"SC";280;55;"GUARAMIRIM";"Falta de Atenção à Condução";"Colisão transversal";"Com Vítimas Feridas";"Plena Noite";"Decrescente";"Nublado";"Simples";"Reta";"Sim";2;0;1;0;1;0;1;2;-26,47584;-48,99379;"SR-SC";"UOP03";"DEL03"
273949;2020-03-07;"sábado";"23:30:00";"SC";470;184,9;"POUSO REDONDO";"Ingestão de Álcool";"Colisão lateral";"Sem Vítimas";"Plena Noite";"Decrescente";"Nublado";"Simples";"Curva";"Não";2;0;0;0;1;1;0;2;-27,25304;-50,02664;"SR-SC";"UOP02";"DEL04"
273951;2020-03-08;"domingo";"00:30:00";"SC";470;141,4;"RIO DO SUL";"Velocidade Incompatível";"Colisão com objeto estático";"Com Vítimas Feridas";"Plena Noite";"Crescente";"Nublado";"Simples";"Curva";"Não";2;0;2;0;0;0;2;1;-27,22606;-49,66616;"SR-SC";"UOP02";"DEL04"
273952;2020-03-08;"domingo";"00:01:00";"PR";277;171,9;"PALMEIRA";"Desobediência às normas de trânsito pelo condutor";"Colisão traseira";"Com Vítimas Feridas";"Plena Noite";"Crescente";"Céu Claro";"Simples";"Reta";"Não";2;0;1;0;1;0;1;2;-25,45779;-49,94062;"SR-PR";"UOP02";"DEL08"
273954;2020-03-08;"domingo";"02:50:00";"BA";101;858;"TEIXEIRA DE FREITAS";"Falta de Atenção à Condução";"Colisão lateral";"Sem Vítimas";"Plena Noite";"Decrescente";"Chuva";"Simples";"Curva";"Não";3;0;0;0;1;2;0;2;-17,60084;-39,74861;"SR-BA";"UOP02";"DEL09"
273955;2020-03-08;"domingo";"02:13:00";"PR";153;48;"SANTO ANTONIO DA PLATINA";"Falta de Atenção à Condução";"Tombamento";"Com Vítimas Feridas";"Plena Noite";"Decrescente";"Céu Claro";"Simples";"Reta";"Não";1;0;0;1;0;0;1;1;-23,34623;-50,06649;"SR-PR";"UOP05";"DEL07"
273956;2020-03-07;"sábado";"19:36:00";"RR";401;10;"BONFIM";"Ingestão de Álcool";"Colisão frontal";"Com Vítimas Feridas";"Plena Noite";"Decrescente";"Céu Claro";"Simples";"Reta";"Não";2;0;0;1;1;0;1;2;3,359367;-59,83377;"SR-RR";"UOP01";"DEL01"
273957;2020-03-08;"domingo";"01:00:00";"MS";267;18;"BATAGUASSU";"Velocidade Incompatível";"Colisão com objeto estático";"Com Vítimas Feridas";"Plena Noite";"Decrescente";"Céu Claro";"Dupla";"Reta";"Não";2;0;0;1;0;1;1;1;-21,72635;-52,31411;"SR-MS";"DEL2";"UOP04/MS"