"id";"data_inversa";"dia_semana";"horario";"uf";"br";"km";"municipio";"causa_acidente";"tipo_acidente";"classificacao_acidente";"fase_dia";"sentido_via";"condicao_metereologica";"tipo_pista";"tracado_via";"uso_solo";"pessoas";"mortos";"feridos_leves";"feridos_graves";"ilesos";"ignorados";"feridos";"veiculos";"latitude";"longitude";"regional";"delegacia";"uop"
274231;2020-03-09;"segunda-feira";"07:30:00";"PR";277;78;"SAO JOSE DOS PINHAIS";"Não guardar distância de segurança";"Colisão traseira";"Sem Vítimas";"Pleno dia";"Decrescente";"Sol";"Dupla";"Reta";"Sim";2;0;0;0;2;0;0;2;-25,51328;-49,12433;"SR-PR";"UOP01";"DEL01"
274232;2020-03-09;"segunda-feira";"07:30:00";"RS";116;267;"CANOAS";"Falta de Atenção à Condução";"Colisão traseira";"Com Vítimas Feridas";"Pleno dia";"Crescente";"Céu Claro";"Múltipla";"Reta";"Sim";2;0;1;0;1;0;1;2;-29,94142;-51,17697;"SR-RS";"UOP01";"DEL01"
274233;2020-03-09;"segunda-feira";"00:30:00";"SC";101;18;"JOINVILLE";"Velocidade Incompatível";"Colisão com objeto estático";"Sem Vítimas";"Plena Noite";"Decrescente";"Céu Claro";"Dupla";"Curva";"Não";3;0;0;0;3;0;0;3;-26,12855;-48,88878;"SR-SC";"UOP01";"DEL03"
274234;2020-03-09;"segunda-feira";"07:46:00";"GO";50;278,5;"CATALAO";"Desobediência às normas de trânsito pelo condutor";"Colisão transversal";"Com Vítimas Feridas";"Pleno dia";"Crescente";"Céu Claro";"Simples";"Reta";"Sim";3;0;1;1;0;1;2;2;-18,1696;-47,92;"SR-GO";"UOP01";"DEL06"
274235;2020-03-08;"domingo";"17:45:00";"PR";476;209,8;"LAPA";"Falta de Atenção à Condução";"Tombamento";"Com Vítimas Feridas";"Anoitecer";"Decrescente";"Céu Claro";"Simples";"Curva";"Não";1;0;1;0;0;0;1;1;-25,78474;-49,84497;"SR-PR";"UOP05";"DEL03"
274236;2020-03-09;"segunda-feira";"08:00:00";"PE";101;94;"CABO DE SANTO AGOSTINHO";"Defeito Mecânico no Veículo";"Colisão frontal";"Com Vítimas Feridas";"Pleno dia";"Decrescente";"Céu Claro";"Simples";"Reta";"Sim";3;0;1;1;1;0;2;2;-8,248291;-35,00698;"SR-PE";"UOP03";"DEL01"
274237;2020-03-09;"segunda-feira";"08:10:00";"CE";116;3;"FORTALEZA";"Não guardar distância de segurança";"Engavetamento";"Com Vítimas Feridas";"Pleno dia";"Decrescente";"Chuva";"Dupla";"Reta";"Não";3;0;1;0;2;0;1;3;-3,778665;-38,5149;"SR-CE";"UOP02";"DEL01"
274238;2020-03-09;"segunda-feira";"07:10:00";"BA";101;110;"ALAGOINHAS";"Defeito na Via";"Colisão lateral";"Com Vítimas Feridas";"Pleno dia";"Crescente";"Nublado";"Simples";"Ponte";"Não";2;0;1;0;1;0;1;2;-12,16492;-38,47703;"SR-BA";"UOP04";"DEL01"
274239;2020-03-09;"segunda-feira";"08:15:00";"PE";232;5,8;"RECIFE";"Falta de Atenção à Condução";"Colisão lateral";"Com Vítimas Feridas";"Pleno dia";"Crescente";"Sol";"Dupla";"Reta";"Sim";2;0;1;0;1;0;1;2;-8,067958;-34,94535;"SR-PE";"UOP01";"DEL01"
274240;2020-03-09;"segunda-feira";"07:50:00";"CE";116;152,1;"RUSSAS";"Defeito na Via";"Colisão lateral";"Com Vítimas Feridas";"Pleno dia";"Crescente";"Céu Claro";"Simples";"Não Informado";"Não";3;0;0;1;2;0;1;3;-4,853716;-38,03846;"SR-CE";"UOP01";"DEL03"
274242;2020-03-09;"segunda-feira";"08:20:00";"SC";280;297;"PORTO UNIAO";"Velocidade Incompatível";"Colisão traseira";"Com Vítimas Feridas";"Pleno dia";"Crescente";"Céu Claro";"Dupla";"Reta";"Não";2;0;1;0;1;0;1;2;-26,28202;-50,99183;"SR-SC";"UOP04";"DEL06"
274243;2020-03-09;"segunda-feira";"08:30:00";"PR";153;334;"IRATI";"Desobediência às normas de trânsito pelo condutor";"Colisão lateral";"Com Vítimas Feridas";"Pleno dia";"Decrescente";"Sol";"Simples";"Reta";"Sim";2;0;1;0;1;0;1;2;-25,48123;-50,64073;"SR-PR";"UOP02";"DEL08"
274244;2020-03-09;"segunda-feira";"07:50:00";"MG";365;620,5;"UBERLANDIA";"Falta de Atenção à Condução";"Engavetamento";"Com Vítimas Feridas";"Pleno dia";"Decrescente";"Céu Claro";"Dupla";"Reta";"Sim";4;0;1;0;3;0;1;3;-18,88635;-48,26725;"SR-MG";"UOP01";"DEL15"
274245;2020-03-09;"segunda-feira";"08:50:00";"RS";290;93;"PORTO ALEGRE";"Falta de Atenção à Condução";"Colisão traseira";"Com Vítimas Feridas";"Pleno dia";"Crescente";"Céu Claro";"Múltipla";"Curva";"Sim";5;0;2;0;3;0;2;3;-29,97084;-51,18773;"SR-RS";"UOP01";"DEL01"
274246;2020-03-09;"segunda-feira";"08:35:00";"SC";101;24,9;"JOINVILLE";"Mal Súbito";"Tombamento";"Com Vítimas Feridas";"Pleno dia";"Decrescente";"Céu Claro";"Simples";"Reta";"Não";1;0;1;0;0;0;1;1;-26,17483;-48,90768;"SR-SC";"UOP01";"DEL03"
274248;2020-03-09;"segunda-feira";"09:00:00";"PB";230;11;"CABEDELO";"Falta de Atenção à Condução";"Colisão traseira";"Com Vítimas Feridas";"Pleno dia";"Crescente";"Céu Claro";"Dupla";"Reta";"Sim";2;0;1;0;0;1;1;2;-7,0596;-34,8506;"SR-PB";"UOP01";"DEL01"
274249;2020-03-09;"segunda-feira";"08:00:00";"RS";386;299,8;"POUSO NOVO";"Não guardar distância de segurança";"Engavetamento";"Com Vítimas Feridas";"Pleno dia";"Decrescente";"Céu Claro";"Simples";"Reta";"Não";7;0;1;0;6;0;1;3;-29,16711;-52,22103;"SR-RS";"UOP01";"DEL04"
274250;2020-03-09;"segunda-feira";"09:00:00";"PR";376;450,5;"TIBAGI";"Defeito na Via";"Saída de leito carroçável";"Com Vítimas Feridas";"Pleno dia";"Decrescente";"Céu Claro";"Dupla";"Curva";"Não";2;0;2;0;0;0;2;1;-24,93456;-50,40438;"SR-PR";"UOP04";"DEL03"
274251;2020-03-09;"segunda-feira";"05:15:00";"RR";432;197;"CANTA";"Condutor Dormindo";"Colisão frontal";"Com Vítimas Fatais";"Amanhecer";"Crescente";"Céu Claro";"Simples";"Reta";"Não";5;2;3;0;0;0;3;2;2,661266;-60,59092;"SR-RR";"UOP01";"DEL01"
274252;2020-03-09;"segunda-feira";"09:00:00";"CE";116;14;"FORTALEZA";"Desobediência às normas de trânsito pelo condutor";"Colisão lateral";"Com Vítimas Feridas";"Pleno dia";"Decrescente";"Céu Claro";"Dupla";"Reta";"Não";2;0;1;0;1;0;1;2;-3,869734;-38,49827;"SR-CE";"UOP02";"DEL01"
274253;2020-03-09;"segunda-feira";"08:40:00";"PR";277;122,3;"BALSA NOVA";"Defeito Mecânico no Veículo";"Queda de ocupante de veículo";"Com Vítimas Feridas";"Pleno dia";"Decrescente";"Céu Claro";"Dupla";"Reta";"Não";2;0;2;0;0;0;2;1;-25,44658;-49,57059;"SR-PR";"UOP03";"DEL03"
274254;2020-03-09;"segunda-feira";"07:40:00";"BA";407;0,5;"JUAZEIRO";"Falta de Atenção à Condução";"Engavetamento";"Sem Vítimas";"Pleno dia";"Decrescente";"Sol";"Simples";"Reta";"Sim";4;0;0;0;2;2;0;4;-9,409546;-40,50534;"SR-PE";"UOP01";"DEL06"
274255;2020-03-08;"domingo";"14:20:00";"MG";381;671,5;"PERDOES";"Velocidade Incompatível";"Saída de leito carroçável";"Com Vítimas Feridas";"Pleno dia";"Crescente";"Chuva";"Dupla";"Não Informado";"Não";2;0;1;0;1;0;1;2;-21,08945;-45,06864;"SR-MG";"UOP02";"DEL04"
274256;2020-03-08;"domingo";"13:50:00";"MG";381;674;"PERDOES";"Restrição de Visibilidade";"Saída de leito carroçável";"Com Vítimas Feridas";"Pleno dia";"Decrescente";"Chuva";"Dupla";"Curva";"Não";1;0;1;0;0;0;1;1;-21,08886;-45,06701;"SR-MG";"UOP02";"DEL04"
274257;2020-03-09;"segunda-feira";"09:10:00";"RJ";101;293;"ITABORAI";"Defeito Mecânico no Veículo";"Colisão com objeto em movimento";"Sem Vítimas";"Pleno dia";"Crescente";"Céu Claro";"Dupla";"Interseção de vias";"Sim";2;0;0;0;2;0;0;2;-22,7562;-42,88724;"SR-RJ";"UOP03";"DEL02"
274258;2020-03-09;"segunda-feira";"09:25:00";"CE";116;21,9;"AQUIRAZ";"Desobediência às normas de trânsito pelo condutor";"Colisão transversal";"Com Vítimas Feridas";"Pleno dia";"Decrescente";"Céu Claro";"Dupla";"Reta";"Sim";2;0;1;0;1;0;1;2;-3,954296;-38,51238;"SR-CE";"UOP02";"DEL01"
274259;2020-03-09;"segunda-feira";"08:00:00";"PE";232;18,5;"JABOATAO DOS GUARARAPES";"Falta de Atenção à Condução";"Saída de leito carroçável";"Com Vítimas Feridas";"Pleno dia";"Decrescente";"Sol";"Dupla";"Curva";"Não";2;0;1;0;1;0;1;1;-8,095652;-35,04582;"SR-PE";"UOP01";"DEL01"
274260;2020-03-09;"segunda-feira";"02:00:00";"GO";153;146,3;"CAMPINORTE";"Defeito na Via";"Saída de leito carroçável";"Com Vítimas Feridas";"Plena Noite";"Crescente";"Céu Claro";"Simples";"Reta";"Não";1;0;1;0;0;0;1;1;-14,04727;-49,08893;"SR-GO";"UOP01";"DEL07"
274261;2020-03-09;"segunda-feira";"09:25:00";"PI";316;315,1;"PICOS";"Defeito Mecânico no Veículo";"Colisão traseira";"Com Vítimas Feridas";"Pleno dia";"Crescente";"Sol";"Simples";"Reta";"Sim";3;0;1;1;1;0;2;2;-7,079619;-41,43184;"SR-PI";"UOP01";"DEL04"
274262;2020-03-09;"segunda-feira";"09:25:00";"BA";324;610;"SIMOES FILHO";"Não guardar distância de segurança";"Colisão lateral";"Com Vítimas Feridas";"Pleno dia";"Crescente";"Céu Claro";"Dupla";"Reta";"Não";3;0;1;0;2;0;1;3;-12,82932;-38,41113;"SR-BA";"UOP01";"DEL01"
274263;2020-03-09;"segunda-feira";"08:18:00";"MT";70;537,5;"VARZEA GRANDE";"Falta de Atenção à Condução";"Colisão transversal";"Com Vítimas Feridas";"Pleno dia";"Crescente";"Sol";"Simples";"Rotatória";"Sim";2;0;1;0;1;0;1;2;-15,6492;-56,19565;"SR-MT";"UOP02";"DEL05"
274264;2020-03-08;"domingo";"19:00:00";"PI";343;107;"COCAL";"Ingestão de Álcool";"Tombamento";"Com Vítimas Feridas";"Plena Noite";"Decrescente";"Chuva";"Simples";"Reta";"Não";1;0;1;0;0;0;1;1;-3,630409;-41,68169;"SR-PI";"UOP01";"DEL05"
274265;2020-03-09;"segunda-feira";"08:00:00";"PA";10;317;"IRITUIA";"Falta de Atenção do Pedestre";"Atropelamento de Pedestre";"Com Vítimas Fatais";"Pleno dia";"Crescente";"Céu Claro";"Simples";"Reta";"Não";2;1;0;0;0;1;0;1;-1,659146;-47,49362;"SR-PA";"UOP02";"DEL01"
274267;2020-03-09;"segunda-feira";"08:20:00";"PR";376;303;"MAUA DA SERRA";"Desobediência às normas de trânsito pelo condutor";"Saída de leito carroçável";"Com Vítimas Feridas";"Pleno dia";"Crescente";"Céu Claro";"Dupla";"Reta";"Não";2;0;1;0;1;0;1;1;-23,94941;-51,11941;"SR-PR";"UOP02";"DEL07"
274268;2020-03-09;"segunda-feira";"10:40:00";"SP";153;222,8;"MARILIA";"Desobediência às normas de trânsito pelo condutor";"Colisão frontal";"Com Vítimas Feridas";"Pleno dia";"Decrescente";"Sol";"Simples";"Reta";"Não";3;0;1;1;1;0;2;2;-22,01436;-49,90916;"SR-SP";"UOP02";"DEL07"
274269;2020-03-09;"segunda-feira";"10:20:00";"SC";101;412,6;"ARARANGUA";"Falta de Atenção à Condução";"Colisão lateral";"Sem Vítimas";"Pleno dia";"Crescente";"Sol";"Simples";"Retorno Regulamentado";"Sim";2;0;0;0;2;0;0;2;-28,9438;-49,50171;"SR-SC";"UOP02";"DEL02"
274270;2020-03-09;"segunda-feira";"07:00:00";"MG";262;369;"JUATUBA";"Velocidade Incompatível";"Tombamento";"Sem Vítimas";"Pleno dia";"Crescente";"Sol";"Múltipla";"Viaduto";"Sim";1;0;0;0;1;0;0;1;-19,95818;-44,33979;"SR-MG";"UOP03";"DEL01"
274271;2020-03-09;"segunda-feira";"10:40:00";"BA";324;599;"SIMOES FILHO";"Falta de Atenção à Condução";"Atropelamento de Pedestre";"Com Vítimas Feridas";"Pleno dia";"Decrescente";"Céu Claro";"Múltipla";"Desvio Temporário";"Não";2;0;0;1;0;1;1;1;-12,74195;-38,43854;"SR-BA";"UOP01";"DEL01"
274272;2020-03-09;"segunda-feira";"10:00:00";"RJ";101;314;"SAO GONCALO";"Falta de Atenção à Condução";"Saída de leito carroçável";"Com Vítimas Fatais";"Pleno dia";"Crescente";"Céu Claro";"Dupla";"Reta";"Sim";1;1;0;0;0;0;0;1;-22,81649;-43,07728;"SR-RJ";"UOP01";"DEL02"
274273;2020-03-09;"segunda-feira";"10:32:00";"AL";104;88,8;"RIO LARGO";"Desobediência às normas de trânsito pelo condutor";"Colisão transversal";"Com Vítimas Feridas";"Pleno dia";"Decrescente";"Céu Claro";"Dupla";"Reta";"Não";2;0;1;0;1;0;1;2;-9,483752;-35,81816;"SR-AL";"UOP01";"DEL01"
274274;2020-03-09;"segunda-feira";"10:30:00";"MG";381;496,3;"BETIM";"Não guardar distância de segurança";"Colisão traseira";"Com Vítimas Feridas";"Pleno dia";"Decrescente";"Sol";"Dupla";"Não Informado";"Sim";4;0;2;0;2;0;2;3;-19,99676;-44,20959;"SR-MG";"UOP03";"DEL01"
274275;2020-03-09;"segunda-feira";"09:50:00";"CE";222;3,2;"FORTALEZA";"Defeito na Via";"Tombamento";"Com Vítimas Fatais";"Pleno dia";"Decrescente";"Nublado";"Múltipla";"Reta";"Sim";2;1;0;0;1;0;0;2;-3,7405;-38,59678;"SR-CE";"UOP01";"DEL01"
274276;2020-03-09;"segunda-feira";"11:20:00";"RJ";101;295;"ITABORAI";"Falta de Atenção à Condução";"Saída de leito carroçável";"Com Vítimas Feridas";"Pleno dia";"Decrescente";"Sol";"Dupla";"Reta";"Sim";1;0;1;0;0;0;1;1;-22,76365;-42,90224;"SR-RJ";"UOP03";"DEL02"
274277;2020-03-09;"segunda-feira";"09:30:00";"MA";10;247;"IMPERATRIZ";"Não guardar distância de segurança";"Colisão traseira";"Sem Vítimas";"Pleno dia";"Crescente";"Nublado";"Simples";"Reta";"Sim";2;0;0;0;2;0;0;2;-5,573772;-47,44389;"SR-MA";"UOP01";"DEL04"
274278;2020-03-09;"segunda-feira";"11:00:00";"PE";104;65,6;"CARUARU";"Falta de Atenção à Condução";"Colisão traseira";"Com Vítimas Feridas";"Pleno dia";"Crescente";"Sol";"Dupla";"Desvio Temporário";"Sim";2;0;1;0;1;0;1;2;-8,2867;-35,9838;"SR-PE";"UOP01";"DEL02"
274279;2020-03-09;"segunda-feira";"11:25:00";"MG";116;415;"GOVERNADOR VALADARES";"Falta de Atenção à Condução";"Colisão transversal";"Com Vítimas Feridas";"Pleno dia";"Decrescente";"Céu Claro";"Simples";"Reta";"Sim";2;0;2;0;0;0;2;2;-18,88401;-41,94924;"SR-MG";"UOP01";"DEL06"
274280;2020-03-09;"segunda-feira";"09:50:00";"CE";20;405;"CAUCAIA";"Defeito Mecânico no Veículo";"Incêndio";"Sem Vítimas";"Pleno dia";"Decrescente";"Nublado";"Simples";"Reta";"Não";1;0;0;0;0;1;0;1;-3,77408;-38,67808;"SR-CE";"UOP01";"DEL01"
274283;2020-03-09;"segunda-feira";"12:40:00";"SP";116;215;"GUARULHOS";"Mal Súbito";"Queda de ocupante de veículo";"Com Vítimas Feridas";"Pleno dia";"Crescente";"Céu Claro";"Dupla";"Reta";"Sim";1;0;1;0;0;0;1;1;-23,44696;-46,45394;"SR-SP";"UOP01";"DEL01"
274284;2020-03-05;"quinta-feira";"15:00:00";"SP";116;189,6;"SANTA ISABEL";"Ingestão de Álcool";"Saída de leito carroçável";"Sem Vítimas";"Pleno dia";"Decrescente";"Céu Claro";"Dupla";"Reta";"Sim";1;0;0;0;1;0;0;1;-23,36435;-46,22489;"SR-SP";"UOP01";"DEL02"
274285;2020-03-09;"segunda-feira";"07:30:00";"MT";174;414;"NOVA LACERDA";"Defeito Mecânico no Veículo";"Incêndio";"Sem Vítimas";"Pleno dia";"Decrescente";"Céu Claro";"Simples";"Curva";"Não";1;0;0;0;1;0;0;1;-14,27927;-59,68339;"SR-MT";"UOP01";"DEL04"
274286;2020-03-09;"segunda-feira";"12:50:00";"SC";280;30,2;"ARAQUARI";"Desobediência às normas de trânsito pelo condutor";"Colisão traseira";"Com Vítimas Feridas";"Pleno dia";"Decrescente";"Sol";"Simples";"Reta";"Sim";3;0;2;0;1;0;2;2;-26,41646;-48,77149;"SR-SC";"UOP03";"DEL03"
274287;2020-03-09;"segunda-feira";"11:30:00";"SC";282;370;"ERVAL VELHO";"Falta de Atenção à Condução";"Colisão transversal";"Com Vítimas Feridas";"Pleno dia";"Crescente";"Céu Claro";"Simples";"Rotatória";"Sim";2;0;1;0;1;0;1;2;-27,26866;-51,44377;"SR-SC";"UOP07";"DEL07"
274288;2020-03-09;"segunda-feira";"12:45:00";"RS";116;232;"NOVO HAMBURGO";"Falta de Atenção à Condução";"Colisão lateral";"Com Vítimas Feridas";"Pleno dia";"Decrescente";"Céu Claro";"Simples";"Curva";"Não";2;0;1;0;1;0;1;2;-29,633;-51,14325;"SR-RS";"UOP02";"DEL01"
274289;2020-03-09;"segunda-feira";"12:50:00";"RS";293;3;"PELOTAS";"Ultrapassagem Indevida";"Colisão lateral";"Com Vítimas Feridas";"Pleno dia";"Crescente";"Sol";"Simples";"Não Informado";"Sim";2;0;1;0;1;0;1;2;-31,74064;-52,36444;"SR-RS";"UOP01";"DEL07"
274290;2020-03-09;"segunda-feira";"10:50:00";"SC";470;240;"SAO CRISTOVAO DO SUL";"Ultrapassagem Indevida";"Colisão lateral";"Com Vítimas Feridas";"Pleno dia";"Crescente";"Céu Claro";"Simples";"Reta";"Não";2;0;1;0;1;0;1;2;-27,30611;-50,48195;"SR-SC";"UOP03";"DEL05"
274291;2020-03-09;"segunda-feira";"13:00:00";"GO";40;11,9;"LUZIANIA";"Falta de Atenção à Condução";"Colisão transversal";"Com Vítimas Feridas";"Pleno dia";"Decrescente";"Céu Claro";"Dupla";"Reta";"Sim";2;0;0;1;0;1;1;2;-16,13834;-47,95164;"SR-DF";"UOP01";"DEL01"
274292;2020-03-09;"segunda-feira";"12:20:00";"DF";80;9;"BRASILIA";"Não guardar distância de segurança";"Colisão traseira";"Com Vítimas Feridas";"Pleno dia";"Crescente";"Céu Claro";"Dupla";"Reta";"Sim";2;0;1;0;1;0;1;2;-15,73106;-48,15939;"SR-DF";"UOP03";"DEL01"
274293;2020-03-09;"segunda-feira";"13:05:00";"SC";101;207,6;"SAO JOSE";"Falta de Atenção à Condução";"Colisão traseira";"Com Vítimas Feridas";"Pleno dia";"Decrescente";"Céu Claro";"Múltipla";"Reta";"Sim";2;0;1;0;1;0;1;2;-27,60001;-48,62265;"SR-SC";"UOP01";"DEL01"
274294;2020-03-09;"segunda-feira";"13:10:00";"BA";324;1;"FEIRA DE SANTANA";"Não guardar distância de segurança";"Colisão traseira";"Sem Vítimas";"Pleno dia";"Decrescente";"Sol";"Dupla";"Reta";"Sim";3;0;0;0;3;0;0;2;-12,26711;-38,96699;"SR-BA";"UOP01";"DEL02"
274295;2020-03-09;"segunda-feira";"12:00:00";"PR";277;96;"CURITIBA";"Velocidade Incompatível";"Colisão com objeto estático";"Com Vítimas Feridas";"Pleno dia";"Decrescente";"Sol";"Dupla";"Reta";"Sim";1;0;1;0;0;0;1;1;-25,43056;-49,33222;"SR-PR";"UOP04";"DEL01"
274296;2020-03-09;"segunda-feira";"09:45:00";"MG";50;178,1;"UBERABA";"Falta de Atenção à Condução";"Engavetamento";"Sem Vítimas";"Pleno dia";"Crescente";"Céu Claro";"Dupla";"Reta";"Sim";3;0;0;0;3;0;0;3;-19,77904;-47,93966;"SR-MG";"UOP01";"DEL13"
274297;2020-03-09;"segunda-feira";"12:56:00";"PR";476;130;"CURITIBA";"Falta de Atenção do Pedestre";"Atropelamento de Pedestre";"Com Vítimas Feridas";"Pleno dia";"Decrescente";"Sol";"Dupla";"Reta";"Sim";2;0;1;0;1;0;1;1;-25,44956;-49,23643;"SR-PR";"UOP06";"DEL01"
274298;2020-03-09;"segunda-feira";"11:30:00";"BA";116;859;"VITORIA DA CONQUISTA";"Ultrapassagem Indevida";"Colisão lateral";"Com Vítimas Feridas";"Pleno dia";"Crescente";"Nublado";"Simples";"Reta";"Não";4;0;0;1;2;1;1;2;-15,12192;-41,03357;"SR-BA";"UOP03";"DEL08"
274299;2020-03-09;"segunda-feira";"12:15:00";"TO";153;669;"GURUPI";"Falta de Atenção à Condução";"Colisão traseira";"Com Vítimas Feridas";"Pleno dia";"Decrescente";"Céu Claro";"Dupla";"Retorno Regulamentado";"Sim";2;0;1;0;1;0;1;2;-11,70103;-49,07272;"SR-TO";"UOP01";"DEL02"
274300;2020-03-09;"segunda-feira";"10:05:00";"PR";277;348,8;"GUARAPUAVA";"Falta de Atenção à Condução";"Colisão transversal";"Com Vítimas Feridas";"Pleno dia";"Decrescente";"Sol";"Simples";"Interseção de vias";"Sim";2;0;2;0;0;0;2;1;-25,38506;-51,51373;"SR-PR";"UOP01";"DEL08"
274301;2020-03-09;"segunda-feira";"10:50:00";"PR";376;671,4;"GUARATUBA";"Falta de Atenção à Condução";"Colisão com objeto estático";"Com Vítimas Feridas";"Pleno dia";"Crescente";"Céu Claro";"Dupla";"Reta";"Não";1;0;1;0;0;0;1;1;-25,88532;-48,93515;"SR-PR";"UOP05";"DEL01"
274304;2020-03-09;"segunda-feira";"13:45:00";"SP";381;42;"ATIBAIA";"Não guardar distância de segurança";"Colisão traseira";"Com Vítimas Feridas";"Pleno dia";"Decrescente";"Sol";"Dupla";"Reta";"Sim";2;0;0;1;1;0;1;2;-23,14731;-46,57493;"SR-SP";"UOP01";"DEL03"
274305;2020-03-09;"segunda-feira";"12:00:00";"PB";230;71,3;"SOBRADO";"Defeito na Via";"Tombamento";"Com Vítimas Feridas";"Pleno dia";"Crescente";"Sol";"Dupla";"Reta";"Não";1;0;1;0;0;0;1;1;-7,190168;-35,24987;"SR-PB";"UOP02";"DEL01"
274306;2020-03-09;"segunda-feira";"13:48:00";"RO";364;698;"PORTO VELHO";"Desobediência às normas de trânsito pelo condutor";"Colisão traseira";"Com Vítimas Feridas";"Pleno dia";"Crescente";"Céu Claro";"Dupla";"Curva";"Não";3;0;2;0;1;0;2;2;-8,80299;-63,75179;"SR-RO";"UOP01";"DEL01"
274307;2020-03-09;"segunda-feira";"13:30:00";"RR";174;501,4;"BOA VISTA";"Falta de Atenção à Condução";"Queda de ocupante de veículo";"Com Vítimas Feridas";"Pleno dia";"Crescente";"Céu Claro";"Dupla";"Desvio Temporário";"Sim";1;0;0;1;0;0;1;1;2,781689;-60,70383;"SR-RR";"UOP01";"DEL01"
274309;2020-03-09;"segunda-feira";"13:20:00";"GO";50;209,6;"CAMPO ALEGRE DE GOIAS";"Condutor Dormindo";"Saída de leito carroçável";"Com Vítimas Feridas";"Pleno dia";"Crescente";"Céu Claro";"Dupla";"Reta";"Não";1;0;1;0;0;0;1;1;-17,64533;-47,76031;"SR-GO";"UOP01";"DEL06"
274310;2020-03-09;"segunda-feira";"14:47:00";"SP";116;115,4;"TAUBATE";"Falta de Atenção à Condução";"Engavetamento";"Com Vítimas Feridas";"Pleno dia";"Decrescente";"Sol";"Dupla";"Reta";"Sim";5;0;1;0;3;1;1;5;-23,0496;-45,59974;"SR-SP";"UOP01";"DEL06"
274311;2020-03-09;"segunda-feira";"13:50:00";"SC";101;128,8;"BALNEARIO CAMBORIU";"Falta de Atenção à Condução";"Tombamento";"Com Vítimas Feridas";"Pleno dia";"Crescente";"Sol";"Dupla";"Reta";"Não";1;0;1;0;0;0;1;1;-26,97284;-48,68299;"SR-SC";"UOP03";"DEL04"
274312;2020-03-09;"segunda-feira";"14:00:00";"CE";116;2,8;"FORTALEZA";"Não guardar distância de segurança";"Colisão traseira";"Com Vítimas Feridas";"Pleno dia";"Crescente";"Céu Claro";"Múltipla";"Reta";"Sim";2;0;1;0;1;0;1;2;-3,770198;-38,51725;"SR-CE";"UOP02";"DEL01"
274313;2020-03-09;"segunda-feira";"14:45:00";"MA";316;263;"SANTA INES";"Falta de Atenção à Condução";"Colisão lateral";"Com Vítimas Feridas";"Pleno dia";"Crescente";"Chuva";"Simples";"Reta";"Sim";2;0;0;1;1;0;1;2;-3,675226;-45,37164;"SR-MA";"UOP01";"DEL02"
274314;2020-03-09;"segunda-feira";"14:30:00";"MG";381;835,9;"SAO SEBASTIAO DA BELA VISTA";"Condutor Dormindo";"Colisão traseira";"Com Vítimas Feridas";"Pleno dia";"Decrescente";"Céu Claro";"Dupla";"Reta";"Não";3;0;1;0;2;0;1;2;-22,17095;-45,8375;"SR-MG";"UOP01";"DEL16"
274315;2020-03-09;"segunda-feira";"14:10:00";"BA";324;560;"AMELIA RODRIGUES";"Falta de Atenção à Condução";"Colisão lateral";"Com Vítimas Feridas";"Pleno dia";"Crescente";"Nublado";"Dupla";"Reta";"Não";2;0;1;0;1;0;1;2;-12,4925;-38,65367;"SR-BA";"UOP01";"DEL01"
274316;2020-03-09;"segunda-feira";"15:00:00";"RS";287;247,8;"SANTA MARIA";"Falta de Atenção à Condução";"Colisão transversal";"Com Vítimas Feridas";"Pleno dia";"Crescente";"Sol";"Simples";"Reta";"Não";2;0;1;0;1;0;1;2;-29,69992;-53,84176;"SR-RS";"UOP01";"DEL09"
274317;2020-03-09;"segunda-feira";"13:45:00";"SC";470;147,9;"AGRONOMICA";"Desobediência às normas de trânsito pelo condutor";"Colisão transversal";"Com Vítimas Feridas";"Pleno dia";"Decrescente";"Sol";"Simples";"Rotatória";"Sim";2;0;1;0;1;0;1;2;-27,24344;-49,69002;"SR-SC";"UOP02";"DEL04"
274318;2020-03-09;"segunda-feira";"15:00:00";"GO";40;2,7;"VALPARAISO DE GOIAS";"Falta de Atenção à Condução";"Colisão lateral";"Com Vítimas Feridas";"Pleno dia";"Crescente";"Nublado";"Dupla";"Reta";"Sim";3;0;2;0;1;0;2;2;-16,06713;-47,98423;"SR-DF";"UOP01";"DEL01"
274319;2020-03-09;"segunda-feira";"15:15:00";"PR";277;103,9;"CAMPO LARGO";"Falta de Atenção à Condução";"Colisão lateral";"Com Vítimas Feridas";"Pleno dia";"Crescente";"Céu Claro";"Dupla";"Reta";"Sim";2;0;1;0;1;0;1;2;-25,43206;-49,40087;"SR-PR";"UOP04";"DEL01"
274320;2020-03-09;"segunda-feira";"14:20:00";"SC";470;147,7;"RIO DO SUL";"Falta de Atenção à Condução";"Colisão lateral";"Sem Vítimas";"Pleno dia";"Crescente";"Sol";"Simples";"Ponte";"Sim";2;0;0;0;2;0;0;2;-27,24344;-49,69002;"SR-SC";"UOP02";"DEL04"
274322;2020-03-09;"segunda-feira";"12:10:00";"MG";354;748;"ITANHANDU";"Velocidade Incompatível";"Saída de leito carroçável";"Com Vítimas Fatais";"Pleno dia";"Decrescente";"Sol";"Simples";"Curva";"Não";1;1;0;0;0;0;0;1;-22,26374;-44,89068;"SR-MG";"UOP01";"DEL17"