"id";"data_inversa";"dia_semana";"horario";"uf";"br";"km";"municipio";"causa_acidente";"tipo_acidente";"classificacao_acidente";"fase_dia";"sentido_via";"condicao_metereologica";"tipo_pista";"tracado_via";"uso_solo";"pessoas";"mortos";"feridos_leves";"feridos_graves";"ilesos";"ignorados";"feridos";"veiculos";"latitude";"longitude";"regional";"delegacia";"uop"
274323;2020-03-09;"segunda-feira";"16:05:00";"PE";423;39,2;"CACHOEIRINHA";"Desobediência às normas de trânsito pelo condutor";"Colisão transversal";"Com Vítimas Feridas";"Pleno dia";"Crescente";"Sol";"Simples";"Reta";"Sim";2;0;0;1;1;0;1;2;-8,489573;-36,23249;"SR-PE";"UOP01";"DEL03"
274324;2020-03-09;"segunda-feira";"15:30:00";"PB";104;107,3;"SAO SEBASTIAO DE LAGOA DE  ROCA";"Desobediência às normas de trânsito pelo condutor";"Colisão transversal";"Com Vítimas Feridas";"Pleno dia";"Decrescente";"Sol";"Simples";"Reta";"Sim";2;0;0;1;1;0;1;2;-7,102994;-35,86612;"SR-PB";"UOP04";"DEL02"
274325;2020-03-09;"segunda-feira";"13:35:00";"MG";381;392;"BARAO DE COCAIS";"Falta de Atenção à Condução";"Tombamento";"Com Vítimas Feridas";"Pleno dia";"Decrescente";"Céu Claro";"Dupla";"Curva";"Não";3;0;0;3;0;0;3;1;-19,76615;-43,45877;"SR-MG";"UOP01";"DEL01"
274327;2020-03-09;"segunda-feira";"16:30:00";"PB";230;405,7;"POMBAL";"Desobediência às normas de trânsito pelo condutor";"Colisão lateral";"Com Vítimas Feridas";"Anoitecer";"Crescente";"Céu Claro";"Simples";"Reta";"Sim";2;0;0;1;1;0;1;2;-6,7888;-37,7923;"SR-PB";"UOP02";"DEL03"
274328;2020-02-03;"segunda-feira";"18:00:00";"ES";101;147;"LINHARES";"Desobediência às normas de trânsito pelo condutor";"Colisão traseira";"Com Vítimas Feridas";"Anoitecer";"Decrescente";"Céu Claro";"Dupla";"Reta";"Sim";5;0;1;0;3;1;1;5;-19,37887;-40,06658;"SR-ES";"DEL12/4";"UOP01/ES"
274329;2020-03-09;"segunda-feira";"16:10:00";"SC";280;27,3;"ARAQUARI";"Falta de Atenção à Condução";"Colisão transversal";"Com Vítimas Feridas";"Pleno dia";"Decrescente";"Céu Claro";"Simples";"Retorno Regulamentado";"Sim";3;0;2;0;1;0;2;2;-26,39686;-48,74022;"SR-SC";"UOP03";"DEL03"
274330;2020-03-09;"segunda-feira";"11:25:00";"SC";470;144,5;"RIO DO SUL";"Falta de Atenção à Condução";"Colisão frontal";"Com Vítimas Feridas";"Pleno dia";"Decrescente";"Sol";"Simples";"Reta";"Sim";2;0;2;0;0;0;2;2;-27,23514;-49,67761;"SR-SC";"UOP02";"DEL04"
274331;2020-03-09;"segunda-feira";"15:15:00";"RJ";116;73,5;"TERESOPOLIS";"Condutor Dormindo";"Saída de leito carroçável";"Com Vítimas Feridas";"Pleno dia";"Crescente";"Nublado";"Simples";"Reta";"Não";1;0;1;0;0;0;1;1;-22,34518;-42,93968;"SR-RJ";"UOP01";"DEL04"
274332;2020-03-09;"segunda-feira";"16:40:00";"SC";101;213,3;"PALHOCA";"Não guardar distância de segurança";"Colisão lateral";"Com Vítimas Feridas";"Pleno dia";"Decrescente";"Céu Claro";"Múltipla";"Reta";"Sim";2;0;1;0;1;0;1;2;-27,63951;-48,66677;"SR-SC";"UOP02";"DEL01"
274333;2020-03-09;"segunda-feira";"14:34:00";"MT";364;331;"SANTO ANTONIO DO LEVERGER";"Velocidade Incompatível";"Saída de leito carroçável";"Com Vítimas Feridas";"Pleno dia";"Crescente";"Chuva";"Dupla";"Curva";"Não";1;0;1;0;0;0;1;1;-15,82281;-55,41965;"SR-MT";"UOP02";"DEL05"
274334;2020-03-09;"segunda-feira";"16:45:00";"RS";285;456,4;"IJUI";"Falta de Atenção à Condução";"Colisão transversal";"Com Vítimas Feridas";"Pleno dia";"Decrescente";"Sol";"Simples";"Reta";"Sim";3;0;2;0;1;0;2;2;-28,39105;-53,89396;"SR-RS";"UOP01";"DEL10"
274335;2020-03-09;"segunda-feira";"16:35:00";"PR";373;190,2;"PONTA GROSSA";"Desobediência às normas de trânsito pelo condutor";"Colisão lateral";"Com Vítimas Feridas";"Pleno dia";"Decrescente";"Céu Claro";"Simples";"Reta";"Não";5;0;0;2;3;0;2;5;-25,05533;-50,33817;"SR-PR";"UOP01";"DEL03"
274336;2020-03-07;"sábado";"03:30:00";"MS";163;610;"SAO GABRIEL DO OESTE";"Animais na Pista";"Atropelamento de Animal";"Com Vítimas Feridas";"Plena Noite";"Decrescente";"Céu Claro";"Simples";"Reta";"Não";1;0;1;0;0;0;1;1;-19,43416;-54,53706;"SR-MS";"UOP02";"DEL06"
274337;2020-03-08;"domingo";"19:20:00";"SP";116;291;"ITAPECERICA DA SERRA";"Desobediência às normas de trânsito pelo condutor";"Colisão lateral";"Sem Vítimas";"Plena Noite";"Decrescente";"Céu Claro";"Dupla";"Não Informado";"Sim";4;0;0;0;2;2;0;2;-23,73827;-46,89673;"SR-SP";"UOP01";"DEL04"
274338;2020-03-09;"segunda-feira";"17:10:00";"SC";101;214;"PALHOCA";"Falta de Atenção à Condução";"Queda de ocupante de veículo";"Com Vítimas Feridas";"Pleno dia";"Decrescente";"Céu Claro";"Múltipla";"Reta";"Não";2;0;1;0;1;0;1;2;-27,64443;-48,67057;"SR-SC";"UOP02";"DEL01"
274339;2020-03-09;"segunda-feira";"17:20:00";"SP";381;71;"MAIRIPORA";"Pista Escorregadia";"Colisão traseira";"Com Vítimas Feridas";"Pleno dia";"Decrescente";"Céu Claro";"Dupla";"Curva";"Sim";4;0;1;0;3;0;1;3;-23,35048;-46,55267;"SR-SP";"UOP01";"DEL03"
274340;2020-03-09;"segunda-feira";"17:15:00";"SP";381;86,4;"SAO PAULO";"Velocidade Incompatível";"Colisão lateral";"Com Vítimas Feridas";"Pleno dia";"Decrescente";"Céu Claro";"Múltipla";"Curva";"Sim";2;0;1;0;1;0;1;2;-23,4593;-46,57161;"SR-SP";"UOP01";"DEL03"
274341;2020-03-09;"segunda-feira";"16:30:00";"SC";101;203;"SAO JOSE";"Falta de Atenção à Condução";"Colisão traseira";"Com Vítimas Feridas";"Pleno dia";"Decrescente";"Céu Claro";"Simples";"Reta";"Sim";3;0;1;0;2;0;1;3;-27,565;-48,6146;"SR-SC";"UOP01";"DEL01"
274342;2020-03-09;"segunda-feira";"16:05:00";"SC";101;145;"ITAPEMA";"Falta de Atenção à Condução";"Tombamento";"Com Vítimas Feridas";"Pleno dia";"Decrescente";"Nublado";"Dupla";"Reta";"Não";1;0;1;0;0;0;1;1;-27,08139;-48,60131;"SR-SC";"UOP03";"DEL04"
274343;2020-03-09;"segunda-feira";"16:30:00";"SC";101;131;"BALNEARIO CAMBORIU";"Falta de Atenção à Condução";"Colisão lateral";"Com Vítimas Feridas";"Pleno dia";"Crescente";"Nublado";"Dupla";"Reta";"Não";2;0;1;0;1;0;1;2;-26,99064;-48,66311;"SR-SC";"UOP03";"DEL04"
274344;2020-03-09;"segunda-feira";"17:40:00";"SC";280;25,4;"ARAQUARI";"Desobediência às normas de trânsito pelo condutor";"Colisão transversal";"Com Vítimas Feridas";"Pleno dia";"Crescente";"Céu Claro";"Simples";"Reta";"Sim";2;0;1;0;1;0;1;2;-26,38612;-48,72974;"SR-SC";"UOP03";"DEL03"
274345;2020-03-09;"segunda-feira";"16:00:00";"SC";101;145;"ITAPEMA";"Desobediência às normas de trânsito pelo condutor";"Colisão traseira";"Com Vítimas Feridas";"Pleno dia";"Decrescente";"Sol";"Múltipla";"Desvio Temporário";"Sim";3;0;1;0;2;0;1;3;-27,08139;-48,60131;"SR-SC";"UOP03";"DEL04"
274346;2020-03-09;"segunda-feira";"17:10:00";"RJ";116;178;"NOVA IGUACU";"Não guardar distância de segurança";"Colisão lateral";"Com Vítimas Feridas";"Anoitecer";"Crescente";"Céu Claro";"Dupla";"Reta";"Sim";3;0;0;2;1;0;2;2;-22,77496;-43,40081;"SR-RJ";"UOP02";"DEL01"
274347;2020-03-09;"segunda-feira";"15:40:00";"SP";116;109,9;"TAUBATE";"Avarias e/ou desgaste excessivo no pneu";"Tombamento";"Com Vítimas Feridas";"Pleno dia";"Decrescente";"Nublado";"Dupla";"Reta";"Sim";1;0;0;1;0;0;1;1;-23,02871;-45,54517;"SR-SP";"UOP01";"DEL06"
274348;2020-03-09;"segunda-feira";"09:40:00";"MT";364;618;"DIAMANTINO";"Falta de Atenção à Condução";"Colisão lateral";"Com Vítimas Feridas";"Pleno dia";"Crescente";"Céu Claro";"Simples";"Reta";"Sim";2;0;2;0;0;0;2;2;-14,36204;-56,40421;"SR-MT";"UOP01";"DEL01"
274350;2020-03-09;"segunda-feira";"17:30:00";"PR";373;172;"PONTA GROSSA";"Falta de Atenção à Condução";"Engavetamento";"Com Vítimas Feridas";"Pleno dia";"Decrescente";"Céu Claro";"Múltipla";"Reta";"Sim";5;0;1;0;4;0;1;5;-25,0814;-50,19201;"SR-PR";"UOP01";"DEL03"
274352;2020-03-09;"segunda-feira";"17:25:00";"RN";304;300,8;"MACAIBA";"Falta de Atenção à Condução";"Colisão lateral";"Sem Vítimas";"Anoitecer";"Crescente";"Céu Claro";"Dupla";"Reta";"Não";4;0;0;0;4;0;0;2;-5,873767;-35,31504;"SR-RN";"UOP02";"DEL01"
274353;2020-03-09;"segunda-feira";"17:20:00";"GO";153;501;"GOIANIA";"Falta de Atenção à Condução";"Engavetamento";"Com Vítimas Feridas";"Pleno dia";"Crescente";"Sol";"Dupla";"Reta";"Sim";4;0;0;1;3;0;1;3;-16,7189;-49,2382;"SR-GO";"UOP01";"DEL01"
274354;2020-03-09;"segunda-feira";"08:30:00";"TO";153;399;"RIO DOS BOIS";"Pista Escorregadia";"Tombamento";"Com Vítimas Feridas";"Pleno dia";"Decrescente";"Céu Claro";"Simples";"Curva";"Não";1;0;1;0;0;0;1;1;-9,401701;-48,56607;"SR-TO";"UOP03";"DEL02"
274355;2020-03-09;"segunda-feira";"18:20:00";"SC";101;136;"BALNEARIO CAMBORIU";"Desobediência às normas de trânsito pelo condutor";"Colisão traseira";"Com Vítimas Feridas";"Anoitecer";"Decrescente";"Céu Claro";"Dupla";"Reta";"Sim";3;0;1;0;2;0;1;3;-27,00811;-48,61724;"SR-SC";"UOP03";"DEL04"
274356;2020-03-09;"segunda-feira";"13:50:00";"SC";101;357;"SANGAO";"Objeto estático sobre o leito carroçável";"Colisão com objeto estático";"Sem Vítimas";"Pleno dia";"Crescente";"Céu Claro";"Dupla";"Curva";"Não";1;0;0;0;1;0;0;1;-28,63517;-49,09467;"SR-SC";"UOP01";"DEL02"
274358;2020-03-09;"segunda-feira";"18:15:00";"SC";280;25,6;"ARAQUARI";"Desobediência às normas de trânsito pelo condutor";"Colisão lateral";"Com Vítimas Feridas";"Anoitecer";"Crescente";"Céu Claro";"Simples";"Reta";"Sim";3;0;1;0;2;0;1;2;-26,38353;-48,72678;"SR-SC";"UOP03";"DEL03"
274359;2020-03-09;"segunda-feira";"13:00:00";"RR";174;285,5;"CARACARAI";"Falta de Atenção à Condução";"Saída de leito carroçável";"Com Vítimas Feridas";"Pleno dia";"Decrescente";"Céu Claro";"Simples";"Reta";"Não";1;0;1;0;0;0;1;1;1,413336;-60,66381;"SR-RR";"UOP01";"DEL01"
274360;2020-03-09;"segunda-feira";"18:00:00";"GO";364;227,7;"JATAI";"Ultrapassagem Indevida";"Saída de leito carroçável";"Com Vítimas Feridas";"Anoitecer";"Crescente";"Céu Claro";"Simples";"Reta";"Não";2;0;1;0;1;0;1;1;-17,81638;-51,97555;"SR-GO";"UOP01";"DEL05"
274361;2020-03-09;"segunda-feira";"18:30:00";"PE";101;86,4;"JABOATAO DOS GUARARAPES";"Falta de Atenção à Condução";"Saída de leito carroçável";"Com Vítimas Fatais";"Plena Noite";"Crescente";"Céu Claro";"Dupla";"Reta";"Não";2;1;0;0;0;1;0;1;-8,1847;-34,96817;"SR-PE";"UOP03";"DEL01"
274362;2020-03-09;"segunda-feira";"17:10:00";"BA";418;78;"NOVA VICOSA";"Pista Escorregadia";"Saída de leito carroçável";"Com Vítimas Feridas";"Plena Noite";"Crescente";"Chuva";"Simples";"Reta";"Não";3;0;3;0;0;0;3;1;-17,86206;-39,74337;"SR-BA";"UOP02";"DEL09"
274363;2020-03-09;"segunda-feira";"18:50:00";"SC";101;120,4;"ITAJAI";"Falta de Atenção à Condução";"Colisão lateral";"Com Vítimas Feridas";"Plena Noite";"Crescente";"Céu Claro";"Dupla";"Reta";"Sim";2;0;1;0;1;0;1;2;-26,91276;-48,712;"SR-SC";"UOP04";"DEL04"
274364;2020-03-09;"segunda-feira";"18:00:00";"PR";369;147,6;"LONDRINA";"Não guardar distância de segurança";"Colisão traseira";"Sem Vítimas";"Anoitecer";"Crescente";"Céu Claro";"Dupla";"Reta";"Sim";2;0;0;0;2;0;0;2;-23,29295;-51,14013;"SR-PR";"UOP01";"DEL07"
274365;2020-03-09;"segunda-feira";"18:40:00";"SP";116;223;"GUARULHOS";"Falta de Atenção à Condução";"Colisão lateral";"Sem Vítimas";"Anoitecer";"Decrescente";"Céu Claro";"Múltipla";"Reta";"Não";2;0;0;0;2;0;0;2;-23,4756;-46,52466;"SR-SP";"UOP01";"DEL01"
274366;2020-03-09;"segunda-feira";"17:00:00";"PR";153;18;"JACAREZINHO";"Velocidade Incompatível";"Colisão com objeto estático";"Sem Vítimas";"Pleno dia";"Decrescente";"Céu Claro";"Simples";"Retorno Regulamentado";"Sim";1;0;0;0;1;0;0;1;-23,14322;-49,94911;"SR-PR";"UOP05";"DEL07"
274367;2020-03-09;"segunda-feira";"18:40:00";"CE";222;12,2;"CAUCAIA";"Desobediência às normas de trânsito pelo condutor";"Colisão frontal";"Com Vítimas Feridas";"Plena Noite";"Decrescente";"Céu Claro";"Dupla";"Curva";"Não";2;0;0;1;1;0;1;2;-3,7648;-38,66897;"SR-CE";"UOP01";"DEL01"
274368;2020-03-09;"segunda-feira";"18:35:00";"PB";101;109;"ALHANDRA";"Não guardar distância de segurança";"Saída de leito carroçável";"Com Vítimas Feridas";"Plena Noite";"Decrescente";"Céu Claro";"Múltipla";"Reta";"Sim";1;0;0;1;0;0;1;1;-7,343613;-34,94798;"SR-PB";"UOP01";"DEL01"
274369;2020-03-09;"segunda-feira";"18:45:00";"PR";369;32,5;"CAMBARA";"Falta de Atenção à Condução";"Colisão transversal";"Com Vítimas Fatais";"Plena Noite";"Crescente";"Céu Claro";"Simples";"Curva";"Não";4;1;1;0;1;1;1;2;-23,03408;-50,19751;"SR-PR";"UOP04";"DEL07"
274371;2020-03-09;"segunda-feira";"19:40:00";"SC";101;112,3;"ITAJAI";"Falta de Atenção do Pedestre";"Atropelamento de Pedestre";"Com Vítimas Fatais";"Plena Noite";"Decrescente";"Céu Claro";"Dupla";"Reta";"Não";3;1;0;0;2;0;0;2;-26,84589;-48,72131;"SR-SC";"UOP04";"DEL04"
274373;2020-03-09;"segunda-feira";"20:00:00";"SE";101;86,6;"NOSSA SENHORA DO SOCORRO";"Defeito na Via";"Tombamento";"Com Vítimas Feridas";"Plena Noite";"Decrescente";"Céu Claro";"Dupla";"Não Informado";"Não";1;0;1;0;0;0;1;1;-10,85236;-37,13618;"SR-SE";"UOP01";"DEL01"
274375;2020-03-09;"segunda-feira";"19:15:00";"PE";316;82;"OURICURI";"Falta de Atenção do Pedestre";"Atropelamento de Pedestre";"Com Vítimas Feridas";"Plena Noite";"Crescente";"Céu Claro";"Simples";"Reta";"Não";2;0;0;1;0;1;1;1;-7,871291;-40,09366;"SR-PE";"UOP02";"DEL05"
274376;2020-03-09;"segunda-feira";"19:30:00";"TO";242;459,2;"FORMOSO DO ARAGUAIA";"Falta de Atenção à Condução";"Colisão frontal";"Com Vítimas Fatais";"Plena Noite";"Decrescente";"Céu Claro";"Simples";"Reta";"Não";5;1;2;0;0;2;2;2;-11,80496;-49,58164;"SR-TO";"UOP01";"DEL02"
274377;2020-03-09;"segunda-feira";"17:20:00";"PR";369;144,9;"LONDRINA";"Falta de Atenção à Condução";"Colisão traseira";"Com Vítimas Feridas";"Pleno dia";"Crescente";"Céu Claro";"Dupla";"Reta";"Não";2;0;1;0;1;0;1;2;-23,29343;-51,10372;"SR-PR";"UOP01";"DEL07"
274378;2020-03-09;"segunda-feira";"18:43:00";"ES";101;147;"LINHARES";"Desobediência às normas de trânsito pelo condutor";"Colisão transversal";"Com Vítimas Feridas";"Plena Noite";"Crescente";"Céu Claro";"Simples";"Interseção de vias";"Sim";2;0;1;0;1;0;1;2;-19,37887;-40,06658;"SR-ES";"UOP01";"DEL04"
274379;2020-03-09;"segunda-feira";"16:40:00";"MG";116;252,3;"TEOFILO OTONI";"Pista Escorregadia";"Saída de leito carroçável";"Com Vítimas Feridas";"Pleno dia";"Decrescente";"Céu Claro";"Simples";"Reta";"Não";1;0;1;0;0;0;1;1;-17,65912;-41,49557;"SR-MG";"UOP01";"DEL11"
274380;2020-03-09;"segunda-feira";"18:30:00";"PB";230;238,9;"JUAZEIRINHO";"Ingestão de Álcool";"Colisão traseira";"Com Vítimas Feridas";"Plena Noite";"Crescente";"Céu Claro";"Simples";"Reta";"Não";2;0;0;1;0;1;1;2;-7,0543;-36,5494;"SR-PB";"UOP02";"DEL02"
274381;2020-03-09;"segunda-feira";"20:20:00";"RJ";101;412;"ITAGUAI";"Falta de Atenção do Pedestre";"Atropelamento de Pedestre";"Com Vítimas Fatais";"Plena Noite";"Decrescente";"Nublado";"Dupla";"Reta";"Sim";2;1;0;0;1;0;0;1;-22,8972;-43,85639;"SR-RJ";"UOP01";"DEL03"
274382;2020-03-09;"segunda-feira";"14:50:00";"SC";282;516,4;"XAXIM";"Falta de Atenção à Condução";"Saída de leito carroçável";"Com Vítimas Feridas";"Pleno dia";"Decrescente";"Sol";"Simples";"Reta";"Não";1;0;1;0;0;0;1;1;-26,93086;-52,49916;"SR-SC";"UOP01";"DEL07"
274383;2020-03-09;"segunda-feira";"19:00:00";"RJ";356;58;"ITAPERUNA";"Defeito na Via";"Saída de leito carroçável";"Com Vítimas Feridas";"Plena Noite";"Crescente";"Nublado";"Simples";"Curva";"Não";3;0;2;1;0;0;3;1;-21,29144;-41,71176;"SR-RJ";"UOP03";"DEL08"
274384;2020-03-09;"segunda-feira";"19:10:00";"SP";116;64;"GUARATINGUETA";"Falta de Atenção à Condução";"Colisão lateral";"Com Vítimas Feridas";"Anoitecer";"Crescente";"Nublado";"Dupla";"Viaduto";"Sim";1;0;1;0;0;0;1;1;-22,82281;-45,19138;"SR-SP";"UOP02";"DEL08"
274385;2020-03-09;"segunda-feira";"07:15:00";"SC";101;327,9;"CAPIVARI DE BAIXO";"Falta de Atenção à Condução";"Tombamento";"Com Vítimas Feridas";"Plena Noite";"Crescente";"Céu Claro";"Dupla";"Interseção de vias";"Sim";1;0;0;1;0;0;1;1;-28,43023;-48,95205;"SR-SC";"UOP01";"DEL02"
274386;2020-03-09;"segunda-feira";"19:55:00";"RN";101;78,6;"NATAL";"Desobediência às normas de trânsito pelo condutor";"Colisão transversal";"Sem Vítimas";"Plena Noite";"Decrescente";"Céu Claro";"Dupla";"Retorno Regulamentado";"Sim";2;0;0;0;1;1;0;2;-5,745683;-35,28969;"SR-RN";"UOP01";"DEL02"
274387;2020-03-09;"segunda-feira";"21:45:00";"GO";40;12,6;"LUZIANIA";"Falta de Atenção à Condução";"Colisão transversal";"Com Vítimas Feridas";"Plena Noite";"Crescente";"Céu Claro";"Dupla";"Reta";"Sim";3;0;1;0;0;2;1;2;-16,14512;-47,94538;"SR-DF";"UOP01";"DEL01"
274388;2020-03-07;"sábado";"20:30:00";"BA";324;559;"SAO SEBASTIAO DO PASSE";"Velocidade Incompatível";"Saída de leito carroçável";"Sem Vítimas";"Plena Noite";"Decrescente";"Céu Claro";"Dupla";"Reta";"Não";1;0;0;0;1;0;0;1;-12,48717;-38,66088;"SR-BA";"UOP01";"DEL01"
274389;2020-03-09;"segunda-feira";"18:50:00";"MG";40;522;"RIBEIRAO DAS NEVES";"Não guardar distância de segurança";"Colisão traseira";"Com Vítimas Feridas";"Plena Noite";"Decrescente";"Chuva";"Dupla";"Reta";"Não";8;0;5;0;3;0;5;4;-19,86387;-44,0675;"SR-MG";"UOP02";"DEL01"
274390;2020-03-09;"segunda-feira";"22:15:00";"MG";40;485,5;"SETE LAGOAS";"Objeto estático sobre o leito carroçável";"Saída de leito carroçável";"Com Vítimas Feridas";"Plena Noite";"Decrescente";"Nublado";"Dupla";"Desvio Temporário";"Não";2;0;1;1;0;0;2;1;-19,58473;-44,22815;"SR-MG";"UOP01";"DEL02"
274391;2020-03-09;"segunda-feira";"19:10:00";"MG";381;548;"RIO MANSO";"Velocidade Incompatível";"Saída de leito carroçável";"Com Vítimas Feridas";"Plena Noite";"Crescente";"Nublado";"Dupla";"Reta";"Não";1;0;1;0;0;0;1;1;-20,28412;-44,4321;"SR-MG";"UOP03";"DEL04"
274392;2020-03-09;"segunda-feira";"21:30:00";"BA";101;363;"GANDU";"Falta de Atenção à Condução";"Colisão transversal";"Com Vítimas Feridas";"Plena Noite";"Decrescente";"Céu Claro";"Simples";"Reta";"Sim";6;0;1;1;4;0;2;2;-13,85684;-39,49253;"SR-BA";"UOP03";"DEL05"
274393;2020-03-09;"segunda-feira";"20:00:00";"MG";153;17;"ARAPORA";"Desobediência às normas de trânsito pelo condutor";"Colisão frontal";"Com Vítimas Feridas";"Pleno dia";"Decrescente";"Céu Claro";"Dupla";"Reta";"Não";4;0;1;0;3;0;1;2;-18,56956;-49,19381;"SR-MG";"UOP03";"DEL15"
274395;2020-03-09;"segunda-feira";"22:10:00";"PR";476;153,6;"ARAUCARIA";"Ultrapassagem Indevida";"Colisão frontal";"Com Vítimas Feridas";"Pleno dia";"Decrescente";"Céu Claro";"Simples";"Reta";"Sim";3;0;0;2;0;1;2;2;-25,57731;-49,39234;"SR-PR";"UOP04";"DEL01"
274396;2020-03-09;"segunda-feira";"21:20:00";"MG";153;239;"FRONTEIRA";"Animais na Pista";"Atropelamento de Animal";"Com Vítimas Feridas";"Plena Noite";"Crescente";"Céu Claro";"Simples";"Reta";"Não";1;0;1;0;0;0;1;1;-20,29847;-49,20615;"SR-MG";"UOP02";"DEL13"
274397;2020-03-09;"segunda-feira";"20:00:00";"MG";153;246;"FRONTEIRA";"Falta de Atenção à Condução";"Colisão transversal";"Com Vítimas Feridas";"Plena Noite";"Decrescente";"Céu Claro";"Simples";"Interseção de vias";"Sim";2;0;1;0;1;0;1;2;-20,29847;-49,20615;"SR-MG";"UOP02";"DEL13"
274398;2020-03-09;"segunda-feira";"20:50:00";"SC";101;314,7;"LAGUNA";"Animais na Pista";"Atropelamento de Animal";"Com Vítimas Feridas";"Plena Noite";"Crescente";"Céu Claro";"Simples";"Não Informado";"Não";1;0;1;0;0;0;1;1;-28,42945;-48,84727;"SR-SC";"UOP01";"DEL02"
274399;2020-03-10;"terça-feira";"00:25:00";"SC";101;7;"GARUVA";"Defeito Mecânico no Veículo";"Incêndio";"Sem Vítimas";"Plena Noite";"Decrescente";"Nublado";"Dupla";"Reta";"Não";1;0;0;0;1;0;0;1;-26,03593;-48,8603;"SR-SC";"UOP01";"DEL03"
274400;2020-03-09;"segunda-feira";"08:20:00";"TO";153;399;"RIO DOS BOIS";"Ingestão de Álcool";"Tombamento";"Sem Vítimas";"Pleno dia";"Decrescente";"Sol";"Simples";"Curva";"Não";1;0;0;0;1;0;0;1;-9,401701;-48,56607;"SR-TO";"UOP03";"DEL02"
274401;2020-03-09;"segunda-feira";"11:00:00";"MG";365;547;"ROMARIA";"Falta de Atenção à Condução";"Tombamento";"Sem Vítimas";"Pleno dia";"Crescente";"Sol";"Simples";"Reta";"Não";1;0;0;0;1;0;0;1;-18,93044;-47,657;"SR-MG";"UOP01";"DEL10"
274403;2020-03-09;"segunda-feira";"15:00:00";"MA";402;5;"ROSARIO";"Falta de Atenção à Condução";"Colisão lateral";"Com Vítimas Feridas";"Pleno dia";"Crescente";"Garoa/Chuvisco";"Simples";"Reta";"Sim";2;0;1;0;1;0;1;2;-2,950777;-44,28315;"SR-MA";"UOP01";"DEL01"
274404;2020-03-10;"terça-feira";"03:10:00";"SP";116;218;"GUARULHOS";"Condutor Dormindo";"Colisão traseira";"Com Vítimas Feridas";"Amanhecer";"Decrescente";"Céu Claro";"Múltipla";"Reta";"Sim";2;0;1;0;1;0;1;2;-23,45797;-46,47993;"SR-SP";"UOP01";"DEL01"
274405;2020-03-10;"terça-feira";"02:50:00";"SC";153;105,5;"CONCORDIA";"Falta de Atenção à Condução";"Tombamento";"Com Vítimas Feridas";"Plena Noite";"Decrescente";"Céu Claro";"Simples";"Curva";"Não";1;0;1;0;0;0;1;1;-27,2819;-51,96943;"SR-SC";"UOP05";"DEL07"
274406;2020-03-10;"terça-feira";"04:00:00";"ES";262;34;"DOMINGOS MARTINS";"Falta de Atenção à Condução";"Tombamento";"Com Vítimas Feridas";"Plena Noite";"Crescente";"Garoa/Chuvisco";"Simples";"Curva";"Não";1;0;0;1;0;0;1;1;-20,3731;-40,59176;"SR-ES";"UOP01";"DEL01"
274407;2020-03-10;"terça-feira";"04:00:00";"SC";101;455;"SAO JOAO DO SUL";"Ingestão de Álcool";"Colisão traseira";"Sem Vítimas";"Plena Noite";"Crescente";"Céu Claro";"Dupla";"Reta";"Sim";2;0;0;0;2;0;0;2;-29,21441;-49,75854;"SR-SC";"UOP02";"DEL02"
274408;2020-03-10;"terça-feira";"05:00:00";"RJ";101;300;"SAO GONCALO";"Desobediência às normas de trânsito pelo pedestre";"Atropelamento de Pedestre";"Com Vítimas Feridas";"Plena Noite";"Crescente";"Nevoeiro/Neblina";"Dupla";"Não Informado";"Sim";3;0;0;1;2;0;1;1;-22,77646;-42,94784;"SR-RJ";"UOP01";"DEL02"
274409;2020-03-10;"terça-feira";"05:45:00";"MG";381;484,9;"BETIM";"Falta de Atenção à Condução";"Tombamento";"Sem Vítimas";"Amanhecer";"Decrescente";"Céu Claro";"Dupla";"Reta";"Sim";1;0;0;0;1;0;0;1;-19,95532;-44,11722;"SR-MG";"UOP03";"DEL01"
274410;2020-03-10;"terça-feira";"05:30:00";"PE";428;73,3;"SANTA MARIA DA BOA VISTA";"Falta de Atenção à Condução";"Colisão com objeto estático";"Com Vítimas Fatais";"Amanhecer";"Decrescente";"Céu Claro";"Simples";"Ponte";"Não";1;1;0;0;0;0;0;1;-8,720183;-39,77322;"SR-PE";"UOP03";"DEL06"
274411;2020-03-10;"terça-feira";"05:41:00";"PR";369;178,2;"ROLANDIA";"Falta de Atenção do Pedestre";"Atropelamento de Pedestre";"Com Vítimas Fatais";"Amanhecer";"Decrescente";"Céu Claro";"Dupla";"Reta";"Não";3;1;1;0;1;0;1;2;-23,35695;-51,39475;"SR-PR";"UOP01";"DEL07"
274412;2020-03-10;"terça-feira";"05:40:00";"PE";423;76,1;"JUCATI";"Fenômenos da Natureza";"Tombamento";"Com Vítimas Feridas";"Pleno dia";"Crescente";"Nevoeiro/Neblina";"Simples";"Curva";"Não";1;0;1;0;0;0;1;1;-8,724212;-36,42879;"SR-PE";"UOP01";"DEL03"