"id";"data_inversa";"dia_semana";"horario";"uf";"br";"km";"municipio";"causa_acidente";"tipo_acidente";"classificacao_acidente";"fase_dia";"sentido_via";"condicao_metereologica";"tipo_pista";"tracado_via";"uso_solo";"pessoas";"mortos";"feridos_leves";"feridos_graves";"ilesos";"ignorados";"feridos";"veiculos";"latitude";"longitude";"regional";"delegacia";"uop"
274508;2020-03-10;"terça-feira";"13:40:00";"MG";40;526;"CONTAGEM";"Não guardar distância de segurança";"Colisão traseira";"Com Vítimas Feridas";"Pleno dia";"Crescente";"Céu Claro";"Dupla";"Reta";"Sim";2;0;1;0;1;0;1;2;-19,8911;-44,05042;"SR-MG";"UOP02";"DEL01"
274509;2020-03-10;"terça-feira";"13:20:00";"RS";392;7,8;"RIO GRANDE";"Desobediência às normas de trânsito pelo condutor";"Colisão transversal";"Com Vítimas Feridas";"Pleno dia";"Crescente";"Chuva";"Simples";"Reta";"Não";2;0;1;0;1;0;1;2;-32,10053;-52,1103;"SR-RS";"UOP02";"DEL07"
274510;2020-03-10;"terça-feira";"14:50:00";"PR";369;148;"LONDRINA";"Desobediência às normas de trânsito pelo condutor";"Colisão lateral";"Com Vítimas Feridas";"Pleno dia";"Crescente";"Céu Claro";"Dupla";"Interseção de vias";"Sim";2;0;1;0;1;0;1;2;-23,29299;-51,14305;"SR-PR";"UOP01";"DEL07"
274511;2020-03-10;"terça-feira";"14:30:00";"SC";101;207;"SAO JOSE";"Falta de Atenção à Condução";"Colisão transversal";"Com Vítimas Feridas";"Pleno dia";"Crescente";"Céu Claro";"Simples";"Interseção de vias";"Não";2;0;1;0;1;0;1;2;-27,60001;-48,62265;"SR-SC";"UOP01";"DEL01"
274513;2020-03-10;"terça-feira";"12:20:00";"MG";381;401;"BOM JESUS DO AMPARO";"Desobediência às normas de trânsito pelo condutor";"Colisão transversal";"Com Vítimas Feridas";"Pleno dia";"Crescente";"Céu Claro";"Simples";"Reta";"Não";4;0;4;0;0;0;4;2;-19,74744;-43,52146;"SR-MG";"UOP01";"DEL01"
274514;2020-03-10;"terça-feira";"11:40:00";"PR";376;0;"SAO JOSE DOS PINHAIS";"Falta de Atenção à Condução";"Colisão traseira";"Com Vítimas Feridas";"Pleno dia";"Crescente";"Céu Claro";"Dupla";"Reta";"Sim";1;0;1;0;0;0;1;1;-25,5307;-49,1958;"SR-PR";"UOP01";"DEL01"
274515;2020-03-10;"terça-feira";"14:45:00";"PR";163;333;"GUAIRA";"Desobediência às normas de trânsito pelo condutor";"Colisão transversal";"Com Vítimas Feridas";"Pleno dia";"Decrescente";"Céu Claro";"Simples";"Reta";"Não";3;0;3;0;0;0;3;2;-24,24084;-54,19935;"SR-PR";"UOP01";"DEL06"
274516;2020-03-10;"terça-feira";"13:30:00";"MA";135;5,9;"SAO LUIS";"Falta de Atenção à Condução";"Colisão lateral";"Sem Vítimas";"Pleno dia";"Crescente";"Sol";"Dupla";"Reta";"Sim";2;0;0;0;1;1;0;2;-2,621454;-44,25797;"SR-MA";"UOP01";"DEL01"
274517;2020-03-10;"terça-feira";"15:00:00";"DF";70;19;"BRASILIA";"Avarias e/ou desgaste excessivo no pneu";"Saída de leito carroçável";"Com Vítimas Feridas";"Pleno dia";"Crescente";"Chuva";"Dupla";"Curva";"Sim";1;0;1;0;0;0;1;1;-15,78887;-48,22024;"SR-DF";"UOP03";"DEL01"
274518;2020-03-10;"terça-feira";"15:10:00";"SC";101;133;"BALNEARIO CAMBORIU";"Falta de Atenção à Condução";"Colisão traseira";"Com Vítimas Feridas";"Pleno dia";"Crescente";"Sol";"Simples";"Reta";"Não";2;0;0;1;1;0;1;2;-26,99936;-48,64609;"SR-SC";"UOP03";"DEL04"
274519;2020-03-10;"terça-feira";"14:10:00";"BA";110;374;"CATU";"Pista Escorregadia";"Saída de leito carroçável";"Sem Vítimas";"Pleno dia";"Crescente";"Chuva";"Simples";"Curva";"Não";1;0;0;0;0;1;0;1;-12,41265;-38,458;"SR-BA";"UOP01";"DEL01"
274520;2020-03-09;"segunda-feira";"12:00:00";"TO";153;779;"TALISMA";"Defeito na Via";"Tombamento";"Sem Vítimas";"Pleno dia";"Decrescente";"Céu Claro";"Simples";"Reta";"Não";1;0;0;0;1;0;0;1;-12,63115;-49,07004;"SR-TO";"UOP01";"DEL02"
274521;2020-03-10;"terça-feira";"15:00:00";"RJ";40;114;"DUQUE DE CAXIAS";"Condutor Dormindo";"Colisão traseira";"Com Vítimas Feridas";"Pleno dia";"Crescente";"Céu Claro";"Múltipla";"Reta";"Não";3;0;1;1;1;0;2;3;-22,71854;-43,28993;"SR-RJ";"UOP01";"DEL01"
274522;2020-03-10;"terça-feira";"11:30:00";"TO";242;355;"GURUPI";"Sinalização da via insuficiente ou inadequada";"Engavetamento";"Com Vítimas Feridas";"Pleno dia";"Crescente";"Chuva";"Simples";"Não Informado";"Não";4;0;1;0;3;0;1;3;-11,85027;-48,89046;"SR-TO";"UOP01";"DEL02"
274523;2020-03-10;"terça-feira";"14:15:00";"RJ";101;191;"CASIMIRO DE ABREU";"Defeito Mecânico no Veículo";"Tombamento";"Com Vítimas Fatais";"Pleno dia";"Crescente";"Céu Claro";"Simples";"Retorno Regulamentado";"Não";1;1;0;0;0;0;0;1;-22,46777;-42,07411;"SR-RJ";"UOP04";"DEL02"
274524;2020-03-10;"terça-feira";"11:50:00";"MT";70;275,2;"PRIMAVERA DO LESTE";"Falta de Atenção à Condução";"Colisão lateral";"Com Vítimas Feridas";"Pleno dia";"Decrescente";"Céu Claro";"Simples";"Reta";"Não";2;0;2;0;0;0;2;2;-15,54957;-54,2539;"SR-MT";"UOP01";"DEL05"
274525;2020-03-10;"terça-feira";"16:21:00";"BA";101;925;"MUCURI";"Desobediência às normas de trânsito pelo condutor";"Colisão frontal";"Com Vítimas Feridas";"Pleno dia";"Decrescente";"Chuva";"Simples";"Reta";"Não";3;0;1;0;2;0;1;3;-18,1224;-39,89046;"SR-BA";"UOP02";"DEL09"
274526;2020-03-10;"terça-feira";"13:30:00";"SC";470;147,4;"AGRONOMICA";"Ingestão de Álcool";"Tombamento";"Com Vítimas Feridas";"Pleno dia";"Decrescente";"Céu Claro";"Simples";"Rotatória";"Não";1;0;1;0;0;0;1;1;-27,24344;-49,69002;"SR-SC";"UOP02";"DEL04"
274527;2020-03-10;"terça-feira";"12:10:00";"PE";407;124;"PETROLINA";"Não guardar distância de segurança";"Colisão transversal";"Com Vítimas Feridas";"Pleno dia";"Decrescente";"Céu Claro";"Simples";"Rotatória";"Sim";2;0;1;0;1;0;1;2;-9,369299;-40,54137;"SR-PE";"UOP01";"DEL06"
274528;2020-03-10;"terça-feira";"16:50:00";"PR";376;491;"PONTA GROSSA";"Falta de Atenção à Condução";"Colisão traseira";"Com Vítimas Feridas";"Pleno dia";"Decrescente";"Céu Claro";"Dupla";"Reta";"Sim";2;0;1;0;1;0;1;2;-25,15131;-50,14216;"SR-PR";"UOP02";"DEL03"
274529;2020-03-10;"terça-feira";"16:10:00";"ES";101;272,3;"SERRA";"Falta de Atenção à Condução";"Tombamento";"Com Vítimas Feridas";"Pleno dia";"Decrescente";"Nublado";"Dupla";"Reta";"Não";2;0;2;0;0;0;2;1;-20,22725;-40,28427;"SR-ES";"UOP01";"DEL02"
274530;2020-03-10;"terça-feira";"15:30:00";"MG";381;274;"JAGUARACU";"Agressão Externa";"Colisão com objeto em movimento";"Com Vítimas Feridas";"Pleno dia";"Crescente";"Céu Claro";"Simples";"Reta";"Não";2;0;0;1;0;1;1;2;-19,57461;-42,71802;"SR-MG";"UOP02";"DEL03"
274531;2020-03-09;"segunda-feira";"23:00:00";"PE";428;103,6;"SANTA MARIA DA BOA VISTA";"Defeito Mecânico no Veículo";"Incêndio";"Sem Vítimas";"Plena Noite";"Decrescente";"Céu Claro";"Simples";"Reta";"Não";1;0;0;0;0;1;0;1;-8,850882;-39,98045;"SR-PE";"UOP03";"DEL06"
274532;2020-03-10;"terça-feira";"16:25:00";"ES";262;159,8;"IBATIBA";"Falta de Atenção à Condução";"Colisão transversal";"Sem Vítimas";"Pleno dia";"Crescente";"Céu Claro";"Múltipla";"Não Informado";"Sim";2;0;0;0;2;0;0;2;-20,23776;-41,51195;"SR-ES";"UOP02";"DEL01"
274533;2020-03-10;"terça-feira";"14:30:00";"MT";163;888;"CLAUDIA";"Pista Escorregadia";"Saída de leito carroçável";"Com Vítimas Feridas";"Pleno dia";"Decrescente";"Chuva";"Simples";"Curva";"Não";5;0;5;0;0;0;5;1;-11,41801;-55,35105;"SR-MT";"UOP02";"DEL06"
274534;2020-03-10;"terça-feira";"16:55:00";"ES";101;133;"LINHARES";"Defeito Mecânico no Veículo";"Queda de ocupante de veículo";"Com Vítimas Feridas";"Pleno dia";"Decrescente";"Nublado";"Simples";"Reta";"Não";1;0;1;0;0;0;1;1;-19,25701;-40,08984;"SR-ES";"UOP01";"DEL04"
274535;2020-03-10;"terça-feira";"13:15:00";"SC";101;159,5;"PORTO BELO";"Objeto estático sobre o leito carroçável";"Colisão com objeto estático";"Com Vítimas Feridas";"Pleno dia";"Crescente";"Céu Claro";"Dupla";"Reta";"Não";2;0;2;0;0;0;2;1;-27,19988;-48,61534;"SR-SC";"UOP03";"DEL04"
274536;2020-03-10;"terça-feira";"09:20:00";"RO";364;479,9;"ARIQUEMES";"Defeito na Via";"Tombamento";"Com Vítimas Feridas";"Pleno dia";"Decrescente";"Chuva";"Simples";"Reta";"Não";1;0;1;0;0;0;1;1;-10,14114;-62,85422;"SR-RO";"UOP01";"DEL03"
274537;2020-03-10;"terça-feira";"17:15:00";"GO";153;498,2;"GOIANIA";"Falta de Atenção à Condução";"Colisão traseira";"Com Vítimas Feridas";"Pleno dia";"Crescente";"Sol";"Dupla";"Reta";"Sim";3;0;2;0;1;0;2;2;-16,6939;-49,2321;"SR-GO";"UOP01";"DEL01"
274538;2020-03-10;"terça-feira";"17:00:00";"BA";101;830,5;"ITAMARAJU";"Falta de Atenção à Condução";"Colisão frontal";"Com Vítimas Feridas";"Anoitecer";"Decrescente";"Chuva";"Simples";"Curva";"Não";2;0;0;1;1;0;1;2;-17,16047;-39,57241;"SR-BA";"UOP01";"DEL09"
274539;2020-03-10;"terça-feira";"17:15:00";"SC";101;331;"TUBARAO";"Desobediência às normas de trânsito pelo condutor";"Colisão transversal";"Com Vítimas Feridas";"Pleno dia";"Decrescente";"Céu Claro";"Múltipla";"Não Informado";"Sim";2;0;1;0;1;0;1;2;-28,46605;-48,99525;"SR-SC";"UOP01";"DEL02"
274540;2020-03-10;"terça-feira";"16:20:00";"MG";40;590,1;"ITABIRITO";"Desobediência às normas de trânsito pelo condutor";"Colisão traseira";"Com Vítimas Feridas";"Pleno dia";"Crescente";"Chuva";"Dupla";"Desvio Temporário";"Não";3;0;0;1;2;0;1;2;-20,36808;-43,90983;"SR-MG";"UOP02";"DEL01"
274541;2020-03-10;"terça-feira";"17:21:00";"GO";60;101;"GOIANAPOLIS";"Desobediência às normas de trânsito pelo condutor";"Queda de ocupante de veículo";"Com Vítimas Feridas";"Pleno dia";"Crescente";"Sol";"Dupla";"Reta";"Sim";1;0;1;0;0;0;1;1;-16,4022;-48,9745;"SR-GO";"UOP01";"DEL02"
274542;2020-03-10;"terça-feira";"17:25:00";"SC";101;206,9;"SAO JOSE";"Não guardar distância de segurança";"Colisão lateral";"Com Vítimas Feridas";"Pleno dia";"Crescente";"Sol";"Múltipla";"Curva";"Sim";3;0;0;1;2;0;1;3;-27,59826;-48,62093;"SR-SC";"UOP01";"DEL01"
274543;2020-03-10;"terça-feira";"17:20:00";"MG";365;799;"GURINHATA";"Falta de Atenção à Condução";"Saída de leito carroçável";"Com Vítimas Feridas";"Pleno dia";"Crescente";"Céu Claro";"Simples";"Reta";"Não";3;0;3;0;0;0;3;1;-18,9093;-49,89912;"SR-MG";"UOP03";"DEL15"
274544;2020-03-10;"terça-feira";"17:20:00";"GO";50;298,2;"CATALAO";"Agressão Externa";"Colisão com objeto em movimento";"Com Vítimas Feridas";"Pleno dia";"Decrescente";"Céu Claro";"Simples";"Curva";"Não";2;0;0;1;1;0;1;1;-18,3147;-48,0171;"SR-GO";"UOP01";"DEL06"
274545;2020-03-10;"terça-feira";"17:30:00";"GO";153;441,3;"ANAPOLIS";"Defeito Mecânico no Veículo";"Tombamento";"Com Vítimas Fatais";"Pleno dia";"Decrescente";"Céu Claro";"Dupla";"Reta";"Sim";2;1;0;0;1;0;0;2;-16,3296;-48,92221;"SR-GO";"UOP01";"DEL02"
274546;2020-03-10;"terça-feira";"14:58:00";"RO";435;20;"VILHENA";"Falta de Atenção à Condução";"Colisão lateral";"Com Vítimas Feridas";"Pleno dia";"Crescente";"Céu Claro";"Simples";"Reta";"Não";3;0;2;0;1;0;2;2;-12,75861;-60,29644;"SR-RO";"UOP02";"DEL04"
274547;2020-03-10;"terça-feira";"12:25:00";"RS";470;211,8;"BENTO GONCALVES";"Falta de Atenção à Condução";"Colisão lateral";"Com Vítimas Feridas";"Pleno dia";"Crescente";"Céu Claro";"Dupla";"Curva";"Não";2;0;1;0;1;0;1;2;-29,12454;-51,5436;"SR-RS";"UOP01";"DEL06"
274548;2020-03-10;"terça-feira";"17:10:00";"RS";116;521;"PELOTAS";"Falta de Atenção à Condução";"Colisão transversal";"Com Vítimas Feridas";"Pleno dia";"Decrescente";"Chuva";"Simples";"Rotatória";"Não";2;0;1;0;1;0;1;2;-31,70752;-52,36801;"SR-RS";"UOP01";"DEL07"
274549;2020-03-10;"terça-feira";"17:30:00";"PR";376;462;"PONTA GROSSA";"Defeito Mecânico no Veículo";"Saída de leito carroçável";"Com Vítimas Feridas";"Pleno dia";"Decrescente";"Céu Claro";"Dupla";"Não Informado";"Não";3;0;2;0;1;0;2;1;-25,01599;-50,33846;"SR-PR";"UOP01";"DEL03"
274550;2020-03-10;"terça-feira";"17:40:00";"RS";116;247,6;"SAO LEOPOLDO";"Falta de Atenção à Condução";"Colisão traseira";"Sem Vítimas";"Pleno dia";"Decrescente";"Sol";"Dupla";"Viaduto";"Sim";2;0;0;0;2;0;0;2;-29,7724;-51,15403;"SR-RS";"UOP02";"DEL01"
274552;2020-03-07;"sábado";"07:30:00";"MS";163;680;"RIO VERDE DE MATO GROSSO";"Falta de Atenção à Condução";"Colisão com objeto estático";"Com Vítimas Feridas";"Pleno dia";"Crescente";"Céu Claro";"Simples";"Reta";"Sim";1;0;1;0;0;0;1;1;-18,92417;-54,83539;"SR-MS";"UOP02";"DEL06"
274553;2020-03-10;"terça-feira";"14:00:00";"PE";116;23,1;"SALGUEIRO";"Desobediência às normas de trânsito pelo condutor";"Colisão frontal";"Com Vítimas Fatais";"Pleno dia";"Crescente";"Céu Claro";"Simples";"Reta";"Sim";4;2;1;0;1;0;1;2;-8,043696;-39,13878;"SR-PE";"UOP01";"DEL05"
274554;2020-03-10;"terça-feira";"18:30:00";"RS";116;268,6;"CANOAS";"Desobediência às normas de trânsito pelo condutor";"Colisão lateral";"Com Vítimas Feridas";"Pleno dia";"Decrescente";"Céu Claro";"Múltipla";"Reta";"Não";5;0;2;0;3;0;2;5;-29,95043;-51,17653;"SR-RS";"UOP01";"DEL01"
274555;2020-03-10;"terça-feira";"16:30:00";"RJ";116;81;"TERESOPOLIS";"Falta de Atenção à Condução";"Capotamento";"Com Vítimas Fatais";"Pleno dia";"Crescente";"Céu Claro";"Simples";"Curva";"Não";1;1;0;0;0;0;0;1;-22,42189;-42,95099;"SR-RJ";"UOP01";"DEL04"
274556;2020-03-10;"terça-feira";"17:45:00";"SC";282;16,3;"PALHOCA";"Falta de Atenção à Condução";"Colisão traseira";"Com Vítimas Feridas";"Anoitecer";"Crescente";"Céu Claro";"Simples";"Interseção de vias";"Sim";2;0;1;0;1;0;1;2;-27,66168;-48,68452;"SR-SC";"UOP02";"DEL01"
274557;2020-03-10;"terça-feira";"18:00:00";"SC";282;16,3;"PALHOCA";"Falta de Atenção à Condução";"Colisão lateral";"Com Vítimas Feridas";"Anoitecer";"Crescente";"Céu Claro";"Simples";"Reta";"Sim";3;0;1;0;2;0;1;3;-27,65861;-48,68185;"SR-SC";"UOP02";"DEL01"
274558;2020-03-10;"terça-feira";"18:55:00";"TO";226;22,8;"PALMEIRAS DO TOCANTINS";"Defeito na Via";"Tombamento";"Com Vítimas Feridas";"Anoitecer";"Crescente";"Céu Claro";"Simples";"Desvio Temporário";"Não";1;0;1;0;0;0;1;1;-6,634045;-47,63206;"SR-TO";"UOP05";"DEL02"
274559;2020-03-10;"terça-feira";"18:00:00";"AL";104;83,9;"RIO LARGO";"Falta de Atenção à Condução";"Saída de leito carroçável";"Sem Vítimas";"Plena Noite";"Decrescente";"Céu Claro";"Dupla";"Reta";"Não";5;0;0;0;4;1;0;1;-9,45008;-35,83194;"SR-AL";"UOP01";"DEL01"
274560;2020-03-08;"domingo";"19:50:00";"RN";304;288;"MACAIBA";"Defeito Mecânico no Veículo";"Saída de leito carroçável";"Com Vítimas Feridas";"Plena Noite";"Crescente";"Céu Claro";"Simples";"Reta";"Não";2;0;2;0;0;0;2;2;-5,86659;-35,40284;"SR-RN";"UOP02";"DEL01"
274561;2020-03-10;"terça-feira";"16:50:00";"MT";70;522;"VARZEA GRANDE";"Falta de Atenção à Condução";"Colisão transversal";"Com Vítimas Feridas";"Pleno dia";"Decrescente";"Céu Claro";"Simples";"Reta";"Sim";2;0;1;0;1;0;1;2;-15,65762;-56,18915;"SR-MT";"UOP02";"DEL05"
274562;2020-03-10;"terça-feira";"18:05:00";"SC";101;48;"JOINVILLE";"Falta de Atenção à Condução";"Colisão traseira";"Com Vítimas Feridas";"Anoitecer";"Decrescente";"Céu Claro";"Dupla";"Não Informado";"Sim";2;0;0;1;1;0;1;2;-26,37513;-48,85494;"SR-SC";"UOP01";"DEL03"
274563;2020-03-10;"terça-feira";"18:45:00";"MG";153;148,8;"COMENDADOR GOMES";"Restrição de Visibilidade";"Saída de leito carroçável";"Com Vítimas Feridas";"Anoitecer";"Decrescente";"Chuva";"Simples";"Não Informado";"Não";1;0;1;0;0;0;1;1;-19,63284;-48,85121;"SR-MG";"UOP02";"DEL13"
274564;2020-03-10;"terça-feira";"13:30:00";"SC";282;579;"PINHALZINHO";"Não guardar distância de segurança";"Colisão traseira";"Com Vítimas Feridas";"Pleno dia";"Decrescente";"Céu Claro";"Simples";"Reta";"Não";2;0;1;0;1;0;1;2;-26,83544;-52,99058;"SR-SC";"UOP02";"DEL07"
274565;2020-03-10;"terça-feira";"18:00:00";"SP";116;444;"REGISTRO";"Falta de Atenção à Condução";"Engavetamento";"Sem Vítimas";"Anoitecer";"Crescente";"Céu Claro";"Simples";"Não Informado";"Sim";3;0;0;0;2;1;0;3;-24,49129;-47,83615;"SR-SP";"UOP01";"DEL05"
274566;2020-03-10;"terça-feira";"17:35:00";"PE";101;69,1;"RECIFE";"Defeito Mecânico no Veículo";"Danos eventuais";"Sem Vítimas";"Anoitecer";"Crescente";"Céu Claro";"Múltipla";"Reta";"Sim";1;0;0;0;1;0;0;1;-8,060326;-34,94586;"SR-PE";"UOP01";"DEL01"
274567;2020-03-10;"terça-feira";"19:15:00";"RS";290;85;"GRAVATAI";"Não guardar distância de segurança";"Colisão lateral";"Sem Vítimas";"Plena Noite";"Decrescente";"Céu Claro";"Dupla";"Reta";"Não";5;0;0;0;5;0;0;2;-29,96794;-51,10687;"SR-RS";"UOP01";"DEL01"
274568;2020-03-10;"terça-feira";"13:05:00";"SC";470;119;"IBIRAMA";"Falta de Atenção à Condução";"Colisão traseira";"Com Vítimas Feridas";"Pleno dia";"Decrescente";"Céu Claro";"Simples";"Reta";"Não";1;0;1;0;0;0;1;1;-27,08155;-49,52021;"SR-SC";"UOP02";"DEL04"
274569;2020-03-10;"terça-feira";"17:45:00";"SC";101;242,8;"PALHOCA";"Ingestão de Álcool";"Saída de leito carroçável";"Com Vítimas Feridas";"Anoitecer";"Crescente";"Nublado";"Dupla";"Reta";"Não";1;0;1;0;0;0;1;1;-27,87546;-48,64678;"SR-SC";"UOP02";"DEL01"
274570;2020-03-10;"terça-feira";"19:40:00";"SP";116;219;"GUARULHOS";"Falta de Atenção à Condução";"Tombamento";"Com Vítimas Feridas";"Plena Noite";"Crescente";"Nublado";"Múltipla";"Reta";"Sim";1;0;1;0;0;0;1;1;-23,46144;-46,48885;"SR-SP";"UOP01";"DEL01"
274571;2020-03-10;"terça-feira";"18:30:00";"RS";116;231,1;"ESTANCIA VELHA";"Falta de Atenção à Condução";"Colisão transversal";"Com Vítimas Feridas";"Anoitecer";"Decrescente";"Céu Claro";"Múltipla";"Retorno Regulamentado";"Sim";3;0;3;0;0;0;3;2;-29,62743;-51,13859;"SR-RS";"UOP02";"DEL01"
274572;2020-03-10;"terça-feira";"11:45:00";"BA";116;419;"FEIRA DE SANTANA";"Ingestão de Álcool";"Colisão traseira";"Sem Vítimas";"Pleno dia";"Crescente";"Céu Claro";"Múltipla";"Retorno Regulamentado";"Sim";2;0;0;0;2;0;0;2;-12,19453;-38,96534;"SR-BA";"UOP01";"DEL02"
274574;2020-03-10;"terça-feira";"19:30:00";"MT";158;603;"AGUA BOA";"Deficiência ou não Acionamento do Sistema de Iluminação/Sinalização do Veículo";"Colisão traseira";"Com Vítimas Feridas";"Plena Noite";"Decrescente";"Céu Claro";"Simples";"Reta";"Não";2;0;0;1;1;0;1;2;-14,34938;-52,16911;"SR-MT";"UOP02";"DEL07"
274575;2020-03-10;"terça-feira";"19:10:00";"ES";101;368,7;"ANCHIETA";"Velocidade Incompatível";"Tombamento";"Sem Vítimas";"Plena Noite";"Decrescente";"Céu Claro";"Simples";"Curva";"Não";1;0;0;0;1;0;0;1;-20,75375;-40,75895;"SR-ES";"UOP01";"DEL03"
274576;2020-03-10;"terça-feira";"17:30:00";"MT";364;405;"CUIABA";"Falta de Atenção à Condução";"Colisão lateral";"Com Vítimas Feridas";"Anoitecer";"Decrescente";"Céu Claro";"Dupla";"Reta";"Sim";2;0;1;0;1;0;1;2;-15,65807;-55,97979;"SR-MT";"UOP02";"DEL01"
274577;2020-03-10;"terça-feira";"19:35:00";"RS";386;347,3;"LAJEADO";"Não guardar distância de segurança";"Colisão traseira";"Com Vítimas Feridas";"Plena Noite";"Decrescente";"Céu Claro";"Dupla";"Reta";"Sim";3;0;2;0;1;0;2;2;-29,45174;-51,96589;"SR-RS";"UOP01";"DEL04"
274578;2020-03-10;"terça-feira";"19:30:00";"GO";414;437;"ANAPOLIS";"Mal Súbito";"Saída de leito carroçável";"Com Vítimas Feridas";"Plena Noite";"Crescente";"Céu Claro";"Simples";"Reta";"Sim";1;0;1;0;0;0;1;1;-16,26365;-48,93824;"SR-GO";"UOP01";"DEL02"
274579;2020-03-10;"terça-feira";"17:20:00";"SC";470;49,4;"BLUMENAU";"Falta de Atenção à Condução";"Colisão lateral";"Com Vítimas Feridas";"Pleno dia";"Crescente";"Céu Claro";"Simples";"Não Informado";"Sim";2;0;1;0;0;1;1;2;-26,86156;-49,06888;"SR-SC";"UOP01";"DEL04"
274580;2020-03-10;"terça-feira";"19:30:00";"MG";153;108;"PRATA";"Falta de Atenção do Pedestre";"Atropelamento de Pedestre";"Com Vítimas Feridas";"Plena Noite";"Crescente";"Céu Claro";"Dupla";"Reta";"Sim";2;0;1;0;1;0;1;1;-19,29531;-48,90799;"SR-MG";"UOP03";"DEL15"
274581;2020-03-10;"terça-feira";"16:30:00";"SC";282;447;"PONTE SERRADA";"Velocidade Incompatível";"Queda de ocupante de veículo";"Com Vítimas Feridas";"Pleno dia";"Decrescente";"Céu Claro";"Simples";"Curva";"Não";1;0;1;0;0;0;1;1;-26,90707;-51,91177;"SR-SC";"UOP05";"DEL07"
274582;2020-03-10;"terça-feira";"10:15:00";"RJ";393;178;"PARAIBA DO SUL";"Desobediência às normas de trânsito pelo condutor";"Colisão frontal";"Com Vítimas Feridas";"Pleno dia";"Crescente";"Sol";"Simples";"Não Informado";"Sim";2;0;1;0;1;0;1;2;-22,12634;-43,22812;"SR-RJ";"UOP01";"DEL05"
274583;2020-03-10;"terça-feira";"19:50:00";"CE";116;6;"FORTALEZA";"Falta de Atenção à Condução";"Colisão traseira";"Com Vítimas Feridas";"Plena Noite";"Crescente";"Ignorado";"Múltipla";"Viaduto";"Sim";2;0;1;0;1;0;1;2;-3,802624;-38,504;"SR-CE";"UOP02";"DEL01"
274584;2020-03-10;"terça-feira";"20:10:00";"ES";262;157,8;"IBATIBA";"Falta de Atenção à Condução";"Colisão traseira";"Com Vítimas Feridas";"Plena Noite";"Decrescente";"Nublado";"Simples";"Reta";"Sim";2;0;1;0;1;0;1;2;-20,23179;-41,49346;"SR-ES";"UOP02";"DEL01"
274585;2020-03-10;"terça-feira";"16:15:00";"SC";280;276,8;"IRINEOPOLIS";"Falta de Atenção à Condução";"Colisão transversal";"Com Vítimas Feridas";"Pleno dia";"Crescente";"Sol";"Simples";"Reta";"Não";2;0;2;0;0;0;2;2;-26,29088;-50,78962;"SR-SC";"UOP04";"DEL06"
274586;2020-03-10;"terça-feira";"20:15:00";"SC";101;120;"ITAJAI";"Falta de Atenção à Condução";"Tombamento";"Com Vítimas Feridas";"Plena Noite";"Decrescente";"Céu Claro";"Dupla";"Reta";"Não";2;0;1;1;0;0;2;1;-26,91276;-48,712;"SR-SC";"UOP04";"DEL04"
274587;2020-03-10;"terça-feira";"18:30:00";"RJ";101;328;"RIO DE JANEIRO";"Não guardar distância de segurança";"Colisão traseira";"Com Vítimas Feridas";"Anoitecer";"Decrescente";"Céu Claro";"Múltipla";"Reta";"Sim";3;0;2;0;1;0;2;2;-22,87029;-43,1658;"SR-RJ";"UOP01";"DEL02"
274589;2020-03-10;"terça-feira";"20:50:00";"SP";116;2;"GUARULHOS";"Desobediência às normas de trânsito pelo condutor";"Colisão lateral";"Com Vítimas Feridas";"Plena Noite";"Decrescente";"Céu Claro";"Dupla";"Reta";"Sim";2;0;1;0;1;0;1;2;-23,46326;-46,53373;"SR-SP";"UOP01";"DEL01"
274590;2020-03-10;"terça-feira";"18:45:00";"MT";364;349;"SANTO ANTONIO DO LEVERGER";"Defeito Mecânico no Veículo";"Tombamento";"Com Vítimas Feridas";"Plena Noite";"Crescente";"Ignorado";"Dupla";"Curva";"Não";1;0;0;1;0;0;1;1;-15,80503;-55,55464;"SR-MT";"UOP02";"DEL01"
274592;2020-03-10;"terça-feira";"20:00:00";"BA";324;543;"AMELIA RODRIGUES";"Mal Súbito";"Colisão com objeto estático";"Com Vítimas Feridas";"Plena Noite";"Decrescente";"Nublado";"Dupla";"Retorno Regulamentado";"Sim";1;0;1;0;0;0;1;1;-12,39713;-38,76807;"SR-BA";"UOP01";"DEL01"
274593;2020-03-10;"terça-feira";"19:50:00";"CE";116;25,5;"ITAITINGA";"Não guardar distância de segurança";"Colisão traseira";"Com Vítimas Feridas";"Plena Noite";"Crescente";"Nublado";"Dupla";"Reta";"Sim";3;0;1;0;2;0;1;2;-3,966333;-38,51525;"SR-CE";"UOP02";"DEL01"
274594;2020-03-10;"terça-feira";"18:00:00";"SC";282;557,6;"NOVA ITABERABA";"Falta de Atenção à Condução";"Colisão frontal";"Com Vítimas Fatais";"Pleno dia";"Decrescente";"Sol";"Simples";"Não Informado";"Não";3;1;0;0;1;1;0;2;-26,93212;-52,82912;"SR-SC";"UOP01";"DEL07"