"id";"data_inversa";"dia_semana";"horario";"uf";"br";"km";"municipio";"causa_acidente";"tipo_acidente";"classificacao_acidente";"fase_dia";"sentido_via";"condicao_metereologica";"tipo_pista";"tracado_via";"uso_solo";"pessoas";"mortos";"feridos_leves";"feridos_graves";"ilesos";"ignorados";"feridos";"veiculos";"latitude";"longitude";"regional";"delegacia";"uop"
274595;2020-03-10;"terça-feira";"20:20:00";"MS";60;431,1;"SIDROLANDIA";"Condutor Dormindo";"Saída de leito carroçável";"Com Vítimas Feridas";"Plena Noite";"Decrescente";"Céu Claro";"Simples";"Rotatória";"Sim";1;0;0;1;0;0;1;1;-20,97883;-54,97255;"SR-MS";"UOP04";"DEL01"
274596;2020-03-10;"terça-feira";"21:00:00";"SP";381;34;"ATIBAIA";"Desobediência às normas de trânsito pelo pedestre";"Atropelamento de Pedestre";"Com Vítimas Feridas";"Plena Noite";"Crescente";"Céu Claro";"Dupla";"Reta";"Não";2;0;0;1;0;1;1;1;-23,07994;-46,56986;"SR-SP";"UOP01";"DEL03"
274597;2020-03-10;"terça-feira";"19:40:00";"RJ";116;308,2;"RESENDE";"Falta de Atenção à Condução";"Colisão lateral";"Sem Vítimas";"Plena Noite";"Crescente";"Nublado";"Dupla";"Reta";"Não";2;0;0;0;2;0;0;2;-22,45783;-44,41869;"SR-RJ";"UOP02";"DEL07"
274598;2020-03-10;"terça-feira";"20:30:00";"MG";116;704,6;"MURIAE";"Falta de Atenção à Condução";"Colisão transversal";"Com Vítimas Feridas";"Plena Noite";"Decrescente";"Ignorado";"Simples";"Interseção de vias";"Sim";2;0;1;0;1;0;1;2;-21,12488;-42,38146;"SR-MG";"UOP02";"DEL07"
274600;2020-03-10;"terça-feira";"20:00:00";"PR";277;428,4;"VIRMOND";"Desobediência às normas de trânsito pelo condutor";"Colisão traseira";"Com Vítimas Feridas";"Plena Noite";"Crescente";"Céu Claro";"Simples";"Reta";"Não";2;0;0;1;0;1;1;2;-25,3777;-52,1894;"SR-PR";"UOP03";"DEL04"
274601;2020-03-10;"terça-feira";"22:10:00";"SP";116;271,8;"EMBU DAS ARTES";"Falta de Atenção à Condução";"Atropelamento de Pedestre";"Com Vítimas Feridas";"Plena Noite";"Decrescente";"Céu Claro";"Dupla";"Reta";"Sim";2;0;0;1;0;1;1;1;-23,6208;-46,8119;"SR-SP";"UOP01";"DEL04"
274602;2020-03-10;"terça-feira";"13:30:00";"MG";251;365;"PADRE CARVALHO";"Falta de Atenção à Condução";"Colisão transversal";"Com Vítimas Feridas";"Pleno dia";"Decrescente";"Céu Claro";"Simples";"Curva";"Não";1;0;0;1;0;0;1;1;-16,26091;-42,48441;"SR-MG";"UOP01";"DEL12"
274603;2020-03-10;"terça-feira";"20:00:00";"SC";163;109,2;"GUARUJA DO SUL";"Desobediência às normas de trânsito pelo condutor";"Colisão lateral";"Com Vítimas Feridas";"Plena Noite";"Decrescente";"Céu Claro";"Simples";"Curva";"Não";7;0;3;1;3;0;4;2;-26,39766;-53,52474;"SR-SC";"UOP04";"DEL07"
274604;2020-03-10;"terça-feira";"21:15:00";"RJ";40;31,3;"AREAL";"Condutor Dormindo";"Tombamento";"Com Vítimas Feridas";"Plena Noite";"Crescente";"Céu Claro";"Dupla";"Curva";"Não";1;0;1;0;0;0;1;1;-22,19246;-43,16023;"SR-RJ";"UOP01";"DEL06"
274605;2020-03-10;"terça-feira";"18:30:00";"RJ";101;53,7;"CAMPOS DOS GOYTACAZES";"Falta de Atenção à Condução";"Colisão com objeto em movimento";"Com Vítimas Feridas";"Anoitecer";"Decrescente";"Céu Claro";"Simples";"Reta";"Não";1;0;0;1;0;0;1;1;-21,66048;-41,31129;"SR-RJ";"UOP01";"DEL08"
274606;2020-03-10;"terça-feira";"20:00:00";"GO";158;271;"JATAI";"Ingestão de Álcool";"Queda de ocupante de veículo";"Com Vítimas Feridas";"Plena Noite";"Decrescente";"Céu Claro";"Simples";"Reta";"Sim";1;0;1;0;0;0;1;1;-17,8729;-51,72988;"SR-GO";"UOP01";"DEL05"
274607;2020-03-10;"terça-feira";"14:20:00";"AC";364;134;"RIO BRANCO";"Defeito na Via";"Colisão com objeto estático";"Sem Vítimas";"Pleno dia";"Crescente";"Céu Claro";"Dupla";"Reta";"Sim";1;0;0;0;1;0;0;1;-9,993501;-67,84868;"SR-AC";"UOP01";"DEL01"
274608;2020-03-10;"terça-feira";"22:25:00";"PR";376;176;"MARINGA";"Ingestão de Álcool";"Colisão traseira";"Com Vítimas Feridas";"Plena Noite";"Crescente";"Céu Claro";"Dupla";"Reta";"Sim";3;0;1;0;2;0;1;3;-23,41123;-51,93979;"SR-PR";"UOP01";"DEL09"
274609;2020-03-10;"terça-feira";"21:20:00";"RS";116;99,2;"SAO MARCOS";"Velocidade Incompatível";"Tombamento";"Com Vítimas Feridas";"Plena Noite";"Decrescente";"Céu Claro";"Simples";"Não Informado";"Não";1;0;1;0;0;0;1;1;-28,88093;-51,12783;"SR-RS";"UOP01";"DEL05"
274610;2020-03-10;"terça-feira";"23:00:00";"GO";60;101,1;"ANAPOLIS";"Ingestão de Álcool";"Saída de leito carroçável";"Com Vítimas Feridas";"Plena Noite";"Decrescente";"Céu Claro";"Dupla";"Reta";"Sim";1;0;1;0;0;0;1;1;-16,4022;-48,9745;"SR-GO";"UOP01";"DEL02"
274611;2020-03-10;"terça-feira";"23:10:00";"SC";101;41;"JOINVILLE";"Defeito Mecânico no Veículo";"Colisão transversal";"Com Vítimas Feridas";"Plena Noite";"Crescente";"Céu Claro";"Simples";"Rotatória";"Sim";2;0;1;0;1;0;1;2;-26,3186;-48,87224;"SR-SC";"UOP01";"DEL03"
274612;2020-03-10;"terça-feira";"21:40:00";"PR";277;343,8;"GUARAPUAVA";"Ingestão de Álcool";"Colisão traseira";"Com Vítimas Feridas";"Plena Noite";"Decrescente";"Céu Claro";"Dupla";"Reta";"Sim";2;0;1;0;0;1;1;2;-25,36388;-51,47335;"SR-PR";"UOP01";"DEL08"
274614;2020-03-10;"terça-feira";"17:50:00";"PI";230;308;"FLORIANO";"Defeito Mecânico no Veículo";"Danos eventuais";"Sem Vítimas";"Plena Noite";"Decrescente";"Céu Claro";"Simples";"Reta";"Sim";1;0;0;0;1;0;0;1;-6,781593;-43,00122;"SR-PI";"UOP01";"DEL03"
274615;2020-03-10;"terça-feira";"23:30:00";"CE";122;72,7;"IBARETAMA";"Animais na Pista";"Atropelamento de Animal";"Sem Vítimas";"Plena Noite";"Crescente";"Céu Claro";"Simples";"Reta";"Não";3;0;0;0;3;0;0;1;-4,816291;-38,8225;"SR-CE";"UOP02";"DEL03"
274616;2020-03-11;"quarta-feira";"00:10:00";"BA";324;581,7;"CANDEIAS";"Falta de Atenção à Condução";"Tombamento";"Sem Vítimas";"Pleno dia";"Crescente";"Céu Claro";"Dupla";"Reta";"Não";1;0;0;0;1;0;0;1;-12,61436;-38,48681;"SR-BA";"UOP01";"DEL01"
274617;2020-03-10;"terça-feira";"17:00:00";"MT";70;185;"GENERAL CARNEIRO";"Falta de Atenção à Condução";"Colisão lateral";"Sem Vítimas";"Anoitecer";"Crescente";"Céu Claro";"Simples";"Curva";"Não";3;0;0;0;3;0;0;2;-15,70694;-53,61956;"SR-MT";"UOP01";"DEL05"
274618;2020-03-11;"quarta-feira";"00:30:00";"PI";343;8,7;"PARNAIBA";"Desobediência às normas de trânsito pelo condutor";"Tombamento";"Com Vítimas Feridas";"Plena Noite";"Decrescente";"Céu Claro";"Simples";"Reta";"Sim";1;0;0;1;0;0;1;1;-2,900524;-41,73019;"SR-PI";"UOP01";"DEL05"
274619;2020-03-10;"terça-feira";"17:20:00";"PR";376;302,8;"MAUA DA SERRA";"Carga excessiva e/ou mal acondicionada";"Colisão lateral";"Sem Vítimas";"Anoitecer";"Crescente";"Céu Claro";"Dupla";"Não Informado";"Não";3;0;0;0;3;0;0;2;-23,93645;-51,14711;"SR-PR";"UOP02";"DEL07"
274620;2020-03-11;"quarta-feira";"00:40:00";"SP";116;63,6;"GUARATINGUETA";"Falta de Atenção à Condução";"Colisão com objeto estático";"Com Vítimas Feridas";"Plena Noite";"Decrescente";"Nublado";"Dupla";"Reta";"Sim";1;0;0;1;0;0;1;1;-22,81768;-45,18153;"SR-SP";"UOP02";"DEL08"
274621;2020-03-11;"quarta-feira";"02:00:00";"TO";153;147;"ARAGUAINA";"Condutor Dormindo";"Saída de leito carroçável";"Sem Vítimas";"Plena Noite";"Decrescente";"Nublado";"Dupla";"Reta";"Sim";3;0;0;0;3;0;0;1;-7,221757;-48,24826;"SR-TO";"UOP04";"DEL02"
274623;2020-03-11;"quarta-feira";"00:40:00";"MG";381;386;"SAO GONCALO DO RIO ABAIXO";"Condutor Dormindo";"Colisão com objeto estático";"Com Vítimas Feridas";"Plena Noite";"Crescente";"Céu Claro";"Simples";"Não Informado";"Não";4;0;3;1;0;0;4;1;-19,79738;-43,4174;"SR-MG";"UOP01";"DEL01"
274624;2020-03-11;"quarta-feira";"02:00:00";"SP";116;25,8;"LAVRINHAS";"Condutor Dormindo";"Colisão traseira";"Com Vítimas Feridas";"Plena Noite";"Crescente";"Céu Claro";"Múltipla";"Reta";"Não";2;0;0;1;1;0;1;2;-22,60593;-44,89504;"SR-SP";"UOP01";"DEL08"
274625;2020-03-11;"quarta-feira";"00:50:00";"ES";101;270,9;"SERRA";"Velocidade Incompatível";"Tombamento";"Sem Vítimas";"Plena Noite";"Crescente";"Nublado";"Dupla";"Curva";"Sim";1;0;0;0;1;0;0;1;-20,22662;-40,27075;"SR-ES";"UOP01";"DEL02"
274626;2020-03-11;"quarta-feira";"03:30:00";"PR";376;494,1;"PONTA GROSSA";"Velocidade Incompatível";"Capotamento";"Sem Vítimas";"Plena Noite";"Decrescente";"Céu Claro";"Dupla";"Reta";"Não";1;0;0;0;0;1;0;1;-25,16567;-50,11641;"SR-PR";"UOP02";"DEL03"
274627;2020-03-11;"quarta-feira";"03:40:00";"PE";101;46,7;"IGARASSU";"Falta de Atenção do Pedestre";"Atropelamento de Pedestre";"Sem Vítimas";"Plena Noite";"Decrescente";"Céu Claro";"Múltipla";"Reta";"Sim";3;0;0;0;1;2;0;1;-7,877291;-34,9055;"SR-PE";"UOP02";"DEL01"
274628;2020-03-11;"quarta-feira";"03:55:00";"MG";267;169,5;"LIMA DUARTE";"Condutor Dormindo";"Saída de leito carroçável";"Com Vítimas Feridas";"Plena Noite";"Crescente";"Céu Claro";"Simples";"Reta";"Não";2;0;2;0;0;0;2;1;-21,85894;-43,85841;"SR-MG";"UOP01";"DEL05"
274629;2020-03-11;"quarta-feira";"03:10:00";"SC";280;112;"SAO BENTO DO SUL";"Condutor Dormindo";"Saída de leito carroçável";"Com Vítimas Fatais";"Plena Noite";"Crescente";"Céu Claro";"Simples";"Curva";"Não";3;2;1;0;0;0;1;1;-26,2918;-49,40191;"SR-SC";"UOP03";"DEL06"
274630;2020-03-11;"quarta-feira";"04:01:00";"RS";290;107,9;"ELDORADO DO SUL";"Ingestão de Álcool";"Colisão traseira";"Com Vítimas Feridas";"Plena Noite";"Decrescente";"Céu Claro";"Dupla";"Reta";"Não";2;0;1;0;1;0;1;2;-30,00185;-51,30426;"SR-RS";"UOP01";"DEL02"
274631;2020-03-11;"quarta-feira";"04:20:00";"PR";116;72,8;"QUATRO BARRAS";"Condutor Dormindo";"Saída de leito carroçável";"Com Vítimas Feridas";"Plena Noite";"Decrescente";"Céu Claro";"Dupla";"Não Informado";"Não";1;0;1;0;0;0;1;1;-25,35167;-49,0425;"SR-PR";"UOP01";"DEL01"
274632;2020-03-11;"quarta-feira";"05:35:00";"SC";470;65,3;"INDAIAL";"Velocidade Incompatível";"Colisão traseira";"Com Vítimas Feridas";"Plena Noite";"Decrescente";"Céu Claro";"Simples";"Reta";"Sim";2;0;1;0;0;1;1;2;-26,87089;-49,21617;"SR-SC";"UOP01";"DEL04"
274633;2020-03-11;"quarta-feira";"05:55:00";"SC";470;66,3;"INDAIAL";"Falta de Atenção à Condução";"Saída de leito carroçável";"Com Vítimas Feridas";"Pleno dia";"Crescente";"Nublado";"Simples";"Não Informado";"Sim";1;0;1;0;0;0;1;1;-26,86987;-49,22444;"SR-SC";"UOP01";"DEL04"
274634;2020-03-10;"terça-feira";"18:40:00";"MG";262;477,7;"BOM DESPACHO";"Restrição de Visibilidade";"Colisão transversal";"Com Vítimas Feridas";"Plena Noite";"Decrescente";"Céu Claro";"Simples";"Interseção de vias";"Não";3;0;1;0;2;0;1;2;-19,78873;-45,22074;"SR-MG";"UOP03";"DEL08"
274635;2020-03-11;"quarta-feira";"06:00:00";"SC";470;50,6;"BLUMENAU";"Falta de Atenção à Condução";"Colisão com objeto estático";"Com Vítimas Feridas";"Amanhecer";"Crescente";"Nublado";"Simples";"Não Informado";"Sim";1;0;1;0;0;0;1;1;-26,8616;-49,08186;"SR-SC";"UOP01";"DEL04"
274636;2020-03-11;"quarta-feira";"05:10:00";"PB";230;160;"CAMPINA GRANDE";"Falta de Atenção à Condução";"Colisão transversal";"Com Vítimas Feridas";"Amanhecer";"Decrescente";"Céu Claro";"Simples";"Reta";"Não";2;0;1;1;0;0;2;2;-7,24379;-35,93752;"SR-PB";"UOP01";"DEL02"
274637;2020-03-11;"quarta-feira";"06:20:00";"MG";381;497,8;"BETIM";"Defeito Mecânico no Veículo";"Incêndio";"Com Vítimas Feridas";"Amanhecer";"Decrescente";"Céu Claro";"Dupla";"Não Informado";"Sim";2;0;1;0;1;0;1;1;-20,00484;-44,21367;"SR-MG";"UOP03";"DEL01"
274638;2020-03-11;"quarta-feira";"06:10:00";"MG";262;364;"JUATUBA";"Mal Súbito";"Colisão traseira";"Com Vítimas Feridas";"Pleno dia";"Decrescente";"Céu Claro";"Dupla";"Reta";"Não";2;0;1;0;1;0;1;2;-19,98291;-44,24493;"SR-MG";"UOP03";"DEL01"
274639;2020-03-11;"quarta-feira";"06:30:00";"RS";116;144,1;"CAXIAS DO SUL";"Velocidade Incompatível";"Tombamento";"Com Vítimas Feridas";"Amanhecer";"Crescente";"Céu Claro";"Dupla";"Reta";"Sim";1;0;0;1;0;0;1;1;-29,12674;-51,12769;"SR-RS";"UOP01";"DEL05"
274640;2020-03-11;"quarta-feira";"05:00:00";"MG";381;297,6;"ANTONIO DIAS";"Restrição de Visibilidade";"Saída de leito carroçável";"Com Vítimas Feridas";"Amanhecer";"Decrescente";"Céu Claro";"Simples";"Túnel";"Não";3;0;0;1;1;1;1;2;-19,62552;-42,83587;"SR-MG";"UOP02";"DEL03"
274641;2020-03-11;"quarta-feira";"07:00:00";"SC";470;69,9;"INDAIAL";"Falta de Atenção à Condução";"Colisão traseira";"Com Vítimas Feridas";"Pleno dia";"Crescente";"Nublado";"Simples";"Não Informado";"Sim";2;0;1;0;0;1;1;2;-26,88998;-49,25524;"SR-SC";"UOP01";"DEL04"
274642;2020-03-11;"quarta-feira";"01:15:00";"RS";116;397,2;"CAMAQUA";"Defeito Mecânico no Veículo";"Incêndio";"Sem Vítimas";"Plena Noite";"Crescente";"Nublado";"Simples";"Reta";"Sim";1;0;0;0;1;0;0;1;-30,85669;-51,78404;"SR-RS";"UOP02";"DEL02"
274643;2020-03-11;"quarta-feira";"07:10:00";"GO";153;506;"APARECIDA DE GOIANIA";"Falta de Atenção à Condução";"Colisão lateral";"Com Vítimas Feridas";"Pleno dia";"Decrescente";"Céu Claro";"Dupla";"Reta";"Sim";2;0;1;0;1;0;1;2;-16,7633;-49,24;"SR-GO";"UOP01";"DEL01"
274644;2020-03-11;"quarta-feira";"07:00:00";"PR";369;156;"LONDRINA";"Falta de Atenção à Condução";"Colisão lateral";"Com Vítimas Feridas";"Pleno dia";"Decrescente";"Céu Claro";"Dupla";"Reta";"Sim";2;0;1;0;1;0;1;2;-23,29238;-51,21562;"SR-PR";"UOP01";"DEL07"
274645;2020-03-11;"quarta-feira";"07:15:00";"SP";116;145,8;"SAO JOSE DOS CAMPOS";"Falta de Atenção à Condução";"Colisão lateral";"Sem Vítimas";"Pleno dia";"Decrescente";"Céu Claro";"Dupla";"Reta";"Não";3;0;0;0;3;0;0;3;-23,18698;-45,85481;"SR-SP";"UOP01";"DEL02"
274646;2020-03-11;"quarta-feira";"07:40:00";"PR";476;122,7;"CURITIBA";"Falta de Atenção à Condução";"Colisão lateral";"Com Vítimas Feridas";"Pleno dia";"Decrescente";"Céu Claro";"Múltipla";"Reta";"Sim";2;0;1;0;1;0;1;2;-25,38577;-49,20338;"SR-PR";"UOP06";"DEL01"
274647;2020-03-11;"quarta-feira";"07:10:00";"RJ";393;131;"SAPUCAIA";"Falta de Atenção à Condução";"Tombamento";"Com Vítimas Feridas";"Pleno dia";"Crescente";"Céu Claro";"Simples";"Curva";"Sim";1;0;1;0;0;0;1;1;-21,96975;-42,87664;"SR-RJ";"UOP02";"DEL06"
274648;2020-03-11;"quarta-feira";"06:50:00";"ES";101;297,5;"VIANA";"Falta de Atenção à Condução";"Colisão lateral";"Com Vítimas Feridas";"Pleno dia";"Crescente";"Sol";"Dupla";"Reta";"Sim";2;0;1;0;1;0;1;2;-20,35023;-40,41281;"SR-ES";"UOP01";"DEL01"
274649;2020-03-11;"quarta-feira";"07:40:00";"RJ";116;181;"NOVA IGUACU";"Falta de Atenção à Condução";"Colisão traseira";"Com Vítimas Feridas";"Pleno dia";"Decrescente";"Céu Claro";"Múltipla";"Reta";"Não";4;0;1;0;3;0;1;3;-22,76131;-43,42349;"SR-RJ";"UOP02";"DEL01"
274650;2020-03-11;"quarta-feira";"07:20:00";"BA";116;426;"FEIRA DE SANTANA";"Objeto estático sobre o leito carroçável";"Queda de ocupante de veículo";"Com Vítimas Feridas";"Pleno dia";"Decrescente";"Céu Claro";"Simples";"Reta";"Sim";1;0;1;0;0;0;1;1;-12,2603;-38,98945;"SR-BA";"UOP01";"DEL02"
274651;2020-03-08;"domingo";"01:50:00";"RJ";101;398;"ITAGUAI";"Ingestão de Álcool";"Colisão com objeto estático";"Com Vítimas Feridas";"Plena Noite";"Crescente";"Nublado";"Dupla";"Curva";"Não";1;0;0;1;0;0;1;1;-22,86636;-43,75106;"SR-RJ";"UOP01";"DEL03"
274653;2020-03-11;"quarta-feira";"08:10:00";"RS";480;71,7;"ERECHIM";"Desobediência às normas de trânsito pelo condutor";"Colisão transversal";"Com Vítimas Feridas";"Pleno dia";"Crescente";"Sol";"Simples";"Interseção de vias";"Não";3;0;1;0;2;0;1;2;-27,63463;-52,31419;"SR-RS";"UOP04";"DEL08"
274654;2020-03-11;"quarta-feira";"05:00:00";"SC";101;47,8;"JOINVILLE";"Velocidade Incompatível";"Colisão traseira";"Com Vítimas Fatais";"Plena Noite";"Decrescente";"Nublado";"Dupla";"Curva";"Sim";4;1;0;1;1;1;1;2;-26,37408;-48,85575;"SR-SC";"UOP01";"DEL03"
274655;2020-03-11;"quarta-feira";"08:00:00";"RS";116;142,7;"CAXIAS DO SUL";"Falta de Atenção do Pedestre";"Atropelamento de Pedestre";"Com Vítimas Feridas";"Pleno dia";"Decrescente";"Sol";"Dupla";"Curva";"Não";2;0;0;1;1;0;1;1;-29,11727;-51,11521;"SR-RS";"UOP01";"DEL05"
274656;2020-03-11;"quarta-feira";"07:40:00";"DF";20;6,7;"BRASILIA";"Desobediência às normas de trânsito pelo condutor";"Colisão traseira";"Com Vítimas Feridas";"Pleno dia";"Crescente";"Céu Claro";"Dupla";"Reta";"Sim";2;0;0;1;1;0;1;2;-15,66589;-47,80831;"SR-DF";"UOP01";"DEL02"
274657;2020-03-11;"quarta-feira";"07:40:00";"PI";343;13;"PARNAIBA";"Falta de Atenção à Condução";"Colisão lateral";"Sem Vítimas";"Pleno dia";"Crescente";"Nublado";"Dupla";"Reta";"Sim";3;0;0;0;3;0;0;3;-2,91889;-41,75418;"SR-PI";"UOP01";"DEL05"
274658;2020-03-11;"quarta-feira";"08:20:00";"MG";381;572,1;"ITAGUARA";"Falta de Atenção à Condução";"Saída de leito carroçável";"Com Vítimas Feridas";"Pleno dia";"Decrescente";"Céu Claro";"Dupla";"Reta";"Não";2;0;1;0;1;0;1;1;-20,45207;-44,56891;"SR-MG";"UOP03";"DEL04"
274659;2020-03-11;"quarta-feira";"07:45:00";"PR";277;1,6;"PARANAGUA";"Falta de Atenção à Condução";"Colisão lateral";"Com Vítimas Feridas";"Amanhecer";"Crescente";"Céu Claro";"Simples";"Reta";"Sim";2;0;1;0;1;0;1;2;-25,5682;-48,61529;"SR-PR";"UOP07";"DEL01"
274660;2020-03-11;"quarta-feira";"07:10:00";"BA";324;625;"SALVADOR";"Falta de Atenção à Condução";"Colisão lateral";"Com Vítimas Feridas";"Pleno dia";"Decrescente";"Céu Claro";"Dupla";"Reta";"Sim";2;0;1;0;0;1;1;2;-12,94195;-38,47081;"SR-BA";"UOP01";"DEL01"
274661;2020-03-11;"quarta-feira";"08:05:00";"GO";40;2,2;"VALPARAISO DE GOIAS";"Falta de Atenção à Condução";"Colisão transversal";"Com Vítimas Feridas";"Pleno dia";"Decrescente";"Céu Claro";"Dupla";"Retorno Regulamentado";"Sim";3;0;1;0;2;0;1;3;-16,06713;-47,98423;"SR-DF";"UOP01";"DEL01"
274662;2020-03-11;"quarta-feira";"08:00:00";"PR";277;80,9;"CURITIBA";"Falta de Atenção à Condução";"Colisão lateral";"Com Vítimas Feridas";"Pleno dia";"Crescente";"Céu Claro";"Dupla";"Reta";"Sim";2;0;1;0;1;0;1;2;-25,56894;-49,18198;"SR-PR";"UOP04";"DEL01"
274663;2020-03-11;"quarta-feira";"08:25:00";"MG";381;929,8;"ITAPEVA";"Velocidade Incompatível";"Tombamento";"Com Vítimas Feridas";"Pleno dia";"Crescente";"Céu Claro";"Dupla";"Não Informado";"Não";1;0;0;1;0;0;1;1;-22,77076;-46,23562;"SR-MG";"UOP03";"DEL16"
274664;2020-01-27;"segunda-feira";"10:40:00";"BA";101;689,1;"ITAGIMIRIM";"Falta de Atenção à Condução";"Colisão traseira";"Com Vítimas Feridas";"Pleno dia";"Crescente";"Céu Claro";"Simples";"Reta";"Não";3;0;1;0;2;0;1;3;-16,13746;-39,60097;"SR-BA";"UOP01";"DEL09"
274665;2020-03-11;"quarta-feira";"02:00:00";"RJ";40;2,5;"COMENDADOR LEVY GASPARIAN";"Falta de Atenção à Condução";"Saída de leito carroçável";"Com Vítimas Feridas";"Plena Noite";"Crescente";"Céu Claro";"Dupla";"Curva";"Não";1;0;1;0;0;0;1;1;-22,01144;-43,25079;"SR-RJ";"UOP01";"DEL06"
274666;2020-02-01;"sábado";"17:15:00";"GO";153;18;"PORANGATU";"Ultrapassagem Indevida";"Colisão frontal";"Com Vítimas Fatais";"Pleno dia";"Decrescente";"Sol";"Simples";"Reta";"Não";61;3;26;4;28;0;30;2;-12,9874;-49,15126;"SR-GO";"DEL1/7";"UOP01/GO"
274667;2020-03-11;"quarta-feira";"05:40:00";"MG";381;217,3;"NAQUE";"Falta de Atenção à Condução";"Saída de leito carroçável";"Com Vítimas Feridas";"Pleno dia";"Decrescente";"Céu Claro";"Simples";"Reta";"Não";1;0;1;0;0;0;1;1;-19,24827;-42,33837;"SR-MG";"UOP01";"DEL06"
274668;2020-03-11;"quarta-feira";"08:40:00";"CE";116;5;"FORTALEZA";"Não guardar distância de segurança";"Colisão traseira";"Com Vítimas Feridas";"Pleno dia";"Decrescente";"Chuva";"Múltipla";"Reta";"Sim";3;0;1;0;2;0;1;2;-3,794671;-38,50773;"SR-CE";"UOP02";"DEL01"
274669;2020-03-11;"quarta-feira";"08:20:00";"GO";153;365,2;"JARAGUA";"Velocidade Incompatível";"Colisão frontal";"Com Vítimas Feridas";"Pleno dia";"Decrescente";"Céu Claro";"Simples";"Curva";"Não";3;0;0;1;2;0;1;3;-15,79134;-49,30202;"SR-GO";"UOP02";"DEL02"
274671;2020-03-11;"quarta-feira";"08:50:00";"RS";392;131,6;"CANGUCU";"Falta de Atenção à Condução";"Saída de leito carroçável";"Com Vítimas Feridas";"Pleno dia";"Decrescente";"Céu Claro";"Simples";"Não Informado";"Não";1;0;1;0;0;0;1;1;-31,32068;-52,76038;"SR-RS";"UOP01";"DEL07"
274672;2020-03-11;"quarta-feira";"08:50:00";"SC";101;215;"PALHOCA";"Desobediência às normas de trânsito pelo condutor";"Colisão lateral";"Com Vítimas Feridas";"Pleno dia";"Crescente";"Céu Claro";"Simples";"Interseção de vias";"Sim";2;0;1;0;1;0;1;2;-27,65185;-48,67605;"SR-SC";"UOP02";"DEL01"
274673;2020-03-11;"quarta-feira";"09:10:00";"PB";101;78;"SANTA RITA";"Velocidade Incompatível";"Saída de leito carroçável";"Com Vítimas Feridas";"Pleno dia";"Crescente";"Sol";"Dupla";"Reta";"Não";1;0;0;1;0;0;1;1;-7,108083;-34,96294;"SR-PB";"UOP03";"DEL01"
274674;2020-03-11;"quarta-feira";"09:00:00";"PE";101;45,7;"IGARASSU";"Defeito Mecânico no Veículo";"Colisão lateral";"Sem Vítimas";"Pleno dia";"Decrescente";"Chuva";"Múltipla";"Reta";"Sim";3;0;0;0;3;0;0;3;-7,865213;-34,90715;"SR-PE";"UOP02";"DEL01"
274676;2020-03-11;"quarta-feira";"08:45:00";"RJ";116;89;"TERESOPOLIS";"Defeito Mecânico no Veículo";"Incêndio";"Sem Vítimas";"Pleno dia";"Decrescente";"Céu Claro";"Simples";"Reta";"Sim";2;0;0;0;2;0;0;1;-22,45706;-42,96222;"SR-RJ";"UOP02";"DEL04"
274677;2020-03-11;"quarta-feira";"08:30:00";"MT";70;515;"VARZEA GRANDE";"Falta de Atenção à Condução";"Colisão transversal";"Com Vítimas Feridas";"Pleno dia";"Crescente";"Céu Claro";"Simples";"Curva";"Sim";3;0;1;0;1;1;1;2;-15,70634;-56,13258;"SR-MT";"UOP02";"DEL05"
274678;2020-03-11;"quarta-feira";"09:32:00";"SP";116;229;"SAO PAULO";"Não guardar distância de segurança";"Colisão traseira";"Com Vítimas Feridas";"Pleno dia";"Crescente";"Céu Claro";"Múltipla";"Reta";"Sim";2;0;1;0;1;0;1;2;-23,51292;-46,57605;"SR-SP";"UOP01";"DEL01"
274679;2020-03-05;"quinta-feira";"15:20:00";"MT";364;261;"JUSCIMEIRA";"Falta de Atenção à Condução";"Queda de ocupante de veículo";"Com Vítimas Feridas";"Pleno dia";"Decrescente";"Céu Claro";"Simples";"Desvio Temporário";"Sim";3;0;1;1;1;0;2;2;-16,03147;-54,89456;"SR-MT";"UOP02";"DEL05"
274681;2020-03-11;"quarta-feira";"08:15:00";"BA";242;728;"CRISTOPOLIS";"Pista Escorregadia";"Capotamento";"Com Vítimas Feridas";"Pleno dia";"Decrescente";"Chuva";"Simples";"Reta";"Não";1;0;1;0;0;0;1;1;-12,21856;-44,44485;"SR-BA";"UOP01";"DEL10"
274683;2020-02-21;"sexta-feira";"00:15:00";"MG";50;53;"UBERLANDIA";"Falta de Atenção à Condução";"Capotamento";"Com Vítimas Feridas";"Plena Noite";"Crescente";"Vento";"Dupla";"Curva";"Não";1;0;0;1;0;0;1;1;-18,75905;-48,24054;"SR-MG";"UOP02";"DEL15"
274684;2020-03-11;"quarta-feira";"07:20:00";"SC";101;39;"JOINVILLE";"Desobediência às normas de trânsito pelo condutor";"Queda de ocupante de veículo";"Com Vítimas Feridas";"Pleno dia";"Decrescente";"Céu Claro";"Dupla";"Reta";"Sim";1;0;1;0;0;0;1;1;-26,26281;-48,90192;"SR-SC";"UOP01";"DEL03"