"id";"data_inversa";"dia_semana";"horario";"uf";"br";"km";"municipio";"causa_acidente";"tipo_acidente";"classificacao_acidente";"fase_dia";"sentido_via";"condicao_metereologica";"tipo_pista";"tracado_via";"uso_solo";"pessoas";"mortos";"feridos_leves";"feridos_graves";"ilesos";"ignorados";"feridos";"veiculos";"latitude";"longitude";"regional";"delegacia";"uop"
274685;2020-03-11;"quarta-feira";"10:30:00";"PA";316;66;"CASTANHAL";"Desobediência às normas de trânsito pelo condutor";"Colisão lateral";"Com Vítimas Feridas";"Pleno dia";"Decrescente";"Céu Claro";"Simples";"Reta";"Sim";2;0;1;0;1;0;1;2;-1,295335;-47,90182;"SR-PA";"UOP01";"DEL01"
274686;2020-03-11;"quarta-feira";"09:10:00";"RO";364;15;"VILHENA";"Falta de Atenção à Condução";"Atropelamento de Pedestre";"Com Vítimas Feridas";"Pleno dia";"Crescente";"Nublado";"Simples";"Rotatória";"Sim";2;0;1;0;1;0;1;1;-12,73673;-60,14804;"SR-RO";"UOP01";"DEL04"
274687;2020-03-11;"quarta-feira";"10:15:00";"MG";365;724;"CANAPOLIS";"Velocidade Incompatível";"Colisão frontal";"Com Vítimas Fatais";"Pleno dia";"Decrescente";"Sol";"Simples";"Não Informado";"Não";7;1;3;0;0;3;3;2;-18,88848;-49,22418;"SR-MG";"UOP03";"DEL15"
274688;2020-03-11;"quarta-feira";"07:16:00";"SC";280;82;"CORUPA";"Falta de Atenção à Condução";"Colisão transversal";"Com Vítimas Feridas";"Pleno dia";"Decrescente";"Céu Claro";"Simples";"Reta";"Sim";2;0;1;0;1;0;1;2;-26,44009;-49,22605;"SR-SC";"UOP03";"DEL06"
274689;2020-03-11;"quarta-feira";"10:00:00";"SC";101;68,3;"ARAQUARI";"Desobediência às normas de trânsito pelo condutor";"Atropelamento de Pedestre";"Com Vítimas Feridas";"Pleno dia";"Decrescente";"Céu Claro";"Dupla";"Reta";"Não";2;0;1;0;1;0;1;1;-26,49513;-48,73281;"SR-SC";"UOP02";"DEL03"
274690;2020-03-11;"quarta-feira";"09:18:00";"MT";364;204,9;"RONDONOPOLIS";"Desobediência às normas de trânsito pelo condutor";"Colisão transversal";"Com Vítimas Feridas";"Pleno dia";"Decrescente";"Sol";"Múltipla";"Não Informado";"Sim";2;0;1;0;1;0;1;2;-16,46732;-54,6572;"SR-MT";"UOP01";"DEL02"
274691;2020-03-11;"quarta-feira";"07:50:00";"RS";290;405,5;"SANTA MARGARIDA DO SUL";"Defeito Mecânico no Veículo";"Colisão frontal";"Com Vítimas Fatais";"Pleno dia";"Decrescente";"Céu Claro";"Simples";"Reta";"Não";2;1;0;0;1;0;0;2;-30,36444;-54,19842;"SR-RS";"UOP02";"DEL09"
274692;2020-03-11;"quarta-feira";"08:30:00";"BA";242;725;"CRISTOPOLIS";"Pista Escorregadia";"Tombamento";"Com Vítimas Feridas";"Pleno dia";"Decrescente";"Nublado";"Simples";"Reta";"Não";1;0;1;0;0;0;1;1;-12,22749;-44,42667;"SR-BA";"UOP01";"DEL10"
274693;2020-03-11;"quarta-feira";"10:20:00";"RJ";40;25;"TRES RIOS";"Falta de Atenção à Condução";"Atropelamento de Pedestre";"Com Vítimas Feridas";"Pleno dia";"Crescente";"Sol";"Dupla";"Reta";"Não";2;0;0;1;0;1;1;1;-22,1468;-43,15811;"SR-RJ";"UOP01";"DEL06"
274694;2020-03-11;"quarta-feira";"11:10:00";"MG";356;265;"MURIAE";"Desobediência às normas de trânsito pelo condutor";"Colisão transversal";"Com Vítimas Feridas";"Pleno dia";"Crescente";"Nublado";"Simples";"Interseção de vias";"Sim";2;0;1;0;1;0;1;2;-21,12839;-42,3668;"SR-MG";"UOP02";"DEL07"
274695;2020-03-11;"quarta-feira";"10:45:00";"AL";104;83;"RIO LARGO";"Falta de Atenção à Condução";"Queda de ocupante de veículo";"Com Vítimas Feridas";"Pleno dia";"Decrescente";"Sol";"Simples";"Curva";"Não";1;0;1;0;0;0;1;1;-9,441658;-35,83538;"SR-AL";"UOP01";"DEL01"
274696;2020-03-11;"quarta-feira";"12:00:00";"PE";232;410,4;"SERRA TALHADA";"Falta de Atenção à Condução";"Colisão transversal";"Com Vítimas Feridas";"Pleno dia";"Crescente";"Sol";"Simples";"Reta";"Sim";4;0;0;2;2;0;2;2;-7,982618;-38,3004;"SR-PE";"UOP01";"DEL04"
274697;2020-03-11;"quarta-feira";"08:30:00";"BA";324;526;"FEIRA DE SANTANA";"Falta de Atenção à Condução";"Queda de ocupante de veículo";"Com Vítimas Feridas";"Pleno dia";"Crescente";"Céu Claro";"Dupla";"Reta";"Sim";1;0;1;0;0;0;1;1;-12,3064;-38,89052;"SR-BA";"UOP01";"DEL01"
274698;2020-02-28;"sexta-feira";"18:30:00";"PR";476;130;"CURITIBA";"Falta de Atenção à Condução";"Colisão lateral";"Com Vítimas Feridas";"Anoitecer";"Crescente";"Ignorado";"Múltipla";"Reta";"Sim";2;0;1;0;1;0;1;2;-25,5239;-49,29554;"SR-PR";"UOP06";"DEL01"
274699;2020-03-11;"quarta-feira";"10:50:00";"GO";153;621;"MORRINHOS";"Ingestão de Álcool";"Saída de leito carroçável";"Sem Vítimas";"Pleno dia";"Crescente";"Céu Claro";"Simples";"Viaduto";"Não";1;0;0;0;1;0;0;1;-17,72655;-49,15483;"SR-GO";"UOP01";"DEL03"
274700;2020-03-03;"terça-feira";"08:20:00";"SC";101;304;"LAGUNA";"Falta de Atenção à Condução";"Colisão lateral";"Sem Vítimas";"Pleno dia";"Crescente";"Nublado";"Dupla";"Não Informado";"Não";2;0;0;0;2;0;0;2;-28,36912;-48,75687;"SR-SC";"UOP03";"DEL02"
274701;2020-03-11;"quarta-feira";"12:50:00";"SC";470;71,7;"INDAIAL";"Falta de Atenção à Condução";"Colisão transversal";"Com Vítimas Feridas";"Pleno dia";"Crescente";"Céu Claro";"Simples";"Reta";"Não";2;0;1;0;1;0;1;2;-26,89524;-49,2621;"SR-SC";"UOP01";"DEL04"
274702;2020-03-11;"quarta-feira";"12:30:00";"MG";381;697,9;"LAVRAS";"Falta de Atenção à Condução";"Colisão lateral";"Com Vítimas Feridas";"Pleno dia";"Crescente";"Sol";"Dupla";"Reta";"Não";2;0;1;0;1;0;1;2;-21,29043;-45,14792;"SR-MG";"UOP02";"DEL04"
274704;2020-01-19;"domingo";"11:43:00";"PR";369;147,4;"LONDRINA";"Não guardar distância de segurança";"Colisão traseira";"Com Vítimas Feridas";"Pleno dia";"Decrescente";"Ignorado";"Dupla";"Reta";"Sim";3;0;2;0;0;1;2;2;-23,29315;-51,13448;"SR-PR";"UOP01";"DEL07"
274705;2020-03-11;"quarta-feira";"12:30:00";"BA";324;564;"SAO SEBASTIAO DO PASSE";"Defeito Mecânico no Veículo";"Saída de leito carroçável";"Com Vítimas Feridas";"Pleno dia";"Crescente";"Céu Claro";"Dupla";"Reta";"Não";3;0;3;0;0;0;3;1;-12,51387;-38,6248;"SR-BA";"UOP01";"DEL01"
274706;2020-03-11;"quarta-feira";"10:00:00";"SC";158;105;"CUNHA PORA";"Agressão Externa";"Saída de leito carroçável";"Com Vítimas Feridas";"Pleno dia";"Crescente";"Céu Claro";"Simples";"Curva";"Não";1;0;1;0;0;0;1;1;-26,86898;-53,16248;"SR-SC";"UOP02";"DEL07"
274707;2020-03-11;"quarta-feira";"12:00:00";"RO";364;710,6;"PORTO VELHO";"Não guardar distância de segurança";"Colisão traseira";"Sem Vítimas";"Pleno dia";"Decrescente";"Céu Claro";"Dupla";"Retorno Regulamentado";"Sim";2;0;0;0;2;0;0;2;-8,783387;-63,86206;"SR-RO";"UOP01";"DEL01"
274708;2020-01-15;"quarta-feira";"09:30:00";"PR";376;592,3;"CURITIBA";"Não guardar distância de segurança";"Engavetamento";"Com Vítimas Feridas";"Pleno dia";"Crescente";"Sol";"Dupla";"Reta";"Sim";5;0;0;1;4;0;1;5;-25,46834;-49,35525;"SR-PR";"DEL7/1";"UOP04/PR"
274709;2020-03-11;"quarta-feira";"06:30:00";"ES";262;34,9;"DOMINGOS MARTINS";"Defeito Mecânico no Veículo";"Saída de leito carroçável";"Com Vítimas Feridas";"Pleno dia";"Decrescente";"Céu Claro";"Simples";"Curva";"Não";1;0;0;1;0;0;1;1;-20,3731;-40,59176;"SR-ES";"UOP01";"DEL01"
274710;2020-03-11;"quarta-feira";"13:30:00";"GO";414;439,5;"ANAPOLIS";"Não guardar distância de segurança";"Colisão traseira";"Com Vítimas Feridas";"Pleno dia";"Decrescente";"Céu Claro";"Simples";"Rotatória";"Sim";2;0;1;0;1;0;1;2;-16,28129;-48,94259;"SR-GO";"UOP01";"DEL02"
274712;2020-03-11;"quarta-feira";"12:00:00";"PR";369;202,1;"APUCARANA";"Desobediência às normas de trânsito pelo condutor";"Colisão lateral";"Com Vítimas Feridas";"Pleno dia";"Decrescente";"Céu Claro";"Simples";"Interseção de vias";"Sim";1;0;1;0;0;0;1;1;-23,54438;-51,45393;"SR-PR";"UOP03";"DEL07"
274713;2020-02-26;"quarta-feira";"21:30:00";"MA";230;402;"BALSAS";"Ingestão de álcool e/ou substâncias psicoativas pelo pedestre";"Colisão frontal";"Com Vítimas Feridas";"Plena Noite";"Crescente";"Chuva";"Simples";"Reta";"Sim";3;0;1;0;1;1;1;2;-7,508571;-46,03159;"SR-MA";"UOP01";"DEL05"
274714;2020-03-11;"quarta-feira";"13:50:00";"GO";60;92,5;"ANAPOLIS";"Falta de Atenção à Condução";"Colisão lateral";"Com Vítimas Feridas";"Pleno dia";"Crescente";"Sol";"Múltipla";"Reta";"Sim";2;0;1;0;1;0;1;2;-16,353;-48,9178;"SR-GO";"UOP01";"DEL02"
274715;2020-03-11;"quarta-feira";"14:25:00";"SP";153;62;"SAO JOSE DO RIO PRETO";"Restrição de Visibilidade";"Colisão lateral";"Com Vítimas Feridas";"Pleno dia";"Crescente";"Céu Claro";"Dupla";"Não Informado";"Sim";2;0;1;0;1;0;1;2;-20,81325;-49,35676;"SR-SP";"UOP01";"DEL09"
274716;2020-03-11;"quarta-feira";"13:02:00";"DF";20;16,2;"BRASILIA";"Falta de Atenção à Condução";"Colisão lateral";"Com Vítimas Feridas";"Pleno dia";"Crescente";"Céu Claro";"Dupla";"Reta";"Não";2;0;0;1;1;0;1;2;-15,62567;-47,72516;"SR-DF";"UOP01";"DEL02"
274717;2020-03-11;"quarta-feira";"13:35:00";"PE";101;52;"PAULISTA";"Falta de Atenção à Condução";"Colisão traseira";"Com Vítimas Feridas";"Pleno dia";"Crescente";"Céu Claro";"Dupla";"Reta";"Sim";3;0;2;0;0;1;2;2;-7,923588;-34,89607;"SR-PE";"UOP02";"DEL01"
274718;2020-03-11;"quarta-feira";"13:50:00";"PE";101;80;"JABOATAO DOS GUARARAPES";"Falta de Atenção à Condução";"Colisão lateral";"Sem Vítimas";"Pleno dia";"Decrescente";"Céu Claro";"Dupla";"Retorno Regulamentado";"Sim";2;0;0;0;2;0;0;2;-8,151126;-34,94289;"SR-PE";"UOP03";"DEL01"
274720;2020-03-11;"quarta-feira";"14:45:00";"PE";424;1;"ARCOVERDE";"Falta de Atenção à Condução";"Colisão lateral";"Com Vítimas Feridas";"Pleno dia";"Decrescente";"Sol";"Simples";"Reta";"Sim";2;0;1;0;1;0;1;2;-8,438928;-37,05827;"SR-PE";"UOP02";"DEL03"
274721;2020-03-11;"quarta-feira";"12:00:00";"MA";10;257,2;"IMPERATRIZ";"Desobediência às normas de trânsito pelo condutor";"Colisão transversal";"Com Vítimas Feridas";"Pleno dia";"Decrescente";"Céu Claro";"Simples";"Interseção de vias";"Sim";2;0;1;0;1;0;1;2;-5,490634;-47,47197;"SR-MA";"UOP01";"DEL04"
274722;2020-01-27;"segunda-feira";"11:20:00";"RS";285;294,7;"PASSO FUNDO";"Desobediência às normas de trânsito pelo condutor";"Colisão transversal";"Com Vítimas Feridas";"Pleno dia";"Crescente";"Garoa/Chuvisco";"Simples";"Rotatória";"Não";3;0;1;0;2;0;1;2;-28,23455;-52,38497;"SR-RS";"DEL08";"UOP03/RS"
274723;2020-02-24;"segunda-feira";"19:08:00";"MS";163;24;"MUNDO NOVO";"Não guardar distância de segurança";"Queda de ocupante de veículo";"Com Vítimas Fatais";"Plena Noite";"Crescente";"Nublado";"Simples";"Reta";"Não";5;1;3;0;0;1;3;3;-23,89253;-54,31121;"SR-MS";"UOP02";"DEL09"
274724;2020-03-11;"quarta-feira";"14:00:00";"PR";277;479,3;"NOVA LARANJEIRAS";"Falta de Atenção à Condução";"Colisão lateral";"Com Vítimas Feridas";"Pleno dia";"Decrescente";"Céu Claro";"Simples";"Curva";"Não";2;0;1;0;1;0;1;2;-25,29255;-52,57591;"SR-PR";"UOP03";"DEL04"
274725;2020-03-02;"segunda-feira";"15:35:00";"MT";70;509,9;"CUIABA";"Não guardar distância de segurança";"Colisão traseira";"Com Vítimas Feridas";"Pleno dia";"Decrescente";"Céu Claro";"Simples";"Curva";"Não";2;0;1;0;1;0;1;2;-15,69312;-56,09762;"SR-MT";"UOP02";"DEL01"
274726;2020-02-15;"sábado";"01:45:00";"MS";158;309;"TRES LAGOAS";"Defeito Mecânico no Veículo";"Incêndio";"Sem Vítimas";"Plena Noite";"Decrescente";"Céu Claro";"Simples";"Não Informado";"Não";1;0;0;0;1;0;0;1;-21,02192;-51,89047;"SR-MS";"UOP01";"DEL07"
274727;2020-03-11;"quarta-feira";"14:20:00";"SP";116;444,9;"REGISTRO";"Falta de Atenção à Condução";"Colisão transversal";"Sem Vítimas";"Pleno dia";"Crescente";"Céu Claro";"Dupla";"Reta";"Sim";2;0;0;0;2;0;0;2;-24,49746;-47,84203;"SR-SP";"UOP01";"DEL05"
274728;2020-03-08;"domingo";"02:00:00";"SP";381;85;"SAO PAULO";"Ingestão de Álcool";"Colisão traseira";"Com Vítimas Fatais";"Plena Noite";"Decrescente";"Nublado";"Dupla";"Desvio Temporário";"Sim";2;1;0;0;1;0;0;2;-23,44934;-46,56984;"SR-SP";"UOP01";"DEL03"
274729;2020-03-11;"quarta-feira";"14:40:00";"TO";NA;NA;"PALMAS";"Desobediência às normas de trânsito pelo condutor";"Colisão transversal";"Sem Vítimas";"Pleno dia";"Não Informado";"Céu Claro";"Múltipla";"Reta";"Sim";2;0;0;0;2;0;0;2;-10,19062;-48,33712;"Não Informado";"DEL01";"TO"
274730;2020-02-28;"sexta-feira";"10:40:00";"MS";163;484,3;"CAMPO GRANDE";"Falta de Atenção à Condução";"Colisão lateral";"Com Vítimas Feridas";"Pleno dia";"Crescente";"Céu Claro";"Dupla";"Interseção de vias";"Sim";2;0;1;0;1;0;1;2;-20,44748;-54,54095;"SR-MS";"UOP02";"DEL01"
274731;2020-03-11;"quarta-feira";"15:05:00";"PR";277;233,1;"FERNANDES PINHEIRO";"Ingestão de álcool e/ou substâncias psicoativas pelo pedestre";"Atropelamento de Pedestre";"Com Vítimas Feridas";"Pleno dia";"Decrescente";"Céu Claro";"Simples";"Reta";"Não";6;0;1;0;5;0;1;1;-25,464;-50,568;"SR-PR";"UOP02";"DEL08"
274732;2020-03-11;"quarta-feira";"13:45:00";"RJ";101;326;"NITEROI";"Falta de Atenção à Condução";"Colisão com objeto estático";"Com Vítimas Feridas";"Pleno dia";"Crescente";"Céu Claro";"Dupla";"Reta";"Sim";2;0;1;0;1;0;1;2;-22,87206;-43,1461;"SR-RJ";"UOP01";"DEL02"
274734;2020-02-23;"domingo";"20:00:00";"PR";277;106;"CAMPO LARGO";"Pista Escorregadia";"Queda de ocupante de veículo";"Com Vítimas Feridas";"Plena Noite";"Decrescente";"Ignorado";"Dupla";"Reta";"Não";1;0;1;0;0;0;1;1;-25,43373;-49,40716;"SR-PR";"UOP04";"DEL01"
274735;2020-03-11;"quarta-feira";"15:40:00";"PR";369;85,5;"CORNELIO PROCOPIO";"Desobediência às normas de trânsito pelo condutor";"Colisão transversal";"Com Vítimas Feridas";"Pleno dia";"Decrescente";"Céu Claro";"Simples";"Curva";"Sim";2;0;1;0;1;0;1;2;-23,17382;-50,62028;"SR-PR";"UOP04";"DEL07"
274736;2020-03-11;"quarta-feira";"16:30:00";"ES";101;265,4;"SERRA";"Ingestão de Álcool";"Capotamento";"Com Vítimas Feridas";"Pleno dia";"Crescente";"Sol";"Múltipla";"Desvio Temporário";"Sim";1;0;1;0;0;0;1;1;-20,18168;-40,26536;"SR-ES";"UOP01";"DEL02"
274737;2020-02-28;"sexta-feira";"20:06:00";"MT";70;47;"BARRA DO GARCAS";"Falta de Atenção à Condução";"Colisão frontal";"Com Vítimas Fatais";"Plena Noite";"Crescente";"Chuva";"Simples";"Curva";"Não";14;1;7;4;2;0;11;3;-15,74586;-52,61387;"SR-MT";"UOP01";"DEL07"
274738;2020-03-11;"quarta-feira";"15:15:00";"SC";101;131;"BALNEARIO CAMBORIU";"Falta de Atenção à Condução";"Tombamento";"Com Vítimas Feridas";"Pleno dia";"Decrescente";"Céu Claro";"Dupla";"Reta";"Sim";1;0;0;1;0;0;1;1;-26,99064;-48,66311;"SR-SC";"UOP03";"DEL04"
274739;2020-03-11;"quarta-feira";"16:10:00";"RS";470;225,7;"GARIBALDI";"Desobediência às normas de trânsito pelo condutor";"Colisão transversal";"Com Vítimas Feridas";"Pleno dia";"Crescente";"Sol";"Simples";"Não Informado";"Não";3;0;2;0;1;0;2;2;-29,21454;-51,51763;"SR-RS";"UOP01";"DEL06"
274740;2020-03-11;"quarta-feira";"16:15:00";"RS";386;396;"TRIUNFO";"Desobediência às normas de trânsito pelo condutor";"Colisão lateral";"Com Vítimas Feridas";"Pleno dia";"Crescente";"Céu Claro";"Simples";"Não Informado";"Não";3;0;1;0;1;1;1;2;-29,73257;-51,63193;"SR-RS";"UOP02";"DEL04"
274742;2020-03-11;"quarta-feira";"16:50:00";"SC";101;123;"ITAJAI";"Desobediência às normas de trânsito pelo condutor";"Colisão transversal";"Com Vítimas Feridas";"Pleno dia";"Decrescente";"Céu Claro";"Simples";"Interseção de vias";"Sim";2;0;1;0;1;0;1;2;-26,93669;-48,69877;"SR-SC";"UOP04";"DEL04"
274743;2020-03-11;"quarta-feira";"14:40:00";"MS";163;511;"JARAGUARI";"Falta de Atenção à Condução";"Saída de leito carroçável";"Com Vítimas Feridas";"Pleno dia";"Crescente";"Céu Claro";"Simples";"Não Informado";"Não";1;0;1;0;0;0;1;1;-20,23667;-54,47892;"SR-MS";"UOP02";"DEL01"
274744;2020-03-11;"quarta-feira";"15:50:00";"MT";163;756;"SORRISO";"Avarias e/ou desgaste excessivo no pneu";"Saída de leito carroçável";"Sem Vítimas";"Pleno dia";"Decrescente";"Céu Claro";"Simples";"Reta";"Não";1;0;0;0;1;0;0;1;-12,62504;-55,76969;"SR-MT";"UOP01";"DEL06"
274745;2020-03-11;"quarta-feira";"13:30:00";"ES";393;6,5;"CACHOEIRO DE ITAPEMIRIM";"Velocidade Incompatível";"Saída de leito carroçável";"Sem Vítimas";"Pleno dia";"Crescente";"Céu Claro";"Simples";"Curva";"Não";1;0;0;0;0;1;0;1;-20,8293;-41,2071;"SR-ES";"UOP02";"DEL03"
274746;2020-03-11;"quarta-feira";"17:30:00";"SP";116;160,9;"JACAREI";"Velocidade Incompatível";"Tombamento";"Sem Vítimas";"Pleno dia";"Decrescente";"Céu Claro";"Simples";"Curva";"Sim";1;0;0;0;1;0;0;1;-23,27102;-45,96788;"SR-SP";"UOP01";"DEL02"
274747;2020-03-11;"quarta-feira";"17:25:00";"ES";101;301;"VIANA";"Falta de Atenção à Condução";"Colisão lateral";"Com Vítimas Feridas";"Pleno dia";"Decrescente";"Céu Claro";"Dupla";"Curva";"Sim";2;0;1;0;1;0;1;2;-20,36278;-40,44013;"SR-ES";"UOP01";"DEL01"
274748;2020-03-11;"quarta-feira";"17:10:00";"SP";153;80;"BADY BASSITT";"Condutor Dormindo";"Saída de leito carroçável";"Com Vítimas Feridas";"Pleno dia";"Crescente";"Céu Claro";"Simples";"Não Informado";"Não";1;0;1;0;0;0;1;1;-20,9091;-49,48022;"SR-SP";"UOP01";"DEL09"
274749;2020-03-11;"quarta-feira";"17:15:00";"ES";101;310,4;"VIANA";"Ingestão de Álcool";"Colisão lateral";"Com Vítimas Feridas";"Pleno dia";"Decrescente";"Céu Claro";"Simples";"Reta";"Não";2;0;1;0;1;0;1;2;-20,4259;-40,46037;"SR-ES";"UOP01";"DEL03"
274750;2020-03-11;"quarta-feira";"14:00:00";"MT";70;720,4;"CACERES";"Não guardar distância de segurança";"Colisão frontal";"Com Vítimas Feridas";"Pleno dia";"Crescente";"Chuva";"Simples";"Reta";"Não";5;0;2;0;2;1;2;2;-16,20834;-57,57476;"SR-MT";"UOP01";"DEL03"
274751;2020-03-11;"quarta-feira";"16:30:00";"RS";392;22,7;"RIO GRANDE";"Falta de Atenção à Condução";"Tombamento";"Com Vítimas Feridas";"Pleno dia";"Decrescente";"Céu Claro";"Dupla";"Reta";"Não";1;0;1;0;0;0;1;1;-32,08904;-52,21737;"SR-RS";"UOP02";"DEL07"
274752;2020-03-11;"quarta-feira";"18:15:00";"SP";153;64;"SAO JOSE DO RIO PRETO";"Velocidade Incompatível";"Colisão traseira";"Com Vítimas Feridas";"Anoitecer";"Decrescente";"Céu Claro";"Dupla";"Não Informado";"Sim";2;0;1;0;1;0;1;2;-20,82919;-49,36046;"SR-SP";"UOP01";"DEL09"
274753;2020-03-11;"quarta-feira";"18:00:00";"MG";365;2;"MONTES CLAROS";"Avarias e/ou desgaste excessivo no pneu";"Colisão traseira";"Com Vítimas Feridas";"Anoitecer";"Decrescente";"Chuva";"Simples";"Reta";"Não";2;0;1;0;1;0;1;2;-16,72628;-43,88021;"SR-MG";"UOP01";"DEL12"
274754;2020-03-11;"quarta-feira";"16:28:00";"RJ";101;53;"CAMPOS DOS GOYTACAZES";"Falta de Atenção à Condução";"Tombamento";"Com Vítimas Feridas";"Pleno dia";"Decrescente";"Céu Claro";"Simples";"Reta";"Não";1;0;1;0;0;0;1;1;-21,66048;-41,31129;"SR-RJ";"UOP01";"DEL08"
274755;2020-03-11;"quarta-feira";"17:30:00";"PR";376;460;"PONTA GROSSA";"Velocidade Incompatível";"Saída de leito carroçável";"Com Vítimas Fatais";"Pleno dia";"Crescente";"Céu Claro";"Dupla";"Curva";"Não";1;1;0;0;0;0;0;1;-25,00668;-50,35542;"SR-PR";"UOP01";"DEL03"
274756;2020-03-11;"quarta-feira";"17:10:00";"MG";116;524,7;"CARATINGA";"Não guardar distância de segurança";"Colisão traseira";"Com Vítimas Feridas";"Pleno dia";"Crescente";"Céu Claro";"Simples";"Interseção de vias";"Sim";4;0;2;0;1;1;2;4;-19,76027;-42,13399;"SR-MG";"UOP02";"DEL06"
274758;2020-03-11;"quarta-feira";"17:30:00";"BA";101;717,9;"EUNAPOLIS";"Falta de Atenção à Condução";"Colisão traseira";"Com Vítimas Feridas";"Plena Noite";"Decrescente";"Chuva";"Simples";"Interseção de vias";"Sim";2;0;1;0;1;0;1;2;-16,37206;-39,5812;"SR-BA";"UOP01";"DEL09"
274759;2020-03-11;"quarta-feira";"18:30:00";"CE";222;115,8;"ITAPAJE";"Restrição de Visibilidade";"Colisão frontal";"Com Vítimas Feridas";"Plena Noite";"Crescente";"Céu Claro";"Simples";"Não Informado";"Não";2;0;1;0;1;0;1;2;-3,745047;-39,53631;"SR-CE";"UOP03";"DEL04"
274760;2020-03-11;"quarta-feira";"17:48:00";"PI";316;11;"TERESINA";"Falta de Atenção à Condução";"Colisão traseira";"Sem Vítimas";"Pleno dia";"Crescente";"Céu Claro";"Dupla";"Reta";"Sim";8;0;0;0;8;0;0;2;-5,191739;-42,76076;"SR-PI";"UOP02";"DEL01"
274762;2020-03-11;"quarta-feira";"18:20:00";"ES";101;92;"JAGUARE";"Desobediência às normas de trânsito pelo condutor";"Queda de ocupante de veículo";"Com Vítimas Feridas";"Anoitecer";"Decrescente";"Nublado";"Simples";"Reta";"Não";1;0;0;1;0;0;1;1;-18,91447;-39,9639;"SR-ES";"UOP02";"DEL04"
274763;2020-03-11;"quarta-feira";"14:50:00";"RJ";101;474,3;"ANGRA DOS REIS";"Condutor Dormindo";"Colisão com objeto estático";"Sem Vítimas";"Pleno dia";"Decrescente";"Céu Claro";"Simples";"Curva";"Não";1;0;0;0;1;0;0;1;-22,99695;-44,25137;"SR-RJ";"UOP02";"DEL03"
274764;2020-03-11;"quarta-feira";"18:45:00";"RS";470;218,9;"BENTO GONCALVES";"Ingestão de Substâncias Psicoativas";"Colisão frontal";"Com Vítimas Feridas";"Anoitecer";"Decrescente";"Céu Claro";"Simples";"Não Informado";"Não";8;0;0;1;7;0;1;2;-29,18739;-51,52057;"SR-RS";"UOP01";"DEL06"
274765;2020-03-11;"quarta-feira";"17:30:00";"MG";381;605,9;"OLIVEIRA";"Falta de Atenção à Condução";"Colisão lateral";"Sem Vítimas";"Pleno dia";"Crescente";"Céu Claro";"Dupla";"Curva";"Não";2;0;0;0;2;0;0;2;-20,66758;-44,73784;"SR-MG";"UOP01";"DEL04"
274766;2020-03-11;"quarta-feira";"18:50:00";"SC";101;207,5;"SAO JOSE";"Desobediência às normas de trânsito pelo condutor";"Colisão traseira";"Com Vítimas Feridas";"Plena Noite";"Crescente";"Céu Claro";"Múltipla";"Não Informado";"Sim";3;0;1;0;2;0;1;3;-27,60001;-48,62265;"SR-SC";"UOP01";"DEL01"
274767;2020-03-11;"quarta-feira";"19:00:00";"RS";116;246;"SAO LEOPOLDO";"Falta de Atenção à Condução";"Colisão traseira";"Com Vítimas Feridas";"Plena Noite";"Decrescente";"Céu Claro";"Dupla";"Reta";"Sim";2;0;1;0;1;0;1;2;-29,75875;-51,15187;"SR-RS";"UOP02";"DEL01"
274768;2020-03-11;"quarta-feira";"18:30:00";"CE";304;45;"ARACATI";"Desobediência às normas de trânsito pelo condutor";"Colisão transversal";"Com Vítimas Feridas";"Plena Noite";"Decrescente";"Ignorado";"Simples";"Retorno Regulamentado";"Sim";5;0;0;1;4;0;1;3;-4,578123;-37,8067;"SR-CE";"UOP03";"DEL03"
274769;2020-03-11;"quarta-feira";"17:25:00";"MA";135;14,4;"SAO LUIS";"Não guardar distância de segurança";"Colisão traseira";"Com Vítimas Feridas";"Pleno dia";"Decrescente";"Nublado";"Dupla";"Reta";"Sim";5;0;2;0;3;0;2;2;-2,691269;-44,30196;"SR-MA";"UOP01";"DEL01"
274770;2020-03-11;"quarta-feira";"15:15:00";"GO";50;115,5;"CRISTALINA";"Desobediência às normas de trânsito pelo condutor";"Colisão lateral";"Com Vítimas Feridas";"Pleno dia";"Crescente";"Nublado";"Dupla";"Não Informado";"Não";2;0;1;0;1;0;1;2;-16,90546;-47,68221;"SR-DF";"UOP04";"DEL01"
274771;2020-03-11;"quarta-feira";"18:00:00";"AL";101;223,5;"PORTO REAL DO COLEGIO";"Desobediência às normas de trânsito pelo pedestre";"Atropelamento de Pedestre";"Com Vítimas Feridas";"Plena Noite";"Crescente";"Céu Claro";"Dupla";"Reta";"Não";2;0;1;0;1;0;1;1;-10,07374;-36,6944;"SR-AL";"UOP02";"DEL02"
274772;2020-03-11;"quarta-feira";"20:05:00";"MG";251;512,5;"FRANCISCO SA";"Pista Escorregadia";"Saída de leito carroçável";"Com Vítimas Feridas";"Plena Noite";"Crescente";"Chuva";"Simples";"Não Informado";"Não";18;0;2;2;14;0;4;1;-16,64935;-43,7043;"SR-MG";"UOP01";"DEL12"