"id";"data_inversa";"dia_semana";"horario";"uf";"br";"km";"municipio";"causa_acidente";"tipo_acidente";"classificacao_acidente";"fase_dia";"sentido_via";"condicao_metereologica";"tipo_pista";"tracado_via";"uso_solo";"pessoas";"mortos";"feridos_leves";"feridos_graves";"ilesos";"ignorados";"feridos";"veiculos";"latitude";"longitude";"regional";"delegacia";"uop"
274861;2020-03-12;"quinta-feira";"10:30:00";"MG";116;273,9;"TEOFILO OTONI";"Falta de Atenção à Condução";"Colisão lateral";"Sem Vítimas";"Pleno dia";"Crescente";"Nublado";"Simples";"Retorno Regulamentado";"Sim";3;0;0;0;3;0;0;2;-17,82616;-41,5062;"SR-MG";"UOP01";"DEL11"
274862;2020-03-11;"quarta-feira";"06:40:00";"PR";476;269,8;"SAO MATEUS DO SUL";"Condutor Dormindo";"Colisão frontal";"Sem Vítimas";"Amanhecer";"Crescente";"Céu Claro";"Simples";"Reta";"Sim";3;0;0;0;3;0;0;3;-25,8989;-50,32935;"SR-PR";"UOP05";"DEL03"
274863;2020-03-12;"quinta-feira";"11:15:00";"ES";101;265,3;"SERRA";"Não guardar distância de segurança";"Colisão traseira";"Com Vítimas Feridas";"Pleno dia";"Crescente";"Céu Claro";"Múltipla";"Reta";"Sim";5;0;2;0;3;0;2;2;-20,18168;-40,26536;"SR-ES";"UOP01";"DEL02"
274864;2020-03-12;"quinta-feira";"11:20:00";"PR";373;276,5;"PRUDENTOPOLIS";"Carga excessiva e/ou mal acondicionada";"Saída de leito carroçável";"Com Vítimas Feridas";"Pleno dia";"Crescente";"Sol";"Simples";"Não Informado";"Não";1;0;1;0;0;0;1;1;-25,25755;-51,07658;"SR-PR";"UOP01";"DEL03"
274865;2020-03-12;"quinta-feira";"11:25:00";"ES";101;284,9;"CARIACICA";"Desobediência às normas de trânsito pelo condutor";"Colisão lateral";"Com Vítimas Feridas";"Pleno dia";"Crescente";"Nublado";"Dupla";"Não Informado";"Sim";2;0;1;0;1;0;1;2;-20,25063;-40,3724;"SR-ES";"UOP01";"DEL01"
274866;2020-03-12;"quinta-feira";"11:04:00";"AL";101;68;"MESSIAS";"Pista Escorregadia";"Saída de leito carroçável";"Sem Vítimas";"Pleno dia";"Decrescente";"Chuva";"Dupla";"Curva";"Não";2;0;0;0;2;0;0;2;-9,349247;-35,83289;"SR-AL";"UOP02";"DEL01"
274867;2020-03-12;"quinta-feira";"09:44:00";"RJ";101;206;"CASIMIRO DE ABREU";"Falta de Atenção à Condução";"Colisão transversal";"Com Vítimas Feridas";"Pleno dia";"Crescente";"Céu Claro";"Simples";"Reta";"Sim";2;0;0;1;1;0;1;2;-22,47673;-42,20173;"SR-RJ";"UOP04";"DEL02"
274868;2020-03-12;"quinta-feira";"11:20:00";"PE";101;40;"ITAPISSUMA";"Falta de Atenção à Condução";"Colisão lateral";"Sem Vítimas";"Pleno dia";"Decrescente";"Nublado";"Dupla";"Reta";"Sim";2;0;0;0;1;1;0;2;-7,821475;-34,91654;"SR-PE";"UOP02";"DEL01"
274869;2020-03-12;"quinta-feira";"10:30:00";"PE";232;29,7;"MORENO";"Defeito Mecânico no Veículo";"Saída de leito carroçável";"Sem Vítimas";"Pleno dia";"Decrescente";"Chuva";"Dupla";"Curva";"Não";1;0;0;0;1;0;0;1;-8,111943;-35,14148;"SR-PE";"UOP04";"DEL01"
274870;2020-03-12;"quinta-feira";"11:55:00";"GO";60;235,5;"INDIARA";"Defeito Mecânico no Veículo";"Tombamento";"Com Vítimas Feridas";"Pleno dia";"Crescente";"Céu Claro";"Dupla";"Desvio Temporário";"Não";1;0;1;0;0;0;1;1;-17,0794;-49,8299;"SR-GO";"UOP02";"DEL01"
274871;2020-03-12;"quinta-feira";"12:20:00";"PI";316;312,6;"PICOS";"Falta de Atenção à Condução";"Colisão com objeto estático";"Sem Vítimas";"Pleno dia";"Decrescente";"Céu Claro";"Simples";"Reta";"Sim";1;0;0;0;1;0;0;1;-7,080925;-41,45826;"SR-PI";"UOP01";"DEL04"
274872;2020-03-12;"quinta-feira";"12:12:00";"SC";470;65;"INDAIAL";"Desobediência às normas de trânsito pelo condutor";"Colisão transversal";"Com Vítimas Feridas";"Pleno dia";"Crescente";"Céu Claro";"Simples";"Reta";"Sim";2;0;2;0;0;0;2;2;-26,87041;-49,21186;"SR-SC";"UOP01";"DEL04"
274873;2020-03-12;"quinta-feira";"11:50:00";"SC";470;115,3;"IBIRAMA";"Falta de Atenção à Condução";"Colisão traseira";"Com Vítimas Feridas";"Pleno dia";"Decrescente";"Céu Claro";"Simples";"Reta";"Não";2;0;1;0;1;0;1;2;-27,08042;-49,48535;"SR-SC";"UOP02";"DEL04"
274874;2020-03-12;"quinta-feira";"12:30:00";"SC";470;162,1;"TROMBUDO CENTRAL";"Falta de Atenção à Condução";"Colisão lateral";"Com Vítimas Fatais";"Pleno dia";"Decrescente";"Céu Claro";"Simples";"Reta";"Não";2;1;0;0;1;0;0;2;-27,28237;-49,81781;"SR-SC";"UOP02";"DEL04"
274875;2020-03-12;"quinta-feira";"11:45:00";"PE";101;34,9;"IGARASSU";"Defeito Mecânico no Veículo";"Capotamento";"Sem Vítimas";"Pleno dia";"Decrescente";"Sol";"Dupla";"Reta";"Não";2;0;0;0;1;1;0;1;-7,770928;-34,93525;"SR-PE";"UOP02";"DEL01"
274876;2020-03-12;"quinta-feira";"12:10:00";"PR";476;119;"CURITIBA";"Falta de Atenção à Condução";"Colisão transversal";"Com Vítimas Feridas";"Pleno dia";"Decrescente";"Céu Claro";"Múltipla";"Interseção de vias";"Sim";2;0;2;0;0;0;2;2;-25,3642;-49,18583;"SR-PR";"UOP06";"DEL01"
274877;2020-03-12;"quinta-feira";"11:40:00";"MT";163;688;"LUCAS DO RIO VERDE";"Desobediência às normas de trânsito pelo condutor";"Colisão transversal";"Com Vítimas Feridas";"Pleno dia";"Crescente";"Céu Claro";"Dupla";"Rotatória";"Sim";2;0;1;0;1;0;1;2;-13,06939;-55,92683;"SR-MT";"UOP01";"DEL06"
274879;2020-03-12;"quinta-feira";"13:00:00";"PE";232;50,8;"VITORIA DE SANTO ANTAO";"Defeito na Via";"Colisão com objeto estático";"Com Vítimas Feridas";"Pleno dia";"Decrescente";"Chuva";"Dupla";"Reta";"Não";3;0;1;0;2;0;1;1;-8,141062;-35,32323;"SR-PE";"UOP04";"DEL01"
274880;2020-03-12;"quinta-feira";"10:45:00";"SC";101;423,9;"ARARANGUA";"Falta de Atenção à Condução";"Saída de leito carroçável";"Sem Vítimas";"Pleno dia";"Crescente";"Céu Claro";"Múltipla";"Reta";"Não";1;0;0;0;1;0;0;1;-29,01107;-49,57414;"SR-SC";"UOP02";"DEL02"
274881;2020-03-12;"quinta-feira";"11:05:00";"TO";153;660,5;"GURUPI";"Defeito na Via";"Engavetamento";"Sem Vítimas";"Pleno dia";"Decrescente";"Céu Claro";"Simples";"Reta";"Não";3;0;0;0;3;0;0;3;-11,62238;-49,04761;"SR-TO";"UOP01";"DEL02"
274882;2020-03-12;"quinta-feira";"09:30:00";"MG";40;525,1;"CONTAGEM";"Falta de Atenção à Condução";"Colisão lateral";"Sem Vítimas";"Pleno dia";"Crescente";"Céu Claro";"Dupla";"Reta";"Não";2;0;0;0;1;1;0;2;-19,88362;-44,05039;"SR-MG";"UOP02";"DEL01"
274883;2020-03-12;"quinta-feira";"11:45:00";"SC";280;55,2;"GUARAMIRIM";"Falta de Atenção à Condução";"Colisão transversal";"Com Vítimas Feridas";"Pleno dia";"Crescente";"Céu Claro";"Simples";"Reta";"Sim";2;0;1;0;1;0;1;2;-26,47584;-48,99379;"SR-SC";"UOP03";"DEL03"
274884;2020-03-12;"quinta-feira";"11:20:00";"MT";70;381;"CAMPO VERDE";"Falta de Atenção à Condução";"Colisão traseira";"Com Vítimas Feridas";"Pleno dia";"Crescente";"Céu Claro";"Simples";"Reta";"Sim";2;0;1;0;1;0;1;2;-15,55272;-55,16941;"SR-MT";"UOP01";"DEL05"
274885;2020-03-12;"quinta-feira";"12:40:00";"PR";116;109;"SAO JOSE DOS PINHAIS";"Falta de Atenção à Condução";"Queda de ocupante de veículo";"Com Vítimas Feridas";"Pleno dia";"Crescente";"Céu Claro";"Dupla";"Não Informado";"Não";1;0;0;1;0;0;1;1;-25,56846;-49,17789;"SR-PR";"UOP04";"DEL01"
274886;2020-03-12;"quinta-feira";"13:10:00";"PR";476;153;"ARAUCARIA";"Falta de Atenção à Condução";"Colisão transversal";"Com Vítimas Feridas";"Pleno dia";"Decrescente";"Sol";"Simples";"Reta";"Sim";4;0;2;0;2;0;2;2;-25,57731;-49,39234;"SR-PR";"UOP04";"DEL01"
274887;2020-03-12;"quinta-feira";"13:30:00";"PE";101;35;"IGARASSU";"Falta de Atenção à Condução";"Saída de leito carroçável";"Sem Vítimas";"Pleno dia";"Decrescente";"Nublado";"Dupla";"Reta";"Não";1;0;0;0;1;0;0;1;-7,779522;-34,93231;"SR-PE";"UOP02";"DEL01"
274888;2020-03-12;"quinta-feira";"13:30:00";"PE";101;86,6;"JABOATAO DOS GUARARAPES";"Falta de Atenção à Condução";"Colisão lateral";"Com Vítimas Feridas";"Pleno dia";"Crescente";"Céu Claro";"Simples";"Reta";"Sim";3;0;1;0;2;0;1;3;-8,1847;-34,96817;"SR-PE";"UOP03";"DEL01"
274889;2020-03-12;"quinta-feira";"11:20:00";"PR";277;167,9;"PALMEIRA";"Desobediência às normas de trânsito pelo condutor";"Saída de leito carroçável";"Com Vítimas Feridas";"Pleno dia";"Decrescente";"Céu Claro";"Dupla";"Reta";"Não";1;0;0;1;0;0;1;1;-25,46815;-49,90431;"SR-PR";"UOP03";"DEL03"
274890;2020-03-12;"quinta-feira";"14:00:00";"RJ";116;189;"QUEIMADOS";"Falta de Atenção à Condução";"Colisão traseira";"Com Vítimas Feridas";"Pleno dia";"Decrescente";"Céu Claro";"Simples";"Reta";"Não";2;0;1;0;1;0;1;2;-22,73773;-43,5533;"SR-RJ";"UOP02";"DEL01"
274892;2020-03-12;"quinta-feira";"11:00:00";"SC";282;217,5;"LAGES";"Desobediência às normas de trânsito pelo condutor";"Colisão transversal";"Com Vítimas Feridas";"Pleno dia";"Decrescente";"Céu Claro";"Dupla";"Interseção de vias";"Sim";2;0;1;0;1;0;1;2;-27,79792;-50,30294;"SR-SC";"UOP01";"DEL05"
274893;2020-03-12;"quinta-feira";"14:15:00";"BA";242;222;"ITABERABA";"Falta de Atenção à Condução";"Saída de leito carroçável";"Com Vítimas Feridas";"Pleno dia";"Decrescente";"Chuva";"Simples";"Curva";"Não";1;0;0;1;0;0;1;1;-12,52109;-40,23315;"SR-BA";"UOP02";"DEL06"
274894;2020-03-12;"quinta-feira";"14:25:00";"SE";101;21,4;"MALHADA DOS BOIS";"Falta de Atenção à Condução";"Colisão traseira";"Com Vítimas Feridas";"Pleno dia";"Decrescente";"Céu Claro";"Simples";"Curva";"Não";5;0;1;0;4;0;1;2;-10,36934;-36,91236;"SR-SE";"UOP02";"DEL02"
274895;2020-03-12;"quinta-feira";"14:05:00";"CE";116;326,3;"JAGUARIBE";"Pista Escorregadia";"Saída de leito carroçável";"Com Vítimas Feridas";"Pleno dia";"Decrescente";"Chuva";"Simples";"Curva";"Não";1;0;1;0;0;0;1;1;-6,041117;-38,64591;"SR-CE";"UOP02";"DEL05"
274897;2020-03-12;"quinta-feira";"14:20:00";"MG";40;276,3;"TRES MARIAS";"Desobediência às normas de trânsito pelo condutor";"Colisão transversal";"Com Vítimas Feridas";"Pleno dia";"Decrescente";"Sol";"Simples";"Desvio Temporário";"Sim";3;0;0;2;1;0;2;2;-18,20603;-45,23123;"SR-MG";"UOP02";"DEL14"
274898;2020-03-12;"quinta-feira";"12:00:00";"RS";386;217,5;"TIO HUGO";"Condutor Dormindo";"Saída de leito carroçável";"Com Vítimas Feridas";"Pleno dia";"Decrescente";"Céu Claro";"Simples";"Curva";"Não";1;0;0;1;0;0;1;1;-28,59289;-52,60382;"SR-RS";"UOP03";"DEL04"
274900;2020-03-12;"quinta-feira";"12:40:00";"SC";101;375,5;"ICARA";"Condutor Dormindo";"Saída de leito carroçável";"Com Vítimas Feridas";"Pleno dia";"Crescente";"Céu Claro";"Múltipla";"Reta";"Não";1;0;1;0;0;0;1;1;-28,73619;-49,24727;"SR-SC";"UOP01";"DEL02"
274901;2020-03-12;"quinta-feira";"15:15:00";"SC";101;209;"SAO JOSE";"Desobediência às normas de trânsito pelo condutor";"Colisão traseira";"Com Vítimas Feridas";"Pleno dia";"Decrescente";"Céu Claro";"Múltipla";"Reta";"Sim";2;0;0;1;1;0;1;2;-27,61001;-48,63895;"SR-SC";"UOP01";"DEL01"
274902;2020-03-12;"quinta-feira";"15:04:00";"SC";116;1,9;"MAFRA";"Defeito Mecânico no Veículo";"Incêndio";"Sem Vítimas";"Pleno dia";"Crescente";"Céu Claro";"Simples";"Reta";"Sim";1;0;0;0;1;0;0;1;-26,11709;-49,78695;"SR-SC";"UOP01";"DEL06"
274903;2020-03-12;"quinta-feira";"11:40:00";"MS";158;97;"PARANAIBA";"Falta de Atenção à Condução";"Danos eventuais";"Sem Vítimas";"Pleno dia";"Crescente";"Céu Claro";"Dupla";"Reta";"Sim";3;0;0;0;1;2;0;1;-19,69628;-51,17701;"SR-MS";"UOP01";"DEL08"
274905;2020-03-12;"quinta-feira";"15:00:00";"RJ";101;487;"ANGRA DOS REIS";"Falta de Atenção à Condução";"Colisão transversal";"Com Vítimas Feridas";"Pleno dia";"Crescente";"Nublado";"Dupla";"Reta";"Sim";3;0;2;0;1;0;2;2;-22,96829;-44,29865;"SR-RJ";"UOP03";"DEL03"
274906;2020-03-12;"quinta-feira";"16:00:00";"MG";262;175,8;"SAO DOMINGOS DO PRATA";"Condutor Dormindo";"Saída de leito carroçável";"Com Vítimas Feridas";"Pleno dia";"Crescente";"Céu Claro";"Simples";"Curva";"Não";1;0;1;0;0;0;1;1;-19,93201;-42,95477;"SR-MG";"UOP01";"DEL03"
274907;2020-03-12;"quinta-feira";"15:00:00";"SC";470;139;"RIO DO SUL";"Falta de Atenção à Condução";"Colisão transversal";"Com Vítimas Feridas";"Pleno dia";"Crescente";"Céu Claro";"Simples";"Reta";"Não";2;0;1;0;1;0;1;2;-27,21756;-49,65461;"SR-SC";"UOP02";"DEL04"
274908;2020-03-12;"quinta-feira";"16:10:00";"GO";70;41;"COCALZINHO DE GOIAS";"Defeito na Via";"Saída de leito carroçável";"Com Vítimas Feridas";"Pleno dia";"Decrescente";"Céu Claro";"Dupla";"Reta";"Sim";2;0;2;0;0;0;2;1;-15,77388;-48,54192;"SR-DF";"UOP03";"DEL01"
274909;2020-03-12;"quinta-feira";"16:15:00";"PR";277;730,4;"FOZ DO IGUACU";"Não guardar distância de segurança";"Queda de ocupante de veículo";"Com Vítimas Feridas";"Pleno dia";"Decrescente";"Céu Claro";"Simples";"Reta";"Sim";1;0;1;0;0;0;1;1;-25,50826;-54,59239;"SR-PR";"UOP02";"DEL05"
274911;2020-03-12;"quinta-feira";"16:35:00";"SC";116;12,3;"MAFRA";"Falta de Atenção à Condução";"Colisão transversal";"Com Vítimas Feridas";"Pleno dia";"Decrescente";"Céu Claro";"Simples";"Não Informado";"Não";3;0;1;0;2;0;1;2;-26,17878;-49,86721;"SR-SC";"UOP01";"DEL06"
274912;2020-03-12;"quinta-feira";"14:30:00";"PR";277;529,3;"CAMPO BONITO";"Desobediência às normas de trânsito pelo condutor";"Colisão transversal";"Com Vítimas Feridas";"Pleno dia";"Crescente";"Céu Claro";"Simples";"Reta";"Não";3;0;1;1;0;1;2;2;-25,09194;-52,95223;"SR-PR";"UOP02";"DEL04"
274913;2020-03-12;"quinta-feira";"16:40:00";"PB";101;112;"PEDRAS DE FOGO";"Pista Escorregadia";"Saída de leito carroçável";"Com Vítimas Feridas";"Anoitecer";"Decrescente";"Chuva";"Dupla";"Rotatória";"Não";4;0;4;0;0;0;4;1;-7,369871;-34,95429;"SR-PB";"UOP01";"DEL01"
274916;2020-03-12;"quinta-feira";"16:30:00";"PE";101;70,1;"RECIFE";"Falta de Atenção do Pedestre";"Atropelamento de Pedestre";"Com Vítimas Feridas";"Pleno dia";"Decrescente";"Céu Claro";"Dupla";"Reta";"Sim";2;0;0;1;1;0;1;1;-8,068526;-34,94251;"SR-PE";"UOP01";"DEL01"
274917;2020-03-12;"quinta-feira";"16:30:00";"MG";381;671,7;"PERDOES";"Condutor Dormindo";"Saída de leito carroçável";"Com Vítimas Feridas";"Pleno dia";"Crescente";"Céu Claro";"Dupla";"Reta";"Não";1;0;1;0;0;0;1;1;-21,06626;-45,05252;"SR-MG";"UOP02";"DEL04"
274918;2020-03-12;"quinta-feira";"16:30:00";"RJ";101;59;"CAMPOS DOS GOYTACAZES";"Desobediência às normas de trânsito pelo condutor";"Colisão traseira";"Com Vítimas Feridas";"Pleno dia";"Crescente";"Chuva";"Simples";"Interseção de vias";"Sim";2;0;1;0;1;0;1;2;-21,71875;-41,31246;"SR-RJ";"UOP01";"DEL08"
274919;2020-03-12;"quinta-feira";"16:50:00";"SC";101;194,3;"SAO JOSE";"Não guardar distância de segurança";"Colisão transversal";"Com Vítimas Feridas";"Pleno dia";"Crescente";"Sol";"Múltipla";"Não Informado";"Sim";3;0;2;0;1;0;2;2;-27,49734;-48,65718;"SR-SC";"UOP01";"DEL01"
274920;2020-03-12;"quinta-feira";"17:00:00";"ES";262;107,5;"VENDA NOVA DO IMIGRANTE";"Desobediência às normas de trânsito pelo condutor";"Colisão frontal";"Com Vítimas Feridas";"Pleno dia";"Decrescente";"Céu Claro";"Simples";"Reta";"Sim";2;0;0;2;0;0;2;2;-20,32992;-41,15344;"SR-ES";"UOP02";"DEL01"
274921;2020-03-12;"quinta-feira";"16:20:00";"RJ";40;109;"DUQUE DE CAXIAS";"Não guardar distância de segurança";"Colisão traseira";"Com Vítimas Feridas";"Pleno dia";"Decrescente";"Céu Claro";"Múltipla";"Reta";"Sim";2;0;0;1;1;0;1;2;-22,67375;-43,28638;"SR-RJ";"UOP01";"DEL01"
274924;2020-03-12;"quinta-feira";"17:15:00";"ES";259;50,3;"COLATINA";"Desobediência às normas de trânsito pelo condutor";"Colisão transversal";"Com Vítimas Feridas";"Anoitecer";"Crescente";"Céu Claro";"Simples";"Curva";"Sim";2;0;0;1;1;0;1;2;-19,50906;-40,606;"SR-ES";"UOP01";"DEL02"
274925;2020-03-12;"quinta-feira";"17:39:00";"RS";392;346;"SANTA MARIA";"Falta de Atenção à Condução";"Colisão transversal";"Com Vítimas Feridas";"Pleno dia";"Crescente";"Céu Claro";"Simples";"Reta";"Sim";2;0;2;0;0;0;2;2;-29,76987;-53,78434;"SR-RS";"UOP01";"DEL09"
274926;2020-03-12;"quinta-feira";"17:00:00";"MG";40;350,5;"FELIXLANDIA";"Condutor Dormindo";"Saída de leito carroçável";"Com Vítimas Feridas";"Pleno dia";"Decrescente";"Sol";"Simples";"Curva";"Não";2;0;0;2;0;0;2;1;-18,72488;-44,93873;"SR-MG";"UOP01";"DEL02"
274927;2020-03-12;"quinta-feira";"16:50:00";"RJ";116;67,2;"TERESOPOLIS";"Falta de Atenção à Condução";"Colisão transversal";"Com Vítimas Feridas";"Pleno dia";"Crescente";"Nublado";"Simples";"Reta";"Sim";2;0;1;0;1;0;1;2;-22,29372;-42,93354;"SR-RJ";"UOP01";"DEL04"
274929;2020-03-12;"quinta-feira";"18:10:00";"DF";70;8;"BRASILIA";"Falta de Atenção do Pedestre";"Atropelamento de Pedestre";"Com Vítimas Feridas";"Anoitecer";"Crescente";"Céu Claro";"Dupla";"Não Informado";"Sim";2;0;1;1;0;0;2;1;-15,78497;-48,12211;"SR-DF";"UOP03";"DEL01"
274930;2020-03-12;"quinta-feira";"16:10:00";"SC";282;381;"HERVAL DOESTE";"Defeito Mecânico no Veículo";"Saída de leito carroçável";"Com Vítimas Feridas";"Pleno dia";"Decrescente";"Céu Claro";"Simples";"Reta";"Não";1;0;0;1;0;0;1;1;-27,20498;-51,50144;"SR-SC";"UOP07";"DEL07"
274931;2020-03-12;"quinta-feira";"11:30:00";"BA";101;419,4;"MARAU";"Ultrapassagem Indevida";"Colisão transversal";"Com Vítimas Fatais";"Pleno dia";"Decrescente";"Chuva";"Simples";"Não Informado";"Não";3;1;2;0;0;0;2;2;-14,22999;-39,31917;"SR-BA";"UOP03";"DEL05"
274932;2020-03-12;"quinta-feira";"17:30:00";"MG";40;749,6;"SANTOS DUMONT";"Falta de Atenção à Condução";"Tombamento";"Com Vítimas Feridas";"Pleno dia";"Decrescente";"Céu Claro";"Simples";"Curva";"Não";1;0;0;1;0;0;1;1;-21,44787;-43,55739;"SR-MG";"UOP01";"DEL05"
274933;2020-03-12;"quinta-feira";"18:10:00";"PR";376;153;"MANDAGUACU";"Desobediência às normas de trânsito pelo condutor";"Colisão transversal";"Com Vítimas Feridas";"Plena Noite";"Decrescente";"Céu Claro";"Dupla";"Não Informado";"Não";2;0;1;1;0;0;2;2;-23,32908;-52,11162;"SR-PR";"UOP01";"DEL09"
274934;2020-03-12;"quinta-feira";"17:30:00";"RJ";393;265;"BARRA DO PIRAI";"Defeito Mecânico no Veículo";"Colisão com objeto estático";"Sem Vítimas";"Pleno dia";"Crescente";"Céu Claro";"Simples";"Reta";"Não";2;0;0;0;2;0;0;1;-22,477;-43,88451;"SR-RJ";"UOP02";"DEL05"
274935;2020-03-12;"quinta-feira";"18:43:00";"SC";101;205;"SAO JOSE";"Velocidade Incompatível";"Colisão traseira";"Com Vítimas Feridas";"Pleno dia";"Crescente";"Céu Claro";"Múltipla";"Reta";"Não";2;0;0;1;1;0;1;2;-27,58313;-48,61533;"SR-SC";"UOP01";"DEL01"
274936;2020-03-12;"quinta-feira";"14:55:00";"MG";381;768,7;"CAMPANHA";"Defeito Mecânico no Veículo";"Saída de leito carroçável";"Com Vítimas Feridas";"Pleno dia";"Decrescente";"Sol";"Dupla";"Não Informado";"Não";2;0;2;0;0;0;2;1;-21,7737;-45,42762;"SR-MG";"UOP02";"DEL16"
274938;2020-03-12;"quinta-feira";"10:45:00";"PA";316;28;"BENEVIDES";"Pista Escorregadia";"Saída de leito carroçável";"Com Vítimas Feridas";"Pleno dia";"Decrescente";"Chuva";"Dupla";"Curva";"Sim";1;0;1;0;0;0;1;1;-1,311219;-48,22115;"SR-PA";"UOP01";"DEL01"
274939;2020-03-12;"quinta-feira";"17:05:00";"MT";364;365;"CUIABA";"Velocidade Incompatível";"Capotamento";"Com Vítimas Feridas";"Anoitecer";"Crescente";"Céu Claro";"Dupla";"Reta";"Não";1;0;1;0;0;0;1;1;-15,72958;-55,66877;"SR-MT";"UOP02";"DEL01"
274940;2020-03-12;"quinta-feira";"18:15:00";"PA";163;1002;"SANTAREM";"Desobediência às normas de trânsito pelo condutor";"Colisão transversal";"Com Vítimas Feridas";"Anoitecer";"Crescente";"Céu Claro";"Simples";"Reta";"Sim";2;0;1;0;1;0;1;2;-2,442533;-54,73106;"SR-PA";"UOP01";"DEL05"
274941;2020-03-12;"quinta-feira";"18:50:00";"PA";230;126,6;"MARABA";"Animais na Pista";"Atropelamento de Animal";"Com Vítimas Feridas";"Plena Noite";"Decrescente";"Céu Claro";"Simples";"Desvio Temporário";"Não";1;0;0;1;0;0;1;1;-5,375056;-49,15661;"SR-PA";"UOP01";"DEL03"
274942;2020-03-12;"quinta-feira";"17:30:00";"MT";364;241;"JUSCIMEIRA";"Falta de Atenção à Condução";"Saída de leito carroçável";"Com Vítimas Feridas";"Anoitecer";"Crescente";"Céu Claro";"Dupla";"Curva";"Sim";1;0;0;1;0;0;1;1;-16,17086;-54,79227;"SR-MT";"UOP01";"DEL02"
274943;2020-03-12;"quinta-feira";"18:30:00";"GO";364;194;"JATAI";"Defeito na Via";"Queda de ocupante de veículo";"Com Vítimas Feridas";"Anoitecer";"Decrescente";"Céu Claro";"Dupla";"Não Informado";"Não";1;0;1;0;0;0;1;1;-17,92217;-51,70408;"SR-GO";"UOP01";"DEL05"
274944;2020-03-12;"quinta-feira";"15:40:00";"PR";277;729;"FOZ DO IGUACU";"Desobediência às normas de trânsito pelo condutor";"Colisão com objeto estático";"Sem Vítimas";"Pleno dia";"Crescente";"Céu Claro";"Dupla";"Não Informado";"Sim";1;0;0;0;1;0;0;1;-25,5075;-54,5838;"SR-PR";"UOP02";"DEL05"
274945;2020-03-12;"quinta-feira";"18:45:00";"ES";101;70;"SAO MATEUS";"Desobediência às normas de trânsito pelo condutor";"Colisão frontal";"Com Vítimas Feridas";"Plena Noite";"Crescente";"Nublado";"Simples";"Reta";"Não";2;0;1;0;1;0;1;2;-18,74454;-39,86165;"SR-ES";"UOP02";"DEL04"
274946;2020-03-12;"quinta-feira";"18:30:00";"GO";60;325;"ACREUNA";"Falta de Atenção à Condução";"Saída de leito carroçável";"Com Vítimas Feridas";"Plena Noite";"Crescente";"Céu Claro";"Dupla";"Reta";"Não";5;0;4;0;1;0;4;1;-17,5204;-50,4872;"SR-GO";"UOP01";"DEL04"
274947;2020-03-12;"quinta-feira";"19:10:00";"PR";369;156,1;"LONDRINA";"Defeito Mecânico no Veículo";"Tombamento";"Com Vítimas Feridas";"Plena Noite";"Crescente";"Céu Claro";"Dupla";"Não Informado";"Sim";2;0;1;1;0;0;2;1;-23,29116;-51,21778;"SR-PR";"UOP01";"DEL07"
274948;2020-03-12;"quinta-feira";"18:00:00";"MT";70;523;"VARZEA GRANDE";"Desobediência às normas de trânsito pelo condutor";"Colisão frontal";"Com Vítimas Feridas";"Plena Noite";"Crescente";"Céu Claro";"Simples";"Reta";"Sim";2;0;1;0;1;0;1;2;-15,65987;-56,18745;"SR-MT";"UOP02";"DEL05"
274949;2020-03-12;"quinta-feira";"16:40:00";"SC";470;97,5;"APIUNA";"Não guardar distância de segurança";"Colisão com objeto estático";"Com Vítimas Feridas";"Pleno dia";"Crescente";"Céu Claro";"Simples";"Curva";"Sim";1;0;1;0;0;0;1;1;-27,02662;-49,37812;"SR-SC";"UOP01";"DEL04"
274951;2020-02-25;"terça-feira";"16:15:00";"MG";116;782,7;"LEOPOLDINA";"Velocidade Incompatível";"Tombamento";"Com Vítimas Feridas";"Pleno dia";"Decrescente";"Nublado";"Simples";"Curva";"Não";2;0;1;1;0;0;2;1;-21,62704;-42,69997;"SR-MG";"UOP01";"DEL07"
274952;2020-03-12;"quinta-feira";"17:45:00";"SC";280;56,5;"GUARAMIRIM";"Desobediência às normas de trânsito pelo condutor";"Colisão transversal";"Com Vítimas Feridas";"Pleno dia";"Crescente";"Nublado";"Simples";"Reta";"Não";3;0;0;1;1;1;1;2;-26,47933;-49,00825;"SR-SC";"UOP03";"DEL03"
274953;2020-03-12;"quinta-feira";"18:05:00";"MT";163;844;"SINOP";"Avarias e/ou desgaste excessivo no pneu";"Tombamento";"Com Vítimas Feridas";"Anoitecer";"Crescente";"Nublado";"Simples";"Reta";"Não";2;0;2;0;0;0;2;1;-11,90745;-55,50727;"SR-MT";"UOP02";"DEL06"
274955;2020-03-12;"quinta-feira";"18:00:00";"PR";376;391;"IMBAU";"Falta de Atenção à Condução";"Saída de leito carroçável";"Com Vítimas Feridas";"Anoitecer";"Decrescente";"Céu Claro";"Dupla";"Curva";"Não";1;0;1;0;0;0;1;1;-24,48747;-50,73423;"SR-PR";"UOP04";"DEL03"