"id";"data_inversa";"dia_semana";"horario";"uf";"br";"km";"municipio";"causa_acidente";"tipo_acidente";"classificacao_acidente";"fase_dia";"sentido_via";"condicao_metereologica";"tipo_pista";"tracado_via";"uso_solo";"pessoas";"mortos";"feridos_leves";"feridos_graves";"ilesos";"ignorados";"feridos";"veiculos";"latitude";"longitude";"regional";"delegacia";"uop"
275045;2020-03-13;"sexta-feira";"08:10:00";"ES";262;100;"VENDA NOVA DO IMIGRANTE";"Desobediência às normas de trânsito pelo condutor";"Colisão frontal";"Com Vítimas Feridas";"Pleno dia";"Crescente";"Nublado";"Simples";"Curva";"Não";2;0;0;2;0;0;2;2;-20,3489;-41,10207;"SR-ES";"UOP02";"DEL01"
275047;2020-03-13;"sexta-feira";"09:00:00";"DF";60;18;"BRASILIA";"Condutor Dormindo";"Saída de leito carroçável";"Com Vítimas Feridas";"Pleno dia";"Decrescente";"Céu Claro";"Dupla";"Reta";"Não";2;0;1;0;1;0;1;1;-15,96779;-48,18356;"SR-DF";"UOP02";"DEL01"
275048;2020-03-13;"sexta-feira";"08:45:00";"MG";365;301;"SAO GONCALO DO ABAETE";"Defeito na Via";"Saída de leito carroçável";"Com Vítimas Feridas";"Pleno dia";"Decrescente";"Céu Claro";"Simples";"Reta";"Não";1;0;1;0;0;0;1;1;-18,15534;-45,76428;"SR-MG";"UOP01";"DEL10"
275049;2020-03-13;"sexta-feira";"09:10:00";"SC";101;90,6;"BARRA VELHA";"Não guardar distância de segurança";"Colisão traseira";"Com Vítimas Feridas";"Pleno dia";"Crescente";"Sol";"Dupla";"Reta";"Não";3;0;2;0;1;0;2;2;-26,66149;-48,68866;"SR-SC";"UOP02";"DEL03"
275050;2020-03-13;"sexta-feira";"09:30:00";"PB";101;23,5;"RIO TINTO";"Avarias e/ou desgaste excessivo no pneu";"Tombamento";"Com Vítimas Feridas";"Pleno dia";"Decrescente";"Nublado";"Dupla";"Curva";"Não";2;0;2;0;0;0;2;1;-6,690064;-35,11529;"SR-PB";"UOP03";"DEL01"
275051;2020-03-13;"sexta-feira";"09:55:00";"GO";153;502,8;"GOIANIA";"Falta de Atenção à Condução";"Colisão traseira";"Com Vítimas Feridas";"Pleno dia";"Crescente";"Céu Claro";"Dupla";"Reta";"Sim";2;0;1;0;0;1;1;2;-16,7287;-49,2424;"SR-GO";"UOP01";"DEL01"
275052;2020-03-13;"sexta-feira";"09:00:00";"PR";116;10,5;"COLOMBO";"Desobediência às normas de trânsito pelo condutor";"Colisão lateral";"Com Vítimas Feridas";"Pleno dia";"Crescente";"Sol";"Dupla";"Reta";"Sim";2;0;1;0;1;0;1;2;-25,3719;-49,134;"SR-PR";"UOP01";"DEL01"
275053;2020-02-22;"sábado";"08:55:00";"PR";116;28,5;"CAMPINA GRANDE DO SUL";"Objeto estático sobre o leito carroçável";"Incêndio";"Sem Vítimas";"Pleno dia";"Decrescente";"Chuva";"Dupla";"Curva";"Não";1;0;0;0;1;0;0;1;-25,1067;-48,80406;"SR-PR";"UOP02";"DEL01"
275054;2020-03-13;"sexta-feira";"07:15:00";"AC";364;139;"RIO BRANCO";"Falta de Atenção à Condução";"Colisão lateral";"Com Vítimas Feridas";"Pleno dia";"Decrescente";"Chuva";"Dupla";"Rotatória";"Sim";4;0;2;0;1;1;2;2;-9,953593;-67,8612;"SR-AC";"UOP01";"DEL01"
275055;2020-03-13;"sexta-feira";"05:30:00";"MG";381;392;"BARAO DE COCAIS";"Agressão Externa";"Colisão com objeto estático";"Com Vítimas Feridas";"Plena Noite";"Crescente";"Céu Claro";"Dupla";"Reta";"Não";1;0;1;0;0;0;1;1;-19,76615;-43,45877;"SR-MG";"UOP01";"DEL01"
275056;2020-03-13;"sexta-feira";"08:30:00";"PI";343;559,6;"AMARANTE";"Pista Escorregadia";"Colisão com objeto estático";"Com Vítimas Feridas";"Pleno dia";"Crescente";"Chuva";"Simples";"Curva";"Não";4;0;1;0;3;0;1;1;-6,652987;-42,88287;"SR-PI";"UOP01";"DEL03"
275057;2020-02-23;"domingo";"15:50:00";"MG";365;109,9;"JEQUITAI";"Velocidade Incompatível";"Saída de leito carroçável";"Com Vítimas Fatais";"Pleno dia";"Decrescente";"Chuva";"Simples";"Reta";"Não";1;1;0;0;0;0;0;1;-17,20169;-44,61491;"SR-MG";"UOP01";"DEL12"
275058;2020-01-30;"quinta-feira";"02:40:00";"PR";376;653;"TIJUCAS DO SUL";"Falta de Atenção à Condução";"Colisão frontal";"Com Vítimas Feridas";"Plena Noite";"Crescente";"Nublado";"Dupla";"Reta";"Não";3;0;2;0;1;0;2;2;-25,8442;-49,06044;"SR-PR";"DEL7/1";"UOP08/PR"
275059;2020-03-13;"sexta-feira";"10:55:00";"SC";101;214,5;"PALHOCA";"Falta de Atenção à Condução";"Colisão lateral";"Com Vítimas Feridas";"Pleno dia";"Decrescente";"Céu Claro";"Múltipla";"Reta";"Sim";2;0;1;0;1;0;1;2;-27,65023;-48,67467;"SR-SC";"UOP02";"DEL01"
275060;2020-03-13;"sexta-feira";"11:20:00";"MG";365;2;"MONTES CLAROS";"Falta de Atenção à Condução";"Colisão traseira";"Com Vítimas Feridas";"Pleno dia";"Decrescente";"Céu Claro";"Simples";"Reta";"Não";2;0;0;1;1;0;1;2;-16,78673;-43,89178;"SR-MG";"UOP01";"DEL12"
275061;2020-03-13;"sexta-feira";"11:30:00";"PR";272;367;"CAMPO MOURAO";"Desobediência às normas de trânsito pelo condutor";"Colisão lateral";"Com Vítimas Feridas";"Pleno dia";"Crescente";"Sol";"Dupla";"Reta";"Sim";3;0;2;0;1;0;2;2;-24,05071;-52,40232;"SR-PR";"UOP03";"DEL09"
275062;2020-03-13;"sexta-feira";"11:10:00";"PR";116;17;"CURITIBA";"Mal Súbito";"Colisão com objeto estático";"Com Vítimas Feridas";"Pleno dia";"Decrescente";"Chuva";"Dupla";"Reta";"Não";1;0;1;0;0;0;1;1;-25,38909;-49,19534;"SR-PR";"UOP01";"DEL01"
275063;2020-03-13;"sexta-feira";"11:40:00";"ES";101;254,2;"SERRA";"Falta de Atenção do Pedestre";"Atropelamento de Pedestre";"Com Vítimas Feridas";"Pleno dia";"Crescente";"Céu Claro";"Simples";"Reta";"Sim";3;0;0;1;1;1;1;1;-20,11252;-40,32429;"SR-ES";"UOP01";"DEL02"
275064;2020-03-13;"sexta-feira";"05:00:00";"RN";101;105;"PARNAMIRIM";"Falta de Atenção à Condução";"Saída de leito carroçável";"Sem Vítimas";"Pleno dia";"Decrescente";"Chuva";"Múltipla";"Reta";"Sim";1;0;0;0;0;1;0;1;-5,901652;-35,25929;"SR-RN";"UOP01";"DEL01"
275065;2020-03-13;"sexta-feira";"11:15:00";"MG";146;559,8;"CABO VERDE";"Ultrapassagem Indevida";"Colisão frontal";"Com Vítimas Feridas";"Pleno dia";"Decrescente";"Céu Claro";"Simples";"Curva";"Não";4;0;3;1;0;0;4;2;-21,46862;-46,40363;"SR-MG";"UOP01";"DEL09"
275066;2020-03-13;"sexta-feira";"11:35:00";"PR";467;105;"CASCAVEL";"Falta de Atenção à Condução";"Saída de leito carroçável";"Com Vítimas Feridas";"Pleno dia";"Decrescente";"Sol";"Dupla";"Reta";"Não";1;0;1;0;0;0;1;1;-24,91314;-53,49773;"SR-PR";"UOP01";"DEL04"
275067;2020-03-13;"sexta-feira";"10:30:00";"RS";116;461;"SAO LOURENCO DO SUL";"Falta de Atenção à Condução";"Colisão lateral";"Com Vítimas Feridas";"Pleno dia";"Decrescente";"Sol";"Dupla";"Reta";"Não";3;0;1;0;2;0;1;2;-31,29067;-52,00943;"SR-RS";"UOP02";"DEL02"
275068;2020-03-13;"sexta-feira";"12:10:00";"ES";101;260,9;"SERRA";"Velocidade Incompatível";"Queda de ocupante de veículo";"Com Vítimas Feridas";"Pleno dia";"Decrescente";"Céu Claro";"Simples";"Não Informado";"Sim";1;0;1;0;0;0;1;1;-20,14616;-40,28836;"SR-ES";"UOP01";"DEL02"
275069;2020-03-11;"quarta-feira";"21:50:00";"GO";364;221;"JATAI";"Ultrapassagem Indevida";"Colisão traseira";"Com Vítimas Feridas";"Plena Noite";"Crescente";"Garoa/Chuvisco";"Simples";"Reta";"Não";2;0;1;0;1;0;1;2;-17,84313;-51,92736;"SR-GO";"UOP01";"DEL05"
275071;2020-03-13;"sexta-feira";"09:50:00";"SC";470;80,4;"RODEIO";"Falta de Atenção à Condução";"Colisão transversal";"Com Vítimas Feridas";"Pleno dia";"Decrescente";"Sol";"Simples";"Curva";"Não";2;0;0;1;1;0;1;2;-26,94881;-49,3161;"SR-SC";"UOP01";"DEL04"
275072;2020-03-13;"sexta-feira";"10:55:00";"MS";163;484,4;"CAMPO GRANDE";"Falta de Atenção à Condução";"Colisão transversal";"Com Vítimas Feridas";"Pleno dia";"Decrescente";"Céu Claro";"Simples";"Interseção de vias";"Sim";2;0;2;0;0;0;2;2;-20,45105;-54,54033;"SR-MS";"UOP02";"DEL01"
275073;2020-03-13;"sexta-feira";"12:00:00";"BA";116;421;"FEIRA DE SANTANA";"Falta de Atenção à Condução";"Colisão traseira";"Com Vítimas Feridas";"Pleno dia";"Crescente";"Sol";"Múltipla";"Reta";"Sim";2;0;0;1;1;0;1;2;-12,21194;-38,96567;"SR-BA";"UOP01";"DEL02"
275074;2020-03-13;"sexta-feira";"09:20:00";"RJ";40;80;"PETROPOLIS";"Falta de Atenção à Condução";"Colisão com objeto estático";"Com Vítimas Feridas";"Pleno dia";"Crescente";"Céu Claro";"Simples";"Reta";"Não";2;0;1;0;1;0;1;1;-22,49799;-43,22879;"SR-RJ";"UOP03";"DEL06"
275075;2020-03-13;"sexta-feira";"10:20:00";"SC";101;125,7;"ITAJAI";"Defeito Mecânico no Veículo";"Tombamento";"Com Vítimas Feridas";"Pleno dia";"Decrescente";"Sol";"Dupla";"Curva";"Não";2;0;2;0;0;0;2;1;-26,94802;-48,68339;"SR-SC";"UOP04";"DEL04"
275076;2020-03-13;"sexta-feira";"12:30:00";"PR";376;175,3;"MARINGA";"Falta de Atenção à Condução";"Saída de leito carroçável";"Com Vítimas Feridas";"Pleno dia";"Crescente";"Céu Claro";"Dupla";"Reta";"Sim";2;0;0;2;0;0;2;1;-23,41136;-51,94078;"SR-PR";"UOP01";"DEL09"
275077;2020-03-13;"sexta-feira";"11:45:00";"MT";70;524,5;"VARZEA GRANDE";"Falta de Atenção à Condução";"Colisão transversal";"Sem Vítimas";"Pleno dia";"Crescente";"Céu Claro";"Dupla";"Reta";"Não";2;0;0;0;2;0;0;2;-15,64921;-56,19486;"SR-MT";"UOP02";"DEL05"
275078;2020-03-13;"sexta-feira";"12:45:00";"ES";101;241,5;"SERRA";"Falta de Atenção à Condução";"Colisão transversal";"Com Vítimas Feridas";"Pleno dia";"Crescente";"Nublado";"Simples";"Interseção de vias";"Não";5;0;1;2;2;0;3;2;-20,02836;-40,39805;"SR-ES";"UOP01";"DEL02"
275079;2020-03-13;"sexta-feira";"12:45:00";"DF";20;16;"BRASILIA";"Falta de Atenção à Condução";"Colisão lateral";"Com Vítimas Feridas";"Pleno dia";"Crescente";"Céu Claro";"Dupla";"Reta";"Sim";2;0;0;1;1;0;1;2;-15,62466;-47,72319;"SR-DF";"UOP01";"DEL02"
275080;2020-03-09;"segunda-feira";"16:35:00";"MS";163;258,2;"DOURADOS";"Desobediência às normas de trânsito pelo condutor";"Colisão transversal";"Com Vítimas Feridas";"Pleno dia";"Crescente";"Céu Claro";"Dupla";"Rotatória";"Sim";2;0;1;0;0;1;1;2;-22,25859;-54,78359;"SR-MS";"UOP01";"DEL04"
275081;2020-02-26;"quarta-feira";"16:10:00";"SP";116;523;"BARRA DO TURVO";"Não guardar distância de segurança";"Colisão traseira";"Com Vítimas Feridas";"Pleno dia";"Crescente";"Chuva";"Simples";"Reta";"Não";3;0;0;1;2;0;1;2;-24,92177;-48,26029;"SR-SP";"UOP02";"DEL05"
275082;2020-03-13;"sexta-feira";"11:10:00";"SP";153;170,6;"GUAICARA";"Falta de Atenção à Condução";"Colisão frontal";"Com Vítimas Feridas";"Pleno dia";"Crescente";"Sol";"Simples";"Reta";"Não";3;0;1;0;2;0;1;2;-21,59723;-49,78493;"SR-SP";"UOP01";"DEL07"
275083;2020-03-13;"sexta-feira";"13:10:00";"PR";476;144;"CURITIBA";"Falta de Atenção à Condução";"Saída de leito carroçável";"Com Vítimas Feridas";"Pleno dia";"Crescente";"Céu Claro";"Dupla";"Não Informado";"Sim";2;0;1;0;0;1;1;1;-25,54729;-49,32125;"SR-PR";"UOP04";"DEL01"
275084;2020-03-13;"sexta-feira";"08:50:00";"PE";232;78,8;"GRAVATA";"Falta de Atenção à Condução";"Colisão lateral";"Com Vítimas Feridas";"Pleno dia";"Crescente";"Sol";"Simples";"Reta";"Sim";2;0;1;0;1;0;1;2;-8,193437;-35,55187;"SR-PE";"UOP04";"DEL01"
275085;2020-03-13;"sexta-feira";"10:30:00";"PR";376;520;"PONTA GROSSA";"Defeito Mecânico no Veículo";"Queda de ocupante de veículo";"Com Vítimas Feridas";"Pleno dia";"Crescente";"Céu Claro";"Dupla";"Reta";"Não";2;0;2;0;0;0;2;1;-25,28391;-49,91098;"SR-PR";"UOP02";"DEL03"
275086;2020-03-13;"sexta-feira";"13:15:00";"PR";376;170,8;"MARINGA";"Não guardar distância de segurança";"Colisão traseira";"Com Vítimas Feridas";"Pleno dia";"Decrescente";"Sol";"Dupla";"Reta";"Não";7;0;4;0;3;0;4;2;-23,41596;-51,9795;"SR-PR";"UOP01";"DEL09"
275087;2020-03-13;"sexta-feira";"13:10:00";"RS";116;256,8;"ESTEIO";"Falta de Atenção à Condução";"Colisão traseira";"Com Vítimas Feridas";"Pleno dia";"Crescente";"Sol";"Dupla";"Reta";"Sim";2;0;1;0;1;0;1;2;-29,84394;-51,17729;"SR-RS";"UOP02";"DEL01"
275088;2020-02-23;"domingo";"14:50:00";"MG";365;856;"SANTA VITORIA";"Falta de Atenção à Condução";"Colisão traseira";"Com Vítimas Feridas";"Pleno dia";"Decrescente";"Nublado";"Simples";"Reta";"Não";2;0;0;1;1;0;1;2;-19,0306;-50,37297;"SR-MG";"UOP03";"DEL15"
275089;2020-03-13;"sexta-feira";"12:47:00";"SC";101;95,2;"BARRA VELHA";"Velocidade Incompatível";"Colisão transversal";"Com Vítimas Feridas";"Pleno dia";"Decrescente";"Céu Claro";"Simples";"Reta";"Não";3;0;0;1;2;0;1;3;-26,71514;-48,70222;"SR-SC";"UOP02";"DEL03"
275090;2020-03-13;"sexta-feira";"11:20:00";"SC";280;232,8;"CANOINHAS";"Velocidade Incompatível";"Colisão frontal";"Com Vítimas Feridas";"Pleno dia";"Crescente";"Céu Claro";"Simples";"Curva";"Sim";2;0;1;0;1;0;1;2;-26,19015;-50,38187;"SR-SC";"UOP04";"DEL06"
275091;2020-03-13;"sexta-feira";"06:30:00";"PI";135;457;"MONTE ALEGRE DO PIAUI";"Defeito na Via";"Saída de leito carroçável";"Com Vítimas Feridas";"Pleno dia";"Crescente";"Céu Claro";"Simples";"Desvio Temporário";"Não";4;0;2;0;2;0;2;1;-9,562407;-44,96876;"SR-PI";"UOP02";"DEL03"
275092;2020-03-13;"sexta-feira";"13:40:00";"RN";101;107;"PARNAMIRIM";"Desobediência às normas de trânsito pelo pedestre";"Atropelamento de Pedestre";"Com Vítimas Feridas";"Pleno dia";"Crescente";"Nublado";"Múltipla";"Reta";"Sim";2;0;1;0;1;0;1;1;-5,919208;-35,26412;"SR-RN";"UOP01";"DEL01"
275093;2020-03-13;"sexta-feira";"12:50:00";"RS";116;38,5;"VACARIA";"Ingestão de Álcool";"Colisão transversal";"Sem Vítimas";"Pleno dia";"Crescente";"Céu Claro";"Simples";"Não Informado";"Sim";2;0;0;0;2;0;0;2;-28,50864;-50,92877;"SR-RS";"UOP03";"DEL05"
275094;2020-03-13;"sexta-feira";"13:45:00";"PR";476;74;"BOCAIUVA DO SUL";"Desobediência às normas de trânsito pelo condutor";"Saída de leito carroçável";"Com Vítimas Feridas";"Pleno dia";"Crescente";"Céu Claro";"Simples";"Curva";"Não";2;0;1;0;1;0;1;1;-25,0996;-49,09674;"SR-PR";"UOP06";"DEL01"
275096;2020-03-13;"sexta-feira";"13:25:00";"PB";101;104,9;"ALHANDRA";"Pista Escorregadia";"Saída de leito carroçável";"Sem Vítimas";"Pleno dia";"Crescente";"Chuva";"Dupla";"Reta";"Não";1;0;0;0;1;0;0;1;-7,300291;-34,93889;"SR-PB";"UOP01";"DEL01"
275097;2020-03-13;"sexta-feira";"14:05:00";"PE";423;96,4;"GARANHUNS";"Desobediência às normas de trânsito pelo condutor";"Colisão frontal";"Com Vítimas Feridas";"Pleno dia";"Decrescente";"Céu Claro";"Simples";"Curva";"Sim";2;0;1;1;0;0;2;2;-8,880218;-36,48652;"SR-PE";"UOP01";"DEL03"
275098;2020-03-13;"sexta-feira";"13:05:00";"MA";135;11;"SAO LUIS";"Desobediência às normas de trânsito pelo condutor";"Colisão traseira";"Com Vítimas Feridas";"Pleno dia";"Decrescente";"Nublado";"Dupla";"Reta";"Sim";3;0;2;0;1;0;2;2;-2,664633;-44,28647;"SR-MA";"UOP01";"DEL01"
275099;2020-03-13;"sexta-feira";"14:30:00";"MG";40;455,5;"CAETANOPOLIS";"Pista Escorregadia";"Tombamento";"Com Vítimas Feridas";"Pleno dia";"Crescente";"Céu Claro";"Dupla";"Não Informado";"Sim";2;0;2;0;0;0;2;1;-19,35768;-44,34736;"SR-MG";"UOP01";"DEL02"
275100;2020-03-13;"sexta-feira";"12:12:00";"SC";470;122,9;"IBIRAMA";"Ultrapassagem Indevida";"Colisão lateral";"Com Vítimas Feridas";"Pleno dia";"Decrescente";"Sol";"Simples";"Curva";"Sim";2;0;1;0;1;0;1;2;-27,09989;-49,52768;"SR-SC";"UOP02";"DEL04"
275101;2020-03-13;"sexta-feira";"14:30:00";"GO";153;543;"HIDROLANDIA";"Pista Escorregadia";"Saída de leito carroçável";"Com Vítimas Feridas";"Pleno dia";"Crescente";"Chuva";"Dupla";"Curva";"Não";2;0;2;0;0;0;2;1;-17,0814;-49,2246;"SR-GO";"UOP03";"DEL01"
275102;2020-03-13;"sexta-feira";"14:18:00";"RJ";101;334;"RIO DE JANEIRO";"Falta de Atenção à Condução";"Colisão traseira";"Com Vítimas Feridas";"Pleno dia";"Decrescente";"Céu Claro";"Dupla";"Reta";"Não";2;0;1;0;1;0;1;2;-22,88518;-43,21704;"SR-RJ";"UOP01";"DEL02"
275103;2020-03-13;"sexta-feira";"13:40:00";"ES";101;447,3;"MIMOSO DO SUL";"Ultrapassagem Indevida";"Colisão frontal";"Com Vítimas Feridas";"Pleno dia";"Crescente";"Chuva";"Simples";"Reta";"Não";3;0;0;2;1;0;2;2;-21,12406;-41,27538;"SR-ES";"UOP02";"DEL03"
275104;2020-03-13;"sexta-feira";"14:55:00";"RS";290;95;"PORTO ALEGRE";"Falta de Atenção à Condução";"Queda de ocupante de veículo";"Com Vítimas Feridas";"Pleno dia";"Decrescente";"Céu Claro";"Dupla";"Reta";"Não";2;0;1;0;1;0;1;2;-29,98283;-51,20157;"SR-RS";"UOP01";"DEL01"
275106;2020-03-13;"sexta-feira";"14:10:00";"PR";376;600;"CURITIBA";"Não guardar distância de segurança";"Colisão traseira";"Com Vítimas Feridas";"Pleno dia";"Crescente";"Sol";"Dupla";"Não Informado";"Sim";3;0;2;0;1;0;2;2;-25,53196;-49,32206;"SR-PR";"UOP04";"DEL01"
275107;2020-03-13;"sexta-feira";"14:00:00";"PR";476;118,5;"COLOMBO";"Falta de Atenção à Condução";"Saída de leito carroçável";"Com Vítimas Feridas";"Pleno dia";"Crescente";"Céu Claro";"Dupla";"Reta";"Sim";3;0;1;0;2;0;1;3;-25,35634;-49,18083;"SR-PR";"UOP06";"DEL01"
275110;2020-03-13;"sexta-feira";"07:00:00";"GO";40;0,5;"VALPARAISO DE GOIAS";"Falta de Atenção à Condução";"Colisão traseira";"Sem Vítimas";"Pleno dia";"Decrescente";"Nublado";"Dupla";"Reta";"Sim";1;0;0;0;0;1;0;1;-16,05302;-47,98184;"SR-DF";"UOP01";"DEL01"
275111;2020-03-13;"sexta-feira";"16:12:00";"PE";101;43,8;"IGARASSU";"Falta de Atenção à Condução";"Capotamento";"Com Vítimas Feridas";"Pleno dia";"Crescente";"Chuva";"Dupla";"Interseção de vias";"Sim";1;0;1;0;0;0;1;1;-7,847538;-34,90977;"SR-PE";"UOP02";"DEL01"
275112;2020-03-13;"sexta-feira";"15:10:00";"GO";153;176;"CAMPINORTE";"Agressão Externa";"Colisão com objeto em movimento";"Sem Vítimas";"Pleno dia";"Decrescente";"Céu Claro";"Simples";"Reta";"Sim";2;0;0;0;2;0;0;1;-14,31039;-49,14897;"SR-GO";"UOP01";"DEL07"
275113;2020-03-13;"sexta-feira";"16:00:00";"RJ";101;235;"SILVA JARDIM";"Falta de Atenção à Condução";"Saída de leito carroçável";"Com Vítimas Feridas";"Pleno dia";"Crescente";"Nublado";"Dupla";"Reta";"Não";2;0;1;0;1;0;1;1;-22,60859;-42,39497;"SR-RJ";"UOP03";"DEL02"
275114;2020-03-13;"sexta-feira";"00:45:00";"PI";135;143;"BERTOLINIA";"Defeito na Via";"Saída de leito carroçável";"Com Vítimas Feridas";"Plena Noite";"Crescente";"Ignorado";"Simples";"Não Informado";"Não";1;0;1;0;0;0;1;1;-7,765343;-43,85718;"SR-PI";"UOP01";"DEL03"
275115;2020-03-13;"sexta-feira";"14:30:00";"SP";153;133;"UBARANA";"Defeito Mecânico no Veículo";"Incêndio";"Sem Vítimas";"Pleno dia";"Decrescente";"Céu Claro";"Simples";"Reta";"Não";1;0;0;0;1;0;0;1;-21,27331;-49,77369;"SR-SP";"UOP01";"DEL09"
275116;2020-03-13;"sexta-feira";"13:10:00";"AC";364;125;"RIO BRANCO";"Desobediência às normas de trânsito pelo condutor";"Colisão transversal";"Com Vítimas Feridas";"Pleno dia";"Crescente";"Nublado";"Dupla";"Rotatória";"Sim";2;0;1;0;1;0;1;2;-10,01128;-67,79808;"SR-AC";"UOP01";"DEL01"
275118;2020-03-13;"sexta-feira";"15:35:00";"RS";471;169,1;"RIO PARDO";"Mal Súbito";"Colisão frontal";"Com Vítimas Feridas";"Pleno dia";"Crescente";"Céu Claro";"Simples";"Reta";"Não";3;0;1;0;2;0;1;3;-29,97938;-52,37159;"SR-RS";"UOP03";"DEL02"
275119;2020-03-13;"sexta-feira";"15:10:00";"ES";262;41;"DOMINGOS MARTINS";"Ingestão de Álcool";"Colisão com objeto estático";"Com Vítimas Feridas";"Pleno dia";"Decrescente";"Chuva";"Simples";"Curva";"Não";1;0;0;1;0;0;1;1;-20,38492;-40,64441;"SR-ES";"UOP01";"DEL01"
275120;2020-03-13;"sexta-feira";"14:50:00";"PE";101;43,5;"IGARASSU";"Falta de Atenção à Condução";"Colisão lateral";"Com Vítimas Feridas";"Pleno dia";"Decrescente";"Nublado";"Múltipla";"Reta";"Sim";2;0;1;0;1;0;1;2;-7,847538;-34,90977;"SR-PE";"UOP02";"DEL01"
275121;2020-03-13;"sexta-feira";"15:50:00";"DF";20;9,2;"BRASILIA";"Falta de Atenção à Condução";"Colisão traseira";"Com Vítimas Feridas";"Pleno dia";"Crescente";"Céu Claro";"Dupla";"Reta";"Sim";2;0;0;1;1;0;1;2;-15,65467;-47,78292;"SR-DF";"UOP01";"DEL02"
275122;2020-03-13;"sexta-feira";"15:30:00";"SP";116;150,5;"SAO JOSE DOS CAMPOS";"Não guardar distância de segurança";"Queda de ocupante de veículo";"Com Vítimas Feridas";"Pleno dia";"Crescente";"Céu Claro";"Múltipla";"Não Informado";"Sim";3;0;2;0;1;0;2;2;-23,21561;-45,89551;"SR-SP";"UOP01";"DEL02"
275123;2020-03-13;"sexta-feira";"15:30:00";"PR";277;2;"PARANAGUA";"Desobediência às normas de trânsito pelo condutor";"Colisão transversal";"Com Vítimas Feridas";"Pleno dia";"Decrescente";"Sol";"Simples";"Reta";"Sim";2;0;1;0;1;0;1;2;-25,53282;-48,55082;"SR-PR";"UOP07";"DEL01"
275124;2020-03-13;"sexta-feira";"15:20:00";"MG";381;556,9;"ITAGUARA";"Pista Escorregadia";"Colisão com objeto estático";"Sem Vítimas";"Pleno dia";"Decrescente";"Chuva";"Dupla";"Não Informado";"Não";3;0;0;0;3;0;0;1;-20,34936;-44,44442;"SR-MG";"UOP03";"DEL04"
275125;2020-03-13;"sexta-feira";"16:00:00";"SC";101;212;"PALHOCA";"Falta de Atenção à Condução";"Queda de ocupante de veículo";"Com Vítimas Feridas";"Pleno dia";"Decrescente";"Céu Claro";"Múltipla";"Reta";"Não";2;0;1;0;1;0;1;2;-27,62997;-48,65904;"SR-SC";"UOP02";"DEL01"
275126;2020-03-13;"sexta-feira";"14:10:00";"RO";364;417,9;"JARU";"Avarias e/ou desgaste excessivo no pneu";"Saída de leito carroçável";"Com Vítimas Feridas";"Pleno dia";"Decrescente";"Nublado";"Simples";"Curva";"Não";2;0;0;2;0;0;2;1;-10,49205;-62,42765;"SR-RO";"UOP02";"DEL03"
275127;2020-03-13;"sexta-feira";"16:05:00";"SC";470;64;"INDAIAL";"Falta de Atenção à Condução";"Colisão traseira";"Com Vítimas Feridas";"Pleno dia";"Crescente";"Sol";"Simples";"Reta";"Não";2;0;1;0;1;0;1;2;-26,86987;-49,20186;"SR-SC";"UOP01";"DEL04"
275128;2020-03-13;"sexta-feira";"16:15:00";"RJ";493;13;"GUAPIMIRIM";"Falta de Atenção à Condução";"Colisão traseira";"Com Vítimas Feridas";"Pleno dia";"Crescente";"Nublado";"Simples";"Reta";"Não";3;0;1;0;2;0;1;2;-22,67551;-42,97452;"SR-RJ";"UOP02";"DEL04"
275129;2020-03-13;"sexta-feira";"15:18:00";"RJ";101;321;"NITEROI";"Falta de Atenção à Condução";"Colisão traseira";"Com Vítimas Feridas";"Pleno dia";"Decrescente";"Céu Claro";"Dupla";"Reta";"Sim";5;0;1;0;4;0;1;4;-22,86981;-43,11046;"SR-RJ";"UOP01";"DEL02"
275130;2020-03-13;"sexta-feira";"16:00:00";"MG";40;516;"RIBEIRAO DAS NEVES";"Falta de Atenção à Condução";"Colisão lateral";"Com Vítimas Feridas";"Pleno dia";"Crescente";"Céu Claro";"Dupla";"Reta";"Sim";2;0;1;0;0;1;1;2;-19,81629;-44,0896;"SR-MG";"UOP02";"DEL01"
275131;2020-03-13;"sexta-feira";"16:55:00";"PR";369;167;"CAMBE";"Falta de Atenção à Condução";"Colisão lateral";"Sem Vítimas";"Pleno dia";"Crescente";"Céu Claro";"Dupla";"Reta";"Sim";2;0;0;0;2;0;0;2;-23,296;-51,315;"SR-PR";"UOP01";"DEL07"
275132;2020-03-13;"sexta-feira";"15:00:00";"RO";364;306,5;"PRESIDENTE MEDICI";"Ultrapassagem Indevida";"Colisão lateral";"Com Vítimas Feridas";"Pleno dia";"Decrescente";"Sol";"Simples";"Reta";"Sim";2;0;1;0;1;0;1;2;-11,19047;-61,90149;"SR-RO";"UOP01";"DEL02"
275133;2020-03-13;"sexta-feira";"17:15:00";"PR";376;601;"CURITIBA";"Falta de Atenção à Condução";"Colisão lateral";"Com Vítimas Feridas";"Pleno dia";"Crescente";"Céu Claro";"Múltipla";"Não Informado";"Sim";3;0;0;1;1;1;1;2;-25,53705;-49,31404;"SR-PR";"UOP04";"DEL01"
275134;2020-03-13;"sexta-feira";"14:10:00";"MG";40;648;"CRISTIANO OTONI";"Ingestão de Álcool";"Saída de leito carroçável";"Com Vítimas Feridas";"Pleno dia";"Crescente";"Sol";"Simples";"Reta";"Não";1;0;1;0;0;0;1;1;-20,80885;-43,80831;"SR-MG";"UOP02";"DEL05"