"id";"data_inversa";"dia_semana";"horario";"uf";"br";"km";"municipio";"causa_acidente";"tipo_acidente";"classificacao_acidente";"fase_dia";"sentido_via";"condicao_metereologica";"tipo_pista";"tracado_via";"uso_solo";"pessoas";"mortos";"feridos_leves";"feridos_graves";"ilesos";"ignorados";"feridos";"veiculos";"latitude";"longitude";"regional";"delegacia";"uop"
275135;2020-03-13;"sexta-feira";"16:10:00";"MG";50;78,8;"UBERLANDIA";"Ingestão de Álcool";"Colisão traseira";"Com Vítimas Fatais";"Pleno dia";"Crescente";"Céu Claro";"Dupla";"Desvio Temporário";"Não";2;1;1;0;0;0;1;2;-18,98691;-48,21185;"SR-MG";"UOP01";"DEL15"
275136;2020-03-13;"sexta-feira";"17:25:00";"GO";40;7,5;"VALPARAISO DE GOIAS";"Animais na Pista";"Atropelamento de Animal";"Com Vítimas Feridas";"Pleno dia";"Crescente";"Céu Claro";"Dupla";"Reta";"Sim";1;0;0;1;0;0;1;1;-16,10848;-47,97252;"SR-DF";"UOP01";"DEL01"
275138;2020-03-13;"sexta-feira";"17:15:00";"CE";116;5;"FORTALEZA";"Falta de Atenção do Pedestre";"Atropelamento de Pedestre";"Com Vítimas Feridas";"Pleno dia";"Crescente";"Céu Claro";"Dupla";"Reta";"Sim";2;0;0;1;1;0;1;1;-3,794671;-38,50773;"SR-CE";"UOP02";"DEL01"
275139;2020-03-13;"sexta-feira";"17:00:00";"PB";230;136,5;"CAMPINA GRANDE";"Condutor Dormindo";"Saída de leito carroçável";"Com Vítimas Feridas";"Pleno dia";"Crescente";"Nublado";"Dupla";"Reta";"Não";3;0;3;0;0;0;3;1;-7,276003;-35,778;"SR-PB";"UOP01";"DEL02"
275140;2020-03-13;"sexta-feira";"17:40:00";"SC";101;168;"TIJUCAS";"Desobediência às normas de trânsito pelo condutor";"Colisão transversal";"Com Vítimas Feridas";"Anoitecer";"Decrescente";"Sol";"Dupla";"Reta";"Não";2;0;1;0;1;0;1;2;-27,27911;-48,63155;"SR-SC";"UOP03";"DEL04"
275145;2020-03-13;"sexta-feira";"15:29:00";"RO";364;341;"JI-PARANA";"Desobediência às normas de trânsito pelo condutor";"Colisão transversal";"Com Vítimas Feridas";"Pleno dia";"Crescente";"Céu Claro";"Dupla";"Interseção de vias";"Sim";3;0;2;0;1;0;2;2;-10,88988;-61,93127;"SR-RO";"UOP01";"DEL02"
275147;2020-03-13;"sexta-feira";"17:20:00";"GO";60;59;"ABADIANIA";"Falta de Atenção à Condução";"Tombamento";"Com Vítimas Feridas";"Pleno dia";"Decrescente";"Céu Claro";"Dupla";"Reta";"Não";1;0;0;1;0;0;1;1;-16,1845;-48,6957;"SR-GO";"UOP01";"DEL02"
275148;2020-03-13;"sexta-feira";"17:59:00";"PR";277;83;"CURITIBA";"Desobediência às normas de trânsito pelo condutor";"Colisão lateral";"Com Vítimas Feridas";"Pleno dia";"Decrescente";"Céu Claro";"Dupla";"Reta";"Sim";2;0;1;0;1;0;1;2;-25,56894;-49,18198;"SR-PR";"UOP04";"DEL01"
275149;2020-03-13;"sexta-feira";"15:55:00";"MT";163;830,9;"SINOP";"Desobediência às normas de trânsito pelo condutor";"Colisão transversal";"Com Vítimas Feridas";"Pleno dia";"Decrescente";"Sol";"Dupla";"Rotatória";"Sim";3;0;1;0;2;0;1;2;-11,91325;-55,50892;"SR-MT";"UOP01";"DEL06"
275152;2020-03-13;"sexta-feira";"18:10:00";"MG";381;5,7;"BETIM";"Defeito Mecânico no Veículo";"Tombamento";"Com Vítimas Feridas";"Anoitecer";"Crescente";"Céu Claro";"Dupla";"Curva";"Não";2;0;2;0;0;0;2;1;-19,96825;-44,19871;"SR-MG";"UOP03";"DEL01"
275153;2020-03-13;"sexta-feira";"18:00:00";"MG";459;84,7;"CONGONHAL";"Ingestão de Álcool";"Colisão traseira";"Com Vítimas Feridas";"Anoitecer";"Decrescente";"Céu Claro";"Simples";"Reta";"Não";2;0;1;0;1;0;1;2;-22,15319;-46,06242;"SR-MG";"UOP01";"DEL09"
275154;2020-03-13;"sexta-feira";"18:00:00";"CE";116;22;"ITAITINGA";"Defeito na Via";"Queda de ocupante de veículo";"Com Vítimas Feridas";"Plena Noite";"Decrescente";"Chuva";"Dupla";"Reta";"Não";1;0;1;0;0;0;1;1;-3,940708;-38,50919;"SR-CE";"UOP02";"DEL01"
275155;2020-03-13;"sexta-feira";"18:30:00";"SE";235;51,2;"ITABAIANA";"Falta de Atenção do Pedestre";"Atropelamento de Pedestre";"Com Vítimas Fatais";"Plena Noite";"Crescente";"Céu Claro";"Simples";"Reta";"Sim";3;1;1;1;0;0;2;2;-10,70023;-37,43142;"SR-SE";"UOP02";"DEL01"
275156;2020-03-13;"sexta-feira";"17:50:00";"RS";101;11,1;"DOM PEDRO DE ALCANTARA";"Falta de Atenção à Condução";"Saída de leito carroçável";"Com Vítimas Feridas";"Pleno dia";"Crescente";"Nublado";"Dupla";"Não Informado";"Não";3;0;1;0;2;0;1;1;-29,37985;-49,82952;"SR-RS";"UOP02";"DEL03"
275157;2020-03-13;"sexta-feira";"18:45:00";"MG";40;517;"RIBEIRAO DAS NEVES";"Animais na Pista";"Atropelamento de Animal";"Com Vítimas Feridas";"Plena Noite";"Decrescente";"Nublado";"Dupla";"Reta";"Sim";1;0;0;1;0;0;1;1;-19,82351;-44,08439;"SR-MG";"UOP02";"DEL01"
275158;2020-03-13;"sexta-feira";"18:45:00";"MG";40;517;"RIBEIRAO DAS NEVES";"Animais na Pista";"Atropelamento de Animal";"Com Vítimas Feridas";"Plena Noite";"Decrescente";"Nublado";"Dupla";"Reta";"Sim";1;0;1;0;0;0;1;1;-19,82351;-44,08439;"SR-MG";"UOP02";"DEL01"
275159;2020-03-13;"sexta-feira";"17:45:00";"MG";267;28,5;"ARGIRITA";"Desobediência às normas de trânsito pelo condutor";"Colisão lateral";"Com Vítimas Feridas";"Anoitecer";"Crescente";"Ignorado";"Simples";"Curva";"Não";2;0;1;0;1;0;1;2;-21,62799;-42,83041;"SR-MG";"UOP01";"DEL07"
275160;2020-03-13;"sexta-feira";"16:27:00";"AC";317;291,8;"EPITACIOLANDIA";"Falta de Atenção à Condução";"Colisão transversal";"Com Vítimas Feridas";"Pleno dia";"Decrescente";"Nublado";"Simples";"Interseção de vias";"Sim";2;0;2;0;0;0;2;1;-11,03571;-68,72506;"SR-AC";"UOP02";"DEL01"
275161;2020-03-13;"sexta-feira";"13:10:00";"GO";153;305,9;"RIALMA";"Pista Escorregadia";"Engavetamento";"Com Vítimas Feridas";"Pleno dia";"Decrescente";"Chuva";"Simples";"Curva";"Não";3;0;2;0;1;0;2;3;-15,31915;-49,57213;"SR-GO";"UOP02";"DEL02"
275162;2020-03-13;"sexta-feira";"16:38:00";"BA";116;428,8;"FEIRA DE SANTANA";"Desobediência às normas de trânsito pelo condutor";"Colisão transversal";"Com Vítimas Feridas";"Pleno dia";"Crescente";"Céu Claro";"Simples";"Reta";"Não";2;0;1;0;1;0;1;2;-12,26825;-38,98724;"SR-BA";"UOP01";"DEL02"
275163;2020-03-13;"sexta-feira";"18:20:00";"PR";277;67;"SAO JOSE DOS PINHAIS";"Desobediência às normas de trânsito pelo condutor";"Colisão traseira";"Com Vítimas Feridas";"Anoitecer";"Decrescente";"Céu Claro";"Dupla";"Reta";"Sim";3;0;1;0;2;0;1;3;-25,54511;-49,05291;"SR-PR";"UOP06";"DEL01"
275164;2020-03-13;"sexta-feira";"19:00:00";"SC";101;205;"SAO JOSE";"Não guardar distância de segurança";"Colisão traseira";"Com Vítimas Feridas";"Plena Noite";"Decrescente";"Céu Claro";"Dupla";"Reta";"Sim";2;0;2;0;0;0;2;2;-27,58313;-48,61533;"SR-SC";"UOP01";"DEL01"
275165;2020-03-13;"sexta-feira";"13:05:00";"GO";153;305,9;"RIALMA";"Restrição de Visibilidade";"Colisão traseira";"Sem Vítimas";"Pleno dia";"Decrescente";"Chuva";"Simples";"Curva";"Não";3;0;0;0;3;0;0;3;-15,31915;-49,57213;"SR-GO";"UOP02";"DEL02"
275166;2020-03-13;"sexta-feira";"18:30:00";"PR";376;3,3;"APUCARANA";"Falta de Atenção à Condução";"Colisão traseira";"Com Vítimas Feridas";"Plena Noite";"Decrescente";"Céu Claro";"Simples";"Reta";"Sim";4;0;2;0;2;0;2;3;-23,5513;-51,46127;"SR-PR";"UOP03";"DEL07"
275167;2020-03-13;"sexta-feira";"18:50:00";"MG";116;418;"GOVERNADOR VALADARES";"Falta de Atenção à Condução";"Colisão transversal";"Com Vítimas Feridas";"Plena Noite";"Decrescente";"Céu Claro";"Simples";"Reta";"Sim";2;0;1;0;1;0;1;2;-18,91059;-41,94157;"SR-MG";"UOP01";"DEL06"
275168;2020-03-13;"sexta-feira";"19:10:00";"SP";381;24,1;"BRAGANCA PAULISTA";"Defeito Mecânico no Veículo";"Incêndio";"Sem Vítimas";"Plena Noite";"Decrescente";"Céu Claro";"Dupla";"Reta";"Não";1;0;0;0;1;0;0;1;-23,01316;-46,52386;"SR-SP";"UOP01";"DEL03"
275169;2020-03-13;"sexta-feira";"19:00:00";"PE";232;109;"BEZERROS";"Falta de Atenção à Condução";"Saída de leito carroçável";"Com Vítimas Feridas";"Plena Noite";"Crescente";"Céu Claro";"Dupla";"Curva";"Não";3;0;3;0;0;0;3;1;-8,280368;-35,81085;"SR-PE";"UOP02";"DEL02"
275171;2020-03-13;"sexta-feira";"19:12:00";"PB";101;59,9;"SANTA RITA";"Falta de Atenção à Condução";"Colisão traseira";"Com Vítimas Feridas";"Plena Noite";"Decrescente";"Nublado";"Dupla";"Reta";"Não";3;0;0;1;0;2;1;2;-6,993524;-35,06896;"SR-PB";"UOP03";"DEL01"
275172;2020-03-13;"sexta-feira";"18:40:00";"SC";101;148;"ITAPEMA";"Falta de Atenção à Condução";"Colisão transversal";"Com Vítimas Feridas";"Plena Noite";"Crescente";"Céu Claro";"Simples";"Reta";"Sim";2;0;1;0;1;0;1;2;-27,10124;-48,61808;"SR-SC";"UOP03";"DEL04"
275173;2020-03-13;"sexta-feira";"18:15:00";"PE";101;173,8;"JOAQUIM NABUCO";"Velocidade Incompatível";"Colisão com objeto estático";"Sem Vítimas";"Plena Noite";"Decrescente";"Céu Claro";"Dupla";"Reta";"Não";1;0;0;0;0;1;0;1;-8,59267;-35,52108;"SR-PE";"UOP03";"DEL01"
275175;2020-03-13;"sexta-feira";"15:20:00";"MG";381;527,4;"BRUMADINHO";"Velocidade Incompatível";"Tombamento";"Sem Vítimas";"Pleno dia";"Decrescente";"Nublado";"Dupla";"Curva";"Não";1;0;0;0;1;0;0;1;-20,16283;-44,35073;"SR-MG";"UOP03";"DEL04"
275176;2020-01-09;"quinta-feira";"15:35:00";"RS";392;136,3;"CANGUCU";"Falta de Atenção à Condução";"Colisão transversal";"Com Vítimas Feridas";"Pleno dia";"Crescente";"Garoa/Chuvisco";"Simples";"Reta";"Não";4;0;1;0;3;0;1;2;-31,28294;-52,78851;"SR-RS";"DEL9/7";"UOP01/RS"
275178;2020-03-13;"sexta-feira";"15:45:00";"RJ";116;78;"TERESOPOLIS";"Falta de Atenção à Condução";"Colisão transversal";"Com Vítimas Feridas";"Pleno dia";"Decrescente";"Céu Claro";"Simples";"Reta";"Sim";3;0;2;0;0;1;2;2;-22,37409;-42,9526;"SR-RJ";"UOP01";"DEL04"
275179;2020-03-13;"sexta-feira";"19:40:00";"ES";101;174,5;"LINHARES";"Desobediência às normas de trânsito pelo condutor";"Colisão transversal";"Com Vítimas Feridas";"Plena Noite";"Decrescente";"Céu Claro";"Simples";"Retorno Regulamentado";"Não";3;0;0;1;1;1;1;2;-19,58047;-40,18782;"SR-ES";"UOP01";"DEL04"
275180;2020-03-13;"sexta-feira";"18:30:00";"MG";40;516;"RIBEIRAO DAS NEVES";"Falta de Atenção à Condução";"Queda de ocupante de veículo";"Com Vítimas Feridas";"Plena Noite";"Decrescente";"Céu Claro";"Dupla";"Reta";"Sim";1;0;1;0;0;0;1;1;-19,81629;-44,0896;"SR-MG";"UOP02";"DEL01"
275181;2020-03-13;"sexta-feira";"19:30:00";"SC";163;71;"SAO MIGUEL DO OESTE";"Desobediência às normas de trânsito pelo condutor";"Colisão lateral";"Sem Vítimas";"Plena Noite";"Decrescente";"Céu Claro";"Dupla";"Reta";"Sim";2;0;0;0;2;0;0;2;-26,72772;-53,51281;"SR-SC";"UOP03";"DEL07"
275182;2020-03-13;"sexta-feira";"19:10:00";"RJ";101;404;"ITAGUAI";"Desobediência às normas de trânsito pelo pedestre";"Atropelamento de Pedestre";"Com Vítimas Feridas";"Plena Noite";"Decrescente";"Céu Claro";"Dupla";"Reta";"Sim";3;0;1;0;0;2;1;1;-22,86343;-43,79642;"SR-RJ";"UOP01";"DEL03"
275183;2020-03-13;"sexta-feira";"19:15:00";"AL";316;155,7;"PALMEIRA DOS INDIOS";"Falta de Atenção à Condução";"Colisão transversal";"Sem Vítimas";"Plena Noite";"Crescente";"Céu Claro";"Simples";"Reta";"Não";2;0;0;0;2;0;0;2;-9,426233;-36,63305;"SR-AL";"UOP01";"DEL03"
275184;2020-03-13;"sexta-feira";"20:00:00";"SC";101;208;"SAO JOSE";"Falta de Atenção à Condução";"Colisão lateral";"Com Vítimas Feridas";"Plena Noite";"Decrescente";"Céu Claro";"Dupla";"Reta";"Sim";2;0;1;0;1;0;1;2;-27,60328;-48,63202;"SR-SC";"UOP01";"DEL01"
275185;2020-03-13;"sexta-feira";"17:30:00";"SC";101;116;"ITAJAI";"Falta de Atenção à Condução";"Colisão lateral";"Com Vítimas Feridas";"Anoitecer";"Crescente";"Sol";"Dupla";"Reta";"Sim";2;0;1;0;1;0;1;2;-26,87906;-48,72604;"SR-SC";"UOP04";"DEL04"
275186;2020-03-13;"sexta-feira";"13:50:00";"RS";472;635;"BARRA DO QUARAI";"Animais na Pista";"Colisão traseira";"Com Vítimas Feridas";"Pleno dia";"Decrescente";"Céu Claro";"Simples";"Reta";"Não";6;0;1;0;3;2;1;2;-30,13119;-57,36532;"SR-RS";"UOP01";"DEL13"
275187;2020-03-13;"sexta-feira";"20:00:00";"PE";101;97;"CABO DE SANTO AGOSTINHO";"Falta de Atenção do Pedestre";"Atropelamento de Pedestre";"Com Vítimas Fatais";"Plena Noite";"Crescente";"Ignorado";"Dupla";"Reta";"Sim";2;1;0;0;0;1;0;1;-8,253311;-35,02964;"SR-PE";"UOP03";"DEL01"
275188;2020-03-13;"sexta-feira";"19:25:00";"GO";153;500;"GOIANIA";"Falta de Atenção à Condução";"Colisão traseira";"Com Vítimas Feridas";"Plena Noite";"Crescente";"Nublado";"Dupla";"Reta";"Sim";2;0;1;0;1;0;1;2;-16,7118;-49,2324;"SR-GO";"UOP01";"DEL01"
275189;2020-03-13;"sexta-feira";"20:37:00";"DF";20;4,6;"BRASILIA";"Desobediência às normas de trânsito pelo condutor";"Colisão lateral";"Com Vítimas Feridas";"Plena Noite";"Crescente";"Céu Claro";"Dupla";"Não Informado";"Sim";3;0;1;0;2;0;1;3;-15,67548;-47,82376;"SR-DF";"UOP01";"DEL02"
275190;2020-03-13;"sexta-feira";"18:00:00";"PI";230;303,9;"FLORIANO";"Desobediência às normas de trânsito pelo condutor";"Colisão transversal";"Com Vítimas Fatais";"Anoitecer";"Crescente";"Nublado";"Simples";"Reta";"Sim";2;1;0;0;1;0;0;2;-6,807393;-42,96342;"SR-PI";"UOP01";"DEL03"
275191;2020-03-13;"sexta-feira";"20:50:00";"ES";101;221,1;"IBIRACU";"Ingestão de álcool e/ou substâncias psicoativas pelo pedestre";"Saída de leito carroçável";"Sem Vítimas";"Plena Noite";"Crescente";"Nublado";"Simples";"Reta";"Não";1;0;0;0;0;1;0;1;-19,86696;-40,40056;"SR-ES";"UOP01";"DEL02"
275192;2020-03-13;"sexta-feira";"18:40:00";"RJ";101;409,1;"ITAGUAI";"Falta de Atenção do Pedestre";"Atropelamento de Pedestre";"Com Vítimas Feridas";"Plena Noite";"Crescente";"Céu Claro";"Dupla";"Reta";"Não";2;0;1;0;1;0;1;1;-22,88504;-43,8325;"SR-RJ";"UOP01";"DEL03"
275193;2020-03-13;"sexta-feira";"20:20:00";"PR";116;154;"QUITANDINHA";"Falta de Atenção à Condução";"Atropelamento de Pedestre";"Com Vítimas Feridas";"Plena Noite";"Crescente";"Céu Claro";"Simples";"Reta";"Não";2;0;0;1;1;0;1;1;-25,84495;-49,35033;"SR-PR";"UOP03";"DEL01"
275195;2020-03-13;"sexta-feira";"18:00:00";"AC";364;122;"RIO BRANCO";"Desobediência às normas de trânsito pelo condutor";"Atropelamento de Pedestre";"Com Vítimas Feridas";"Anoitecer";"Decrescente";"Vento";"Dupla";"Reta";"Não";2;0;0;1;0;1;1;1;-10,01188;-67,77335;"SR-AC";"UOP01";"DEL01"
275196;2020-03-13;"sexta-feira";"19:40:00";"RJ";493;70;"NOVA IGUACU";"Falta de Atenção à Condução";"Saída de leito carroçável";"Com Vítimas Feridas";"Plena Noite";"Crescente";"Nublado";"Dupla";"Reta";"Sim";1;0;1;0;0;0;1;1;-22,68218;-43,45612;"SR-RJ";"UOP03";"DEL01"
275197;2020-03-13;"sexta-feira";"18:20:00";"PI";135;477,9;"MONTE ALEGRE DO PIAUI";"Desobediência às normas de trânsito pelo condutor";"Colisão lateral";"Com Vítimas Feridas";"Plena Noite";"Crescente";"Nublado";"Simples";"Reta";"Não";2;0;1;0;1;0;1;2;-9,562407;-44,96876;"SR-PI";"UOP02";"DEL03"
275198;2020-03-13;"sexta-feira";"20:45:00";"MG";40;613,6;"CONGONHAS";"Ingestão de álcool e/ou substâncias psicoativas pelo pedestre";"Atropelamento de Pedestre";"Com Vítimas Feridas";"Plena Noite";"Crescente";"Nublado";"Simples";"Reta";"Sim";2;0;0;1;1;0;1;1;-20,5232;-43,82914;"SR-MG";"UOP02";"DEL05"
275199;2020-03-13;"sexta-feira";"20:50:00";"GO";153;499;"GOIANIA";"Falta de Atenção à Condução";"Colisão com objeto estático";"Sem Vítimas";"Plena Noite";"Crescente";"Ignorado";"Dupla";"Reta";"Sim";1;0;0;0;1;0;0;1;-16,7033;-49,2311;"SR-GO";"UOP01";"DEL01"
275201;2020-03-13;"sexta-feira";"20:00:00";"GO";60;402,7;"RIO VERDE";"Velocidade Incompatível";"Tombamento";"Com Vítimas Fatais";"Plena Noite";"Decrescente";"Céu Claro";"Dupla";"Não Informado";"Não";2;1;0;1;0;0;1;1;-17,8184;-51,0733;"SR-GO";"UOP01";"DEL04"
275202;2020-03-13;"sexta-feira";"21:45:00";"SP";116;274;"TABOAO DA SERRA";"Não guardar distância de segurança";"Saída de leito carroçável";"Com Vítimas Feridas";"Plena Noite";"Decrescente";"Nublado";"Dupla";"Reta";"Não";1;0;0;1;0;0;1;1;-23,63445;-46,82419;"SR-SP";"UOP01";"DEL04"
275203;2020-03-13;"sexta-feira";"18:50:00";"GO";153;694;"ITUMBIARA";"Desobediência às normas de trânsito pelo condutor";"Colisão frontal";"Com Vítimas Feridas";"Anoitecer";"Decrescente";"Céu Claro";"Dupla";"Reta";"Não";2;0;1;0;1;0;1;2;-18,3434;-49,2216;"SR-GO";"UOP02";"DEL03"
275204;2020-03-13;"sexta-feira";"20:30:00";"PA";230;111;"MARABA";"Defeito na Via";"Queda de ocupante de veículo";"Com Vítimas Feridas";"Plena Noite";"Crescente";"Nublado";"Simples";"Reta";"Sim";2;0;2;0;0;0;2;1;-5,371396;-49,04005;"SR-PA";"UOP01";"DEL03"
275205;2020-03-13;"sexta-feira";"20:00:00";"BA";415;48;"ITABUNA";"Desobediência às normas de trânsito pelo condutor";"Colisão transversal";"Com Vítimas Feridas";"Plena Noite";"Crescente";"Céu Claro";"Simples";"Não Informado";"Sim";2;0;1;0;1;0;1;2;-14,81574;-39,29612;"SR-BA";"UOP01";"DEL05"
275206;2020-03-13;"sexta-feira";"18:30:00";"MG";262;410,9;"IGARATINGA";"Ingestão de Álcool";"Colisão lateral";"Sem Vítimas";"Anoitecer";"Crescente";"Nublado";"Dupla";"Curva";"Não";2;0;0;0;2;0;0;2;-19,88686;-44,63194;"SR-MG";"UOP03";"DEL08"
275207;2020-03-13;"sexta-feira";"21:00:00";"PR";277;119;"CAMPO LARGO";"Velocidade Incompatível";"Colisão traseira";"Com Vítimas Feridas";"Plena Noite";"Decrescente";"Céu Claro";"Simples";"Reta";"Sim";2;0;1;0;1;0;1;2;-25,43307;-49,43431;"SR-PR";"UOP03";"DEL03"
275208;2020-03-13;"sexta-feira";"20:00:00";"PR";376;348,7;"ORTIGUEIRA";"Desobediência às normas de trânsito pelo condutor";"Colisão transversal";"Com Vítimas Feridas";"Plena Noite";"Decrescente";"Vento";"Simples";"Não Informado";"Não";4;0;2;1;1;0;3;2;-24,1952;-50,95486;"SR-PR";"UOP04";"DEL03"
275209;2020-03-13;"sexta-feira";"21:50:00";"RS";392;19;"RIO GRANDE";"Falta de Atenção à Condução";"Capotamento";"Com Vítimas Feridas";"Plena Noite";"Crescente";"Céu Claro";"Múltipla";"Não Informado";"Não";2;0;1;0;1;0;1;1;-32,08792;-52,1867;"SR-RS";"UOP02";"DEL07"
275210;2020-03-13;"sexta-feira";"19:30:00";"PR";376;653;"TIJUCAS DO SUL";"Falta de Atenção à Condução";"Colisão traseira";"Com Vítimas Feridas";"Plena Noite";"Decrescente";"Céu Claro";"Dupla";"Curva";"Não";4;0;1;0;3;0;1;3;-25,8442;-49,06044;"SR-PR";"UOP05";"DEL01"
275211;2020-03-13;"sexta-feira";"19:20:00";"RO";364;233;"CACOAL";"Desobediência às normas de trânsito pelo condutor";"Colisão traseira";"Com Vítimas Feridas";"Plena Noite";"Decrescente";"Nublado";"Simples";"Não Informado";"Sim";2;0;0;1;1;0;1;2;-11,46105;-61,41546;"SR-RO";"UOP02";"DEL02"
275212;2020-03-13;"sexta-feira";"21:30:00";"PR";369;146,6;"LONDRINA";"Ingestão de Álcool";"Saída de leito carroçável";"Com Vítimas Feridas";"Plena Noite";"Decrescente";"Céu Claro";"Dupla";"Reta";"Sim";1;0;1;0;0;0;1;1;-23,2932;-51,12139;"SR-PR";"UOP01";"DEL07"
275213;2020-03-13;"sexta-feira";"21:45:00";"SC";101;92,2;"BARRA VELHA";"Falta de Atenção do Pedestre";"Atropelamento de Pedestre";"Com Vítimas Fatais";"Plena Noite";"Decrescente";"Céu Claro";"Dupla";"Reta";"Não";6;1;0;0;4;1;0;2;-26,6806;-48,69315;"SR-SC";"UOP02";"DEL03"
275214;2020-03-13;"sexta-feira";"15:00:00";"SC";470;53,8;"BLUMENAU";"Desobediência às normas de trânsito pelo condutor";"Colisão transversal";"Com Vítimas Feridas";"Pleno dia";"Decrescente";"Sol";"Simples";"Reta";"Sim";2;0;1;0;1;0;1;2;-26,86712;-49,10207;"SR-SC";"UOP01";"DEL04"
275215;2020-03-13;"sexta-feira";"19:05:00";"MS";163;12,5;"MUNDO NOVO";"Falta de Atenção do Pedestre";"Atropelamento de Pedestre";"Com Vítimas Feridas";"Anoitecer";"Crescente";"Céu Claro";"Simples";"Reta";"Não";2;0;1;0;1;0;1;1;-23,96187;-54,32158;"SR-MS";"UOP02";"DEL09"
275216;2020-03-13;"sexta-feira";"21:35:00";"MG";365;163;"PIRAPORA";"Animais na Pista";"Atropelamento de Animal";"Com Vítimas Feridas";"Plena Noite";"Decrescente";"Céu Claro";"Simples";"Reta";"Sim";2;0;1;0;1;0;1;2;-17,36147;-44,91972;"SR-MG";"UOP01";"DEL12"
275217;2020-03-13;"sexta-feira";"20:20:00";"AL";316;84,8;"SANTANA DO IPANEMA";"Desobediência às normas de trânsito pelo condutor";"Colisão lateral";"Com Vítimas Feridas";"Plena Noite";"Decrescente";"Céu Claro";"Simples";"Não Informado";"Sim";2;0;1;0;1;0;1;2;-9,366813;-37,25183;"SR-AL";"UOP02";"DEL03"
275218;2020-03-11;"quarta-feira";"15:00:00";"MS";163;682;"RIO VERDE DE MATO GROSSO";"Condutor Dormindo";"Colisão traseira";"Com Vítimas Feridas";"Pleno dia";"Crescente";"Céu Claro";"Simples";"Reta";"Sim";2;0;1;0;1;0;1;2;-18,89992;-54,84253;"SR-MS";"UOP02";"DEL06"
275219;2020-03-13;"sexta-feira";"22:10:00";"MG";381;482;"BETIM";"Ingestão de Álcool";"Colisão traseira";"Com Vítimas Feridas";"Plena Noite";"Decrescente";"Céu Claro";"Múltipla";"Desvio Temporário";"Sim";3;0;1;0;2;0;1;3;-19,95553;-44,09721;"SR-MG";"UOP03";"DEL01"
275220;2020-02-15;"sábado";"15:00:00";"SC";282;385,2;"JOACABA";"Falta de Atenção à Condução";"Colisão traseira";"Com Vítimas Feridas";"Pleno dia";"Decrescente";"Céu Claro";"Simples";"Não Informado";"Não";3;0;0;1;1;1;1;2;-27,19443;-51,51587;"SR-SC";"UOP07";"DEL07"
275221;2020-03-13;"sexta-feira";"22:05:00";"RS";470;206;"BENTO GONCALVES";"Velocidade Incompatível";"Saída de leito carroçável";"Com Vítimas Feridas";"Plena Noite";"Decrescente";"Céu Claro";"Simples";"Curva";"Não";2;0;1;1;0;0;2;1;-29,08977;-51,55618;"SR-RS";"UOP01";"DEL06"
275222;2020-03-13;"sexta-feira";"22:40:00";"SE";101;93;"NOSSA SENHORA DO SOCORRO";"Falta de Atenção à Condução";"Colisão com objeto estático";"Sem Vítimas";"Pleno dia";"Decrescente";"Céu Claro";"Dupla";"Reta";"Sim";1;0;0;0;0;1;0;1;-10,90212;-37,14495;"SR-SE";"UOP01";"DEL01"
275224;2020-03-13;"sexta-feira";"23:30:00";"ES";101;98,7;"JAGUARE";"Não guardar distância de segurança";"Colisão traseira";"Com Vítimas Feridas";"Plena Noite";"Crescente";"Nublado";"Simples";"Reta";"Não";2;0;2;0;0;0;2;1;-18,96369;-39,98758;"SR-ES";"UOP02";"DEL04"
275225;2020-03-13;"sexta-feira";"22:40:00";"SC";101;158;"PORTO BELO";"Desobediência às normas de trânsito pelo condutor";"Colisão traseira";"Com Vítimas Feridas";"Plena Noite";"Crescente";"Céu Claro";"Dupla";"Retorno Regulamentado";"Não";4;0;3;0;1;0;3;4;-27,19096;-48,61259;"SR-SC";"UOP03";"DEL04"
275226;2020-03-13;"sexta-feira";"11:40:00";"MA";10;289;"IMPERATRIZ";"Desobediência às normas de trânsito pelo condutor";"Colisão lateral";"Com Vítimas Feridas";"Pleno dia";"Decrescente";"Chuva";"Simples";"Curva";"Não";4;0;1;0;3;0;1;2;-5,206996;-47,51788;"SR-MA";"UOP01";"DEL04"
275227;2020-03-13;"sexta-feira";"16:20:00";"MG";153;47;"MONTE ALEGRE DE MINAS";"Condutor Dormindo";"Colisão traseira";"Com Vítimas Feridas";"Pleno dia";"Decrescente";"Céu Claro";"Dupla";"Curva";"Não";2;0;1;0;1;0;1;2;-18,7962;-49,08248;"SR-MG";"UOP03";"DEL15"
275229;2020-03-14;"sábado";"00:20:00";"RS";116;265;"CANOAS";"Defeito Mecânico no Veículo";"Colisão lateral";"Com Vítimas Feridas";"Plena Noite";"Decrescente";"Céu Claro";"Dupla";"Reta";"Sim";3;0;2;0;1;0;2;2;-29,92342;-51,17781;"SR-RS";"UOP01";"DEL01"
275230;2020-03-13;"sexta-feira";"17:20:00";"MG";262;449;"NOVA SERRANA";"Falta de Atenção à Condução";"Colisão traseira";"Com Vítimas Feridas";"Pleno dia";"Crescente";"Céu Claro";"Simples";"Reta";"Não";3;0;1;1;1;0;2;2;-19,87111;-44,97974;"SR-MG";"UOP03";"DEL08"