"id";"data_inversa";"dia_semana";"horario";"uf";"br";"km";"municipio";"causa_acidente";"tipo_acidente";"classificacao_acidente";"fase_dia";"sentido_via";"condicao_metereologica";"tipo_pista";"tracado_via";"uso_solo";"pessoas";"mortos";"feridos_leves";"feridos_graves";"ilesos";"ignorados";"feridos";"veiculos";"latitude";"longitude";"regional";"delegacia";"uop"
275324;2020-03-14;"sábado";"12:00:00";"PR";476;127;"CURITIBA";"Não guardar distância de segurança";"Colisão com objeto estático";"Com Vítimas Feridas";"Pleno dia";"Crescente";"Céu Claro";"Múltipla";"Não Informado";"Sim";4;0;0;1;3;0;1;4;-25,42517;-49,22716;"SR-PR";"UOP06";"DEL01"
275325;2020-03-14;"sábado";"09:40:00";"PE";424;55,2;"CAETES";"Falta de Atenção à Condução";"Colisão transversal";"Com Vítimas Feridas";"Pleno dia";"Crescente";"Céu Claro";"Simples";"Reta";"Não";6;0;2;0;4;0;2;2;-8,731844;-36,74553;"SR-PE";"UOP01";"DEL03"
275326;2020-03-14;"sábado";"09:20:00";"SC";116;260,2;"CAPAO ALTO";"Falta de Atenção do Pedestre";"Atropelamento de Pedestre";"Com Vítimas Fatais";"Pleno dia";"Decrescente";"Céu Claro";"Simples";"Reta";"Não";5;1;0;0;2;2;0;2;-27,9329;-50,46233;"SR-SC";"UOP02";"DEL05"
275327;2020-03-14;"sábado";"13:15:00";"MG";381;809;"CAREACU";"Falta de Atenção à Condução";"Saída de leito carroçável";"Com Vítimas Feridas";"Pleno dia";"Crescente";"Céu Claro";"Dupla";"Curva";"Não";1;0;1;0;0;0;1;1;-22,03746;-45,68396;"SR-MG";"UOP02";"DEL16"
275328;2020-03-14;"sábado";"13:05:00";"RN";101;106,6;"PARNAMIRIM";"Desobediência às normas de trânsito pelo condutor";"Colisão transversal";"Com Vítimas Feridas";"Pleno dia";"Decrescente";"Céu Claro";"Dupla";"Reta";"Sim";3;0;1;0;1;1;1;2;-5,910564;-35,26131;"SR-RN";"UOP01";"DEL01"
275329;2020-03-14;"sábado";"08:00:00";"MT";70;506;"CUIABA";"Falta de Atenção à Condução";"Saída de leito carroçável";"Com Vítimas Feridas";"Pleno dia";"Decrescente";"Céu Claro";"Simples";"Reta";"Não";1;0;1;0;0;0;1;1;-15,66089;-55,97312;"SR-MT";"UOP02";"DEL01"
275330;2020-03-14;"sábado";"13:20:00";"DF";70;9;"BRASILIA";"Ingestão de Substâncias Psicoativas";"Colisão traseira";"Sem Vítimas";"Pleno dia";"Crescente";"Céu Claro";"Dupla";"Reta";"Sim";2;0;0;0;2;0;0;2;-15,78462;-48,13202;"SR-DF";"UOP03";"DEL01"
275331;2020-03-14;"sábado";"11:56:00";"PR";277;328,2;"GUARAPUAVA";"Fenômenos da Natureza";"Queda de ocupante de veículo";"Com Vítimas Feridas";"Pleno dia";"Decrescente";"Sol";"Simples";"Curva";"Não";1;0;1;0;0;0;1;1;-25,37464;-51,29879;"SR-PR";"UOP01";"DEL08"
275333;2020-03-14;"sábado";"13:30:00";"RS";116;302,6;"GUAIBA";"Mal Súbito";"Colisão lateral";"Com Vítimas Feridas";"Pleno dia";"Crescente";"Céu Claro";"Simples";"Reta";"Não";2;0;1;0;1;0;1;2;-30,14386;-51,36231;"SR-RS";"UOP01";"DEL02"
275334;2020-03-14;"sábado";"13:45:00";"MG";381;908,2;"CAMBUI";"Velocidade Incompatível";"Tombamento";"Com Vítimas Feridas";"Pleno dia";"Decrescente";"Sol";"Dupla";"Não Informado";"Não";1;0;1;0;0;0;1;1;-22,71744;-46,12652;"SR-MG";"UOP03";"DEL16"
275335;2020-03-14;"sábado";"09:25:00";"MS";262;327;"CAMPO GRANDE";"Desobediência às normas de trânsito pelo condutor";"Colisão transversal";"Com Vítimas Feridas";"Pleno dia";"Crescente";"Sol";"Simples";"Reta";"Sim";3;0;1;0;2;0;1;2;-20,46657;-54,54373;"SR-MS";"UOP01";"DEL01"
275336;2020-03-14;"sábado";"13:25:00";"PR";376;434,6;"TIBAGI";"Falta de Atenção à Condução";"Colisão traseira";"Com Vítimas Feridas";"Pleno dia";"Crescente";"Sol";"Dupla";"Reta";"Não";2;0;0;1;1;0;1;2;-24,77114;-50,52244;"SR-PR";"UOP04";"DEL03"
275337;2020-03-14;"sábado";"13:30:00";"SC";101;208;"SAO JOSE";"Desobediência às normas de trânsito pelo pedestre";"Colisão transversal";"Com Vítimas Feridas";"Pleno dia";"Crescente";"Céu Claro";"Dupla";"Não Informado";"Não";2;0;1;1;0;0;2;2;-27,60328;-48,63202;"SR-SC";"UOP01";"DEL01"
275338;2020-03-14;"sábado";"11:50:00";"RS";472;555;"URUGUAIANA";"Condutor Dormindo";"Saída de leito carroçável";"Com Vítimas Feridas";"Pleno dia";"Decrescente";"Céu Claro";"Simples";"Reta";"Não";1;0;1;0;0;0;1;1;-29,63267;-56,87977;"SR-RS";"UOP01";"DEL13"
275339;2020-03-14;"sábado";"13:00:00";"SP";116;216,6;"GUARULHOS";"Condutor Dormindo";"Tombamento";"Com Vítimas Feridas";"Pleno dia";"Crescente";"Sol";"Múltipla";"Reta";"Não";1;0;0;1;0;0;1;1;-23,45057;-46,46258;"SR-SP";"UOP01";"DEL01"
275340;2020-03-14;"sábado";"10:30:00";"SC";280;52;"GUARAMIRIM";"Falta de Atenção à Condução";"Colisão transversal";"Sem Vítimas";"Pleno dia";"Decrescente";"Céu Claro";"Simples";"Reta";"Não";2;0;0;0;2;0;0;2;-26,4689;-48,96492;"SR-SC";"UOP03";"DEL03"
275341;2020-03-14;"sábado";"14:10:00";"SC";470;91;"ASCURRA";"Falta de Atenção à Condução";"Colisão transversal";"Com Vítimas Feridas";"Pleno dia";"Decrescente";"Céu Claro";"Simples";"Interseção de vias";"Não";2;0;0;1;1;0;1;2;-26,97769;-49,3692;"SR-SC";"UOP01";"DEL04"
275342;2020-03-14;"sábado";"14:00:00";"RS";448;22;"PORTO ALEGRE";"Mal Súbito";"Colisão com objeto estático";"Com Vítimas Feridas";"Pleno dia";"Crescente";"Sol";"Simples";"Curva";"Sim";1;0;1;0;0;0;1;1;-29,92727;-51,129;"SR-RS";"UOP01";"DEL01"
275344;2020-03-14;"sábado";"13:00:00";"PA";316;32;"SANTA IZABEL DO PARA";"Pista Escorregadia";"Saída de leito carroçável";"Com Vítimas Feridas";"Pleno dia";"Decrescente";"Chuva";"Dupla";"Curva";"Não";2;0;1;0;0;1;1;1;-1,29834;-48,1889;"SR-PA";"UOP01";"DEL01"
275345;2020-03-14;"sábado";"11:00:00";"MG";381;521,5;"BRUMADINHO";"Pista Escorregadia";"Colisão com objeto estático";"Com Vítimas Feridas";"Pleno dia";"Decrescente";"Céu Claro";"Dupla";"Não Informado";"Não";3;0;1;0;2;0;1;2;-20,13847;-44,31715;"SR-MG";"UOP03";"DEL04"
275346;2020-03-14;"sábado";"11:00:00";"MS";163;282,5;"DOURADOS";"Ingestão de Álcool";"Saída de leito carroçável";"Com Vítimas Feridas";"Pleno dia";"Crescente";"Sol";"Simples";"Reta";"Não";1;0;1;0;0;0;1;1;-22,12635;-54,60325;"SR-MS";"UOP01";"DEL04"
275347;2020-03-14;"sábado";"13:00:00";"GO";60;227,3;"CEZARINA";"Defeito na Via";"Saída de leito carroçável";"Com Vítimas Feridas";"Pleno dia";"Crescente";"Céu Claro";"Dupla";"Reta";"Não";3;0;0;1;0;2;1;1;-17,0484;-49,7858;"SR-GO";"UOP02";"DEL01"
275348;2020-03-14;"sábado";"13:00:00";"SC";101;88;"BARRA VELHA";"Não guardar distância de segurança";"Tombamento";"Com Vítimas Feridas";"Pleno dia";"Crescente";"Céu Claro";"Dupla";"Reta";"Não";1;0;1;0;0;0;1;1;-26,64254;-48,68951;"SR-SC";"UOP02";"DEL03"
275349;2020-03-14;"sábado";"13:35:00";"MS";163;441,9;"CAMPO GRANDE";"Falta de Atenção à Condução";"Colisão lateral";"Com Vítimas Fatais";"Pleno dia";"Crescente";"Céu Claro";"Simples";"Reta";"Não";3;1;1;0;0;1;1;2;-20,79453;-54,52039;"SR-MS";"UOP01";"DEL01"
275350;2020-03-14;"sábado";"12:50:00";"PE";104;67,3;"CARUARU";"Não guardar distância de segurança";"Colisão traseira";"Com Vítimas Feridas";"Pleno dia";"Decrescente";"Céu Claro";"Dupla";"Reta";"Sim";3;0;1;0;2;0;1;2;-8,3016;-35,9882;"SR-PE";"UOP01";"DEL02"
275351;2020-03-14;"sábado";"14:30:00";"PE";232;132,8;"CARUARU";"Falta de Atenção à Condução";"Colisão com objeto estático";"Com Vítimas Feridas";"Pleno dia";"Decrescente";"Céu Claro";"Múltipla";"Reta";"Sim";1;0;1;0;0;0;1;1;-8,303624;-36,0071;"SR-PE";"UOP02";"DEL02"
275352;2020-03-14;"sábado";"08:30:00";"SC";282;241;"SAO JOSE DO CERRITO";"Desobediência às normas de trânsito pelo condutor";"Colisão frontal";"Com Vítimas Fatais";"Pleno dia";"Decrescente";"Céu Claro";"Simples";"Curva";"Não";2;1;0;0;1;0;0;2;-27,7542;-50,49707;"SR-SC";"UOP02";"DEL05"
275353;2020-03-14;"sábado";"13:00:00";"RJ";101;299;"ITABORAI";"Defeito Mecânico no Veículo";"Colisão traseira";"Sem Vítimas";"Pleno dia";"Crescente";"Nublado";"Múltipla";"Reta";"Sim";2;0;0;0;2;0;0;2;-22,77433;-42,93823;"SR-RJ";"UOP01";"DEL02"
275355;2020-03-14;"sábado";"14:25:00";"PI";343;338,4;"TERESINA";"Falta de Atenção à Condução";"Colisão transversal";"Com Vítimas Feridas";"Pleno dia";"Decrescente";"Céu Claro";"Simples";"Reta";"Sim";2;0;1;0;1;0;1;2;-5,063362;-42,72291;"SR-PI";"UOP01";"DEL01"
275356;2020-03-14;"sábado";"13:17:00";"MG";381;196;"PERIQUITO";"Desobediência às normas de trânsito pelo condutor";"Colisão traseira";"Com Vítimas Feridas";"Pleno dia";"Crescente";"Céu Claro";"Simples";"Não Informado";"Não";2;0;1;0;1;0;1;2;-19,14485;-42,229;"SR-MG";"UOP01";"DEL06"
275358;2020-03-14;"sábado";"15:10:00";"DF";20;21,7;"BRASILIA";"Falta de Atenção à Condução";"Colisão traseira";"Sem Vítimas";"Pleno dia";"Crescente";"Nublado";"Dupla";"Reta";"Sim";2;0;0;0;2;0;0;2;-15,5998;-47,67808;"SR-DF";"UOP01";"DEL02"
275359;2020-03-14;"sábado";"14:40:00";"SP";116;201;"ARUJA";"Mal Súbito";"Saída de leito carroçável";"Com Vítimas Feridas";"Pleno dia";"Crescente";"Sol";"Múltipla";"Curva";"Não";1;0;1;0;0;0;1;1;-23,40363;-46,3305;"SR-SP";"UOP01";"DEL01"
275360;2020-03-14;"sábado";"14:58:00";"SC";101;155;"PORTO BELO";"Ingestão de Álcool";"Saída de leito carroçável";"Sem Vítimas";"Pleno dia";"Crescente";"Céu Claro";"Múltipla";"Curva";"Não";1;0;0;0;1;0;0;1;-27,16292;-48,61129;"SR-SC";"UOP03";"DEL04"
275361;2020-03-14;"sábado";"15:20:00";"RJ";116;99,5;"GUAPIMIRIM";"Defeito Mecânico no Veículo";"Saída de leito carroçável";"Com Vítimas Fatais";"Pleno dia";"Crescente";"Céu Claro";"Dupla";"Curva";"Não";2;1;0;1;0;0;1;1;-22,49012;-43,00778;"SR-RJ";"UOP02";"DEL04"
275362;2020-03-14;"sábado";"15:20:00";"ES";101;250;"SERRA";"Avarias e/ou desgaste excessivo no pneu";"Colisão frontal";"Com Vítimas Feridas";"Pleno dia";"Crescente";"Chuva";"Dupla";"Curva";"Sim";3;0;1;0;2;0;1;2;-20,08139;-40,34938;"SR-ES";"UOP01";"DEL02"
275363;2020-03-14;"sábado";"15:25:00";"RS";470;217;"BENTO GONCALVES";"Desobediência às normas de trânsito pelo condutor";"Colisão transversal";"Com Vítimas Feridas";"Pleno dia";"Decrescente";"Céu Claro";"Dupla";"Reta";"Sim";6;0;1;0;5;0;1;2;-29,16463;-51,52552;"SR-RS";"UOP01";"DEL06"
275364;2020-03-14;"sábado";"14:20:00";"PR";369;450,1;"UBIRATA";"Ingestão de Álcool";"Colisão traseira";"Sem Vítimas";"Pleno dia";"Decrescente";"Sol";"Simples";"Reta";"Não";3;0;0;0;2;1;0;2;-24,5561;-53,00109;"SR-PR";"UOP04";"DEL04"
275365;2020-03-14;"sábado";"12:20:00";"SP";116;94;"PINDAMONHANGABA";"Avarias e/ou desgaste excessivo no pneu";"Queda de ocupante de veículo";"Com Vítimas Feridas";"Pleno dia";"Decrescente";"Sol";"Dupla";"Reta";"Sim";2;0;2;0;0;0;2;1;-22,96084;-45,42157;"SR-SP";"UOP01";"DEL06"
275366;2020-03-14;"sábado";"15:10:00";"SC";101;413,4;"ARARANGUA";"Falta de Atenção à Condução";"Colisão transversal";"Com Vítimas Feridas";"Pleno dia";"Decrescente";"Céu Claro";"Simples";"Reta";"Sim";2;0;1;0;0;1;1;2;-28,94606;-49,50428;"SR-SC";"UOP02";"DEL02"
275367;2020-03-14;"sábado";"14:45:00";"RJ";116;168;"SAO JOAO DE MERITI";"Falta de Atenção à Condução";"Colisão traseira";"Com Vítimas Feridas";"Pleno dia";"Decrescente";"Céu Claro";"Múltipla";"Reta";"Sim";2;0;0;1;1;0;1;2;-22,81997;-43,315;"SR-RJ";"UOP02";"DEL01"
275368;2020-03-14;"sábado";"15:00:00";"PR";467;72;"TOLEDO";"Falta de Atenção à Condução";"Tombamento";"Com Vítimas Feridas";"Pleno dia";"Decrescente";"Sol";"Dupla";"Reta";"Não";2;0;2;0;0;0;2;1;-24,7253;-53,7052;"SR-PR";"UOP01";"DEL04"
275369;2020-03-14;"sábado";"16:10:00";"ES";262;170,9;"IBATIBA";"Velocidade Incompatível";"Tombamento";"Com Vítimas Feridas";"Pleno dia";"Decrescente";"Nublado";"Simples";"Curva";"Não";1;0;1;0;0;0;1;1;-20,26489;-41,59189;"SR-ES";"UOP02";"DEL01"
275370;2020-03-14;"sábado";"15:15:00";"RN";101;96,4;"NATAL";"Falta de Atenção à Condução";"Capotamento";"Com Vítimas Feridas";"Pleno dia";"Crescente";"Céu Claro";"Múltipla";"Reta";"Sim";1;0;1;0;0;0;1;1;-5,857589;-35,21271;"SR-RN";"UOP01";"DEL01"
275373;2020-03-14;"sábado";"16:15:00";"PR";369;162,9;"CAMBE";"Falta de Atenção à Condução";"Colisão com objeto estático";"Sem Vítimas";"Pleno dia";"Crescente";"Céu Claro";"Dupla";"Reta";"Sim";1;0;0;0;1;0;0;1;-23,29631;-51,27335;"SR-PR";"UOP01";"DEL07"
275374;2020-03-14;"sábado";"16:30:00";"SP";116;225;"GUARULHOS";"Defeito Mecânico no Veículo";"Incêndio";"Sem Vítimas";"Plena Noite";"Crescente";"Céu Claro";"Múltipla";"Não Informado";"Sim";2;0;0;0;2;0;0;1;-23,48587;-46,54075;"SR-SP";"UOP01";"DEL01"
275375;2020-03-14;"sábado";"16:40:00";"PE";101;70;"RECIFE";"Defeito na Via";"Tombamento";"Com Vítimas Feridas";"Pleno dia";"Decrescente";"Céu Claro";"Dupla";"Retorno Regulamentado";"Sim";2;0;1;1;0;0;2;1;-8,067761;-34,94265;"SR-PE";"UOP01";"DEL01"
275376;2020-03-14;"sábado";"15:00:00";"SC";101;109;"PENHA";"Avarias e/ou desgaste excessivo no pneu";"Queda de ocupante de veículo";"Com Vítimas Feridas";"Pleno dia";"Decrescente";"Céu Claro";"Dupla";"Reta";"Não";1;0;1;0;0;0;1;1;-26,83367;-48,69691;"SR-SC";"UOP02";"DEL03"
275378;2020-03-14;"sábado";"16:59:00";"PI";316;7;"TERESINA";"Não guardar distância de segurança";"Colisão traseira";"Com Vítimas Feridas";"Pleno dia";"Decrescente";"Céu Claro";"Simples";"Reta";"Sim";2;0;1;0;1;0;1;2;-5,155846;-42,77173;"SR-PI";"UOP02";"DEL01"
275379;2020-03-14;"sábado";"17:05:00";"MG";40;472;"SETE LAGOAS";"Defeito Mecânico no Veículo";"Capotamento";"Com Vítimas Feridas";"Pleno dia";"Decrescente";"Sol";"Dupla";"Interseção de vias";"Não";5;0;4;0;1;0;4;1;-19,47544;-44,29067;"SR-MG";"UOP01";"DEL02"
275380;2020-03-14;"sábado";"16:48:00";"SP";116;277,5;"EMBU DAS ARTES";"Desobediência às normas de trânsito pelo condutor";"Colisão com objeto estático";"Com Vítimas Feridas";"Pleno dia";"Decrescente";"Céu Claro";"Dupla";"Não Informado";"Sim";3;0;2;0;1;0;2;1;-23,63266;-46,8224;"SR-SP";"UOP01";"DEL04"
275381;2020-03-14;"sábado";"15:40:00";"PR";369;43;"ANDIRA";"Defeito Mecânico no Veículo";"Tombamento";"Com Vítimas Feridas";"Pleno dia";"Crescente";"Nublado";"Simples";"Não Informado";"Não";2;0;2;0;0;0;2;1;-23,07634;-50,2941;"SR-PR";"UOP04";"DEL07"
275382;2020-03-14;"sábado";"15:30:00";"RJ";101;197;"CASIMIRO DE ABREU";"Pista Escorregadia";"Capotamento";"Com Vítimas Feridas";"Pleno dia";"Crescente";"Chuva";"Dupla";"Reta";"Não";4;0;2;0;2;0;2;1;-22,49157;-42,11796;"SR-RJ";"UOP04";"DEL02"
275383;2020-03-14;"sábado";"09:00:00";"PR";376;339;"ORTIGUEIRA";"Defeito Mecânico no Veículo";"Saída de leito carroçável";"Sem Vítimas";"Pleno dia";"Crescente";"Céu Claro";"Simples";"Curva";"Não";1;0;0;0;1;0;0;1;-24,16424;-50,96922;"SR-PR";"UOP02";"DEL07"
275384;2020-03-14;"sábado";"17:10:00";"SP";116;8;"QUELUZ";"Falta de Atenção à Condução";"Colisão frontal";"Sem Vítimas";"Pleno dia";"Crescente";"Céu Claro";"Simples";"Curva";"Sim";1;0;0;0;1;0;0;1;-22,53633;-44,7714;"SR-SP";"UOP01";"DEL08"
275385;2020-03-14;"sábado";"13:00:00";"MG";262;418,1;"PARA DE MINAS";"Desobediência às normas de trânsito pelo condutor";"Colisão lateral";"Com Vítimas Feridas";"Pleno dia";"Crescente";"Sol";"Dupla";"Retorno Regulamentado";"Não";2;0;1;0;1;0;1;2;-19,89963;-44,69609;"SR-MG";"UOP03";"DEL08"
275386;2020-03-14;"sábado";"11:20:00";"ES";259;30,5;"COLATINA";"Velocidade Incompatível";"Tombamento";"Com Vítimas Feridas";"Pleno dia";"Crescente";"Céu Claro";"Dupla";"Rotatória";"Não";1;0;1;0;0;0;1;1;-19,59525;-40,50647;"SR-ES";"UOP01";"DEL02"
275387;2020-03-14;"sábado";"17:40:00";"PE";232;130,3;"CARUARU";"Ingestão de Álcool";"Atropelamento de Pedestre";"Com Vítimas Feridas";"Anoitecer";"Crescente";"Céu Claro";"Dupla";"Curva";"Sim";2;0;1;0;0;1;1;1;-8,299833;-35,98966;"SR-PE";"UOP02";"DEL02"
275388;2020-03-14;"sábado";"17:00:00";"BA";324;512;"FEIRA DE SANTANA";"Animais na Pista";"Atropelamento de Animal";"Com Vítimas Feridas";"Pleno dia";"Decrescente";"Céu Claro";"Dupla";"Reta";"Sim";2;0;2;0;0;0;2;1;-12,2307;-38,9614;"SR-BA";"UOP01";"DEL02"
275390;2020-03-14;"sábado";"17:45:00";"RS";116;252;"SAPUCAIA DO SUL";"Avarias e/ou desgaste excessivo no pneu";"Tombamento";"Com Vítimas Feridas";"Pleno dia";"Decrescente";"Céu Claro";"Dupla";"Reta";"Sim";2;0;2;0;0;0;2;1;-29,80913;-51,16753;"SR-RS";"UOP02";"DEL01"
275391;2020-03-14;"sábado";"13:30:00";"MG";381;850,7;"POUSO ALEGRE";"Velocidade Incompatível";"Tombamento";"Com Vítimas Feridas";"Pleno dia";"Crescente";"Céu Claro";"Dupla";"Reta";"Sim";2;0;2;0;0;0;2;1;-22,28746;-45,89703;"SR-MG";"UOP01";"DEL16"
275393;2020-03-14;"sábado";"03:50:00";"MA";230;262;"LORETO";"Defeito Mecânico no Veículo";"Colisão transversal";"Sem Vítimas";"Plena Noite";"Crescente";"Nublado";"Simples";"Não Informado";"Não";2;0;0;0;2;0;0;2;-6,835115;-45,05769;"SR-MA";"UOP01";"DEL05"
275394;2020-03-14;"sábado";"14:40:00";"RJ";101;243;"SILVA JARDIM";"Desobediência às normas de trânsito pelo condutor";"Queda de ocupante de veículo";"Com Vítimas Feridas";"Pleno dia";"Decrescente";"Céu Claro";"Dupla";"Reta";"Sim";3;0;2;0;1;0;2;2;-22,63852;-42,4641;"SR-RJ";"UOP03";"DEL02"
275395;2020-03-14;"sábado";"07:00:00";"RJ";116;222,8;"PARACAMBI";"Defeito Mecânico no Veículo";"Incêndio";"Sem Vítimas";"Pleno dia";"Decrescente";"Céu Claro";"Simples";"Curva";"Não";1;0;0;0;1;0;0;1;-22,6897;-43,79175;"SR-RJ";"UOP01";"DEL07"
275396;2020-03-14;"sábado";"14:15:00";"RJ";101;271;"RIO BONITO";"Desobediência às normas de trânsito pelo condutor";"Colisão traseira";"Com Vítimas Feridas";"Pleno dia";"Crescente";"Céu Claro";"Dupla";"Reta";"Sim";2;0;1;0;1;0;1;2;-22,72443;-42,69368;"SR-RJ";"UOP03";"DEL02"
275397;2020-03-14;"sábado";"15:21:00";"BA";116;818,6;"VITORIA DA CONQUISTA";"Não guardar distância de segurança";"Colisão traseira";"Sem Vítimas";"Pleno dia";"Crescente";"Sol";"Simples";"Reta";"Não";2;0;0;0;2;0;0;2;-14,82621;-40,82378;"SR-BA";"UOP01";"DEL08"
275398;2020-03-14;"sábado";"16:20:00";"MS";158;293;"TRES LAGOAS";"Avarias e/ou desgaste excessivo no pneu";"Saída de leito carroçável";"Com Vítimas Feridas";"Anoitecer";"Decrescente";"Céu Claro";"Simples";"Reta";"Não";2;0;2;0;0;0;2;1;-20,92155;-51,794;"SR-MS";"UOP01";"DEL07"
275399;2020-03-14;"sábado";"17:20:00";"ES";482;124,5;"GUACUI";"Falta de Atenção à Condução";"Colisão com objeto estático";"Com Vítimas Feridas";"Pleno dia";"Crescente";"Nublado";"Simples";"Reta";"Não";1;0;1;0;0;0;1;1;-20,75272;-41,81922;"SR-ES";"UOP02";"DEL03"
275400;2020-03-14;"sábado";"14:40:00";"SC";282;527,1;"CORDILHEIRA ALTA";"Defeito Mecânico no Veículo";"Tombamento";"Com Vítimas Feridas";"Pleno dia";"Decrescente";"Céu Claro";"Simples";"Curva";"Não";2;0;2;0;0;0;2;1;-26,9732;-52,58332;"SR-SC";"UOP01";"DEL07"
275401;2020-03-14;"sábado";"16:30:00";"SC";116;219,9;"CORREIA PINTO";"Falta de Atenção à Condução";"Colisão traseira";"Sem Vítimas";"Pleno dia";"Crescente";"Sol";"Simples";"Reta";"Sim";2;0;0;0;2;0;0;2;-27,58529;-50,36618;"SR-SC";"UOP03";"DEL05"
275402;2020-03-14;"sábado";"18:30:00";"PE";407;126,2;"PETROLINA";"Falta de Atenção do Pedestre";"Atropelamento de Pedestre";"Com Vítimas Feridas";"Plena Noite";"Crescente";"Nublado";"Simples";"Reta";"Sim";3;0;1;0;1;1;1;2;-9,388474;-40,5247;"SR-PE";"UOP01";"DEL06"
275403;2020-03-14;"sábado";"17:30:00";"RS";290;105;"ELDORADO DO SUL";"Carga excessiva e/ou mal acondicionada";"Derramamento de carga";"Com Vítimas Feridas";"Pleno dia";"Crescente";"Céu Claro";"Simples";"Reta";"Sim";1;0;1;0;0;0;1;1;-29,99608;-51,28502;"SR-RS";"UOP01";"DEL02"
275404;2020-03-14;"sábado";"18:15:00";"SC";101;153,4;"PORTO BELO";"Defeito Mecânico no Veículo";"Tombamento";"Com Vítimas Feridas";"Pleno dia";"Crescente";"Céu Claro";"Dupla";"Reta";"Não";2;0;2;0;0;0;2;1;-27,14472;-48,61064;"SR-SC";"UOP03";"DEL04"
275405;2020-03-14;"sábado";"18:49:00";"GO";40;6;"VALPARAISO DE GOIAS";"Falta de Atenção à Condução";"Colisão lateral";"Com Vítimas Feridas";"Plena Noite";"Crescente";"Céu Claro";"Dupla";"Retorno Regulamentado";"Sim";2;0;1;0;1;0;1;2;-16,10081;-47,97735;"SR-DF";"UOP01";"DEL01"
275406;2020-03-14;"sábado";"10:35:00";"SC";282;436,4;"VARGEM BONITA";"Falta de Atenção à Condução";"Tombamento";"Com Vítimas Feridas";"Pleno dia";"Decrescente";"Céu Claro";"Simples";"Reta";"Não";1;0;1;0;0;0;1;1;-26,97084;-51,8511;"SR-SC";"UOP05";"DEL07"
275408;2020-03-14;"sábado";"17:15:00";"PR";476;129;"CURITIBA";"Ingestão de Álcool";"Colisão traseira";"Com Vítimas Feridas";"Pleno dia";"Decrescente";"Céu Claro";"Simples";"Reta";"Sim";3;0;1;0;2;0;1;2;-25,44098;-49,23371;"SR-PR";"UOP06";"DEL01"
275409;2020-03-14;"sábado";"15:00:00";"SC";282;219,9;"LAGES";"Desobediência às normas de trânsito pelo condutor";"Colisão frontal";"Com Vítimas Fatais";"Pleno dia";"Crescente";"Sol";"Simples";"Reta";"Sim";2;1;0;0;1;0;0;2;-27,79552;-50,32361;"SR-SC";"UOP01";"DEL05"
275410;2020-03-14;"sábado";"17:05:00";"MA";316;437;"PERITORO";"Velocidade Incompatível";"Saída de leito carroçável";"Com Vítimas Feridas";"Pleno dia";"Decrescente";"Chuva";"Simples";"Curva";"Não";3;0;2;0;1;0;2;1;-4,415722;-44,2324;"SR-MA";"UOP01";"DEL03"
275411;2020-03-14;"sábado";"18:40:00";"RN";101;107;"PARNAMIRIM";"Falta de Atenção à Condução";"Colisão traseira";"Com Vítimas Feridas";"Plena Noite";"Decrescente";"Céu Claro";"Simples";"Curva";"Sim";2;0;1;0;1;0;1;2;-5,919208;-35,26412;"SR-RN";"UOP01";"DEL01"
275412;2020-03-14;"sábado";"19:10:00";"GO";40;0,5;"VALPARAISO DE GOIAS";"Falta de Atenção à Condução";"Colisão lateral";"Sem Vítimas";"Anoitecer";"Decrescente";"Céu Claro";"Dupla";"Reta";"Sim";3;0;0;0;2;1;0;2;-16,05827;-47,98266;"SR-DF";"UOP01";"DEL01"
275413;2020-03-14;"sábado";"17:50:00";"PR";369;182;"ARAPONGAS";"Ingestão de Álcool";"Colisão traseira";"Sem Vítimas";"Pleno dia";"Decrescente";"Céu Claro";"Dupla";"Reta";"Sim";2;0;0;0;2;0;0;2;-23,38391;-51,41884;"SR-PR";"UOP03";"DEL07"
275414;2020-03-14;"sábado";"19:15:00";"PR";376;133,1;"NOVA ESPERANCA";"Velocidade Incompatível";"Tombamento";"Com Vítimas Feridas";"Plena Noite";"Crescente";"Céu Claro";"Dupla";"Reta";"Não";1;0;1;0;0;0;1;1;-23,18832;-52,20929;"SR-PR";"UOP02";"DEL09"
275415;2020-03-14;"sábado";"19:10:00";"RN";304;65,9;"MOSSORO";"Animais na Pista";"Atropelamento de Animal";"Com Vítimas Feridas";"Plena Noite";"Decrescente";"Céu Claro";"Simples";"Reta";"Não";1;0;0;1;0;0;1;1;-5,362864;-37,24771;"SR-RN";"UOP01";"DEL04"
275416;2020-03-14;"sábado";"19:15:00";"SC";101;122,7;"ITAJAI";"Falta de Atenção à Condução";"Tombamento";"Com Vítimas Feridas";"Plena Noite";"Decrescente";"Nublado";"Dupla";"Reta";"Sim";2;0;1;0;0;1;1;1;-26,92956;-48,705;"SR-SC";"UOP04";"DEL04"
275417;2020-03-14;"sábado";"18:30:00";"AL";104;34,8;"UNIAO DOS PALMARES";"Falta de Atenção à Condução";"Colisão lateral";"Com Vítimas Feridas";"Plena Noite";"Crescente";"Nublado";"Simples";"Curva";"Sim";2;0;1;0;1;0;1;2;-9,15381;-36,01296;"SR-AL";"UOP02";"DEL01"
275418;2020-03-14;"sábado";"14:35:00";"PR";376;332;"ORTIGUEIRA";"Defeito Mecânico no Veículo";"Saída de leito carroçável";"Com Vítimas Feridas";"Pleno dia";"Decrescente";"Céu Claro";"Simples";"Reta";"Sim";2;0;1;1;0;0;2;1;-24,13004;-51,01237;"SR-PR";"UOP02";"DEL07"