"id";"data_inversa";"dia_semana";"horario";"uf";"br";"km";"municipio";"causa_acidente";"tipo_acidente";"classificacao_acidente";"fase_dia";"sentido_via";"condicao_metereologica";"tipo_pista";"tracado_via";"uso_solo";"pessoas";"mortos";"feridos_leves";"feridos_graves";"ilesos";"ignorados";"feridos";"veiculos";"latitude";"longitude";"regional";"delegacia";"uop"
275510;2020-03-15;"domingo";"10:20:00";"RS";471;163,9;"RIO PARDO";"Falta de Atenção à Condução";"Colisão transversal";"Com Vítimas Feridas";"Pleno dia";"Decrescente";"Nublado";"Simples";"Reta";"Não";8;0;4;0;4;0;4;2;-29,89859;-52,39234;"SR-RS";"UOP03";"DEL02"
275511;2020-03-15;"domingo";"06:10:00";"RS";116;258,9;"CANOAS";"Ingestão de Álcool";"Colisão lateral";"Sem Vítimas";"Pleno dia";"Decrescente";"Céu Claro";"Dupla";"Reta";"Sim";2;0;0;0;2;0;0;2;-29,86151;-51,18092;"SR-RS";"UOP02";"DEL01"
275512;2020-03-15;"domingo";"13:40:00";"SC";101;141,5;"ITAPEMA";"Avarias e/ou desgaste excessivo no pneu";"Tombamento";"Com Vítimas Feridas";"Pleno dia";"Decrescente";"Sol";"Dupla";"Curva";"Não";2;0;2;0;0;0;2;1;-27,04762;-48,59996;"SR-SC";"UOP03";"DEL04"
275513;2020-02-18;"terça-feira";"01:00:00";"BA";135;172;"BARREIRAS";"Velocidade Incompatível";"Colisão frontal";"Com Vítimas Fatais";"Plena Noite";"Decrescente";"Céu Claro";"Simples";"Reta";"Não";2;1;0;1;0;0;1;2;-12,10952;-44,98423;"SR-BA";"UOP01";"DEL10"
275514;2020-03-15;"domingo";"10:50:00";"AP";210;100;"PORTO GRANDE";"Falta de Atenção à Condução";"Colisão com objeto estático";"Sem Vítimas";"Pleno dia";"Crescente";"Chuva";"Dupla";"Retorno Regulamentado";"Sim";1;0;0;0;1;0;0;1;0,6832413;-51,36559;"SR-AP";"UOP01";"DEL01"
275515;2020-03-15;"domingo";"13:00:00";"PE";101;178,9;"JOAQUIM NABUCO";"Animais na Pista";"Saída de leito carroçável";"Com Vítimas Feridas";"Pleno dia";"Crescente";"Chuva";"Dupla";"Curva";"Não";1;0;1;0;0;0;1;1;-8,626228;-35,55747;"SR-PE";"UOP03";"DEL01"
275516;2020-03-15;"domingo";"11:45:00";"PE";101;69,7;"RECIFE";"Falta de Atenção do Pedestre";"Atropelamento de Pedestre";"Com Vítimas Feridas";"Pleno dia";"Crescente";"Céu Claro";"Dupla";"Reta";"Não";3;0;1;0;1;1;1;1;-8,059516;-34,94581;"SR-PE";"UOP01";"DEL01"
275517;2020-03-15;"domingo";"14:00:00";"PR";116;87;"PIRAQUARA";"Falta de Atenção à Condução";"Queda de ocupante de veículo";"Com Vítimas Feridas";"Pleno dia";"Crescente";"Céu Claro";"Dupla";"Curva";"Não";2;0;2;0;0;0;2;1;-25,44107;-49,09244;"SR-PR";"UOP01";"DEL01"
275518;2020-03-15;"domingo";"07:50:00";"MG";381;828,3;"SAO SEBASTIAO DA BELA VISTA";"Não guardar distância de segurança";"Colisão lateral";"Com Vítimas Feridas";"Pleno dia";"Crescente";"Céu Claro";"Dupla";"Reta";"Não";2;0;1;0;1;0;1;2;-22,11369;-45,74918;"SR-MG";"UOP01";"DEL16"
275519;2020-03-15;"domingo";"13:40:00";"PE";101;73;"RECIFE";"Velocidade Incompatível";"Saída de leito carroçável";"Com Vítimas Feridas";"Pleno dia";"Decrescente";"Céu Claro";"Dupla";"Curva";"Sim";2;0;2;0;0;0;2;2;-8,10267;-34,94832;"SR-PE";"UOP01";"DEL01"
275520;2020-03-15;"domingo";"11:15:00";"MT";163;812;"SINOP";"Defeito Mecânico no Veículo";"Incêndio";"Sem Vítimas";"Pleno dia";"Decrescente";"Nublado";"Simples";"Reta";"Não";1;0;0;0;1;0;0;1;-12,18814;-55,53088;"SR-MT";"UOP01";"DEL06"
275521;2020-03-15;"domingo";"14:10:00";"GO";153;425,2;"ANAPOLIS";"Falta de Atenção à Condução";"Colisão traseira";"Com Vítimas Feridas";"Pleno dia";"Crescente";"Nublado";"Dupla";"Não Informado";"Não";3;0;2;0;0;1;2;2;-16,22028;-49,01413;"SR-GO";"UOP01";"DEL02"
275522;2020-03-15;"domingo";"11:25:00";"MG";381;926,1;"ITAPEVA";"Pista Escorregadia";"Tombamento";"Com Vítimas Feridas";"Pleno dia";"Crescente";"Céu Claro";"Dupla";"Não Informado";"Não";1;0;1;0;0;0;1;1;-22,76845;-46,2076;"SR-MG";"UOP03";"DEL16"
275523;2020-03-15;"domingo";"11:25:00";"MG";381;929,3;"ITAPEVA";"Velocidade Incompatível";"Saída de leito carroçável";"Com Vítimas Feridas";"Pleno dia";"Crescente";"Nublado";"Dupla";"Curva";"Não";1;0;0;1;0;0;1;1;-22,77104;-46,2369;"SR-MG";"UOP03";"DEL16"
275524;2020-03-15;"domingo";"14:50:00";"SC";470;44;"BLUMENAU";"Defeito Mecânico no Veículo";"Tombamento";"Com Vítimas Feridas";"Pleno dia";"Decrescente";"Céu Claro";"Simples";"Curva";"Não";2;0;2;0;0;0;2;1;-26,87066;-49,0219;"SR-SC";"UOP01";"DEL04"
275525;2020-03-15;"domingo";"10:55:00";"MG";381;909,1;"CAMANDUCAIA";"Falta de Atenção à Condução";"Colisão traseira";"Com Vítimas Feridas";"Pleno dia";"Crescente";"Sol";"Dupla";"Não Informado";"Não";2;0;1;0;1;0;1;2;-22,68598;-46,1029;"SR-MG";"UOP03";"DEL16"
275526;2020-03-15;"domingo";"10:35:00";"SC";282;505,9;"XANXERE";"Falta de Atenção à Condução";"Saída de leito carroçável";"Com Vítimas Feridas";"Pleno dia";"Crescente";"Céu Claro";"Dupla";"Não Informado";"Sim";2;0;1;1;0;0;2;1;-26,88588;-52,41876;"SR-SC";"UOP01";"DEL07"
275527;2020-03-15;"domingo";"14:55:00";"SP";116;60;"GUARATINGUETA";"Ingestão de Álcool";"Colisão com objeto estático";"Sem Vítimas";"Pleno dia";"Decrescente";"Céu Claro";"Dupla";"Reta";"Não";1;0;0;0;1;0;0;1;-22,79107;-45,16105;"SR-SP";"UOP02";"DEL08"
275528;2020-03-15;"domingo";"15:00:00";"PE";104;67,8;"CARUARU";"Falta de Atenção à Condução";"Colisão traseira";"Com Vítimas Feridas";"Pleno dia";"Decrescente";"Nublado";"Dupla";"Reta";"Sim";2;0;1;0;1;0;1;2;-8,295158;-35,98732;"SR-PE";"UOP01";"DEL02"
275529;2020-03-15;"domingo";"12:00:00";"PE";232;21,5;"MORENO";"Mal Súbito";"Saída de leito carroçável";"Com Vítimas Feridas";"Pleno dia";"Crescente";"Céu Claro";"Dupla";"Curva";"Não";1;0;1;0;0;0;1;1;-8,095802;-35,08013;"SR-PE";"UOP04";"DEL01"
275531;2020-03-15;"domingo";"06:50:00";"PR";369;132;"IBIPORA";"Restrição de Visibilidade";"Queda de ocupante de veículo";"Com Vítimas Feridas";"Amanhecer";"Decrescente";"Céu Claro";"Simples";"Reta";"Não";1;0;1;0;0;0;1;1;-23,26086;-51,01303;"SR-PR";"UOP01";"DEL07"
275532;2020-03-15;"domingo";"04:40:00";"MT";163;155,9;"RONDONOPOLIS";"Falta de Atenção à Condução";"Colisão com objeto estático";"Com Vítimas Feridas";"Plena Noite";"Crescente";"Céu Claro";"Dupla";"Reta";"Sim";1;0;1;0;0;0;1;1;-16,21978;-54,77883;"SR-MT";"UOP01";"DEL02"
275533;2020-03-15;"domingo";"04:00:00";"RJ";40;102;"DUQUE DE CAXIAS";"Ingestão de Álcool";"Colisão com objeto estático";"Com Vítimas Fatais";"Plena Noite";"Decrescente";"Céu Claro";"Dupla";"Reta";"Não";2;1;0;1;0;0;1;1;-22,61089;-43,28656;"SR-RJ";"UOP01";"DEL01"
275534;2020-03-15;"domingo";"15:00:00";"CE";222;2,5;"FORTALEZA";"Desobediência às normas de trânsito pelo condutor";"Colisão transversal";"Com Vítimas Feridas";"Pleno dia";"Decrescente";"Céu Claro";"Múltipla";"Interseção de vias";"Sim";3;0;2;0;1;0;2;2;-3,739111;-38,58687;"SR-CE";"UOP01";"DEL01"
275535;2020-03-15;"domingo";"08:40:00";"SC";470;7,5;"NAVEGANTES";"Ingestão de Álcool";"Colisão traseira";"Sem Vítimas";"Pleno dia";"Crescente";"Céu Claro";"Simples";"Túnel";"Não";2;0;0;0;2;0;0;2;-26,84499;-48,71505;"SR-SC";"UOP04";"DEL04"
275536;2020-03-15;"domingo";"03:00:00";"MS";262;558,5;"MIRANDA";"Ingestão de Álcool";"Colisão frontal";"Com Vítimas Fatais";"Plena Noite";"Decrescente";"Céu Claro";"Simples";"Reta";"Não";9;1;2;0;6;0;2;2;-20,23101;-56,38932;"SR-MS";"UOP02";"DEL03"
275537;2020-03-15;"domingo";"12:45:00";"PR";369;202,3;"APUCARANA";"Falta de Atenção à Condução";"Colisão lateral";"Com Vítimas Feridas";"Pleno dia";"Crescente";"Céu Claro";"Simples";"Reta";"Sim";3;0;1;0;0;2;1;2;-23,54522;-51,45331;"SR-PR";"UOP03";"DEL07"
275538;2020-03-15;"domingo";"15:05:00";"RJ";116;269,3;"BARRA MANSA";"Velocidade Incompatível";"Colisão com objeto estático";"Com Vítimas Feridas";"Pleno dia";"Crescente";"Nublado";"Dupla";"Curva";"Sim";6;0;2;0;4;0;2;1;-22,5751;-44,11542;"SR-RJ";"UOP02";"DEL07"
275539;2020-03-15;"domingo";"14:15:00";"RS";386;16,5;"FREDERICO WESTPHALEN";"Falta de Atenção à Condução";"Colisão transversal";"Com Vítimas Feridas";"Pleno dia";"Crescente";"Céu Claro";"Simples";"Curva";"Não";3;0;1;0;2;0;1;2;-27,24042;-53,33763;"SR-RS";"UOP02";"DEL08"
275540;2020-03-15;"domingo";"15:50:00";"PR";376;620;"SAO JOSE DOS PINHAIS";"Ingestão de Álcool";"Colisão com objeto estático";"Com Vítimas Feridas";"Pleno dia";"Crescente";"Sol";"Simples";"Interseção de vias";"Não";1;0;1;0;0;0;1;1;-25,60926;-49,17206;"SR-PR";"UOP01";"DEL01"
275541;2020-03-15;"domingo";"10:40:00";"RJ";393;235;"VASSOURAS";"Falta de Atenção à Condução";"Colisão lateral";"Com Vítimas Fatais";"Pleno dia";"Decrescente";"Sol";"Simples";"Reta";"Sim";3;1;1;0;1;0;1;3;-22,41177;-43,67362;"SR-RJ";"UOP01";"DEL05"
275542;2020-03-15;"domingo";"15:20:00";"PB";101;105,9;"ALHANDRA";"Ingestão de Álcool";"Saída de leito carroçável";"Com Vítimas Feridas";"Pleno dia";"Crescente";"Nublado";"Dupla";"Não Informado";"Não";2;0;1;0;1;0;1;2;-7,317472;-34,94673;"SR-PB";"UOP01";"DEL01"
275543;2020-03-15;"domingo";"15:25:00";"PR";153;458;"UNIAO DA VITORIA";"Velocidade Incompatível";"Colisão transversal";"Sem Vítimas";"Pleno dia";"Decrescente";"Céu Claro";"Simples";"Interseção de vias";"Sim";3;0;0;0;3;0;0;2;-26,21736;-51,13044;"SR-PR";"UOP03";"DEL08"
275544;2020-03-15;"domingo";"16:00:00";"PB";101;105;"ALHANDRA";"Velocidade Incompatível";"Colisão traseira";"Com Vítimas Feridas";"Pleno dia";"Crescente";"Chuva";"Dupla";"Curva";"Não";6;0;2;1;3;0;3;3;-7,308146;-34,94344;"SR-PB";"UOP01";"DEL01"
275546;2020-03-15;"domingo";"05:50:00";"SC";101;151;"ITAPEMA";"Falta de Atenção à Condução";"Colisão transversal";"Com Vítimas Feridas";"Amanhecer";"Decrescente";"Nublado";"Simples";"Reta";"Não";2;0;1;0;1;0;1;2;-27,12654;-48,60964;"SR-SC";"UOP03";"DEL04"
275548;2020-03-15;"domingo";"13:30:00";"MG";116;265,5;"TEOFILO OTONI";"Falta de Atenção à Condução";"Colisão traseira";"Com Vítimas Feridas";"Pleno dia";"Decrescente";"Nublado";"Simples";"Desvio Temporário";"Não";3;0;2;0;1;0;2;2;-17,7629;-41,50257;"SR-MG";"UOP01";"DEL11"
275549;2020-03-15;"domingo";"15:30:00";"SC";280;46,2;"GUARAMIRIM";"Ingestão de Álcool";"Saída de leito carroçável";"Sem Vítimas";"Pleno dia";"Crescente";"Céu Claro";"Simples";"Reta";"Não";1;0;0;0;0;1;0;1;-26,45295;-48,90788;"SR-SC";"UOP03";"DEL03"
275551;2020-01-28;"terça-feira";"13:50:00";"PE";101;73;"RECIFE";"Falta de Atenção à Condução";"Colisão lateral";"Com Vítimas Feridas";"Pleno dia";"Crescente";"Ignorado";"Dupla";"Curva";"Sim";3;0;1;0;0;2;1;2;-8,099072;-34,95001;"SR-PE";"UOP01";"DEL01"
275552;2020-03-15;"domingo";"16:50:00";"PR";476;143,9;"CURITIBA";"Velocidade Incompatível";"Saída de leito carroçável";"Com Vítimas Feridas";"Pleno dia";"Decrescente";"Céu Claro";"Dupla";"Curva";"Sim";4;0;2;0;2;0;2;1;-25,54096;-49,31148;"SR-PR";"UOP04";"DEL01"
275553;2020-03-15;"domingo";"16:20:00";"PR";277;121,1;"CAMPO LARGO";"Falta de Atenção à Condução";"Saída de leito carroçável";"Com Vítimas Feridas";"Pleno dia";"Decrescente";"Céu Claro";"Dupla";"Reta";"Não";3;0;1;0;2;0;1;1;-25,4424;-49,56186;"SR-PR";"UOP03";"DEL03"
275554;2020-03-15;"domingo";"17:20:00";"MG";40;780,5;"JUIZ DE FORA";"Ingestão de Álcool";"Colisão traseira";"Com Vítimas Feridas";"Pleno dia";"Crescente";"Céu Claro";"Dupla";"Interseção de vias";"Não";2;0;0;1;1;0;1;2;-21,70241;-43,45264;"SR-MG";"UOP01";"DEL05"
275555;2020-03-15;"domingo";"17:20:00";"GO";60;386,2;"RIO VERDE";"Desobediência às normas de trânsito pelo condutor";"Colisão transversal";"Com Vítimas Feridas";"Anoitecer";"Crescente";"Céu Claro";"Dupla";"Interseção de vias";"Sim";3;0;1;0;2;0;1;2;-17,80556;-50,92294;"SR-GO";"UOP01";"DEL04"
275556;2020-02-16;"domingo";"17:25:00";"SC";101;3;"GARUVA";"Velocidade Incompatível";"Queda de ocupante de veículo";"Com Vítimas Feridas";"Pleno dia";"Crescente";"Nublado";"Dupla";"Curva";"Não";2;0;1;1;0;0;2;1;-26,00381;-48,87233;"SR-SC";"UOP01";"DEL03"
275558;2020-03-15;"domingo";"04:00:00";"TO";153;140;"ARAGUAINA";"Ingestão de Álcool";"Saída de leito carroçável";"Sem Vítimas";"Amanhecer";"Decrescente";"Chuva";"Dupla";"Reta";"Sim";1;0;0;0;1;0;0;1;-7,169616;-48,21328;"SR-TO";"UOP04";"DEL02"
275559;2020-03-15;"domingo";"17:00:00";"SC";101;156,8;"PORTO BELO";"Avarias e/ou desgaste excessivo no pneu";"Tombamento";"Com Vítimas Feridas";"Pleno dia";"Crescente";"Céu Claro";"Dupla";"Reta";"Sim";1;0;1;0;0;0;1;1;-27,17227;-48,6117;"SR-SC";"UOP03";"DEL04"
275561;2020-03-15;"domingo";"15:50:00";"PE";424;18;"PEDRA";"Ingestão de Álcool";"Saída de leito carroçável";"Com Vítimas Feridas";"Pleno dia";"Decrescente";"Céu Claro";"Simples";"Não Informado";"Sim";1;0;1;0;0;0;1;1;-8,496766;-36,93934;"SR-PE";"UOP02";"DEL03"
275562;2020-03-15;"domingo";"17:20:00";"RJ";116;180;"NOVA IGUACU";"Falta de Atenção à Condução";"Engavetamento";"Com Vítimas Feridas";"Pleno dia";"Decrescente";"Céu Claro";"Múltipla";"Reta";"Sim";9;0;1;0;7;1;1;6;-22,76516;-43,41547;"SR-RJ";"UOP02";"DEL01"
275563;2020-03-15;"domingo";"17:20:00";"PB";230;44,1;"SANTA RITA";"Falta de Atenção à Condução";"Colisão traseira";"Sem Vítimas";"Anoitecer";"Decrescente";"Chuva";"Dupla";"Reta";"Não";3;0;0;0;2;1;0;2;-7,1531;-35,0102;"SR-PB";"UOP02";"DEL01"
275564;2020-03-15;"domingo";"18:20:00";"SC";282;20;"PALHOCA";"Desobediência às normas de trânsito pelo condutor";"Colisão traseira";"Sem Vítimas";"Anoitecer";"Decrescente";"Céu Claro";"Simples";"Curva";"Sim";2;0;0;0;1;1;0;2;-27,68396;-48,71006;"SR-SC";"UOP02";"DEL01"
275565;2020-03-15;"domingo";"08:50:00";"RS";101;55,3;"MAQUINE";"Mal Súbito";"Saída de leito carroçável";"Com Vítimas Feridas";"Pleno dia";"Decrescente";"Céu Claro";"Dupla";"Reta";"Não";4;0;0;2;2;0;2;1;-29,64957;-50,1161;"SR-RS";"UOP02";"DEL03"
275566;2020-03-15;"domingo";"18:00:00";"SC";101;183,8;"BIGUACU";"Ingestão de Álcool";"Colisão traseira";"Com Vítimas Feridas";"Anoitecer";"Crescente";"Céu Claro";"Dupla";"Reta";"Sim";5;0;2;0;3;0;2;3;-27,40689;-48,62853;"SR-SC";"UOP01";"DEL01"
275567;2020-03-15;"domingo";"11:30:00";"AC";364;432;"FEIJO";"Falta de Atenção do Pedestre";"Atropelamento de Pedestre";"Com Vítimas Fatais";"Pleno dia";"Crescente";"Céu Claro";"Simples";"Desvio Temporário";"Não";5;1;0;0;4;0;0;2;-8,534175;-69,98334;"SR-AC";"UOP01";"DEL01"
275568;2020-03-15;"domingo";"17:45:00";"AL";316;264,6;"SATUBA";"Ingestão de Álcool";"Colisão frontal";"Com Vítimas Feridas";"Anoitecer";"Crescente";"Chuva";"Simples";"Reta";"Não";3;0;1;0;1;1;1;2;-9,588476;-35,86968;"SR-AL";"UOP01";"DEL02"
275570;2020-03-15;"domingo";"18:10:00";"RJ";101;51;"CAMPOS DOS GOYTACAZES";"Deficiência ou não Acionamento do Sistema de Iluminação/Sinalização do Veículo";"Colisão frontal";"Com Vítimas Feridas";"Plena Noite";"Crescente";"Céu Claro";"Simples";"Reta";"Não";2;0;0;1;1;0;1;2;-21,64273;-41,3117;"SR-RJ";"UOP01";"DEL08"
275572;2020-03-15;"domingo";"17:40:00";"PB";101;120;"CAAPORA";"Ingestão de Álcool";"Colisão lateral";"Com Vítimas Feridas";"Plena Noite";"Decrescente";"Céu Claro";"Dupla";"Reta";"Não";5;0;2;0;2;1;2;2;-7,435226;-34,97278;"SR-PB";"UOP01";"DEL01"
275573;2020-03-15;"domingo";"18:00:00";"GO";414;427,5;"ANAPOLIS";"Desobediência às normas de trânsito pelo condutor";"Colisão transversal";"Com Vítimas Feridas";"Pleno dia";"Decrescente";"Céu Claro";"Simples";"Reta";"Não";2;0;1;0;1;0;1;2;-16,18449;-48,90325;"SR-GO";"UOP01";"DEL02"
275574;2020-03-15;"domingo";"17:40:00";"MG";40;496,7;"ESMERALDAS";"Ingestão de álcool e/ou substâncias psicoativas pelo pedestre";"Saída de leito carroçável";"Sem Vítimas";"Pleno dia";"Decrescente";"Céu Claro";"Dupla";"Não Informado";"Não";1;0;0;0;1;0;0;1;-19,67089;-44,19356;"SR-MG";"UOP01";"DEL02"
275575;2020-03-15;"domingo";"18:00:00";"PI";316;312;"PICOS";"Animais na Pista";"Atropelamento de Animal";"Com Vítimas Feridas";"Plena Noite";"Crescente";"Garoa/Chuvisco";"Simples";"Reta";"Sim";1;0;1;0;0;0;1;1;-7,080925;-41,45826;"SR-PI";"UOP01";"DEL04"
275576;2020-03-15;"domingo";"18:45:00";"PR";376;143,7;"PRESIDENTE CASTELO BRANCO";"Falta de Atenção à Condução";"Colisão com objeto estático";"Com Vítimas Feridas";"Plena Noite";"Decrescente";"Nublado";"Dupla";"Não Informado";"Não";2;0;1;0;1;0;1;2;-23,26518;-52,16201;"SR-PR";"UOP02";"DEL09"
275577;2020-03-15;"domingo";"15:50:00";"SP";116;269,5;"TABOAO DA SERRA";"Falta de Atenção à Condução";"Colisão transversal";"Com Vítimas Feridas";"Pleno dia";"Decrescente";"Céu Claro";"Dupla";"Reta";"Sim";2;0;1;0;1;0;1;2;-23,61593;-46,78826;"SR-SP";"UOP01";"DEL04"
275578;2020-03-15;"domingo";"18:30:00";"RJ";101;69;"CAMPOS DOS GOYTACAZES";"Ingestão de Álcool";"Colisão com objeto estático";"Com Vítimas Feridas";"Plena Noite";"Crescente";"Céu Claro";"Simples";"Retorno Regulamentado";"Não";1;0;1;0;0;0;1;1;-21,77624;-41,36533;"SR-RJ";"UOP02";"DEL08"
275579;2020-03-15;"domingo";"19:00:00";"PA";155;305;"MARABA";"Defeito na Via";"Tombamento";"Com Vítimas Feridas";"Plena Noite";"Crescente";"Garoa/Chuvisco";"Simples";"Reta";"Não";1;0;1;0;0;0;1;1;-5,695078;-49,12022;"SR-PA";"UOP01";"DEL03"
275580;2020-03-15;"domingo";"18:50:00";"SC";101;236,9;"PALHOCA";"Não guardar distância de segurança";"Colisão lateral";"Com Vítimas Feridas";"Anoitecer";"Crescente";"Nublado";"Dupla";"Reta";"Sim";3;0;2;0;1;0;2;2;-27,82629;-48,63035;"SR-SC";"UOP02";"DEL01"
275581;2020-03-15;"domingo";"19:15:00";"SC";101;179,5;"BIGUACU";"Falta de Atenção do Pedestre";"Atropelamento de Pedestre";"Com Vítimas Fatais";"Plena Noite";"Decrescente";"Céu Claro";"Múltipla";"Reta";"Sim";4;1;0;0;1;2;0;2;-27,37324;-48,6329;"SR-SC";"UOP01";"DEL01"
275582;2020-03-15;"domingo";"18:00:00";"BA";110;371,8;"CATU";"Ingestão de Álcool";"Colisão frontal";"Com Vítimas Feridas";"Anoitecer";"Decrescente";"Céu Claro";"Simples";"Curva";"Não";5;0;4;0;1;0;4;2;-12,41152;-38,43143;"SR-BA";"UOP04";"DEL01"
275583;2020-03-15;"domingo";"09:30:00";"BA";324;550;"AMELIA RODRIGUES";"Defeito Mecânico no Veículo";"Tombamento";"Com Vítimas Feridas";"Pleno dia";"Crescente";"Céu Claro";"Dupla";"Reta";"Não";2;0;2;0;0;0;2;1;-12,43833;-38,72507;"SR-BA";"UOP01";"DEL01"
275584;2020-03-15;"domingo";"11:30:00";"BA";324;554;"AMELIA RODRIGUES";"Velocidade Incompatível";"Saída de leito carroçável";"Com Vítimas Feridas";"Pleno dia";"Crescente";"Céu Claro";"Dupla";"Reta";"Não";2;0;1;1;0;0;2;1;-12,46038;-38,69682;"SR-BA";"UOP01";"DEL01"
275585;2020-03-15;"domingo";"17:30:00";"PE";232;235,9;"PESQUEIRA";"Pista Escorregadia";"Saída de leito carroçável";"Com Vítimas Feridas";"Anoitecer";"Decrescente";"Chuva";"Simples";"Reta";"Não";2;0;1;1;0;0;2;1;-8,408468;-36,91974;"SR-PE";"UOP02";"DEL03"
275586;2020-03-15;"domingo";"19:10:00";"SE";235;55,9;"ITABAIANA";"Falta de Atenção do Pedestre";"Atropelamento de Pedestre";"Com Vítimas Fatais";"Plena Noite";"Decrescente";"Céu Claro";"Simples";"Curva";"Sim";2;1;0;0;1;0;0;1;-10,66739;-37,44601;"SR-SE";"UOP02";"DEL01"
275587;2020-03-15;"domingo";"19:15:00";"CE";116;19;"EUSEBIO";"Defeito na Via";"Queda de ocupante de veículo";"Com Vítimas Feridas";"Plena Noite";"Decrescente";"Vento";"Dupla";"Curva";"Não";2;0;1;1;0;0;2;1;-3,913844;-38,50667;"SR-CE";"UOP02";"DEL01"
275589;2020-03-15;"domingo";"19:00:00";"PR";163;168,2;"LINDOESTE";"Falta de Atenção à Condução";"Queda de ocupante de veículo";"Com Vítimas Feridas";"Plena Noite";"Crescente";"Céu Claro";"Simples";"Reta";"Não";1;0;1;0;0;0;1;1;-25,29249;-53,57039;"SR-PR";"UOP06";"DEL04"
275590;2020-02-24;"segunda-feira";"07:00:00";"MG";251;234;"SANTA CRUZ DE SALINAS";"Pista Escorregadia";"Capotamento";"Com Vítimas Feridas";"Pleno dia";"Crescente";"Chuva";"Simples";"Curva";"Não";4;0;3;0;1;0;3;1;-15,98126;-41,73564;"SR-MG";"UOP02";"DEL11"
275591;2020-03-15;"domingo";"18:50:00";"SP";116;70;"APARECIDA";"Falta de Atenção do Pedestre";"Atropelamento de Pedestre";"Com Vítimas Feridas";"Plena Noite";"Crescente";"Nublado";"Dupla";"Curva";"Sim";2;0;0;1;1;0;1;1;-22,84853;-45,22705;"SR-SP";"UOP02";"DEL08"
275592;2020-03-15;"domingo";"19:31:00";"ES";101;293,6;"CARIACICA";"Falta de Atenção à Condução";"Saída de leito carroçável";"Com Vítimas Feridas";"Plena Noite";"Decrescente";"Céu Claro";"Múltipla";"Reta";"Sim";1;0;0;1;0;0;1;1;-20,32066;-40,39609;"SR-ES";"UOP01";"DEL01"
275593;2020-03-15;"domingo";"19:20:00";"MG";381;454;"BELO HORIZONTE";"Falta de Atenção à Condução";"Colisão lateral";"Com Vítimas Feridas";"Plena Noite";"Crescente";"Céu Claro";"Simples";"Reta";"Não";3;0;0;1;1;1;1;2;-19,85594;-43,89662;"SR-MG";"UOP01";"DEL01"
275594;2020-03-15;"domingo";"19:10:00";"RS";386;36;"FREDERICO WESTPHALEN";"Desobediência às normas de trânsito pelo condutor";"Colisão frontal";"Sem Vítimas";"Plena Noite";"Crescente";"Céu Claro";"Simples";"Reta";"Não";3;0;0;0;2;1;0;3;-27,37338;-53,39772;"SR-RS";"UOP02";"DEL08"
275595;2020-03-15;"domingo";"19:30:00";"BA";135;182;"BARREIRAS";"Restrição de Visibilidade";"Colisão traseira";"Com Vítimas Feridas";"Plena Noite";"Decrescente";"Céu Claro";"Simples";"Reta";"Sim";5;0;1;0;4;0;1;2;-12,16601;-45,00886;"SR-BA";"UOP01";"DEL10"
275596;2020-03-15;"domingo";"17:14:00";"PR";376;185,6;"SARANDI";"Falta de Atenção à Condução";"Colisão traseira";"Com Vítimas Feridas";"Pleno dia";"Crescente";"Céu Claro";"Dupla";"Reta";"Sim";6;0;1;0;4;1;1;3;-23,45147;-51,85362;"SR-PR";"UOP01";"DEL09"
275597;2020-03-15;"domingo";"17:00:00";"MT";364;443;"VARZEA GRANDE";"Avarias e/ou desgaste excessivo no pneu";"Colisão transversal";"Com Vítimas Feridas";"Anoitecer";"Crescente";"Chuva";"Simples";"Curva";"Não";2;0;1;0;0;1;1;2;-15,64036;-56,20203;"SR-MT";"DEL2/4";"UOP02/MT"
275598;2020-03-15;"domingo";"18:10:00";"MT";163;836;"SINOP";"Ingestão de Álcool";"Colisão transversal";"Sem Vítimas";"Plena Noite";"Crescente";"Nublado";"Simples";"Reta";"Sim";2;0;0;0;2;0;0;2;-11,97792;-55,51702;"SR-MT";"UOP02";"DEL06"
275599;2020-03-15;"domingo";"18:30:00";"MT";163;989;"TERRA NOVA DO NORTE";"Ingestão de Álcool";"Colisão frontal";"Sem Vítimas";"Plena Noite";"Crescente";"Nublado";"Simples";"Não Informado";"Não";2;0;0;0;2;0;0;2;-10,69572;-55,12138;"SR-MT";"UOP02";"DEL06"
275600;2020-03-15;"domingo";"19:40:00";"SP";116;282,8;"EMBU DAS ARTES";"Restrição de Visibilidade";"Colisão traseira";"Com Vítimas Feridas";"Plena Noite";"Decrescente";"Nublado";"Dupla";"Interseção de vias";"Sim";2;0;0;1;0;1;1;2;-23,66612;-46,85463;"SR-SP";"UOP01";"DEL04"
275601;2020-03-15;"domingo";"19:22:00";"RJ";101;267,6;"RIO BONITO";"Ingestão de Álcool";"Saída de leito carroçável";"Com Vítimas Feridas";"Plena Noite";"Crescente";"Céu Claro";"Dupla";"Reta";"Não";1;0;1;0;0;0;1;1;-22,70728;-42,66059;"SR-RJ";"UOP03";"DEL02"