"id";"data_inversa";"dia_semana";"horario";"uf";"br";"km";"municipio";"causa_acidente";"tipo_acidente";"classificacao_acidente";"fase_dia";"sentido_via";"condicao_metereologica";"tipo_pista";"tracado_via";"uso_solo";"pessoas";"mortos";"feridos_leves";"feridos_graves";"ilesos";"ignorados";"feridos";"veiculos";"latitude";"longitude";"regional";"delegacia";"uop"
275692;2020-03-16;"segunda-feira";"05:10:00";"GO";414;416,7;"ABADIANIA";"Pista Escorregadia";"Colisão traseira";"Com Vítimas Feridas";"Amanhecer";"Crescente";"Céu Claro";"Dupla";"Curva";"Não";3;0;2;0;1;0;2;2;-16,10363;-48,86669;"SR-GO";"UOP01";"DEL02"
275693;2020-03-16;"segunda-feira";"06:30:00";"RJ";101;314;"SAO GONCALO";"Falta de Atenção à Condução";"Colisão traseira";"Com Vítimas Feridas";"Pleno dia";"Decrescente";"Céu Claro";"Múltipla";"Reta";"Não";4;0;3;0;1;0;3;1;-22,81649;-43,07728;"SR-RJ";"UOP01";"DEL02"
275695;2020-03-16;"segunda-feira";"04:30:00";"RJ";40;125;"RIO DE JANEIRO";"Falta de Atenção à Condução";"Tombamento";"Sem Vítimas";"Amanhecer";"Crescente";"Céu Claro";"Simples";"Curva";"Sim";1;0;0;0;1;0;0;1;-22,81487;-43,28829;"SR-RJ";"UOP02";"DEL01"
275696;2020-03-15;"domingo";"21:20:00";"RR";174;271;"CARACARAI";"Falta de Atenção do Pedestre";"Atropelamento de Pedestre";"Com Vítimas Fatais";"Plena Noite";"Crescente";"Céu Claro";"Simples";"Reta";"Não";2;1;0;0;0;1;0;1;1,32047;-60,58038;"SR-RR";"UOP01";"DEL01"
275697;2020-03-16;"segunda-feira";"05:20:00";"BA";367;64,9;"PORTO SEGURO";"Velocidade Incompatível";"Colisão traseira";"Com Vítimas Feridas";"Amanhecer";"Crescente";"Chuva";"Simples";"Reta";"Não";2;0;0;1;1;0;1;2;-16,38612;-39,43322;"SR-BA";"UOP01";"DEL09"
275698;2020-03-16;"segunda-feira";"06:43:00";"SC";116;132,6;"SANTA CECILIA";"Velocidade Incompatível";"Saída de leito carroçável";"Com Vítimas Feridas";"Pleno dia";"Crescente";"Céu Claro";"Simples";"Reta";"Não";5;0;5;0;0;0;5;1;-26,90777;-50,4412;"SR-SC";"UOP02";"DEL06"
275699;2020-03-16;"segunda-feira";"07:00:00";"PR";116;116;"CURITIBA";"Não guardar distância de segurança";"Engavetamento";"Com Vítimas Feridas";"Pleno dia";"Decrescente";"Céu Claro";"Dupla";"Reta";"Sim";3;0;1;0;2;0;1;3;-25,55468;-49,27402;"SR-PR";"UOP03";"DEL01"
275701;2020-03-16;"segunda-feira";"06:30:00";"SC";101;125,5;"ITAJAI";"Avarias e/ou desgaste excessivo no pneu";"Tombamento";"Com Vítimas Feridas";"Pleno dia";"Crescente";"Céu Claro";"Dupla";"Reta";"Sim";2;0;2;0;0;0;2;1;-26,94802;-48,68339;"SR-SC";"UOP04";"DEL04"
275702;2020-03-15;"domingo";"05:10:00";"GO";60;108;"GOIANAPOLIS";"Ingestão de Álcool";"Colisão traseira";"Com Vítimas Feridas";"Amanhecer";"Decrescente";"Ignorado";"Múltipla";"Reta";"Sim";2;0;1;0;0;1;1;2;-16,4398;-49,0188;"SR-GO";"UOP01";"DEL01"
275703;2020-03-16;"segunda-feira";"03:20:00";"MG";381;700,8;"LAVRAS";"Velocidade Incompatível";"Saída de leito carroçável";"Com Vítimas Feridas";"Plena Noite";"Crescente";"Ignorado";"Dupla";"Desvio Temporário";"Não";1;0;1;0;0;0;1;1;-21,31138;-45,16452;"SR-MG";"UOP02";"DEL04"
275704;2020-03-15;"domingo";"02:40:00";"BA";116;733,7;"BOA NOVA";"Condutor Dormindo";"Saída de leito carroçável";"Com Vítimas Feridas";"Plena Noite";"Decrescente";"Nublado";"Simples";"Desvio Temporário";"Não";3;0;2;0;1;0;2;1;-14,298;-40,31405;"SR-BA";"UOP02";"DEL08"
275706;2020-03-16;"segunda-feira";"05:55:00";"AL";104;22;"UNIAO DOS PALMARES";"Falta de Atenção à Condução";"Saída de leito carroçável";"Com Vítimas Feridas";"Amanhecer";"Decrescente";"Nublado";"Simples";"Reta";"Não";1;0;0;1;0;0;1;1;-9,073717;-36,03703;"SR-AL";"UOP02";"DEL01"
275707;2020-03-16;"segunda-feira";"07:10:00";"PR";277;81,5;"CURITIBA";"Falta de Atenção à Condução";"Colisão traseira";"Com Vítimas Feridas";"Pleno dia";"Crescente";"Céu Claro";"Dupla";"Reta";"Sim";3;0;1;0;2;0;1;2;-25,56894;-49,18198;"SR-PR";"UOP04";"DEL01"
275709;2020-03-16;"segunda-feira";"07:00:00";"PR";369;160;"CAMBE";"Não guardar distância de segurança";"Colisão traseira";"Com Vítimas Feridas";"Amanhecer";"Decrescente";"Céu Claro";"Dupla";"Reta";"Sim";4;0;1;0;3;0;1;2;-23,29686;-51,27234;"SR-PR";"UOP01";"DEL07"
275712;2020-03-16;"segunda-feira";"07:40:00";"PE";101;78,1;"JABOATAO DOS GUARARAPES";"Falta de Atenção à Condução";"Colisão lateral";"Com Vítimas Feridas";"Pleno dia";"Decrescente";"Chuva";"Dupla";"Curva";"Sim";2;0;1;0;1;0;1;2;-8,134965;-34,94739;"SR-PE";"UOP01";"DEL01"
275714;2020-03-16;"segunda-feira";"07:20:00";"RS";290;104;"ELDORADO DO SUL";"Não guardar distância de segurança";"Engavetamento";"Sem Vítimas";"Pleno dia";"Decrescente";"Chuva";"Dupla";"Reta";"Não";7;0;0;0;7;0;0;5;-29,99312;-51,2754;"SR-RS";"UOP01";"DEL02"
275715;2020-03-16;"segunda-feira";"08:00:00";"ES";101;290;"CARIACICA";"Falta de Atenção à Condução";"Queda de ocupante de veículo";"Com Vítimas Feridas";"Pleno dia";"Crescente";"Sol";"Dupla";"Reta";"Sim";1;0;0;1;0;0;1;1;-20,28928;-40,39182;"SR-ES";"UOP01";"DEL01"
275717;2020-03-16;"segunda-feira";"07:55:00";"RS";386;342,7;"LAJEADO";"Desobediência às normas de trânsito pelo condutor";"Colisão transversal";"Com Vítimas Feridas";"Pleno dia";"Decrescente";"Nublado";"Simples";"Não Informado";"Sim";2;0;1;0;1;0;1;2;-29,43455;-52,00429;"SR-RS";"UOP01";"DEL04"
275718;2020-03-16;"segunda-feira";"07:40:00";"RJ";101;413;"ITAGUAI";"Falta de Atenção à Condução";"Colisão traseira";"Com Vítimas Feridas";"Pleno dia";"Crescente";"Sol";"Dupla";"Reta";"Sim";1;0;1;0;0;0;1;1;-22,89932;-43,86529;"SR-RJ";"UOP01";"DEL03"
275719;2020-03-16;"segunda-feira";"08:30:00";"PR";277;13,7;"PARANAGUA";"Velocidade Incompatível";"Capotamento";"Com Vítimas Feridas";"Pleno dia";"Decrescente";"Céu Claro";"Dupla";"Reta";"Não";2;0;2;0;0;0;2;1;-25,5682;-48,61529;"SR-PR";"UOP07";"DEL01"
275720;2020-03-15;"domingo";"23:00:00";"MG";153;209,9;"FRUTAL";"Condutor Dormindo";"Saída de leito carroçável";"Sem Vítimas";"Plena Noite";"Decrescente";"Céu Claro";"Dupla";"Interseção de vias";"Não";2;0;0;0;2;0;0;1;-20,07281;-49,073;"SR-MG";"UOP02";"DEL13"
275721;2020-03-16;"segunda-feira";"08:25:00";"PR";116;124,2;"CURITIBA";"Mal Súbito";"Colisão com objeto estático";"Com Vítimas Feridas";"Pleno dia";"Crescente";"Sol";"Dupla";"Reta";"Sim";1;0;1;0;0;0;1;1;-25,62151;-49,31622;"SR-PR";"UOP03";"DEL01"
275722;2020-03-16;"segunda-feira";"08:30:00";"SP";116;228;"SAO PAULO";"Falta de Atenção à Condução";"Colisão transversal";"Com Vítimas Feridas";"Pleno dia";"Crescente";"Céu Claro";"Múltipla";"Não Informado";"Sim";4;0;1;1;2;0;2;2;-23,50301;-46,56676;"SR-SP";"UOP01";"DEL01"
275723;2020-03-16;"segunda-feira";"08:20:00";"BA";324;614;"SALVADOR";"Desobediência às normas de trânsito pelo condutor";"Colisão lateral";"Com Vítimas Feridas";"Pleno dia";"Crescente";"Sol";"Dupla";"Reta";"Sim";4;0;1;0;3;0;1;3;-12,86398;-38,4237;"SR-BA";"UOP01";"DEL01"
275724;2020-03-16;"segunda-feira";"08:55:00";"SC";101;123;"ITAJAI";"Desobediência às normas de trânsito pelo pedestre";"Atropelamento de Pedestre";"Com Vítimas Feridas";"Pleno dia";"Crescente";"Céu Claro";"Dupla";"Rotatória";"Não";2;0;1;0;1;0;1;1;-26,93669;-48,69877;"SR-SC";"UOP04";"DEL04"
275725;2020-03-16;"segunda-feira";"08:30:00";"PE";101;43;"IGARASSU";"Falta de Atenção à Condução";"Colisão traseira";"Com Vítimas Feridas";"Pleno dia";"Decrescente";"Nublado";"Dupla";"Reta";"Sim";2;0;1;0;1;0;1;2;-7,847538;-34,90977;"SR-PE";"UOP02";"DEL01"
275726;2020-03-16;"segunda-feira";"08:57:00";"ES";101;245,4;"SERRA";"Sinalização da via insuficiente ou inadequada";"Atropelamento de Pedestre";"Com Vítimas Fatais";"Pleno dia";"Decrescente";"Sol";"Dupla";"Ponte";"Não";3;1;0;0;1;1;0;1;-20,05454;-40,3819;"SR-ES";"UOP01";"DEL02"
275727;2020-03-16;"segunda-feira";"07:20:00";"SC";282;507,2;"XANXERE";"Defeito Mecânico no Veículo";"Colisão frontal";"Com Vítimas Feridas";"Pleno dia";"Decrescente";"Sol";"Simples";"Desvio Temporário";"Não";4;0;3;0;1;0;3;2;-26,88617;-52,43911;"SR-SC";"UOP01";"DEL07"
275728;2020-03-16;"segunda-feira";"08:35:00";"RS";290;48;"GLORINHA";"Condutor Dormindo";"Saída de leito carroçável";"Com Vítimas Feridas";"Pleno dia";"Crescente";"Chuva";"Dupla";"Reta";"Não";1;0;1;0;0;0;1;1;-29,8986;-50,73918;"SR-RS";"UOP01";"DEL03"
275729;2020-03-15;"domingo";"03:00:00";"MG";40;796,6;"JUIZ DE FORA";"Agressão Externa";"Incêndio";"Sem Vítimas";"Plena Noite";"Crescente";"Céu Claro";"Simples";"Reta";"Sim";2;0;0;0;1;1;0;1;-21,81147;-43,3962;"SR-MG";"UOP01";"DEL05"
275730;2020-03-16;"segunda-feira";"08:30:00";"MG";40;523,7;"CONTAGEM";"Não guardar distância de segurança";"Engavetamento";"Com Vítimas Feridas";"Pleno dia";"Crescente";"Sol";"Dupla";"Reta";"Sim";6;0;3;0;3;0;3;4;-19,86875;-44,05962;"SR-MG";"UOP02";"DEL01"
275731;2020-03-16;"segunda-feira";"09:05:00";"ES";101;292,7;"CARIACICA";"Falta de Atenção à Condução";"Colisão traseira";"Com Vítimas Feridas";"Pleno dia";"Crescente";"Sol";"Dupla";"Reta";"Sim";3;0;1;0;2;0;1;2;-20,30651;-40,39489;"SR-ES";"UOP01";"DEL01"
275732;2020-02-23;"domingo";"05:40:00";"ES";393;4;"CACHOEIRO DE ITAPEMIRIM";"Ingestão de Álcool";"Saída de leito carroçável";"Com Vítimas Feridas";"Amanhecer";"Decrescente";"Céu Claro";"Simples";"Curva";"Não";4;0;4;0;0;0;4;1;-20,8269;-41,19268;"SR-ES";"UOP02";"DEL03"
275734;2020-03-16;"segunda-feira";"09:20:00";"BA";324;531,5;"FEIRA DE SANTANA";"Falta de Atenção à Condução";"Colisão frontal";"Com Vítimas Feridas";"Pleno dia";"Decrescente";"Céu Claro";"Dupla";"Curva";"Não";3;0;1;0;2;0;1;3;-12,33362;-38,85454;"SR-BA";"UOP01";"DEL01"
275735;2020-03-16;"segunda-feira";"09:30:00";"MG";40;615,7;"CONGONHAS";"Falta de Atenção à Condução";"Colisão traseira";"Com Vítimas Feridas";"Pleno dia";"Decrescente";"Céu Claro";"Simples";"Viaduto";"Não";2;0;1;0;1;0;1;2;-20,53766;-43,82078;"SR-MG";"UOP02";"DEL05"
275736;2020-03-16;"segunda-feira";"09:50:00";"ES";101;267,8;"SERRA";"Falta de Atenção à Condução";"Colisão transversal";"Com Vítimas Feridas";"Pleno dia";"Decrescente";"Céu Claro";"Dupla";"Interseção de vias";"Sim";2;0;1;0;1;0;1;2;-20,19931;-40,26885;"SR-ES";"UOP01";"DEL02"
275737;2020-03-16;"segunda-feira";"09:50:00";"SC";101;140;"BALNEARIO CAMBORIU";"Defeito Mecânico no Veículo";"Colisão traseira";"Sem Vítimas";"Pleno dia";"Decrescente";"Céu Claro";"Dupla";"Não Informado";"Não";2;0;0;0;2;0;0;2;-27,03881;-48,60025;"SR-SC";"UOP03";"DEL04"
275738;2020-03-16;"segunda-feira";"07:50:00";"SC";470;141,4;"RIO DO SUL";"Falta de Atenção à Condução";"Colisão com objeto estático";"Com Vítimas Fatais";"Pleno dia";"Crescente";"Céu Claro";"Simples";"Curva";"Sim";4;2;1;1;0;0;2;2;-27,22606;-49,66616;"SR-SC";"UOP02";"DEL04"
275739;2020-01-22;"quarta-feira";"19:30:00";"PI";316;308;"PICOS";"Falta de Atenção à Condução";"Colisão transversal";"Com Vítimas Feridas";"Plena Noite";"Decrescente";"Céu Claro";"Simples";"Reta";"Sim";3;0;0;1;2;0;1;2;-7,077737;-41,49276;"SR-PI";"DEL17/4";"UOP01/PI"
275741;2020-03-16;"segunda-feira";"10:40:00";"SE";101;45;"JAPARATUBA";"Velocidade Incompatível";"Saída de leito carroçável";"Sem Vítimas";"Pleno dia";"Crescente";"Chuva";"Dupla";"Reta";"Não";2;0;0;0;2;0;0;1;-10,55945;-36,9685;"SR-SE";"UOP02";"DEL02"
275743;2020-03-16;"segunda-feira";"11:00:00";"SC";280;5,5;"SAO FRANCISCO DO SUL";"Falta de Atenção à Condução";"Colisão transversal";"Com Vítimas Feridas";"Pleno dia";"Decrescente";"Céu Claro";"Simples";"Reta";"Não";2;0;1;0;1;0;1;2;-26,26012;-48,62572;"SR-SC";"UOP03";"DEL03"
275744;2020-03-16;"segunda-feira";"10:20:00";"MG";365;424;"PATOS DE MINAS";"Velocidade Incompatível";"Colisão lateral";"Com Vítimas Feridas";"Pleno dia";"Decrescente";"Céu Claro";"Simples";"Não Informado";"Não";2;0;1;0;1;0;1;2;-18,73063;-46,62262;"SR-MG";"UOP01";"DEL10"
275745;2020-03-16;"segunda-feira";"08:50:00";"PR";467;82,5;"CASCAVEL";"Velocidade Incompatível";"Saída de leito carroçável";"Com Vítimas Fatais";"Pleno dia";"Decrescente";"Céu Claro";"Dupla";"Não Informado";"Não";1;1;0;0;0;0;0;1;-24,80433;-53,67227;"SR-PR";"UOP01";"DEL04"
275746;2020-03-16;"segunda-feira";"10:48:00";"PE";101;95;"CABO DE SANTO AGOSTINHO";"Falta de Atenção à Condução";"Colisão traseira";"Com Vítimas Feridas";"Pleno dia";"Crescente";"Nublado";"Dupla";"Reta";"Não";3;0;1;0;2;0;1;3;-8,25099;-35,01426;"SR-PE";"UOP03";"DEL01"
275747;2020-03-16;"segunda-feira";"08:30:00";"SC";470;297;"CAMPOS NOVOS";"Desobediência às normas de trânsito pelo condutor";"Colisão lateral";"Com Vítimas Feridas";"Pleno dia";"Crescente";"Céu Claro";"Simples";"Reta";"Não";6;0;4;1;1;0;5;2;-27,35408;-51,02786;"SR-SC";"UOP08";"DEL07"
275748;2020-03-16;"segunda-feira";"10:50:00";"ES";101;435,4;"MIMOSO DO SUL";"Ultrapassagem Indevida";"Colisão frontal";"Com Vítimas Feridas";"Pleno dia";"Decrescente";"Sol";"Simples";"Curva";"Não";3;0;2;1;0;0;3;2;-21,05501;-41,19609;"SR-ES";"UOP02";"DEL03"
275749;2020-03-16;"segunda-feira";"10:15:00";"PE";101;94,5;"CABO DE SANTO AGOSTINHO";"Falta de Atenção à Condução";"Atropelamento de Pedestre";"Com Vítimas Feridas";"Pleno dia";"Decrescente";"Céu Claro";"Dupla";"Interseção de vias";"Sim";2;0;0;1;0;1;1;1;-8,248291;-35,00698;"SR-PE";"UOP03";"DEL01"
275750;2020-03-16;"segunda-feira";"08:20:00";"PR";277;3;"FOZ DO IGUACU";"Defeito na Via";"Colisão lateral";"Com Vítimas Feridas";"Pleno dia";"Decrescente";"Céu Claro";"Simples";"Reta";"Sim";2;0;1;0;1;0;1;1;-25,5469;-54,5882;"SR-PR";"UOP02";"DEL05"
275751;2020-03-16;"segunda-feira";"09:30:00";"RN";304;219,4;"CAICARA DO RIO DO VENTO";"Desobediência às normas de trânsito pelo condutor";"Colisão transversal";"Com Vítimas Feridas";"Pleno dia";"Crescente";"Nublado";"Simples";"Reta";"Sim";2;0;1;1;0;0;2;2;-5,757031;-35,99762;"SR-RN";"UOP03";"DEL01"
275752;2020-03-16;"segunda-feira";"11:00:00";"RS";448;21;"PORTO ALEGRE";"Velocidade Incompatível";"Colisão com objeto estático";"Com Vítimas Feridas";"Pleno dia";"Crescente";"Chuva";"Dupla";"Curva";"Não";4;0;1;0;3;0;1;3;-29,96574;-51,20203;"SR-RS";"UOP01";"DEL01"
275753;2020-03-15;"domingo";"04:45:00";"SC";470;2;"NAVEGANTES";"Falta de Atenção à Condução";"Saída de leito carroçável";"Com Vítimas Feridas";"Plena Noite";"Decrescente";"Nublado";"Dupla";"Não Informado";"Sim";3;0;2;0;1;0;2;1;-26,86855;-48,67483;"SR-SC";"UOP04";"DEL04"
275754;2020-03-16;"segunda-feira";"11:40:00";"RS";116;269;"CANOAS";"Defeito Mecânico no Veículo";"Incêndio";"Sem Vítimas";"Pleno dia";"Decrescente";"Chuva";"Simples";"Reta";"Sim";1;0;0;0;1;0;0;1;-29,95943;-51,17609;"SR-RS";"UOP01";"DEL01"
275755;2020-03-16;"segunda-feira";"11:55:00";"GO";80;3,8;"PADRE BERNARDO";"Falta de Atenção à Condução";"Colisão frontal";"Com Vítimas Feridas";"Pleno dia";"Crescente";"Céu Claro";"Simples";"Reta";"Não";3;0;3;0;0;0;3;2;-15,50047;-48,22024;"SR-DF";"UOP03";"DEL01"
275756;2020-03-16;"segunda-feira";"10:30:00";"BA";242;223;"ITABERABA";"Defeito Mecânico no Veículo";"Incêndio";"Sem Vítimas";"Pleno dia";"Decrescente";"Céu Claro";"Simples";"Reta";"Não";1;0;0;0;1;0;0;1;-12,52112;-40,26073;"SR-BA";"UOP02";"DEL06"
275758;2020-03-07;"sábado";"17:55:00";"RS";116;13,6;"VACARIA";"Defeito Mecânico no Veículo";"Incêndio";"Sem Vítimas";"Anoitecer";"Crescente";"Céu Claro";"Simples";"Reta";"Não";1;0;0;0;1;0;0;1;-28,31828;-50,8049;"SR-RS";"UOP03";"DEL05"
275759;2020-03-16;"segunda-feira";"12:15:00";"RS";386;443,7;"CANOAS";"Defeito Mecânico no Veículo";"Colisão transversal";"Com Vítimas Feridas";"Pleno dia";"Decrescente";"Chuva";"Dupla";"Reta";"Não";3;0;3;0;0;0;3;3;-29,89066;-51,20638;"SR-RS";"UOP01";"DEL01"
275760;2020-03-16;"segunda-feira";"10:40:00";"SC";101;380,9;"ICARA";"Falta de Atenção à Condução";"Tombamento";"Com Vítimas Feridas";"Pleno dia";"Decrescente";"Nublado";"Dupla";"Reta";"Não";2;0;1;0;1;0;1;1;-28,76183;-49,29003;"SR-SC";"UOP02";"DEL02"
275761;2020-03-16;"segunda-feira";"12:50:00";"PE";101;68,1;"RECIFE";"Falta de Atenção à Condução";"Saída de leito carroçável";"Com Vítimas Feridas";"Pleno dia";"Decrescente";"Céu Claro";"Dupla";"Rotatória";"Sim";1;0;1;0;0;0;1;1;-8,051818;-34,9459;"SR-PE";"UOP01";"DEL01"
275762;2020-03-16;"segunda-feira";"06:55:00";"AC";364;46;"SENADOR GUIOMARD";"Defeito na Via";"Saída de leito carroçável";"Com Vítimas Feridas";"Amanhecer";"Crescente";"Céu Claro";"Simples";"Reta";"Não";2;0;2;0;0;0;2;1;-9,977109;-67,14456;"SR-AC";"UOP01";"DEL01"
275763;2020-03-16;"segunda-feira";"12:50:00";"MG";262;410,3;"IGARATINGA";"Velocidade Incompatível";"Saída de leito carroçável";"Com Vítimas Feridas";"Pleno dia";"Decrescente";"Sol";"Dupla";"Curva";"Não";1;0;1;0;0;0;1;1;-19,88686;-44,63194;"SR-MG";"UOP03";"DEL08"
275764;2020-03-16;"segunda-feira";"11:40:00";"RJ";116;38;"TERESOPOLIS";"Pista Escorregadia";"Tombamento";"Com Vítimas Feridas";"Pleno dia";"Decrescente";"Céu Claro";"Simples";"Reta";"Não";1;0;1;0;0;0;1;1;-22,11702;-42,78157;"SR-RJ";"UOP01";"DEL04"
275765;2020-02-17;"segunda-feira";"06:10:00";"PA";316;23,5;"BENEVIDES";"Desobediência às normas de trânsito pelo condutor";"Colisão transversal";"Com Vítimas Feridas";"Pleno dia";"Decrescente";"Nublado";"Dupla";"Reta";"Sim";3;0;1;2;0;0;3;2;-1,341239;-48,24547;"SR-PA";"UOP01";"DEL01"
275766;2020-03-16;"segunda-feira";"13:15:00";"PI";135;353;"BOM JESUS";"Falta de Atenção à Condução";"Colisão transversal";"Sem Vítimas";"Pleno dia";"Crescente";"Chuva";"Simples";"Interseção de vias";"Sim";3;0;0;0;3;0;0;2;-9,080242;-44,361;"SR-PI";"UOP02";"DEL03"
275770;2020-03-16;"segunda-feira";"13:00:00";"MG";153;55;"MONTE ALEGRE DE MINAS";"Falta de Atenção à Condução";"Saída de leito carroçável";"Sem Vítimas";"Pleno dia";"Crescente";"Céu Claro";"Dupla";"Reta";"Não";2;0;0;0;1;1;0;2;-18,85896;-49,07613;"SR-MG";"UOP03";"DEL15"
275771;2020-03-16;"segunda-feira";"14:00:00";"PE";104;74;"CARUARU";"Falta de Atenção à Condução";"Colisão traseira";"Sem Vítimas";"Pleno dia";"Decrescente";"Céu Claro";"Simples";"Reta";"Não";2;0;0;0;2;0;0;2;-8,349874;-35,98518;"SR-PE";"UOP01";"DEL02"
275772;2020-03-16;"segunda-feira";"13:25:00";"RS";116;231;"IVOTI";"Falta de Atenção à Condução";"Colisão transversal";"Com Vítimas Feridas";"Plena Noite";"Crescente";"Chuva";"Simples";"Curva";"Não";3;0;2;0;1;0;2;2;-29,62743;-51,13859;"SR-RS";"UOP02";"DEL01"
275776;2020-03-16;"segunda-feira";"11:50:00";"AL";101;40;"FLEXEIRAS";"Velocidade Incompatível";"Saída de leito carroçável";"Com Vítimas Feridas";"Pleno dia";"Decrescente";"Chuva";"Dupla";"Curva";"Não";1;0;1;0;0;0;1;1;-9,163779;-35,77035;"SR-AL";"UOP02";"DEL01"
275777;2020-03-16;"segunda-feira";"14:50:00";"ES";262;18,2;"VIANA";"Desobediência às normas de trânsito pelo condutor";"Colisão transversal";"Com Vítimas Feridas";"Pleno dia";"Crescente";"Céu Claro";"Simples";"Retorno Regulamentado";"Não";4;0;1;0;3;0;1;2;-20,39137;-40,4808;"SR-ES";"UOP01";"DEL01"
275778;2020-03-16;"segunda-feira";"14:20:00";"SP";153;14,8;"ICEM";"Velocidade Incompatível";"Colisão com objeto estático";"Sem Vítimas";"Pleno dia";"Crescente";"Sol";"Simples";"Ponte";"Não";1;0;0;0;1;0;0;1;-20,41481;-49,26025;"SR-SP";"UOP01";"DEL09"
275779;2020-03-16;"segunda-feira";"14:10:00";"PR";376;5,4;"APUCARANA";"Mal Súbito";"Colisão traseira";"Com Vítimas Feridas";"Pleno dia";"Decrescente";"Sol";"Dupla";"Reta";"Sim";3;0;0;1;1;1;1;3;-23,54626;-51,45258;"SR-PR";"UOP01";"DEL09"
275780;2020-03-16;"segunda-feira";"14:45:00";"RS";386;347,3;"LAJEADO";"Desobediência às normas de trânsito pelo condutor";"Colisão traseira";"Com Vítimas Feridas";"Pleno dia";"Crescente";"Nublado";"Dupla";"Não Informado";"Não";3;0;3;0;0;0;3;2;-29,45264;-51,96413;"SR-RS";"UOP01";"DEL04"
275781;2020-03-16;"segunda-feira";"14:20:00";"PE";232;129;"CARUARU";"Falta de Atenção do Pedestre";"Atropelamento de Pedestre";"Com Vítimas Fatais";"Pleno dia";"Crescente";"Céu Claro";"Dupla";"Reta";"Sim";2;1;0;0;1;0;0;1;-8,301935;-35,98092;"SR-PE";"UOP02";"DEL02"
275782;2020-03-16;"segunda-feira";"14:50:00";"MG";50;178;"UBERABA";"Animais na Pista";"Atropelamento de Animal";"Com Vítimas Feridas";"Pleno dia";"Crescente";"Céu Claro";"Dupla";"Reta";"Sim";1;0;1;0;0;0;1;1;-19,77897;-47,94094;"SR-MG";"UOP01";"DEL13"
275783;2020-03-16;"segunda-feira";"14:30:00";"SC";101;144;"ITAPEMA";"Defeito Mecânico no Veículo";"Tombamento";"Com Vítimas Feridas";"Pleno dia";"Decrescente";"Sol";"Dupla";"Reta";"Sim";2;0;2;0;0;0;2;1;-27,07327;-48,59673;"SR-SC";"UOP03";"DEL04"
275785;2020-03-16;"segunda-feira";"15:00:00";"PR";277;349,4;"GUARAPUAVA";"Falta de Atenção à Condução";"Colisão lateral";"Com Vítimas Feridas";"Pleno dia";"Crescente";"Sol";"Dupla";"Não Informado";"Sim";2;0;1;0;0;1;1;2;-25,38932;-51,51857;"SR-PR";"UOP01";"DEL08"
275786;2020-03-16;"segunda-feira";"15:20:00";"MG";381;572;"ITAGUARA";"Falta de Atenção do Pedestre";"Saída de leito carroçável";"Com Vítimas Feridas";"Pleno dia";"Decrescente";"Sol";"Dupla";"Reta";"Não";2;0;2;0;0;0;2;1;-20,45207;-44,56891;"SR-MG";"UOP03";"DEL04"
275787;2020-03-16;"segunda-feira";"12:00:00";"RO";364;514,5;"ARIQUEMES";"Desobediência às normas de trânsito pelo condutor";"Colisão frontal";"Com Vítimas Fatais";"Pleno dia";"Decrescente";"Céu Claro";"Simples";"Reta";"Sim";2;1;0;0;1;0;0;2;-9,929193;-63,05492;"SR-RO";"UOP01";"DEL03"
275788;2020-03-16;"segunda-feira";"15:15:00";"RJ";116;301;"RESENDE";"Falta de Atenção à Condução";"Engavetamento";"Com Vítimas Feridas";"Pleno dia";"Crescente";"Céu Claro";"Múltipla";"Reta";"Sim";4;0;1;0;3;0;1;3;-22,45294;-44,36237;"SR-RJ";"UOP02";"DEL07"
275789;2020-03-16;"segunda-feira";"15:16:00";"SP";116;212;"GUARULHOS";"Falta de Atenção à Condução";"Colisão traseira";"Com Vítimas Feridas";"Pleno dia";"Crescente";"Nevoeiro/Neblina";"Múltipla";"Reta";"Sim";3;0;1;0;2;0;1;2;-23,43917;-46,43657;"SR-SP";"UOP01";"DEL01"
275791;2020-03-16;"segunda-feira";"15:10:00";"PR";376;195,9;"MARIALVA";"Falta de Atenção à Condução";"Colisão frontal";"Com Vítimas Feridas";"Pleno dia";"Decrescente";"Céu Claro";"Dupla";"Reta";"Não";5;0;3;0;2;0;3;3;-23,50158;-51,78805;"SR-PR";"UOP01";"DEL09"
275792;2020-03-16;"segunda-feira";"15:50:00";"RJ";116;170,9;"SAO JOAO DE MERITI";"Falta de Atenção à Condução";"Colisão lateral";"Com Vítimas Feridas";"Pleno dia";"Crescente";"Sol";"Dupla";"Reta";"Sim";2;0;1;0;1;0;1;2;-22,78948;-43,37368;"SR-RJ";"UOP02";"DEL01"
275793;2020-03-16;"segunda-feira";"15:35:00";"PR";116;93;"SAO JOSE DOS PINHAIS";"Falta de Atenção à Condução";"Saída de leito carroçável";"Com Vítimas Fatais";"Pleno dia";"Decrescente";"Chuva";"Dupla";"Curva";"Sim";1;1;0;0;0;0;0;1;-25,48228;-49,10589;"SR-PR";"UOP01";"DEL01"
275794;2020-03-16;"segunda-feira";"16:10:00";"DF";70;18;"BRASILIA";"Carga excessiva e/ou mal acondicionada";"Tombamento";"Com Vítimas Feridas";"Pleno dia";"Decrescente";"Céu Claro";"Dupla";"Curva";"Sim";1;0;1;0;0;0;1;1;-15,79109;-48,21096;"SR-DF";"UOP03";"DEL01"