"id";"data_inversa";"dia_semana";"horario";"uf";"br";"km";"municipio";"causa_acidente";"tipo_acidente";"classificacao_acidente";"fase_dia";"sentido_via";"condicao_metereologica";"tipo_pista";"tracado_via";"uso_solo";"pessoas";"mortos";"feridos_leves";"feridos_graves";"ilesos";"ignorados";"feridos";"veiculos";"latitude";"longitude";"regional";"delegacia";"uop"
275886;2020-03-17;"terça-feira";"00:20:00";"GO";153;583;"PROFESSOR JAMIL";"Condutor Dormindo";"Saída de leito carroçável";"Sem Vítimas";"Plena Noite";"Decrescente";"Céu Claro";"Dupla";"Reta";"Não";1;0;0;0;1;0;0;1;-17,4071;-49,2247;"SR-GO";"UOP01";"DEL03"
275887;2020-03-17;"terça-feira";"04:00:00";"MG";50;140,1;"UBERABA";"Condutor Dormindo";"Saída de leito carroçável";"Com Vítimas Feridas";"Plena Noite";"Decrescente";"Céu Claro";"Dupla";"Reta";"Não";1;0;1;0;0;0;1;1;-19,47658;-48,05333;"SR-MG";"UOP01";"DEL13"
275888;2020-03-17;"terça-feira";"04:30:00";"PR";476;125;"CURITIBA";"Condutor Dormindo";"Colisão com objeto estático";"Sem Vítimas";"Plena Noite";"Decrescente";"Nublado";"Dupla";"Não Informado";"Sim";3;0;0;0;3;0;0;1;-25,42512;-49,2269;"SR-PR";"UOP06";"DEL01"
275889;2020-03-17;"terça-feira";"02:40:00";"BA";324;542,8;"AMELIA RODRIGUES";"Velocidade Incompatível";"Colisão com objeto estático";"Com Vítimas Feridas";"Plena Noite";"Decrescente";"Céu Claro";"Dupla";"Retorno Regulamentado";"Sim";3;0;1;0;2;0;1;1;-12,40238;-38,75633;"SR-BA";"UOP01";"DEL01"
275890;2020-03-17;"terça-feira";"04:45:00";"SP";381;60,5;"MAIRIPORA";"Animais na Pista";"Atropelamento de Animal";"Sem Vítimas";"Plena Noite";"Crescente";"Chuva";"Dupla";"Curva";"Sim";1;0;0;0;1;0;0;1;-23,28958;-46,5873;"SR-SP";"UOP01";"DEL03"
275891;2020-03-17;"terça-feira";"05:30:00";"RS";386;304,6;"POUSO NOVO";"Velocidade Incompatível";"Tombamento";"Com Vítimas Feridas";"Plena Noite";"Crescente";"Nevoeiro/Neblina";"Simples";"Não Informado";"Não";1;0;1;0;0;0;1;1;-29,18725;-52,18945;"SR-RS";"UOP01";"DEL04"
275892;2020-03-17;"terça-feira";"06:06:00";"RJ";40;65;"PETROPOLIS";"Pista Escorregadia";"Saída de leito carroçável";"Com Vítimas Feridas";"Pleno dia";"Decrescente";"Céu Claro";"Dupla";"Reta";"Não";2;0;1;0;1;0;1;1;-22,42362;-43,18234;"SR-RJ";"UOP03";"DEL06"
275893;2020-03-17;"terça-feira";"06:15:00";"MG";40;527,8;"CONTAGEM";"Desobediência às normas de trânsito pelo condutor";"Atropelamento de Pedestre";"Com Vítimas Feridas";"Amanhecer";"Crescente";"Céu Claro";"Múltipla";"Reta";"Sim";6;0;1;1;4;0;2;3;-19,9015;-44,04939;"SR-MG";"UOP02";"DEL01"
275894;2020-03-17;"terça-feira";"03:00:00";"RO";319;50,5;"PORTO VELHO";"Restrição de Visibilidade";"Atropelamento de Pedestre";"Com Vítimas Fatais";"Amanhecer";"Crescente";"Céu Claro";"Simples";"Reta";"Não";2;1;0;0;0;1;0;1;-8,712245;-63,9847;"SR-RO";"UOP01";"DEL01"
275895;2020-03-17;"terça-feira";"06:30:00";"SP";381;79,6;"SAO PAULO";"Falta de Atenção à Condução";"Colisão com objeto estático";"Com Vítimas Feridas";"Pleno dia";"Crescente";"Chuva";"Dupla";"Curva";"Sim";2;0;1;0;1;0;1;1;-23,4032;-46,57565;"SR-SP";"UOP01";"DEL03"
275896;2020-03-17;"terça-feira";"06:50:00";"DF";20;14,3;"BRASILIA";"Falta de Atenção à Condução";"Colisão lateral";"Com Vítimas Feridas";"Pleno dia";"Decrescente";"Céu Claro";"Dupla";"Reta";"Não";2;0;2;0;0;0;2;1;-15,63494;-47,74124;"SR-DF";"UOP01";"DEL02"
275897;2020-03-17;"terça-feira";"06:30:00";"ES";101;297,5;"VIANA";"Não guardar distância de segurança";"Colisão traseira";"Sem Vítimas";"Pleno dia";"Decrescente";"Céu Claro";"Dupla";"Reta";"Sim";2;0;0;0;2;0;0;2;-20,3453;-40,41027;"SR-ES";"UOP01";"DEL01"
275898;2020-03-17;"terça-feira";"06:30:00";"MG";40;551,9;"NOVA LIMA";"Velocidade Incompatível";"Tombamento";"Com Vítimas Feridas";"Pleno dia";"Crescente";"Céu Claro";"Simples";"Reta";"Sim";2;0;2;0;0;0;2;1;-20,05411;-43,97102;"SR-MG";"UOP02";"DEL01"
275899;2020-03-17;"terça-feira";"07:10:00";"SP";116;276;"TABOAO DA SERRA";"Não guardar distância de segurança";"Colisão traseira";"Com Vítimas Feridas";"Pleno dia";"Crescente";"Céu Claro";"Dupla";"Reta";"Sim";2;0;1;0;1;0;1;2;-23,64262;-46,83811;"SR-SP";"UOP01";"DEL04"
275900;2020-03-17;"terça-feira";"07:17:00";"PR";376;214,9;"MANDAGUARI";"Desobediência às normas de trânsito pelo condutor";"Colisão traseira";"Com Vítimas Fatais";"Pleno dia";"Crescente";"Céu Claro";"Dupla";"Curva";"Não";3;1;1;0;0;1;1;2;-23,58817;-51,64554;"SR-PR";"UOP03";"DEL07"
275901;2020-03-17;"terça-feira";"07:10:00";"SP";153;41,9;"ONDA VERDE";"Desobediência às normas de trânsito pelo condutor";"Colisão transversal";"Com Vítimas Feridas";"Pleno dia";"Crescente";"Céu Claro";"Simples";"Interseção de vias";"Não";31;0;21;10;0;0;31;2;-20,63637;-49,33823;"SR-SP";"UOP01";"DEL09"
275902;2020-03-17;"terça-feira";"04:00:00";"BA";101;896;"CARAVELAS";"Velocidade Incompatível";"Tombamento";"Sem Vítimas";"Plena Noite";"Decrescente";"Nevoeiro/Neblina";"Simples";"Curva";"Não";1;0;0;0;1;0;0;1;-17,75365;-39,76677;"SR-BA";"UOP02";"DEL09"
275903;2020-03-17;"terça-feira";"07:10:00";"MG";381;483;"BETIM";"Não guardar distância de segurança";"Colisão traseira";"Com Vítimas Feridas";"Amanhecer";"Decrescente";"Céu Claro";"Múltipla";"Não Informado";"Sim";4;0;2;0;2;0;2;3;-19,95594;-44,10722;"SR-MG";"UOP03";"DEL01"
275904;2020-03-17;"terça-feira";"07:30:00";"GO";60;101;"ANAPOLIS";"Desobediência às normas de trânsito pelo condutor";"Colisão com objeto estático";"Com Vítimas Feridas";"Pleno dia";"Decrescente";"Céu Claro";"Dupla";"Retorno Regulamentado";"Sim";2;0;2;0;0;0;2;1;-16,4046;-48,98031;"SR-GO";"UOP01";"DEL02"
275905;2020-03-17;"terça-feira";"04:30:00";"RO";435;19,8;"VILHENA";"Defeito na Via";"Colisão com objeto estático";"Com Vítimas Feridas";"Amanhecer";"Crescente";"Céu Claro";"Simples";"Reta";"Não";1;0;1;0;0;0;1;1;-12,75217;-60,2904;"SR-RO";"UOP02";"DEL04"
275907;2020-03-17;"terça-feira";"07:30:00";"ES";101;222;"IBIRACU";"Ultrapassagem Indevida";"Colisão traseira";"Com Vítimas Feridas";"Pleno dia";"Crescente";"Céu Claro";"Simples";"Reta";"Não";2;0;1;0;1;0;1;2;-19,86968;-40,40916;"SR-ES";"UOP01";"DEL02"
275909;2020-03-17;"terça-feira";"08:00:00";"SP";116;217;"GUARULHOS";"Não guardar distância de segurança";"Engavetamento";"Com Vítimas Feridas";"Pleno dia";"Decrescente";"Céu Claro";"Múltipla";"Reta";"Sim";4;0;1;0;3;0;1;4;-23,45424;-46,47119;"SR-SP";"UOP01";"DEL01"
275910;2020-03-17;"terça-feira";"07:00:00";"RJ";101;407;"ITAGUAI";"Mal Súbito";"Colisão com objeto estático";"Sem Vítimas";"Pleno dia";"Crescente";"Chuva";"Dupla";"Viaduto";"Sim";1;0;0;0;1;0;0;1;-22,85922;-43,75891;"SR-RJ";"UOP01";"DEL03"
275911;2020-03-17;"terça-feira";"07:45:00";"PR";116;126;"FAZENDA RIO GRANDE";"Não guardar distância de segurança";"Queda de ocupante de veículo";"Com Vítimas Feridas";"Pleno dia";"Decrescente";"Céu Claro";"Dupla";"Reta";"Não";3;0;1;0;1;1;1;1;-25,6039;-49,31824;"SR-PR";"UOP03";"DEL01"
275912;2020-03-17;"terça-feira";"07:50:00";"AL";104;91,3;"RIO LARGO";"Falta de Atenção à Condução";"Colisão lateral";"Com Vítimas Feridas";"Pleno dia";"Decrescente";"Sol";"Dupla";"Reta";"Não";2;0;1;0;1;0;1;2;-9,508989;-35,80777;"SR-AL";"UOP01";"DEL01"
275913;2020-03-17;"terça-feira";"08:00:00";"PR";369;156,5;"LONDRINA";"Velocidade Incompatível";"Colisão traseira";"Com Vítimas Feridas";"Pleno dia";"Decrescente";"Nublado";"Dupla";"Reta";"Não";2;0;0;1;1;0;1;2;-23,29014;-51,22034;"SR-PR";"UOP01";"DEL07"
275914;2020-03-17;"terça-feira";"06:55:00";"MG";251;489,6;"FRANCISCO SA";"Falta de Atenção à Condução";"Colisão transversal";"Com Vítimas Feridas";"Pleno dia";"Crescente";"Céu Claro";"Simples";"Não Informado";"Não";2;0;0;1;1;0;1;2;-16,52755;-43,57481;"SR-MG";"UOP01";"DEL12"
275916;2020-03-17;"terça-feira";"07:10:00";"AC";364;123;"RIO BRANCO";"Falta de Atenção à Condução";"Colisão traseira";"Com Vítimas Feridas";"Amanhecer";"Crescente";"Nublado";"Dupla";"Retorno Regulamentado";"Sim";2;0;1;0;1;0;1;2;-10,01171;-67,78237;"SR-AC";"UOP01";"DEL01"
275917;2020-02-15;"sábado";"03:30:00";"RS";472;141,4;"TRES DE MAIO";"Ingestão de Álcool";"Saída de leito carroçável";"Com Vítimas Feridas";"Plena Noite";"Crescente";"Nublado";"Simples";"Curva";"Não";2;0;2;0;0;0;2;1;-27,77591;-54,32825;"SR-RS";"UOP01";"DEL10"
275918;2020-03-17;"terça-feira";"06:50:00";"PB";104;105,9;"ESPERANCA";"Pista Escorregadia";"Colisão frontal";"Com Vítimas Fatais";"Pleno dia";"Crescente";"Sol";"Simples";"Reta";"Não";2;1;0;0;1;0;0;2;-7,08939;-35,85454;"SR-PB";"UOP04";"DEL02"
275919;2020-02-25;"terça-feira";"09:30:00";"PR";476;199,3;"LAPA";"Falta de Atenção à Condução";"Colisão frontal";"Sem Vítimas";"Pleno dia";"Crescente";"Chuva";"Simples";"Reta";"Sim";3;0;0;0;3;0;0;3;-25,77207;-49,74566;"SR-PR";"UOP05";"DEL03"
275920;2020-03-17;"terça-feira";"09:30:00";"DF";40;8;"BRASILIA";"Velocidade Incompatível";"Colisão transversal";"Com Vítimas Feridas";"Pleno dia";"Crescente";"Sol";"Dupla";"Retorno Regulamentado";"Não";4;0;1;0;3;0;1;2;-16,03867;-47,97969;"SR-DF";"UOP01";"DEL01"
275921;2020-03-17;"terça-feira";"10:00:00";"SP";116;220;"GUARULHOS";"Condutor Dormindo";"Colisão traseira";"Com Vítimas Feridas";"Pleno dia";"Crescente";"Sol";"Múltipla";"Reta";"Sim";2;0;1;0;1;0;1;2;-23,46459;-46,49832;"SR-SP";"UOP01";"DEL01"
275922;2020-03-17;"terça-feira";"07:35:00";"MG";262;460,1;"NOVA SERRANA";"Falta de Atenção à Condução";"Colisão traseira";"Com Vítimas Feridas";"Pleno dia";"Decrescente";"Céu Claro";"Simples";"Reta";"Não";5;0;3;0;2;0;3;2;-19,82719;-45,07371;"SR-MG";"UOP03";"DEL08"
275923;2020-03-17;"terça-feira";"08:00:00";"RS";116;40,4;"VACARIA";"Falta de Atenção à Condução";"Colisão transversal";"Com Vítimas Feridas";"Pleno dia";"Crescente";"Céu Claro";"Simples";"Retorno Regulamentado";"Sim";2;0;1;0;1;0;1;2;-28,51839;-50,93942;"SR-RS";"UOP03";"DEL05"
275924;2020-03-17;"terça-feira";"10:10:00";"MA";316;590;"TIMON";"Falta de Atenção à Condução";"Colisão transversal";"Com Vítimas Fatais";"Pleno dia";"Crescente";"Céu Claro";"Simples";"Não Informado";"Não";7;1;0;2;4;0;2;2;-4,998977;-43,03959;"SR-MA";"UOP02";"DEL03"
275925;2020-02-14;"sexta-feira";"18:00:00";"SC";153;5,4;"AGUA DOCE";"Desobediência às normas de trânsito pelo condutor";"Colisão frontal";"Com Vítimas Fatais";"Pleno dia";"Crescente";"Nublado";"Simples";"Curva";"Não";4;3;1;0;0;0;1;2;-26,64684;-51,51661;"SR-SC";"UOP06";"DEL07"
275926;2020-03-17;"terça-feira";"10:00:00";"CE";222;310,5;"TIANGUA";"Desobediência às normas de trânsito pelo condutor";"Colisão transversal";"Com Vítimas Feridas";"Pleno dia";"Decrescente";"Céu Claro";"Simples";"Interseção de vias";"Sim";4;0;2;0;2;0;2;2;-3,706706;-40,97707;"SR-CE";"UOP02";"DEL04"
275927;2020-03-17;"terça-feira";"08:20:00";"SC";101;257,9;"GAROPABA";"Falta de Atenção à Condução";"Capotamento";"Sem Vítimas";"Pleno dia";"Decrescente";"Chuva";"Dupla";"Curva";"Não";1;0;0;0;1;0;0;1;-27,99001;-48,67939;"SR-SC";"UOP03";"DEL02"
275928;2020-03-17;"terça-feira";"10:10:00";"PR";277;540,7;"IBEMA";"Desobediência às normas de trânsito pelo condutor";"Colisão frontal";"Com Vítimas Fatais";"Pleno dia";"Crescente";"Sol";"Simples";"Reta";"Não";3;1;0;0;1;1;0;2;-25,10412;-53,04935;"SR-PR";"UOP02";"DEL04"
275929;2020-03-17;"terça-feira";"06:30:00";"MG";40;790,7;"JUIZ DE FORA";"Defeito Mecânico no Veículo";"Queda de ocupante de veículo";"Com Vítimas Feridas";"Amanhecer";"Crescente";"Nublado";"Dupla";"Reta";"Não";2;0;1;0;1;0;1;1;-21,77131;-43,43619;"SR-MG";"UOP01";"DEL05"
275930;2020-03-17;"terça-feira";"10:40:00";"SP";116;227,3;"SAO PAULO";"Mal Súbito";"Colisão com objeto estático";"Com Vítimas Feridas";"Pleno dia";"Decrescente";"Sol";"Múltipla";"Reta";"Sim";1;0;1;0;0;0;1;1;-23,49659;-46,55649;"SR-SP";"UOP01";"DEL01"
275931;2020-03-17;"terça-feira";"05:20:00";"BA";116;326;"ARACI";"Desobediência às normas de trânsito pelo condutor";"Colisão frontal";"Com Vítimas Feridas";"Amanhecer";"Decrescente";"Céu Claro";"Simples";"Reta";"Não";2;0;1;1;0;0;2;2;-11,38289;-38,96583;"SR-BA";"UOP01";"DEL02"
275932;2020-03-17;"terça-feira";"10:10:00";"PR";369;442,5;"UBIRATA";"Velocidade Incompatível";"Colisão traseira";"Com Vítimas Feridas";"Pleno dia";"Decrescente";"Céu Claro";"Simples";"Não Informado";"Não";4;0;2;0;2;0;2;3;-24,53159;-52,94787;"SR-PR";"UOP04";"DEL04"
275933;2020-03-17;"terça-feira";"09:40:00";"ES";101;332,5;"GUARAPARI";"Velocidade Incompatível";"Tombamento";"Com Vítimas Feridas";"Pleno dia";"Crescente";"Céu Claro";"Dupla";"Curva";"Não";1;0;0;1;0;0;1;1;-20,60724;-40,50889;"SR-ES";"UOP01";"DEL03"
275934;2020-03-17;"terça-feira";"11:00:00";"MG";116;676;"MIRADOURO";"Falta de Atenção à Condução";"Colisão transversal";"Com Vítimas Feridas";"Pleno dia";"Decrescente";"Céu Claro";"Simples";"Rotatória";"Sim";4;0;1;1;2;0;2;2;-20,89919;-42,34646;"SR-MG";"UOP02";"DEL07"
275935;2020-03-17;"terça-feira";"09:50:00";"PR";277;157;"PORTO AMAZONAS";"Defeito Mecânico no Veículo";"Tombamento";"Com Vítimas Feridas";"Pleno dia";"Decrescente";"Céu Claro";"Simples";"Rotatória";"Não";2;0;1;0;1;0;1;1;-25,47289;-49,89596;"SR-PR";"UOP03";"DEL03"
275936;2020-03-17;"terça-feira";"10:30:00";"PR";376;257;"CALIFORNIA";"Desobediência às normas de trânsito pelo condutor";"Colisão lateral";"Com Vítimas Feridas";"Pleno dia";"Crescente";"Céu Claro";"Simples";"Reta";"Sim";3;0;1;0;2;0;1;2;-23,68565;-51,34995;"SR-PR";"UOP03";"DEL07"
275939;2020-03-17;"terça-feira";"10:40:00";"PR";116;125;"FAZENDA RIO GRANDE";"Falta de Atenção à Condução";"Colisão lateral";"Com Vítimas Feridas";"Pleno dia";"Crescente";"Céu Claro";"Dupla";"Reta";"Não";2;0;1;0;0;1;1;2;-25,59505;-49,31631;"SR-PR";"UOP03";"DEL01"
275940;2020-03-17;"terça-feira";"11:10:00";"DF";70;7,9;"BRASILIA";"Velocidade Incompatível";"Colisão com objeto estático";"Com Vítimas Feridas";"Pleno dia";"Crescente";"Nublado";"Simples";"Reta";"Sim";1;0;1;0;0;0;1;1;-15,7876;-48,11443;"SR-DF";"UOP03";"DEL01"
275941;2020-03-17;"terça-feira";"10:10:00";"SP";116;218;"GUARULHOS";"Mal Súbito";"Colisão traseira";"Com Vítimas Feridas";"Pleno dia";"Decrescente";"Céu Claro";"Múltipla";"Reta";"Não";2;0;1;0;1;0;1;2;-23,45797;-46,47993;"SR-SP";"UOP01";"DEL01"
275943;2020-03-17;"terça-feira";"10:50:00";"PR";277;129;"BALSA NOVA";"Não guardar distância de segurança";"Colisão traseira";"Sem Vítimas";"Pleno dia";"Crescente";"Céu Claro";"Dupla";"Reta";"Não";2;0;0;0;2;0;0;2;-25,45628;-49,63437;"SR-PR";"UOP03";"DEL03"
275945;2020-03-17;"terça-feira";"11:05:00";"MS";163;135;"NAVIRAI";"Falta de Atenção à Condução";"Colisão transversal";"Com Vítimas Feridas";"Pleno dia";"Decrescente";"Céu Claro";"Simples";"Curva";"Não";3;0;0;1;1;1;1;2;-23,01911;-54,30128;"SR-MS";"UOP01";"DEL09"
275946;2020-03-17;"terça-feira";"12:10:00";"RJ";393;108;"SAPUCAIA";"Condutor Dormindo";"Capotamento";"Com Vítimas Feridas";"Pleno dia";"Crescente";"Céu Claro";"Simples";"Reta";"Sim";3;0;1;0;2;0;1;1;-21,88167;-42,68707;"SR-RJ";"UOP02";"DEL06"
275947;2020-03-17;"terça-feira";"12:20:00";"PE";101;53,7;"PAULISTA";"Falta de Atenção à Condução";"Colisão traseira";"Com Vítimas Feridas";"Pleno dia";"Crescente";"Céu Claro";"Múltipla";"Reta";"Sim";3;0;2;0;1;0;2;2;-7,95954;-34,87115;"SR-PE";"UOP02";"DEL01"
275948;2020-03-17;"terça-feira";"12:10:00";"AL";101;51,9;"FLEXEIRAS";"Velocidade Incompatível";"Tombamento";"Com Vítimas Feridas";"Pleno dia";"Crescente";"Céu Claro";"Dupla";"Curva";"Não";2;0;0;1;0;1;1;1;-9,241987;-35,76001;"SR-AL";"UOP02";"DEL01"
275949;2020-03-17;"terça-feira";"12:15:00";"SE";101;93;"NOSSA SENHORA DO SOCORRO";"Velocidade Incompatível";"Tombamento";"Com Vítimas Feridas";"Pleno dia";"Decrescente";"Garoa/Chuvisco";"Dupla";"Reta";"Sim";1;0;1;0;0;0;1;1;-10,90417;-37,14799;"SR-SE";"UOP01";"DEL01"
275950;2020-03-17;"terça-feira";"11:55:00";"GO";153;357,3;"JARAGUA";"Desobediência às normas de trânsito pelo condutor";"Colisão transversal";"Com Vítimas Feridas";"Pleno dia";"Decrescente";"Céu Claro";"Simples";"Interseção de vias";"Sim";2;0;1;0;1;0;1;2;-15,73567;-49,32301;"SR-GO";"UOP02";"DEL02"
275951;2020-03-17;"terça-feira";"12:01:00";"PR";376;326;"ORTIGUEIRA";"Desobediência às normas de trânsito pelo condutor";"Tombamento";"Com Vítimas Feridas";"Pleno dia";"Crescente";"Céu Claro";"Simples";"Curva";"Não";2;0;0;1;1;0;1;2;-24,06581;-51,06433;"SR-PR";"UOP02";"DEL07"
275952;2020-03-17;"terça-feira";"12:45:00";"PE";101;42;"IGARASSU";"Falta de Atenção à Condução";"Colisão transversal";"Com Vítimas Feridas";"Pleno dia";"Crescente";"Sol";"Múltipla";"Reta";"Sim";4;0;1;1;1;1;2;2;-7,838874;-34,91197;"SR-PE";"UOP02";"DEL01"
275953;2020-03-17;"terça-feira";"11:50:00";"PB";230;160,3;"CAMPINA GRANDE";"Não guardar distância de segurança";"Colisão traseira";"Sem Vítimas";"Pleno dia";"Decrescente";"Céu Claro";"Simples";"Reta";"Sim";2;0;0;0;2;0;0;2;-7,2436;-35,9375;"SR-PB";"UOP01";"DEL02"
275955;2020-03-17;"terça-feira";"11:20:00";"RO";364;704,8;"PORTO VELHO";"Desobediência às normas de trânsito pelo condutor";"Colisão traseira";"Com Vítimas Feridas";"Pleno dia";"Crescente";"Sol";"Dupla";"Reta";"Sim";4;0;3;0;1;0;3;3;-8,800327;-63,80454;"SR-RO";"UOP01";"DEL01"
275956;2020-03-14;"sábado";"05:30:00";"RJ";101;87,5;"CAMPOS DOS GOYTACAZES";"Velocidade Incompatível";"Colisão com objeto estático";"Com Vítimas Feridas";"Amanhecer";"Decrescente";"Céu Claro";"Dupla";"Reta";"Não";2;0;2;0;0;0;2;1;-21,82968;-41,4993;"SR-RJ";"UOP02";"DEL08"
275957;2020-03-17;"terça-feira";"12:45:00";"RS";470;221,3;"GARIBALDI";"Avarias e/ou desgaste excessivo no pneu";"Saída de leito carroçável";"Com Vítimas Feridas";"Pleno dia";"Crescente";"Céu Claro";"Simples";"Não Informado";"Não";1;0;1;0;0;0;1;1;-29,19516;-51,5195;"SR-RS";"UOP01";"DEL06"
275958;2020-03-13;"sexta-feira";"17:15:00";"RS";116;258;"ESTEIO";"Avarias e/ou desgaste excessivo no pneu";"Saída de leito carroçável";"Com Vítimas Feridas";"Pleno dia";"Decrescente";"Céu Claro";"Dupla";"Reta";"Não";1;0;1;0;0;0;1;1;-29,86151;-51,18092;"SR-RS";"UOP02";"DEL01"
275959;2020-03-17;"terça-feira";"12:40:00";"RJ";116;78;"TERESOPOLIS";"Falta de Atenção à Condução";"Queda de ocupante de veículo";"Com Vítimas Feridas";"Pleno dia";"Crescente";"Nublado";"Simples";"Reta";"Não";1;0;1;0;0;0;1;1;-22,37409;-42,9526;"SR-RJ";"UOP01";"DEL04"
275960;2020-03-17;"terça-feira";"13:00:00";"MA";10;133,9;"PORTO FRANCO";"Não guardar distância de segurança";"Colisão lateral";"Com Vítimas Feridas";"Pleno dia";"Crescente";"Céu Claro";"Simples";"Reta";"Não";2;0;0;1;1;0;1;2;-6,540191;-47,41722;"SR-MA";"UOP02";"DEL04"
275961;2020-03-17;"terça-feira";"12:30:00";"RJ";40;96;"DUQUE DE CAXIAS";"Carga excessiva e/ou mal acondicionada";"Tombamento";"Com Vítimas Feridas";"Pleno dia";"Decrescente";"Nublado";"Simples";"Curva";"Não";1;0;1;0;0;0;1;1;-22,58195;-43,26253;"SR-RJ";"UOP01";"DEL01"
275962;2020-03-17;"terça-feira";"11:50:00";"CE";222;214,1;"FORQUILHA";"Velocidade Incompatível";"Saída de leito carroçável";"Com Vítimas Feridas";"Pleno dia";"Decrescente";"Céu Claro";"Simples";"Curva";"Não";5;0;2;0;3;0;2;1;-3,771452;-40,28112;"SR-CE";"UOP01";"DEL04"
275963;2020-03-17;"terça-feira";"13:53:00";"PA";316;71;"CASTANHAL";"Falta de Atenção à Condução";"Colisão traseira";"Com Vítimas Feridas";"Pleno dia";"Decrescente";"Céu Claro";"Simples";"Reta";"Não";2;0;0;1;1;0;1;2;-1,290629;-47,85734;"SR-PA";"UOP01";"DEL01"
275964;2020-03-17;"terça-feira";"12:50:00";"BA";116;15,4;"VITORIA DA CONQUISTA";"Falta de Atenção à Condução";"Colisão transversal";"Com Vítimas Feridas";"Pleno dia";"Crescente";"Sol";"Simples";"Retorno Regulamentado";"Sim";2;0;1;0;1;0;1;2;-14,89962;-40,85444;"SR-BA";"UOP01";"DEL08"
275967;2020-03-17;"terça-feira";"14:00:00";"PB";230;345;"PATOS";"Falta de Atenção do Pedestre";"Saída de leito carroçável";"Com Vítimas Feridas";"Pleno dia";"Crescente";"Sol";"Simples";"Não Informado";"Não";1;0;1;0;0;0;1;1;-6,9738;-37,3462;"SR-PB";"UOP01";"DEL03"
275968;2020-03-17;"terça-feira";"14:25:00";"RS";392;719;"PORTO XAVIER";"Falta de Atenção à Condução";"Colisão lateral";"Com Vítimas Feridas";"Pleno dia";"Crescente";"Sol";"Simples";"Reta";"Sim";3;0;2;0;1;0;2;3;-27,91668;-55,1377;"SR-RS";"UOP01";"DEL10"
275969;2020-03-17;"terça-feira";"14:05:00";"PR";158;531,2;"PATO BRANCO";"Velocidade Incompatível";"Tombamento";"Com Vítimas Feridas";"Pleno dia";"Crescente";"Céu Claro";"Simples";"Reta";"Não";4;0;0;1;1;2;1;2;-26,20228;-52,67822;"SR-PR";"UOP01";"DEL02"
275970;2020-03-17;"terça-feira";"13:50:00";"ES";101;271;"SERRA";"Falta de Atenção à Condução";"Colisão lateral";"Com Vítimas Feridas";"Pleno dia";"Crescente";"Céu Claro";"Dupla";"Reta";"Sim";2;0;1;0;1;0;1;2;-20,23267;-40,27658;"SR-ES";"UOP01";"DEL02"
275971;2020-03-17;"terça-feira";"12:00:00";"SC";163;83,9;"GUARACIABA";"Desobediência às normas de trânsito pelo condutor";"Colisão lateral";"Com Vítimas Feridas";"Pleno dia";"Decrescente";"Céu Claro";"Simples";"Não Informado";"Sim";2;0;1;0;1;0;1;2;-26,60221;-53,51657;"SR-SC";"UOP03";"DEL07"
275972;2020-03-17;"terça-feira";"13:20:00";"SC";282;330,7;"CAMPOS NOVOS";"Desobediência às normas de trânsito pelo condutor";"Colisão traseira";"Com Vítimas Feridas";"Pleno dia";"Crescente";"Céu Claro";"Simples";"Reta";"Sim";5;0;2;0;3;0;2;3;-27,38458;-51,10658;"SR-SC";"UOP08";"DEL07"
275973;2020-03-17;"terça-feira";"09:50:00";"MT";174;96,4;"CACERES";"Falta de Atenção à Condução";"Colisão lateral";"Sem Vítimas";"Pleno dia";"Crescente";"Céu Claro";"Simples";"Reta";"Não";5;0;0;0;5;0;0;2;-15,86121;-57,83904;"SR-MT";"UOP01";"DEL03"
275974;2020-03-17;"terça-feira";"14:00:00";"MS";163;842;"SONORA";"Falta de Atenção à Condução";"Saída de leito carroçável";"Com Vítimas Feridas";"Pleno dia";"Decrescente";"Céu Claro";"Simples";"Reta";"Não";1;0;1;0;0;0;1;1;-17,55521;-54,74131;"SR-MS";"UOP01";"DEL06"
275975;2020-03-17;"terça-feira";"14:30:00";"PE";424;91,9;"GARANHUNS";"Desobediência às normas de trânsito pelo condutor";"Colisão transversal";"Com Vítimas Feridas";"Pleno dia";"Crescente";"Nublado";"Simples";"Curva";"Sim";3;0;1;0;2;0;1;2;-8,904096;-36,49975;"SR-PE";"UOP01";"DEL03"
275976;2020-03-17;"terça-feira";"14:30:00";"RJ";101;313,2;"SAO GONCALO";"Mal Súbito";"Tombamento";"Com Vítimas Feridas";"Pleno dia";"Crescente";"Nublado";"Dupla";"Curva";"Não";1;0;1;0;0;0;1;1;-22,81124;-43,0719;"SR-RJ";"UOP01";"DEL02"
275977;2020-03-17;"terça-feira";"14:45:00";"ES";262;76,5;"MARECHAL FLORIANO";"Velocidade Incompatível";"Colisão transversal";"Com Vítimas Fatais";"Pleno dia";"Crescente";"Chuva";"Simples";"Curva";"Não";2;1;0;0;1;0;0;2;-20,41279;-40,90834;"SR-ES";"UOP02";"DEL01"