"id";"data_inversa";"dia_semana";"horario";"uf";"br";"km";"municipio";"causa_acidente";"tipo_acidente";"classificacao_acidente";"fase_dia";"sentido_via";"condicao_metereologica";"tipo_pista";"tracado_via";"uso_solo";"pessoas";"mortos";"feridos_leves";"feridos_graves";"ilesos";"ignorados";"feridos";"veiculos";"latitude";"longitude";"regional";"delegacia";"uop"
276067;2020-03-18;"quarta-feira";"05:10:00";"RJ";116;241;"PIRAI";"Fenômenos da Natureza";"Colisão traseira";"Com Vítimas Fatais";"Amanhecer";"Decrescente";"Nevoeiro/Neblina";"Dupla";"Desvio Temporário";"Não";2;1;1;0;0;0;1;2;-22,64242;-43,89766;"SR-RJ";"UOP01";"DEL07"
276068;2020-03-18;"quarta-feira";"05:30:00";"CE";116;101,8;"MORADA NOVA";"Falta de Atenção à Condução";"Colisão frontal";"Com Vítimas Feridas";"Pleno dia";"Crescente";"Céu Claro";"Simples";"Curva";"Não";4;0;0;2;2;0;2;2;-4,537495;-38,30383;"SR-CE";"UOP02";"DEL03"
276069;2020-03-18;"quarta-feira";"05:25:00";"ES";101;308;"VIANA";"Falta de Atenção à Condução";"Atropelamento de Pedestre";"Com Vítimas Feridas";"Amanhecer";"Crescente";"Chuva";"Simples";"Reta";"Não";2;0;1;0;0;1;1;1;-20,40809;-40,45835;"SR-ES";"UOP01";"DEL03"
276070;2020-03-18;"quarta-feira";"06:15:00";"SC";101;53;"JOINVILLE";"Falta de Atenção à Condução";"Saída de leito carroçável";"Com Vítimas Feridas";"Amanhecer";"Crescente";"Nublado";"Dupla";"Curva";"Não";1;0;0;1;0;0;1;1;-26,40231;-48,8397;"SR-SC";"UOP01";"DEL03"
276071;2020-03-17;"terça-feira";"16:50:00";"MG";381;234,2;"SANTANA DO PARAISO";"Falta de Atenção à Condução";"Colisão transversal";"Com Vítimas Feridas";"Pleno dia";"Crescente";"Céu Claro";"Simples";"Reta";"Não";2;0;1;0;1;0;1;2;-19,37972;-42,46158;"SR-MG";"UOP01";"DEL06"
276072;2020-03-18;"quarta-feira";"06:00:00";"SC";101;208,3;"SAO JOSE";"Pista Escorregadia";"Tombamento";"Com Vítimas Feridas";"Amanhecer";"Crescente";"Céu Claro";"Múltipla";"Não Informado";"Sim";1;0;1;0;0;0;1;1;-27,60578;-48,63523;"SR-SC";"UOP01";"DEL01"
276073;2020-03-18;"quarta-feira";"06:20:00";"SP";116;303,8;"SAO LOURENCO DA SERRA";"Falta de Atenção à Condução";"Colisão lateral";"Com Vítimas Feridas";"Pleno dia";"Decrescente";"Nublado";"Dupla";"Reta";"Não";2;0;1;0;0;1;1;2;-23,82761;-46,92631;"SR-SP";"UOP01";"DEL04"
276074;2020-03-18;"quarta-feira";"06:30:00";"RS";392;203,5;"SANTANA DA BOA VISTA";"Velocidade Incompatível";"Colisão com objeto estático";"Com Vítimas Fatais";"Amanhecer";"Decrescente";"Chuva";"Simples";"Curva";"Não";3;1;1;1;0;0;2;2;-30,85644;-53,15761;"SR-RS";"UOP02";"DEL09"
276076;2020-03-18;"quarta-feira";"05:30:00";"BA";324;567,1;"SAO SEBASTIAO DO PASSE";"Mal Súbito";"Capotamento";"Sem Vítimas";"Amanhecer";"Decrescente";"Céu Claro";"Dupla";"Não Informado";"Não";1;0;0;0;1;0;0;1;-12,5299;-38,60321;"SR-BA";"UOP01";"DEL01"
276078;2020-03-18;"quarta-feira";"07:00:00";"RS";290;86;"PORTO ALEGRE";"Falta de Atenção à Condução";"Colisão lateral";"Com Vítimas Feridas";"Pleno dia";"Crescente";"Nublado";"Dupla";"Reta";"Sim";2;0;1;0;1;0;1;2;-29,96841;-51,11714;"SR-RS";"UOP01";"DEL01"
276079;2020-03-17;"terça-feira";"19:40:00";"CE";116;174;"RUSSAS";"Falta de Atenção do Pedestre";"Atropelamento de Pedestre";"Com Vítimas Fatais";"Plena Noite";"Crescente";"Céu Claro";"Simples";"Reta";"Sim";2;1;0;0;1;0;0;1;-5,012131;-38,05022;"SR-CE";"UOP01";"DEL03"
276080;2020-03-18;"quarta-feira";"05:10:00";"MG";381;711,5;"CARMO DA CACHOEIRA";"Carga excessiva e/ou mal acondicionada";"Tombamento";"Sem Vítimas";"Amanhecer";"Crescente";"Céu Claro";"Dupla";"Curva";"Não";1;0;0;0;1;0;0;1;-21,39314;-45,19816;"SR-MG";"UOP02";"DEL04"
276081;2020-03-15;"domingo";"03:45:00";"PR";116;6;"CAMPINA GRANDE DO SUL";"Falta de Atenção à Condução";"Saída de leito carroçável";"Sem Vítimas";"Plena Noite";"Crescente";"Nublado";"Dupla";"Reta";"Sim";1;0;0;0;0;1;0;1;-25,3669;-49,0996;"SR-PR";"UOP01";"DEL01"
276082;2020-03-18;"quarta-feira";"01:50:00";"SC";101;138,6;"BALNEARIO CAMBORIU";"Velocidade Incompatível";"Saída de leito carroçável";"Com Vítimas Feridas";"Plena Noite";"Crescente";"Céu Claro";"Dupla";"Curva";"Sim";1;0;1;0;0;0;1;1;-27,02849;-48,6049;"SR-SC";"UOP03";"DEL04"
276083;2020-02-20;"quinta-feira";"18:40:00";"PA";316;62;"CASTANHAL";"Não guardar distância de segurança";"Engavetamento";"Sem Vítimas";"Plena Noite";"Crescente";"Chuva";"Dupla";"Reta";"Sim";3;0;0;0;3;0;0;3;-1,297869;-47,93764;"SR-PA";"UOP01";"DEL01"
276084;2020-03-18;"quarta-feira";"07:15:00";"SP";153;61;"SAO JOSE DO RIO PRETO";"Defeito na Via";"Tombamento";"Com Vítimas Feridas";"Pleno dia";"Crescente";"Sol";"Dupla";"Não Informado";"Sim";1;0;1;0;0;0;1;1;-20,80503;-49,35575;"SR-SP";"UOP01";"DEL09"
276085;2020-03-18;"quarta-feira";"07:30:00";"PR";376;654;"TIJUCAS DO SUL";"Defeito Mecânico no Veículo";"Tombamento";"Com Vítimas Feridas";"Pleno dia";"Crescente";"Céu Claro";"Dupla";"Curva";"Não";2;0;2;0;0;0;2;1;-25,84326;-49,05169;"SR-PR";"UOP05";"DEL01"
276086;2020-03-14;"sábado";"20:30:00";"MG";381;508;"SAO JOAQUIM DE BICAS";"Falta de Atenção à Condução";"Tombamento";"Com Vítimas Feridas";"Plena Noite";"Decrescente";"Céu Claro";"Múltipla";"Reta";"Não";1;0;1;0;0;0;1;1;-20,06278;-44,29329;"SR-MG";"UOP03";"DEL01"
276087;2020-03-18;"quarta-feira";"08:00:00";"MG";381;482,5;"BETIM";"Falta de Atenção à Condução";"Tombamento";"Com Vítimas Feridas";"Pleno dia";"Decrescente";"Céu Claro";"Múltipla";"Reta";"Sim";1;0;1;0;0;0;1;1;-19,95883;-44,07715;"SR-MG";"UOP03";"DEL01"
276088;2020-03-18;"quarta-feira";"08:20:00";"RN";101;105;"PARNAMIRIM";"Falta de Atenção à Condução";"Colisão traseira";"Com Vítimas Feridas";"Pleno dia";"Decrescente";"Céu Claro";"Dupla";"Reta";"Sim";2;0;1;0;1;0;1;2;-5,901652;-35,25929;"SR-RN";"UOP01";"DEL01"
276089;2020-03-18;"quarta-feira";"07:45:00";"RJ";116;164,3;"SAO JOAO DE MERITI";"Falta de Atenção à Condução";"Queda de ocupante de veículo";"Com Vítimas Feridas";"Pleno dia";"Crescente";"Sol";"Dupla";"Reta";"Sim";2;0;1;0;1;0;1;1;-22,81074;-43,28844;"SR-RJ";"UOP02";"DEL01"
276090;2020-03-18;"quarta-feira";"08:26:00";"RS";386;357,1;"ESTRELA";"Avarias e/ou desgaste excessivo no pneu";"Saída de leito carroçável";"Com Vítimas Feridas";"Pleno dia";"Decrescente";"Chuva";"Dupla";"Reta";"Não";2;0;2;0;0;0;2;1;-29,52887;-51,92825;"SR-RS";"UOP02";"DEL04"
276091;2020-03-18;"quarta-feira";"06:40:00";"MG";262;93,5;"ABRE CAMPO";"Condutor Dormindo";"Tombamento";"Com Vítimas Feridas";"Amanhecer";"Crescente";"Céu Claro";"Simples";"Curva";"Não";1;0;1;0;0;0;1;1;-20,31532;-42,46661;"SR-MG";"UOP03";"DEL03"
276094;2020-03-18;"quarta-feira";"08:35:00";"ES";101;271;"SERRA";"Desobediência às normas de trânsito pelo condutor";"Colisão transversal";"Com Vítimas Feridas";"Pleno dia";"Crescente";"Céu Claro";"Múltipla";"Reta";"Sim";2;0;1;0;1;0;1;2;-20,23267;-40,27658;"SR-ES";"UOP01";"DEL02"
276095;2020-03-18;"quarta-feira";"08:00:00";"SP";116;217;"GUARULHOS";"Falta de Atenção à Condução";"Colisão com objeto estático";"Com Vítimas Feridas";"Pleno dia";"Crescente";"Nublado";"Múltipla";"Reta";"Não";2;0;1;0;1;0;1;1;-23,45424;-46,47119;"SR-SP";"UOP01";"DEL01"
276096;2020-03-18;"quarta-feira";"08:30:00";"SP";381;76;"SAO PAULO";"Não guardar distância de segurança";"Colisão traseira";"Com Vítimas Feridas";"Pleno dia";"Crescente";"Céu Claro";"Múltipla";"Reta";"Sim";2;0;1;0;1;0;1;2;-23,38372;-46,56502;"SR-SP";"UOP01";"DEL03"
276097;2020-03-15;"domingo";"06:00:00";"SP";381;56,5;"MAIRIPORA";"Velocidade Incompatível";"Saída de leito carroçável";"Com Vítimas Feridas";"Amanhecer";"Crescente";"Céu Claro";"Dupla";"Não Informado";"Sim";5;0;0;1;1;3;1;1;-23,26433;-46,58512;"SR-SP";"UOP01";"DEL03"
276098;2020-03-15;"domingo";"03:40:00";"RS";386;346;"LAJEADO";"Ingestão de Álcool";"Saída de leito carroçável";"Sem Vítimas";"Plena Noite";"Crescente";"Céu Claro";"Dupla";"Reta";"Sim";1;0;0;0;1;0;0;1;-29,44679;-51,97456;"SR-RS";"UOP01";"DEL04"
276099;2020-03-18;"quarta-feira";"09:00:00";"RS";116;152,1;"CAXIAS DO SUL";"Desobediência às normas de trânsito pelo condutor";"Colisão transversal";"Com Vítimas Feridas";"Pleno dia";"Crescente";"Nublado";"Simples";"Não Informado";"Sim";2;0;1;0;1;0;1;2;-29,18413;-51,17081;"SR-RS";"UOP01";"DEL05"
276100;2020-03-18;"quarta-feira";"08:20:00";"SC";153;86,4;"CONCORDIA";"Velocidade Incompatível";"Colisão transversal";"Com Vítimas Feridas";"Pleno dia";"Crescente";"Chuva";"Simples";"Reta";"Não";3;0;1;0;2;0;1;2;-27,14958;-51,91122;"SR-SC";"UOP05";"DEL07"
276101;2020-03-15;"domingo";"05:30:00";"SC";116;169,2;"PONTE ALTA DO NORTE";"Condutor Dormindo";"Saída de leito carroçável";"Com Vítimas Feridas";"Plena Noite";"Crescente";"Céu Claro";"Simples";"Não Informado";"Não";2;0;2;0;0;0;2;1;-27,18342;-50,46443;"SR-SC";"UOP03";"DEL05"
276102;2020-03-18;"quarta-feira";"09:30:00";"PR";163;71,9;"PLANALTO";"Velocidade Incompatível";"Saída de leito carroçável";"Com Vítimas Feridas";"Pleno dia";"Crescente";"Chuva";"Simples";"Não Informado";"Não";1;0;1;0;0;0;1;1;-25,78411;-53,79015;"SR-PR";"UOP02";"DEL02"
276103;2020-03-18;"quarta-feira";"07:00:00";"RJ";40;87;"PETROPOLIS";"Falta de Atenção à Condução";"Tombamento";"Sem Vítimas";"Pleno dia";"Crescente";"Céu Claro";"Simples";"Não Informado";"Não";1;0;0;0;1;0;0;1;-22,54414;-43,23288;"SR-RJ";"UOP03";"DEL06"
276104;2020-03-18;"quarta-feira";"08:40:00";"MG";262;779,9;"UBERABA";"Defeito Mecânico no Veículo";"Incêndio";"Com Vítimas Feridas";"Pleno dia";"Crescente";"Céu Claro";"Simples";"Não Informado";"Não";1;0;1;0;0;0;1;1;-19,76032;-47,84038;"SR-MG";"UOP01";"DEL13"
276106;2020-03-15;"domingo";"03:30:00";"AM";174;898;"MANAUS";"Ingestão de Álcool";"Saída de leito carroçável";"Com Vítimas Feridas";"Plena Noite";"Crescente";"Céu Claro";"Simples";"Curva";"Não";2;0;2;0;0;0;2;1;-2,852485;-60,03577;"SR-AM";"UOP01";"DEL01"
276107;2020-03-18;"quarta-feira";"09:00:00";"RJ";116;220,3;"PIRAI";"Carga excessiva e/ou mal acondicionada";"Derramamento de carga";"Sem Vítimas";"Pleno dia";"Crescente";"Céu Claro";"Simples";"Curva";"Não";1;0;0;0;1;0;0;1;-22,69306;-43,77363;"SR-RJ";"UOP01";"DEL07"
276108;2020-02-29;"sábado";"05:30:00";"RN";226;255;"TRIUNFO POTIGUAR";"Animais na Pista";"Atropelamento de Animal";"Com Vítimas Feridas";"Pleno dia";"Decrescente";"Céu Claro";"Simples";"Reta";"Não";2;0;0;2;0;0;2;1;-5,879038;-37,17598;"SR-RN";"UOP01";"DEL03"
276109;2020-03-15;"domingo";"02:30:00";"SC";470;44,8;"GASPAR";"Condutor Dormindo";"Colisão com objeto estático";"Com Vítimas Feridas";"Plena Noite";"Crescente";"Céu Claro";"Dupla";"Não Informado";"Não";1;0;1;0;0;0;1;1;-26,86747;-49,0301;"SR-SC";"UOP01";"DEL04"
276110;2020-03-18;"quarta-feira";"09:50:00";"RO";174;13,7;"VILHENA";"Falta de Atenção à Condução";"Colisão transversal";"Com Vítimas Feridas";"Pleno dia";"Crescente";"Céu Claro";"Dupla";"Interseção de vias";"Sim";2;0;0;1;1;0;1;2;-12,7414;-60,13026;"SR-RO";"UOP01";"DEL04"
276112;2020-03-18;"quarta-feira";"10:50:00";"MG";50;71,4;"UBERLANDIA";"Desobediência às normas de trânsito pelo condutor";"Colisão lateral";"Com Vítimas Feridas";"Pleno dia";"Crescente";"Céu Claro";"Dupla";"Não Informado";"Sim";1;0;1;0;0;0;1;1;-18,8514;-48,25346;"SR-MG";"UOP01";"DEL15"
276113;2020-03-18;"quarta-feira";"09:50:00";"SP";381;19;"BRAGANCA PAULISTA";"Falta de Atenção à Condução";"Tombamento";"Sem Vítimas";"Pleno dia";"Crescente";"Céu Claro";"Múltipla";"Não Informado";"Não";1;0;0;0;1;0;0;1;-22,98125;-46,4945;"SR-SP";"UOP01";"DEL03"
276115;2020-03-15;"domingo";"04:30:00";"PR";277;73;"SAO JOSE DOS PINHAIS";"Ingestão de Álcool";"Queda de ocupante de veículo";"Com Vítimas Feridas";"Plena Noite";"Decrescente";"Nublado";"Dupla";"Não Informado";"Não";3;0;2;0;0;1;2;1;-25,52124;-49,10648;"SR-PR";"UOP01";"DEL01"
276116;2020-03-18;"quarta-feira";"10:55:00";"ES";101;377,5;"ICONHA";"Falta de Atenção à Condução";"Colisão lateral";"Com Vítimas Feridas";"Pleno dia";"Decrescente";"Sol";"Simples";"Interseção de vias";"Sim";2;0;0;1;1;0;1;2;-20,79427;-40,81173;"SR-ES";"UOP01";"DEL03"
276117;2020-03-18;"quarta-feira";"11:10:00";"GO";40;1,6;"VALPARAISO DE GOIAS";"Não guardar distância de segurança";"Tombamento";"Com Vítimas Feridas";"Pleno dia";"Decrescente";"Céu Claro";"Dupla";"Reta";"Sim";1;0;1;0;0;0;1;1;-16,05824;-47,98282;"SR-DF";"UOP01";"DEL01"
276118;2020-03-18;"quarta-feira";"11:30:00";"SC";101;209;"SAO JOSE";"Não guardar distância de segurança";"Colisão lateral";"Com Vítimas Feridas";"Pleno dia";"Crescente";"Garoa/Chuvisco";"Dupla";"Não Informado";"Sim";3;0;1;0;1;1;1;2;-27,61001;-48,63895;"SR-SC";"UOP01";"DEL01"
276119;2020-03-18;"quarta-feira";"11:40:00";"SP";116;284;"ITAPECERICA DA SERRA";"Defeito Mecânico no Veículo";"Tombamento";"Com Vítimas Feridas";"Pleno dia";"Decrescente";"Céu Claro";"Dupla";"Reta";"Sim";2;0;2;0;0;0;2;1;-23,69998;-46,86777;"SR-SP";"UOP01";"DEL04"
276120;2020-03-18;"quarta-feira";"10:00:00";"MT";364;105,7;"ALTO GARCAS";"Falta de Atenção à Condução";"Tombamento";"Com Vítimas Fatais";"Pleno dia";"Decrescente";"Céu Claro";"Simples";"Reta";"Não";2;1;0;0;1;0;0;2;-16,84418;-53,80288;"SR-MT";"UOP04";"DEL02"
276121;2020-03-15;"domingo";"08:20:00";"PR";163;173,6;"LINDOESTE";"Desobediência às normas de trânsito pelo condutor";"Colisão frontal";"Com Vítimas Feridas";"Pleno dia";"Crescente";"Sol";"Simples";"Não Informado";"Não";11;0;3;4;4;0;7;3;-25,23379;-53,58963;"SR-PR";"UOP06";"DEL04"
276122;2020-03-18;"quarta-feira";"07:00:00";"MG";40;728,2;"SANTOS DUMONT";"Velocidade Incompatível";"Saída de leito carroçável";"Com Vítimas Feridas";"Pleno dia";"Crescente";"Nevoeiro/Neblina";"Dupla";"Curva";"Não";2;0;2;0;0;0;2;1;-21,31842;-43,5869;"SR-MG";"UOP01";"DEL05"
276123;2020-03-18;"quarta-feira";"11:25:00";"CE";116;163,9;"RUSSAS";"Defeito Mecânico no Veículo";"Colisão frontal";"Com Vítimas Feridas";"Pleno dia";"Crescente";"Céu Claro";"Simples";"Curva";"Sim";2;0;1;0;1;0;1;2;-4,938666;-37,98996;"SR-CE";"UOP01";"DEL03"
276124;2020-03-18;"quarta-feira";"10:10:00";"MA";135;6,8;"SAO LUIS";"Falta de Atenção à Condução";"Colisão lateral";"Com Vítimas Feridas";"Pleno dia";"Crescente";"Céu Claro";"Dupla";"Reta";"Não";5;0;1;1;3;0;2;2;-2,619373;-44,31843;"SR-MA";"UOP01";"DEL01"
276125;2020-02-27;"quinta-feira";"20:20:00";"MG";50;75,9;"UBERLANDIA";"Defeito Mecânico no Veículo";"Atropelamento de Pedestre";"Com Vítimas Feridas";"Plena Noite";"Crescente";"Céu Claro";"Dupla";"Viaduto";"Sim";3;0;0;2;0;1;2;1;-18,926;-48,22156;"SR-MG";"UOP01";"DEL15"
276126;2020-03-18;"quarta-feira";"12:15:00";"BA";324;624;"SALVADOR";"Defeito Mecânico no Veículo";"Queda de ocupante de veículo";"Com Vítimas Feridas";"Pleno dia";"Crescente";"Céu Claro";"Múltipla";"Reta";"Sim";2;0;2;0;0;0;2;1;-12,93384;-38,47191;"SR-BA";"UOP01";"DEL01"
276127;2020-03-15;"domingo";"08:40:00";"RJ";116;71,5;"TERESOPOLIS";"Falta de Atenção à Condução";"Colisão lateral";"Com Vítimas Feridas";"Pleno dia";"Decrescente";"Céu Claro";"Simples";"Desvio Temporário";"Sim";2;0;2;0;0;0;2;2;-22,35255;-42,94177;"SR-RJ";"UOP01";"DEL04"
276128;2020-03-18;"quarta-feira";"12:00:00";"SC";101;342;"TUBARAO";"Não guardar distância de segurança";"Colisão traseira";"Com Vítimas Feridas";"Pleno dia";"Crescente";"Céu Claro";"Simples";"Reta";"Não";2;0;1;0;1;0;1;2;-28,51876;-49,05388;"SR-SC";"UOP01";"DEL02"
276129;2020-03-18;"quarta-feira";"12:20:00";"AL";101;174,8;"TEOTONIO VILELA";"Pista Escorregadia";"Colisão frontal";"Com Vítimas Feridas";"Pleno dia";"Crescente";"Chuva";"Dupla";"Reta";"Sim";2;0;1;0;1;0;1;1;-9,902704;-36,35878;"SR-AL";"UOP02";"DEL02"
276130;2020-03-18;"quarta-feira";"11:45:00";"SC";101;45;"JOINVILLE";"Falta de Atenção à Condução";"Colisão traseira";"Com Vítimas Feridas";"Pleno dia";"Crescente";"Nublado";"Simples";"Reta";"Sim";2;0;1;0;1;0;1;2;-26,33701;-48,85973;"SR-SC";"UOP01";"DEL03"
276131;2020-03-12;"quinta-feira";"19:30:00";"PA";230;120;"MARABA";"Ingestão de Álcool";"Colisão com objeto estático";"Sem Vítimas";"Plena Noite";"Decrescente";"Nublado";"Dupla";"Reta";"Sim";2;0;0;0;2;0;0;1;-5,362302;-49,1241;"SR-PA";"UOP01";"DEL03"
276132;2020-03-18;"quarta-feira";"12:10:00";"PB";101;84,2;"BAYEUX";"Desobediência às normas de trânsito pelo condutor";"Colisão transversal";"Sem Vítimas";"Pleno dia";"Decrescente";"Sol";"Simples";"Interseção de vias";"Sim";2;0;0;0;2;0;0;2;-7,139579;-34,92313;"SR-PB";"UOP01";"DEL01"
276133;2020-03-18;"quarta-feira";"12:55:00";"PR";476;132,9;"CURITIBA";"Falta de Atenção à Condução";"Engavetamento";"Sem Vítimas";"Pleno dia";"Decrescente";"Céu Claro";"Múltipla";"Não Informado";"Sim";3;0;0;0;3;0;0;3;-25,46912;-49,25373;"SR-PR";"UOP03";"DEL01"
276134;2020-03-18;"quarta-feira";"11:40:00";"RJ";40;78,2;"PETROPOLIS";"Avarias e/ou desgaste excessivo no pneu";"Tombamento";"Com Vítimas Feridas";"Pleno dia";"Crescente";"Céu Claro";"Dupla";"Curva";"Não";2;0;2;0;0;0;2;1;-22,48486;-43,22843;"SR-RJ";"UOP03";"DEL06"
276135;2020-03-18;"quarta-feira";"10:10:00";"PI";343;225,1;"COCAL DE TELHA";"Falta de Atenção à Condução";"Colisão transversal";"Com Vítimas Feridas";"Pleno dia";"Crescente";"Sol";"Simples";"Reta";"Sim";2;0;0;1;1;0;1;2;-4,556586;-41,97268;"SR-PI";"UOP03";"DEL01"
276136;2020-03-18;"quarta-feira";"08:37:00";"RO";364;812,9;"PORTO VELHO";"Falta de Atenção à Condução";"Colisão traseira";"Sem Vítimas";"Pleno dia";"Crescente";"Céu Claro";"Simples";"Reta";"Não";6;0;0;0;6;0;0;2;-9,273027;-64,50218;"SR-RO";"UOP02";"DEL01"
276137;2020-03-15;"domingo";"04:45:00";"RS";290;215;"PANTANO GRANDE";"Ingestão de Álcool";"Colisão com objeto estático";"Com Vítimas Feridas";"Plena Noite";"Decrescente";"Céu Claro";"Simples";"Reta";"Sim";1;0;1;0;0;0;1;1;-30,18862;-52,36641;"SR-RS";"UOP03";"DEL02"
276138;2020-03-18;"quarta-feira";"13:05:00";"BA";116;423,5;"FEIRA DE SANTANA";"Falta de Atenção à Condução";"Colisão transversal";"Com Vítimas Feridas";"Pleno dia";"Crescente";"Céu Claro";"Simples";"Reta";"Não";2;0;1;0;1;0;1;2;-12,2293;-38,96453;"SR-BA";"UOP01";"DEL02"
276139;2020-03-15;"domingo";"04:30:00";"PR";116;120;"FAZENDA RIO GRANDE";"Falta de Atenção à Condução";"Queda de ocupante de veículo";"Com Vítimas Feridas";"Plena Noite";"Decrescente";"Céu Claro";"Dupla";"Reta";"Sim";1;0;1;0;0;0;1;1;-25,57094;-49,31093;"SR-PR";"UOP03";"DEL01"
276140;2020-03-18;"quarta-feira";"10:10:00";"MG";116;531,8;"CARATINGA";"Falta de Atenção à Condução";"Colisão traseira";"Com Vítimas Feridas";"Pleno dia";"Decrescente";"Nublado";"Simples";"Reta";"Não";2;0;1;0;1;0;1;2;-19,81938;-42,13693;"SR-MG";"UOP02";"DEL06"
276141;2020-03-18;"quarta-feira";"13:20:00";"PR";163;291,2;"MARECHAL CANDIDO RONDON";"Ultrapassagem Indevida";"Colisão frontal";"Com Vítimas Feridas";"Pleno dia";"Crescente";"Chuva";"Simples";"Curva";"Não";3;0;0;2;1;0;2;3;-24,51651;-54,08638;"SR-PR";"UOP04";"DEL06"
276142;2020-03-18;"quarta-feira";"13:10:00";"ES";262;28;"VIANA";"Desobediência às normas de trânsito pelo condutor";"Colisão frontal";"Com Vítimas Feridas";"Pleno dia";"Decrescente";"Nublado";"Simples";"Reta";"Não";7;0;4;2;0;1;6;2;-20,38427;-40,55863;"SR-ES";"UOP01";"DEL01"
276143;2020-03-18;"quarta-feira";"13:35:00";"MG";40;431,1;"PARAOPEBA";"Falta de Atenção à Condução";"Saída de leito carroçável";"Com Vítimas Feridas";"Pleno dia";"Decrescente";"Céu Claro";"Dupla";"Reta";"Não";5;0;5;0;0;0;5;1;-19,19728;-44,47966;"SR-MG";"UOP01";"DEL02"
276144;2020-03-18;"quarta-feira";"13:20:00";"PE";232;217,5;"PESQUEIRA";"Pista Escorregadia";"Colisão lateral";"Com Vítimas Feridas";"Pleno dia";"Decrescente";"Nublado";"Simples";"Reta";"Não";2;0;2;0;0;0;2;2;-8,391817;-36,75611;"SR-PE";"UOP02";"DEL03"
276145;2020-03-18;"quarta-feira";"13:45:00";"PR";467;91,9;"CASCAVEL";"Velocidade Incompatível";"Saída de leito carroçável";"Com Vítimas Feridas";"Pleno dia";"Decrescente";"Chuva";"Dupla";"Curva";"Não";2;0;1;0;1;0;1;1;-24,8515;-53,6035;"SR-PR";"UOP01";"DEL04"
276146;2020-03-18;"quarta-feira";"11:25:00";"CE";222;7,9;"CAUCAIA";"Falta de Atenção à Condução";"Saída de leito carroçável";"Com Vítimas Feridas";"Pleno dia";"Decrescente";"Nublado";"Dupla";"Reta";"Sim";2;0;2;0;0;0;2;1;-3,736507;-38,65337;"SR-CE";"UOP01";"DEL01"
276147;2020-03-18;"quarta-feira";"14:05:00";"SE";101;93,6;"NOSSA SENHORA DO SOCORRO";"Desobediência às normas de trânsito pelo condutor";"Colisão lateral";"Com Vítimas Feridas";"Pleno dia";"Crescente";"Céu Claro";"Dupla";"Reta";"Não";2;0;1;0;1;0;1;2;-10,90212;-37,14495;"SR-SE";"UOP01";"DEL01"
276148;2020-02-28;"sexta-feira";"23:30:00";"GO";364;173;"JATAI";"Condutor Dormindo";"Colisão frontal";"Com Vítimas Feridas";"Plena Noite";"Crescente";"Nublado";"Simples";"Curva";"Não";4;0;2;0;2;0;2;2;-18,00883;-51,56325;"SR-GO";"UOP01";"DEL05"
276151;2020-03-18;"quarta-feira";"08:40:00";"SC";282;362;"ERVAL VELHO";"Velocidade Incompatível";"Colisão frontal";"Com Vítimas Fatais";"Pleno dia";"Crescente";"Céu Claro";"Simples";"Curva";"Não";2;1;0;0;1;0;0;2;-27,305;-51,38102;"SR-SC";"UOP07";"DEL07"
276152;2020-03-18;"quarta-feira";"11:20:00";"PI";343;61,6;"BURITI DOS LOPES";"Defeito na Via";"Saída de leito carroçável";"Com Vítimas Feridas";"Pleno dia";"Decrescente";"Céu Claro";"Simples";"Reta";"Não";1;0;1;0;0;0;1;1;-3,251589;-41,79733;"SR-PI";"UOP01";"DEL05"
276153;2020-03-18;"quarta-feira";"08:25:00";"RO";364;524;"ARIQUEMES";"Não guardar distância de segurança";"Colisão traseira";"Com Vítimas Feridas";"Pleno dia";"Decrescente";"Nublado";"Simples";"Reta";"Não";4;0;0;1;3;0;1;3;-9,843316;-63,05989;"SR-RO";"UOP01";"DEL03"
276154;2020-03-18;"quarta-feira";"08:50:00";"PR";153;20,8;"JACAREZINHO";"Desobediência às normas de trânsito pelo condutor";"Colisão transversal";"Sem Vítimas";"Pleno dia";"Crescente";"Céu Claro";"Simples";"Interseção de vias";"Sim";3;0;0;0;3;0;0;2;-23,16516;-49,96055;"SR-PR";"UOP05";"DEL07"
276155;2020-03-18;"quarta-feira";"14:05:00";"PE";232;85,8;"GRAVATA";"Falta de Atenção à Condução";"Saída de leito carroçável";"Com Vítimas Fatais";"Pleno dia";"Crescente";"Céu Claro";"Dupla";"Reta";"Sim";2;1;0;0;1;0;0;1;-8,209511;-35,61182;"SR-PE";"UOP04";"DEL01"
276156;2020-03-18;"quarta-feira";"13:20:00";"ES";101;131,3;"LINHARES";"Falta de Atenção à Condução";"Danos eventuais";"Com Vítimas Feridas";"Pleno dia";"Crescente";"Céu Claro";"Simples";"Não Informado";"Não";5;0;1;0;4;0;1;4;-19,23897;-40,09171;"SR-ES";"UOP01";"DEL04"
276158;2020-03-18;"quarta-feira";"09:35:00";"SC";280;170,9;"MAFRA";"Desobediência às normas de trânsito pelo condutor";"Colisão traseira";"Sem Vítimas";"Pleno dia";"Crescente";"Nublado";"Simples";"Reta";"Não";2;0;0;0;2;0;0;2;-26,14358;-49,81202;"SR-SC";"UOP01";"DEL06"