"id";"data_inversa";"dia_semana";"horario";"uf";"br";"km";"municipio";"causa_acidente";"tipo_acidente";"classificacao_acidente";"fase_dia";"sentido_via";"condicao_metereologica";"tipo_pista";"tracado_via";"uso_solo";"pessoas";"mortos";"feridos_leves";"feridos_graves";"ilesos";"ignorados";"feridos";"veiculos";"latitude";"longitude";"regional";"delegacia";"uop"
276543;2020-03-20;"sexta-feira";"13:05:00";"BA";116;468,8;"SANTO ESTEVAO";"Falta de Atenção à Condução";"Colisão lateral";"Com Vítimas Feridas";"Pleno dia";"Crescente";"Nublado";"Dupla";"Reta";"Não";5;0;4;0;1;0;4;2;-12,47726;-39,30451;"SR-BA";"UOP01";"DEL02"
276544;2020-03-20;"sexta-feira";"12:25:00";"BA";101;327,1;"PRESIDENTE TANCREDO NEVES";"Falta de Atenção à Condução";"Colisão transversal";"Com Vítimas Feridas";"Pleno dia";"Crescente";"Céu Claro";"Simples";"Interseção de vias";"Sim";2;0;1;0;1;0;1;2;-13,5669;-39,47314;"SR-BA";"UOP03";"DEL05"
276545;2020-03-20;"sexta-feira";"13:45:00";"SC";101;202;"SAO JOSE";"Falta de Atenção à Condução";"Colisão traseira";"Com Vítimas Feridas";"Pleno dia";"Decrescente";"Sol";"Múltipla";"Reta";"Sim";3;0;1;0;2;0;1;2;-27,55712;-48,61898;"SR-SC";"UOP01";"DEL01"
276546;2020-03-20;"sexta-feira";"13:20:00";"MG";153;10,9;"ARAPORA";"Velocidade Incompatível";"Saída de leito carroçável";"Com Vítimas Feridas";"Pleno dia";"Decrescente";"Chuva";"Dupla";"Curva";"Não";1;0;1;0;0;0;1;1;-18,51209;-49,1891;"SR-MG";"UOP03";"DEL15"
276547;2020-03-19;"quinta-feira";"23:00:00";"MG";116;325,5;"CAMPANARIO";"Velocidade Incompatível";"Saída de leito carroçável";"Com Vítimas Feridas";"Plena Noite";"Crescente";"Céu Claro";"Simples";"Reta";"Não";1;0;0;1;0;0;1;1;-18,19771;-41,71549;"SR-MG";"UOP01";"DEL11"
276548;2020-03-20;"sexta-feira";"12:50:00";"BA";116;468,5;"SANTO ESTEVAO";"Pista Escorregadia";"Saída de leito carroçável";"Com Vítimas Feridas";"Pleno dia";"Crescente";"Chuva";"Dupla";"Reta";"Não";1;0;1;0;0;0;1;1;-12,47641;-39,30283;"SR-BA";"UOP01";"DEL02"
276549;2020-03-20;"sexta-feira";"14:30:00";"SC";116;4,5;"MAFRA";"Velocidade Incompatível";"Tombamento";"Com Vítimas Feridas";"Pleno dia";"Crescente";"Céu Claro";"Simples";"Rotatória";"Sim";1;0;1;0;0;0;1;1;-26,13555;-49,80727;"SR-SC";"UOP01";"DEL06"
276550;2020-03-20;"sexta-feira";"14:50:00";"RS";153;49,9;"ERECHIM";"Falta de Atenção do Pedestre";"Atropelamento de Pedestre";"Com Vítimas Feridas";"Pleno dia";"Decrescente";"Céu Claro";"Simples";"Reta";"Sim";2;0;0;1;1;0;1;1;-27,65514;-52,2658;"SR-RS";"UOP04";"DEL08"
276551;2020-03-20;"sexta-feira";"14:50:00";"MG";153;212,3;"FRUTAL";"Condutor Dormindo";"Saída de leito carroçável";"Com Vítimas Feridas";"Pleno dia";"Crescente";"Chuva";"Simples";"Reta";"Não";2;0;1;1;0;0;2;1;-20,04345;-49,05051;"SR-MG";"UOP02";"DEL13"
276552;2020-03-20;"sexta-feira";"06:14:00";"SE";101;87,1;"NOSSA SENHORA DO SOCORRO";"Desobediência às normas de trânsito pelo condutor";"Colisão lateral";"Sem Vítimas";"Pleno dia";"Crescente";"Nublado";"Dupla";"Reta";"Não";2;0;0;0;2;0;0;2;-10,86495;-37,13496;"SR-SE";"UOP01";"DEL01"
276553;2020-03-20;"sexta-feira";"14:30:00";"MG";381;512;"IGARAPE";"Avarias e/ou desgaste excessivo no pneu";"Tombamento";"Com Vítimas Feridas";"Pleno dia";"Crescente";"Chuva";"Dupla";"Reta";"Sim";1;0;1;0;0;0;1;1;-20,0924;-44,31458;"SR-MG";"UOP03";"DEL01"
276554;2020-03-20;"sexta-feira";"13:55:00";"RO";364;235,7;"CACOAL";"Desobediência às normas de trânsito pelo condutor";"Colisão transversal";"Com Vítimas Feridas";"Pleno dia";"Crescente";"Garoa/Chuvisco";"Simples";"Interseção de vias";"Sim";2;0;1;0;1;0;1;2;-11,44614;-61,43613;"SR-RO";"UOP02";"DEL02"
276555;2020-03-20;"sexta-feira";"15:05:00";"PB";230;4;"CABEDELO";"Desobediência às normas de trânsito pelo condutor";"Colisão transversal";"Com Vítimas Feridas";"Pleno dia";"Crescente";"Sol";"Simples";"Não Informado";"Sim";2;0;1;0;1;0;1;2;-7,005573;-34,82956;"SR-PB";"UOP01";"DEL01"
276556;2020-03-20;"sexta-feira";"14:20:00";"AL";104;88;"RIO LARGO";"Condutor Dormindo";"Colisão com objeto estático";"Com Vítimas Feridas";"Pleno dia";"Crescente";"Céu Claro";"Dupla";"Reta";"Não";2;0;0;2;0;0;2;1;-9,483752;-35,81816;"SR-AL";"UOP01";"DEL01"
276557;2020-03-20;"sexta-feira";"15:00:00";"PA";222;245;"MARABA";"Ultrapassagem Indevida";"Colisão transversal";"Com Vítimas Feridas";"Pleno dia";"Decrescente";"Céu Claro";"Simples";"Reta";"Sim";3;0;1;0;2;0;1;2;-5,355886;-49,07942;"SR-PA";"UOP01";"DEL03"
276558;2020-03-20;"sexta-feira";"14:40:00";"PR";373;174;"PONTA GROSSA";"Falta de Atenção à Condução";"Colisão traseira";"Com Vítimas Feridas";"Pleno dia";"Crescente";"Céu Claro";"Dupla";"Reta";"Sim";2;0;1;0;0;1;1;2;-25,07595;-50,20996;"SR-PR";"UOP01";"DEL03"
276559;2020-03-14;"sábado";"19:40:00";"MS";163;663;"RIO VERDE DE MATO GROSSO";"Objeto estático sobre o leito carroçável";"Tombamento";"Com Vítimas Feridas";"Plena Noite";"Crescente";"Céu Claro";"Simples";"Reta";"Não";1;0;0;1;0;0;1;1;-19,059;-54,79849;"SR-MS";"UOP02";"DEL06"
276560;2020-03-20;"sexta-feira";"11:05:00";"RO";364;305,6;"PRESIDENTE MEDICI";"Não guardar distância de segurança";"Colisão traseira";"Com Vítimas Feridas";"Pleno dia";"Decrescente";"Céu Claro";"Simples";"Reta";"Não";2;0;1;0;1;0;1;2;-11,19949;-61,9015;"SR-RO";"UOP01";"DEL02"
276561;2020-03-20;"sexta-feira";"15:05:00";"PA";163;1001;"SANTAREM";"Desobediência às normas de trânsito pelo condutor";"Queda de ocupante de veículo";"Com Vítimas Feridas";"Pleno dia";"Crescente";"Nublado";"Simples";"Interseção de vias";"Sim";2;0;1;0;1;0;1;2;-2,455722;-54,72852;"SR-PA";"UOP01";"DEL05"
276562;2020-03-20;"sexta-feira";"14:45:00";"PR";116;44;"CAMPINA GRANDE DO SUL";"Falta de Atenção à Condução";"Saída de leito carroçável";"Com Vítimas Feridas";"Pleno dia";"Crescente";"Garoa/Chuvisco";"Dupla";"Curva";"Não";1;0;1;0;0;0;1;1;-25,18823;-48,88493;"SR-PR";"UOP02";"DEL01"
276563;2020-03-20;"sexta-feira";"15:30:00";"PB";101;86;"JOAO PESSOA";"Falta de Atenção à Condução";"Colisão lateral";"Com Vítimas Feridas";"Pleno dia";"Crescente";"Céu Claro";"Dupla";"Reta";"Sim";2;0;1;0;1;0;1;2;-7,15119;-34,91012;"SR-PB";"UOP01";"DEL01"
276564;2020-03-20;"sexta-feira";"14:45:00";"RN";304;297,5;"MACAIBA";"Não guardar distância de segurança";"Colisão traseira";"Sem Vítimas";"Pleno dia";"Crescente";"Sol";"Dupla";"Rotatória";"Sim";2;0;0;0;2;0;0;2;-5,865341;-35,34069;"SR-RN";"UOP02";"DEL01"
276565;2020-03-20;"sexta-feira";"14:30:00";"SC";470;91,5;"ASCURRA";"Desobediência às normas de trânsito pelo condutor";"Colisão lateral";"Com Vítimas Feridas";"Pleno dia";"Crescente";"Céu Claro";"Simples";"Curva";"Não";2;0;1;0;1;0;1;2;-26,97769;-49,3692;"SR-SC";"UOP01";"DEL04"
276566;2020-03-20;"sexta-feira";"14:45:00";"SP";116;269,1;"TABOAO DA SERRA";"Não guardar distância de segurança";"Colisão lateral";"Com Vítimas Feridas";"Pleno dia";"Decrescente";"Sol";"Dupla";"Não Informado";"Sim";2;0;1;0;1;0;1;2;-23,60879;-46,75486;"SR-SP";"UOP01";"DEL04"
276567;2020-03-20;"sexta-feira";"15:00:00";"SP";116;564;"BARRA DO TURVO";"Velocidade Incompatível";"Capotamento";"Com Vítimas Feridas";"Pleno dia";"Crescente";"Chuva";"Dupla";"Curva";"Não";4;0;1;0;3;0;1;1;-25,03459;-48,53544;"SR-SP";"UOP02";"DEL05"
276569;2020-03-20;"sexta-feira";"15:15:00";"SP";116;56,2;"LORENA";"Não guardar distância de segurança";"Colisão traseira";"Com Vítimas Fatais";"Pleno dia";"Crescente";"Chuva";"Dupla";"Reta";"Não";7;1;1;1;4;0;2;2;-22,76975;-45,13175;"SR-SP";"UOP02";"DEL08"
276570;2020-03-20;"sexta-feira";"14:30:00";"MG";381;882;"ESTIVA";"Desobediência às normas de trânsito pelo condutor";"Colisão lateral";"Com Vítimas Feridas";"Pleno dia";"Crescente";"Chuva";"Dupla";"Reta";"Não";4;0;2;0;2;0;2;3;-22,47499;-46,01067;"SR-MG";"UOP01";"DEL16"
276571;2020-03-20;"sexta-feira";"15:50:00";"PI";343;3,4;"PARNAIBA";"Desobediência às normas de trânsito pelo condutor";"Colisão lateral";"Com Vítimas Feridas";"Pleno dia";"Crescente";"Céu Claro";"Simples";"Reta";"Não";2;0;1;0;1;0;1;2;-2,90124;-41,68093;"SR-PI";"UOP01";"DEL05"
276572;2020-03-20;"sexta-feira";"15:00:00";"SP";116;230,7;"SAO PAULO";"Não guardar distância de segurança";"Queda de ocupante de veículo";"Com Vítimas Feridas";"Pleno dia";"Crescente";"Nublado";"Múltipla";"Reta";"Sim";1;0;1;0;0;0;1;1;-23,52186;-46,58524;"SR-SP";"UOP01";"DEL01"
276573;2020-03-20;"sexta-feira";"13:50:00";"MA";135;63,5;"BACABEIRA";"Falta de Atenção à Condução";"Colisão lateral";"Com Vítimas Feridas";"Pleno dia";"Crescente";"Céu Claro";"Simples";"Reta";"Não";2;0;1;0;1;0;1;2;-3,078741;-44,32217;"SR-MA";"UOP02";"DEL01"
276574;2020-03-20;"sexta-feira";"15:25:00";"PR";376;653,3;"TIJUCAS DO SUL";"Velocidade Incompatível";"Tombamento";"Com Vítimas Feridas";"Pleno dia";"Decrescente";"Céu Claro";"Dupla";"Curva";"Não";3;0;3;0;0;0;3;2;-25,84234;-49,0586;"SR-PR";"UOP05";"DEL01"
276575;2020-03-20;"sexta-feira";"16:00:00";"MG";365;463;"PATROCINIO";"Falta de Atenção à Condução";"Colisão transversal";"Com Vítimas Fatais";"Pleno dia";"Decrescente";"Nublado";"Simples";"Reta";"Não";2;1;0;0;1;0;0;2;-18,8897;-46,93478;"SR-MG";"UOP01";"DEL10"
276576;2020-03-20;"sexta-feira";"16:30:00";"GO";40;7;"VALPARAISO DE GOIAS";"Falta de Atenção à Condução";"Colisão transversal";"Sem Vítimas";"Pleno dia";"Decrescente";"Sol";"Dupla";"Reta";"Sim";2;0;0;0;2;0;0;2;-16,10848;-47,97252;"SR-DF";"UOP01";"DEL01"
276577;2020-03-20;"sexta-feira";"16:20:00";"ES";101;317;"VILA VELHA";"Defeito Mecânico no Veículo";"Tombamento";"Com Vítimas Feridas";"Pleno dia";"Crescente";"Céu Claro";"Simples";"Reta";"Não";1;0;0;1;0;0;1;1;-20,48576;-40,47626;"SR-ES";"UOP01";"DEL03"
276578;2020-03-20;"sexta-feira";"12:20:00";"MG";381;839,8;"SAO SEBASTIAO DA BELA VISTA";"Falta de Atenção à Condução";"Saída de leito carroçável";"Com Vítimas Feridas";"Pleno dia";"Crescente";"Céu Claro";"Dupla";"Reta";"Não";1;0;1;0;0;0;1;1;-22,19834;-45,85343;"SR-MG";"UOP01";"DEL16"
276579;2020-03-20;"sexta-feira";"16:30:00";"SC";101;155;"PORTO BELO";"Desobediência às normas de trânsito pelo condutor";"Colisão traseira";"Com Vítimas Feridas";"Pleno dia";"Decrescente";"Céu Claro";"Dupla";"Reta";"Não";2;0;1;0;1;0;1;2;-27,16292;-48,61129;"SR-SC";"UOP03";"DEL04"
276580;2020-03-20;"sexta-feira";"13:00:00";"RJ";393;268;"BARRA DO PIRAI";"Falta de Atenção à Condução";"Colisão traseira";"Com Vítimas Feridas";"Pleno dia";"Decrescente";"Céu Claro";"Simples";"Curva";"Não";2;0;0;1;1;0;1;2;-22,47625;-43,94123;"SR-RJ";"UOP02";"DEL05"
276581;2020-03-20;"sexta-feira";"16:30:00";"SP";381;85;"SAO PAULO";"Desobediência às normas de trânsito pelo condutor";"Colisão traseira";"Com Vítimas Feridas";"Pleno dia";"Decrescente";"Céu Claro";"Dupla";"Não Informado";"Sim";2;0;1;0;1;0;1;2;-23,44934;-46,56984;"SR-SP";"UOP01";"DEL03"
276582;2020-03-20;"sexta-feira";"14:35:00";"MT";163;761;"SORRISO";"Não guardar distância de segurança";"Colisão frontal";"Com Vítimas Feridas";"Pleno dia";"Crescente";"Chuva";"Simples";"Reta";"Não";2;0;0;1;1;0;1;2;-12,47681;-55,67734;"SR-MT";"UOP01";"DEL06"
276583;2020-03-20;"sexta-feira";"16:50:00";"MG";381;512;"IGARAPE";"Falta de Atenção do Pedestre";"Atropelamento de Pedestre";"Com Vítimas Feridas";"Pleno dia";"Decrescente";"Céu Claro";"Simples";"Reta";"Sim";4;0;1;1;2;0;2;3;-20,0924;-44,31458;"SR-MG";"UOP03";"DEL01"
276584;2020-03-20;"sexta-feira";"15:40:00";"GO";60;38,9;"ALEXANIA";"Ingestão de Álcool";"Saída de leito carroçável";"Sem Vítimas";"Pleno dia";"Crescente";"Céu Claro";"Dupla";"Reta";"Não";1;0;0;0;1;0;0;1;-16,1148;-48,5476;"SR-DF";"UOP02";"DEL01"
276585;2020-03-20;"sexta-feira";"11:20:00";"MT";70;724,9;"CACERES";"Velocidade Incompatível";"Saída de leito carroçável";"Com Vítimas Feridas";"Pleno dia";"Decrescente";"Chuva";"Simples";"Reta";"Não";1;0;0;1;0;0;1;1;-16,20113;-57,60039;"SR-MT";"UOP01";"DEL03"
276586;2020-03-20;"sexta-feira";"16:45:00";"RJ";101;319;"SAO GONCALO";"Falta de Atenção à Condução";"Colisão lateral";"Com Vítimas Feridas";"Pleno dia";"Decrescente";"Nublado";"Simples";"Retorno Regulamentado";"Sim";2;0;1;0;1;0;1;2;-22,85922;-43,10548;"SR-RJ";"UOP01";"DEL02"
276587;2020-03-20;"sexta-feira";"17:00:00";"PR";376;239,5;"APUCARANA";"Ultrapassagem Indevida";"Colisão transversal";"Com Vítimas Feridas";"Pleno dia";"Crescente";"Céu Claro";"Simples";"Não Informado";"Não";3;0;2;0;1;0;2;2;-23,58261;-51,445;"SR-PR";"UOP03";"DEL07"
276588;2020-03-20;"sexta-feira";"17:10:00";"PR";376;5,1;"APUCARANA";"Desobediência às normas de trânsito pelo condutor";"Colisão frontal";"Com Vítimas Feridas";"Pleno dia";"Crescente";"Céu Claro";"Simples";"Reta";"Sim";2;0;1;0;1;0;1;2;-23,5513;-51,46127;"SR-PR";"UOP03";"DEL07"
276589;2020-03-20;"sexta-feira";"15:50:00";"MG";381;523;"BRUMADINHO";"Desobediência às normas de trânsito pelo condutor";"Saída de leito carroçável";"Com Vítimas Feridas";"Pleno dia";"Crescente";"Garoa/Chuvisco";"Dupla";"Curva";"Não";2;0;2;0;0;0;2;1;-20,15307;-44,32618;"SR-MG";"UOP03";"DEL04"
276590;2020-03-20;"sexta-feira";"16:58:00";"RN";101;102;"PARNAMIRIM";"Desobediência às normas de trânsito pelo condutor";"Colisão transversal";"Sem Vítimas";"Pleno dia";"Crescente";"Céu Claro";"Múltipla";"Reta";"Sim";1;0;0;0;1;0;0;1;-5,888582;-35,24019;"SR-RN";"UOP01";"DEL01"
276591;2020-03-20;"sexta-feira";"17:00:00";"SP";116;221;"GUARULHOS";"Falta de Atenção à Condução";"Colisão com objeto estático";"Com Vítimas Feridas";"Pleno dia";"Decrescente";"Nublado";"Múltipla";"Reta";"Sim";1;0;1;0;0;0;1;1;-23,46802;-46,50705;"SR-SP";"UOP01";"DEL01"
276592;2020-03-20;"sexta-feira";"17:45:00";"ES";101;287;"CARIACICA";"Carga excessiva e/ou mal acondicionada";"Atropelamento de Pedestre";"Com Vítimas Feridas";"Plena Noite";"Crescente";"Céu Claro";"Dupla";"Curva";"Sim";2;0;1;0;1;0;1;1;-20,26494;-40,38472;"SR-ES";"UOP01";"DEL01"
276593;2020-03-20;"sexta-feira";"17:03:00";"MG";262;479,2;"BOM DESPACHO";"Velocidade Incompatível";"Colisão frontal";"Com Vítimas Fatais";"Pleno dia";"Decrescente";"Chuva";"Simples";"Não Informado";"Sim";4;3;0;0;1;0;0;2;-19,78456;-45,27253;"SR-MG";"UOP03";"DEL08"
276594;2020-03-20;"sexta-feira";"17:20:00";"ES";101;270,8;"SERRA";"Falta de Atenção à Condução";"Tombamento";"Com Vítimas Feridas";"Amanhecer";"Decrescente";"Céu Claro";"Dupla";"Curva";"Sim";1;0;1;0;0;0;1;1;-20,22662;-40,27075;"SR-ES";"UOP01";"DEL02"
276595;2020-03-16;"segunda-feira";"08:00:00";"RJ";101;309;"SAO GONCALO";"Avarias e/ou desgaste excessivo no pneu";"Queda de ocupante de veículo";"Com Vítimas Feridas";"Pleno dia";"Crescente";"Sol";"Dupla";"Reta";"Não";2;0;1;0;1;0;1;1;-22,79499;-43,03446;"SR-RJ";"UOP01";"DEL02"
276596;2020-03-20;"sexta-feira";"16:10:00";"RO";364;6;"VILHENA";"Desobediência às normas de trânsito pelo condutor";"Colisão lateral";"Com Vítimas Feridas";"Pleno dia";"Crescente";"Chuva";"Dupla";"Rotatória";"Não";3;0;2;0;1;0;2;2;-12,781;-60,09165;"SR-RO";"UOP01";"DEL04"
276597;2020-03-20;"sexta-feira";"18:10:00";"PE";232;414,5;"SERRA TALHADA";"Ultrapassagem Indevida";"Colisão frontal";"Com Vítimas Feridas";"Plena Noite";"Crescente";"Céu Claro";"Simples";"Reta";"Não";2;0;1;0;1;0;1;2;-7,992363;-38,33751;"SR-PE";"UOP01";"DEL04"
276598;2020-03-20;"sexta-feira";"18:30:00";"PE";316;78,4;"OURICURI";"Ingestão de Álcool";"Tombamento";"Com Vítimas Feridas";"Plena Noite";"Decrescente";"Nublado";"Simples";"Não Informado";"Não";2;0;0;2;0;0;2;1;-7,850144;-40,12242;"SR-PE";"UOP02";"DEL05"
276599;2020-03-20;"sexta-feira";"17:15:00";"MS";163;258,8;"DOURADOS";"Falta de Atenção à Condução";"Colisão com objeto estático";"Com Vítimas Feridas";"Pleno dia";"Decrescente";"Nublado";"Dupla";"Reta";"Sim";1;0;1;0;0;0;1;1;-22,25503;-54,77852;"SR-MS";"UOP01";"DEL04"
276600;2020-03-20;"sexta-feira";"18:00:00";"SP";116;196;"ARUJA";"Falta de Atenção à Condução";"Colisão lateral";"Sem Vítimas";"Plena Noite";"Decrescente";"Nublado";"Múltipla";"Reta";"Sim";2;0;0;0;2;0;0;2;-23,39406;-46,28731;"SR-SP";"UOP01";"DEL01"
276601;2020-03-20;"sexta-feira";"18:40:00";"RJ";101;276;"TANGUA";"Falta de Atenção à Condução";"Colisão lateral";"Com Vítimas Feridas";"Anoitecer";"Crescente";"Garoa/Chuvisco";"Simples";"Reta";"Não";2;0;0;1;1;0;1;2;-22,73796;-42,73872;"SR-RJ";"UOP03";"DEL02"
276603;2020-03-20;"sexta-feira";"18:30:00";"MG";262;803;"UBERABA";"Falta de Atenção à Condução";"Colisão lateral";"Com Vítimas Feridas";"Anoitecer";"Decrescente";"Nublado";"Dupla";"Reta";"Sim";2;0;1;0;1;0;1;2;-19,7751;-47,97202;"SR-MG";"UOP01";"DEL13"
276604;2020-02-21;"sexta-feira";"20:00:00";"PR";376;436;"TIBAGI";"Falta de Atenção à Condução";"Colisão traseira";"Com Vítimas Feridas";"Pleno dia";"Crescente";"Céu Claro";"Dupla";"Reta";"Sim";3;0;1;0;2;0;1;3;-24,83716;-50,47644;"SR-PR";"UOP04";"DEL03"
276605;2020-03-20;"sexta-feira";"18:00:00";"RO";364;11;"VILHENA";"Desobediência às normas de trânsito pelo condutor";"Engavetamento";"Com Vítimas Feridas";"Anoitecer";"Decrescente";"Chuva";"Simples";"Reta";"Sim";5;0;1;1;3;0;2;3;-12,74606;-60,1127;"SR-RO";"UOP01";"DEL04"
276606;2020-03-20;"sexta-feira";"19:00:00";"RS";448;22;"PORTO ALEGRE";"Falta de Atenção à Condução";"Colisão com objeto estático";"Com Vítimas Feridas";"Plena Noite";"Crescente";"Chuva";"Dupla";"Reta";"Não";2;0;1;0;1;0;1;2;-29,97221;-51,19914;"SR-RS";"UOP01";"DEL01"
276607;2020-03-20;"sexta-feira";"14:20:00";"SC";480;129;"CHAPECO";"Defeito Mecânico no Veículo";"Colisão traseira";"Com Vítimas Feridas";"Pleno dia";"Crescente";"Céu Claro";"Dupla";"Não Informado";"Sim";2;0;0;1;1;0;1;2;-27,04657;-52,63577;"SR-SC";"UOP01";"DEL07"
276608;2020-03-20;"sexta-feira";"18:20:00";"MT";364;435;"VARZEA GRANDE";"Desobediência às normas de trânsito pelo condutor";"Colisão lateral";"Com Vítimas Feridas";"Plena Noite";"Crescente";"Céu Claro";"Simples";"Reta";"Sim";3;0;1;1;1;0;2;2;-15,64121;-56,20161;"SR-MT";"DEL2/4";"UOP02/MT"
276609;2020-03-20;"sexta-feira";"16:20:00";"MG";40;283;"TRES MARIAS";"Falta de Atenção à Condução";"Saída de leito carroçável";"Com Vítimas Feridas";"Pleno dia";"Crescente";"Céu Claro";"Simples";"Reta";"Não";1;0;1;0;0;0;1;1;-18,251;-45,19334;"SR-MG";"UOP02";"DEL14"
276610;2020-03-20;"sexta-feira";"19:00:00";"SP";116;101;"PINDAMONHANGABA";"Defeito Mecânico no Veículo";"Tombamento";"Com Vítimas Feridas";"Plena Noite";"Crescente";"Chuva";"Dupla";"Reta";"Não";1;0;1;0;0;0;1;1;-22,89895;-45,43808;"SR-SP";"UOP01";"DEL06"
276611;2020-03-20;"sexta-feira";"18:40:00";"SP";116;170;"JACAREI";"Falta de Atenção do Pedestre";"Atropelamento de Pedestre";"Com Vítimas Fatais";"Plena Noite";"Decrescente";"Nublado";"Dupla";"Reta";"Não";6;1;4;0;1;0;4;2;-23,30795;-46,05484;"SR-SP";"UOP01";"DEL02"
276612;2020-03-20;"sexta-feira";"15:00:00";"MT";70;719;"CACERES";"Velocidade Incompatível";"Saída de leito carroçável";"Com Vítimas Feridas";"Pleno dia";"Crescente";"Nublado";"Simples";"Reta";"Não";3;0;2;0;1;0;2;1;-16,21699;-57,57324;"SR-MT";"UOP01";"DEL03"
276613;2020-03-20;"sexta-feira";"18:40:00";"MS";163;479,2;"CAMPO GRANDE";"Falta de Atenção à Condução";"Tombamento";"Com Vítimas Feridas";"Plena Noite";"Crescente";"Céu Claro";"Simples";"Reta";"Não";2;0;0;2;0;0;2;1;-20,4963;-54,55917;"SR-MS";"UOP01";"DEL01"
276615;2020-03-20;"sexta-feira";"18:45:00";"MT";163;583;"NOVA MUTUM";"Falta de Atenção à Condução";"Colisão transversal";"Com Vítimas Feridas";"Plena Noite";"Crescente";"Nublado";"Simples";"Reta";"Não";3;0;1;1;1;0;2;2;-14,05794;-56,09856;"SR-MT";"UOP01";"DEL01"
276616;2020-03-20;"sexta-feira";"18:30:00";"MS";267;680;"PORTO MURTINHO";"Ingestão de Álcool";"Saída de leito carroçável";"Com Vítimas Fatais";"Plena Noite";"Decrescente";"Céu Claro";"Simples";"Reta";"Não";7;1;4;1;0;1;5;1;-21,701;-57,85064;"SR-MS";"UOP01";"DEL05"
276617;2020-03-20;"sexta-feira";"20:13:00";"PE";232;405,9;"SERRA TALHADA";"Ingestão de álcool e/ou substâncias psicoativas pelo pedestre";"Atropelamento de Pedestre";"Com Vítimas Feridas";"Plena Noite";"Crescente";"Céu Claro";"Simples";"Reta";"Não";2;0;1;0;1;0;1;1;-7,988956;-38,25355;"SR-PE";"UOP01";"DEL04"
276618;2020-03-20;"sexta-feira";"20:00:00";"GO";60;206;"GUAPO";"Defeito Mecânico no Veículo";"Incêndio";"Sem Vítimas";"Plena Noite";"Decrescente";"Nublado";"Dupla";"Reta";"Não";4;0;0;0;4;0;0;1;-16,9094;-49,6537;"SR-GO";"UOP02";"DEL01"
276619;2020-03-20;"sexta-feira";"18:00:00";"BA";101;527;"BUERAREMA";"Falta de Atenção à Condução";"Colisão transversal";"Com Vítimas Feridas";"Plena Noite";"Crescente";"Garoa/Chuvisco";"Simples";"Reta";"Sim";2;0;1;0;1;0;1;2;-14,97;-39,31996;"SR-BA";"UOP01";"DEL05"
276621;2020-03-20;"sexta-feira";"20:00:00";"GO";364;200;"JATAI";"Defeito Mecânico no Veículo";"Incêndio";"Sem Vítimas";"Plena Noite";"Crescente";"Nublado";"Dupla";"Curva";"Não";3;0;0;0;3;0;0;1;-17,91539;-51,75613;"SR-GO";"UOP01";"DEL05"
276622;2020-03-20;"sexta-feira";"18:35:00";"MG";116;414,2;"GOVERNADOR VALADARES";"Desobediência às normas de trânsito pelo condutor";"Colisão frontal";"Com Vítimas Feridas";"Plena Noite";"Decrescente";"Céu Claro";"Simples";"Reta";"Sim";4;0;2;0;2;0;2;2;-18,88103;-41,95911;"SR-MG";"UOP01";"DEL06"
276624;2020-03-20;"sexta-feira";"19:20:00";"SC";470;138;"RIO DO SUL";"Falta de Atenção à Condução";"Saída de leito carroçável";"Com Vítimas Feridas";"Plena Noite";"Decrescente";"Céu Claro";"Simples";"Reta";"Sim";1;0;1;0;0;0;1;1;-27,19737;-49,62793;"SR-SC";"UOP02";"DEL04"
276625;2020-03-20;"sexta-feira";"21:20:00";"RS";472;154,5;"SANTA ROSA";"Desobediência às normas de trânsito pelo condutor";"Colisão traseira";"Com Vítimas Feridas";"Plena Noite";"Crescente";"Céu Claro";"Simples";"Reta";"Não";2;0;0;1;0;1;1;2;-27,82426;-54,41607;"SR-RS";"UOP01";"DEL10"
276626;2020-03-20;"sexta-feira";"20:20:00";"SC";470;111,3;"IBIRAMA";"Falta de Atenção à Condução";"Capotamento";"Com Vítimas Feridas";"Plena Noite";"Crescente";"Céu Claro";"Simples";"Curva";"Não";1;0;1;0;0;0;1;1;-27,09539;-49,45788;"SR-SC";"UOP02";"DEL04"
276627;2020-03-20;"sexta-feira";"20:50:00";"SP";153;51,7;"SAO JOSE DO RIO PRETO";"Desobediência às normas de trânsito pelo condutor";"Colisão lateral";"Com Vítimas Feridas";"Plena Noite";"Crescente";"Nublado";"Simples";"Reta";"Sim";3;0;1;0;1;1;1;2;-20,72682;-49,33844;"SR-SP";"UOP01";"DEL09"
276628;2020-03-20;"sexta-feira";"19:20:00";"MS";262;234,4;"RIBAS DO RIO PARDO";"Defeito Mecânico no Veículo";"Incêndio";"Sem Vítimas";"Plena Noite";"Decrescente";"Céu Claro";"Simples";"Reta";"Não";2;0;0;0;2;0;0;1;-20,46006;-53,71267;"SR-MS";"UOP01";"DEL01"