"id";"data_inversa";"dia_semana";"horario";"uf";"br";"km";"municipio";"causa_acidente";"tipo_acidente";"classificacao_acidente";"fase_dia";"sentido_via";"condicao_metereologica";"tipo_pista";"tracado_via";"uso_solo";"pessoas";"mortos";"feridos_leves";"feridos_graves";"ilesos";"ignorados";"feridos";"veiculos";"latitude";"longitude";"regional";"delegacia";"uop"
276629;2020-03-20;"sexta-feira";"19:40:00";"PR";476;252;"ANTONIO OLINTO";"Falta de Atenção à Condução";"Colisão transversal";"Com Vítimas Feridas";"Plena Noite";"Decrescente";"Céu Claro";"Simples";"Reta";"Não";2;0;0;1;1;0;1;2;-25,88122;-50,174;"SR-PR";"UOP05";"DEL03"
276630;2020-03-20;"sexta-feira";"21:00:00";"SP";116;222,9;"GUARULHOS";"Falta de Atenção à Condução";"Colisão traseira";"Com Vítimas Feridas";"Plena Noite";"Decrescente";"Garoa/Chuvisco";"Dupla";"Reta";"Sim";2;0;1;0;1;0;1;2;-23,47496;-46,5236;"SR-SP";"UOP01";"DEL01"
276631;2020-03-20;"sexta-feira";"19:00:00";"MS";267;30,5;"BATAGUASSU";"Condutor Dormindo";"Saída de leito carroçável";"Com Vítimas Feridas";"Plena Noite";"Decrescente";"Céu Claro";"Dupla";"Não Informado";"Sim";1;0;1;0;0;0;1;1;-21,72165;-52,43258;"SR-MS";"DEL2";"UOP04/MS"
276633;2020-03-20;"sexta-feira";"21:30:00";"RS";293;12;"CAPAO DO LEAO";"Desobediência às normas de trânsito pelo condutor";"Colisão lateral";"Com Vítimas Feridas";"Plena Noite";"Decrescente";"Céu Claro";"Simples";"Reta";"Sim";2;0;1;0;0;1;1;2;-31,75636;-52,44079;"SR-RS";"UOP01";"DEL07"
276634;2020-03-20;"sexta-feira";"19:55:00";"ES";101;160,5;"LINHARES";"Falta de Atenção à Condução";"Colisão transversal";"Com Vítimas Feridas";"Plena Noite";"Crescente";"Céu Claro";"Simples";"Reta";"Não";2;0;1;0;1;0;1;2;-19,47663;-40,11403;"SR-ES";"UOP01";"DEL04"
276635;2020-03-20;"sexta-feira";"17:00:00";"AC";317;297;"BRASILEIA";"Desobediência às normas de trânsito pelo condutor";"Colisão lateral";"Com Vítimas Feridas";"Anoitecer";"Crescente";"Nublado";"Simples";"Não Informado";"Sim";3;0;2;0;0;1;2;2;-10,99636;-68,75421;"SR-AC";"UOP02";"DEL01"
276636;2020-03-20;"sexta-feira";"21:25:00";"PI";135;315;"CRISTINO CASTRO";"Ingestão de Álcool";"Atropelamento de Animal";"Com Vítimas Feridas";"Plena Noite";"Decrescente";"Nublado";"Dupla";"Reta";"Sim";1;0;1;0;0;0;1;1;-8,801958;-44,214;"SR-PI";"UOP02";"DEL03"
276637;2020-03-20;"sexta-feira";"22:45:00";"PR";163;37;"SANTO ANTONIO DO SUDOESTE";"Ingestão de Álcool";"Colisão frontal";"Com Vítimas Fatais";"Plena Noite";"Crescente";"Céu Claro";"Simples";"Não Informado";"Não";2;1;0;0;1;0;0;2;-26,09254;-53,71267;"SR-PR";"UOP02";"DEL02"
276638;2020-03-20;"sexta-feira";"22:00:00";"MS";262;138,4;"AGUA CLARA";"Ingestão de Álcool";"Colisão lateral";"Sem Vítimas";"Plena Noite";"Decrescente";"Nublado";"Simples";"Reta";"Não";2;0;0;0;1;1;0;2;-20,45549;-52,82802;"SR-MS";"UOP02";"DEL07"
276640;2020-03-20;"sexta-feira";"18:20:00";"ES";101;158,2;"LINHARES";"Velocidade Incompatível";"Colisão traseira";"Com Vítimas Fatais";"Anoitecer";"Crescente";"Céu Claro";"Simples";"Reta";"Não";3;1;0;1;0;1;1;3;-19,46095;-40,10491;"SR-ES";"UOP01";"DEL04"
276641;2020-03-20;"sexta-feira";"22:50:00";"CE";20;423;"MARACANAU";"Desobediência às normas de trânsito pelo condutor";"Colisão lateral";"Com Vítimas Feridas";"Plena Noite";"Decrescente";"Céu Claro";"Dupla";"Reta";"Não";3;0;0;1;2;0;1;2;-3,76999;-38,67006;"SR-CE";"UOP02";"DEL01"
276643;2020-03-20;"sexta-feira";"22:50:00";"PE";101;70,8;"RECIFE";"Falta de Atenção do Pedestre";"Atropelamento de Pedestre";"Com Vítimas Fatais";"Plena Noite";"Crescente";"Céu Claro";"Múltipla";"Reta";"Sim";2;1;0;0;0;1;0;1;-8,067761;-34,94265;"SR-PE";"UOP01";"DEL01"
276645;2020-03-20;"sexta-feira";"17:20:00";"RJ";393;286;"VOLTA REDONDA";"Desobediência às normas de trânsito pelo condutor";"Colisão transversal";"Com Vítimas Feridas";"Pleno dia";"Decrescente";"Nublado";"Simples";"Reta";"Não";2;0;0;2;0;0;2;2;-22,49134;-44,06506;"SR-RJ";"UOP02";"DEL05"
276646;2020-02-01;"sábado";"17:45:00";"MG";381;436;"SABARA";"Falta de Atenção à Condução";"Colisão com objeto em movimento";"Com Vítimas Feridas";"Pleno dia";"Crescente";"Céu Claro";"Simples";"Curva";"Não";4;0;1;0;0;3;1;2;-19,80439;-43,76187;"SR-MG";"UOP01";"DEL01"
276647;2020-03-19;"quinta-feira";"14:40:00";"MT";174;182,5;"PORTO ESPERIDIAO";"Desobediência às normas de trânsito pelo condutor";"Colisão frontal";"Com Vítimas Fatais";"Pleno dia";"Decrescente";"Céu Claro";"Simples";"Reta";"Não";4;2;0;1;1;0;1;2;-15,82127;-58,57291;"SR-MT";"UOP01";"DEL03"
276648;2020-03-20;"sexta-feira";"22:45:00";"GO";60;116,2;"TEREZOPOLIS DE GOIAS";"Falta de Atenção à Condução";"Tombamento";"Com Vítimas Feridas";"Plena Noite";"Crescente";"Vento";"Dupla";"Reta";"Não";1;0;1;0;0;0;1;1;-16,4732;-49,0789;"SR-GO";"UOP01";"DEL01"
276650;2020-03-20;"sexta-feira";"23:12:00";"PR";369;425,3;"JURANDA";"Desobediência às normas de trânsito pelo condutor";"Colisão transversal";"Com Vítimas Feridas";"Plena Noite";"Crescente";"Céu Claro";"Simples";"Reta";"Não";3;0;0;1;1;1;1;2;-24,42104;-52,82528;"SR-PR";"UOP04";"DEL04"
276651;2020-03-21;"sábado";"02:00:00";"MG";40;350;"FELIXLANDIA";"Condutor Dormindo";"Colisão traseira";"Com Vítimas Feridas";"Plena Noite";"Crescente";"Chuva";"Simples";"Reta";"Não";2;0;1;0;1;0;1;2;-18,72488;-44,93873;"SR-MG";"UOP01";"DEL02"
276652;2020-03-21;"sábado";"01:50:00";"SP";116;442;"REGISTRO";"Falta de Atenção à Condução";"Saída de leito carroçável";"Com Vítimas Feridas";"Plena Noite";"Crescente";"Chuva";"Dupla";"Reta";"Não";1;0;1;0;0;0;1;1;-24,4761;-47,82735;"SR-SP";"UOP01";"DEL05"
276653;2020-03-21;"sábado";"02:00:00";"PB";101;78;"SANTA RITA";"Desobediência às normas de trânsito pelo condutor";"Colisão frontal";"Com Vítimas Feridas";"Plena Noite";"Crescente";"Céu Claro";"Dupla";"Reta";"Não";4;0;3;1;0;0;4;2;-7,108083;-34,96294;"SR-PB";"UOP03";"DEL01"
276654;2020-03-20;"sexta-feira";"19:15:00";"MT";174;2,6;"PONTES E LACERDA";"Desobediência às normas de trânsito pelo condutor";"Colisão traseira";"Sem Vítimas";"Plena Noite";"Decrescente";"Garoa/Chuvisco";"Simples";"Reta";"Sim";5;0;0;0;5;0;0;2;-15,24796;-59,33212;"SR-MT";"UOP01";"DEL03"
276655;2020-03-20;"sexta-feira";"14:30:00";"MT";174;351;"CONQUISTA DOESTE";"Falta de Atenção à Condução";"Capotamento";"Com Vítimas Feridas";"Pleno dia";"Crescente";"Nublado";"Simples";"Reta";"Não";1;0;1;0;0;0;1;1;-14,72523;-59,37388;"SR-MT";"UOP01";"DEL04"
276656;2020-03-21;"sábado";"01:55:00";"RS";290;110;"ELDORADO DO SUL";"Animais na Pista";"Atropelamento de Animal";"Com Vítimas Feridas";"Plena Noite";"Decrescente";"Nublado";"Dupla";"Reta";"Não";1;0;1;0;0;0;1;1;-30,02355;-51,32109;"SR-RS";"UOP01";"DEL02"
276657;2020-03-21;"sábado";"01:15:00";"MS";163;279,7;"DOURADOS";"Ingestão de álcool e/ou substâncias psicoativas pelo pedestre";"Saída de leito carroçável";"Sem Vítimas";"Plena Noite";"Decrescente";"Ignorado";"Dupla";"Retorno Regulamentado";"Sim";2;0;0;0;2;0;0;1;-22,1437;-54,62686;"SR-MS";"UOP01";"DEL04"
276658;2020-03-20;"sexta-feira";"23:15:00";"RJ";116;270;"BARRA MANSA";"Defeito Mecânico no Veículo";"Incêndio";"Sem Vítimas";"Plena Noite";"Decrescente";"Garoa/Chuvisco";"Dupla";"Reta";"Não";1;0;0;0;1;0;0;1;-22,56923;-44,12024;"SR-RJ";"UOP02";"DEL07"
276659;2020-03-21;"sábado";"02:55:00";"SP";116;442,4;"REGISTRO";"Falta de Atenção à Condução";"Colisão traseira";"Com Vítimas Feridas";"Plena Noite";"Crescente";"Garoa/Chuvisco";"Dupla";"Reta";"Sim";2;0;1;0;1;0;1;2;-24,4761;-47,82735;"SR-SP";"UOP01";"DEL05"
276660;2020-03-12;"quinta-feira";"13:55:00";"DF";20;20;"BRASILIA";"Fenômenos da Natureza";"Colisão traseira";"Com Vítimas Feridas";"Pleno dia";"Decrescente";"Chuva";"Dupla";"Reta";"Sim";7;0;1;0;6;0;1;7;-15,60791;-47,69279;"SR-DF";"UOP01";"DEL02"
276663;2020-03-21;"sábado";"03:44:00";"PE";408;55;"NAZARE DA MATA";"Condutor Dormindo";"Capotamento";"Com Vítimas Feridas";"Plena Noite";"Crescente";"Ignorado";"Simples";"Reta";"Não";1;0;1;0;0;0;1;1;-7,781061;-35,23963;"SR-PE";"UOP01";"DEL01"
276664;2020-03-21;"sábado";"04:10:00";"PI";NA;NA;"VALENCA DO PIAUI";"Falta de Atenção à Condução";"Colisão com objeto estático";"Com Vítimas Fatais";"Amanhecer";"Não Informado";"Céu Claro";"Simples";"Interseção de vias";"Não";1;1;0;0;0;0;0;1;-6,385151;-41,76315;"SR-PI";"UOP02";"DEL04"
276665;2020-03-21;"sábado";"04:30:00";"PA";155;318;"MARABA";"Defeito na Via";"Colisão lateral";"Com Vítimas Feridas";"Amanhecer";"Decrescente";"Chuva";"Simples";"Reta";"Não";2;0;1;0;1;0;1;2;-5,592618;-49,07697;"SR-PA";"UOP01";"DEL03"
276666;2020-03-21;"sábado";"06:00:00";"PR";376;620;"SAO JOSE DOS PINHAIS";"Desobediência às normas de trânsito pelo condutor";"Colisão transversal";"Com Vítimas Feridas";"Pleno dia";"Crescente";"Céu Claro";"Múltipla";"Reta";"Não";2;0;1;0;1;0;1;2;-25,60035;-49,17356;"SR-PR";"UOP01";"DEL01"
276667;2020-03-21;"sábado";"06:20:00";"RJ";493;23;"MAGE";"Sinalização da via insuficiente ou inadequada";"Colisão frontal";"Com Vítimas Fatais";"Amanhecer";"Crescente";"Chuva";"Simples";"Curva";"Não";2;1;0;0;1;0;0;2;-22,65705;-43,06174;"SR-RJ";"UOP02";"DEL04"
276668;2020-03-21;"sábado";"04:50:00";"PR";369;177;"ROLANDIA";"Falta de Atenção à Condução";"Colisão transversal";"Com Vítimas Feridas";"Amanhecer";"Crescente";"Céu Claro";"Simples";"Reta";"Sim";2;0;1;0;1;0;1;2;-23,3463;-51,38635;"SR-PR";"UOP01";"DEL07"
276669;2020-03-21;"sábado";"05:30:00";"RJ";101;291,5;"ITABORAI";"Falta de Atenção à Condução";"Tombamento";"Com Vítimas Fatais";"Amanhecer";"Crescente";"Chuva";"Dupla";"Desvio Temporário";"Não";1;1;0;0;0;0;0;1;-22,76457;-42,86989;"SR-RJ";"UOP03";"DEL02"
276671;2020-03-21;"sábado";"06:15:00";"RJ";101;121;"CAMPOS DOS GOYTACAZES";"Desobediência às normas de trânsito pelo condutor";"Colisão traseira";"Sem Vítimas";"Pleno dia";"Decrescente";"Chuva";"Dupla";"Curva";"Sim";3;0;0;0;3;0;0;3;-22,02622;-41,69171;"SR-RJ";"UOP02";"DEL08"
276672;2020-03-20;"sexta-feira";"21:00:00";"MA";10;377,1;"ITINGA DO MARANHAO";"Falta de Atenção do Pedestre";"Atropelamento de Pedestre";"Com Vítimas Feridas";"Plena Noite";"Crescente";"Garoa/Chuvisco";"Simples";"Curva";"Sim";2;0;2;0;0;0;2;1;-4,456727;-47,52631;"SR-MA";"UOP03";"DEL04"
276673;2020-03-21;"sábado";"01:00:00";"MG";146;596,5;"POCOS DE CALDAS";"Condutor Dormindo";"Saída de leito carroçável";"Sem Vítimas";"Plena Noite";"Crescente";"Céu Claro";"Simples";"Curva";"Não";1;0;0;0;0;1;0;1;-21,75017;-46,40612;"SR-MG";"UOP01";"DEL09"
276674;2020-03-21;"sábado";"06:50:00";"RJ";101;171,2;"MACAE";"Avarias e/ou desgaste excessivo no pneu";"Capotamento";"Com Vítimas Feridas";"Pleno dia";"Crescente";"Chuva";"Simples";"Reta";"Não";2;0;2;0;0;0;2;1;-22,36381;-41,93502;"SR-RJ";"UOP04";"DEL02"
276676;2020-03-21;"sábado";"06:45:00";"SP";116;162;"JACAREI";"Ingestão de Álcool";"Colisão com objeto estático";"Sem Vítimas";"Amanhecer";"Decrescente";"Chuva";"Múltipla";"Curva";"Sim";1;0;0;0;0;1;0;1;-23,28133;-45,98395;"SR-SP";"UOP01";"DEL02"
276677;2020-03-21;"sábado";"06:30:00";"SP";116;270;"TABOAO DA SERRA";"Desobediência às normas de trânsito pelo pedestre";"Danos eventuais";"Com Vítimas Feridas";"Amanhecer";"Decrescente";"Garoa/Chuvisco";"Múltipla";"Reta";"Sim";2;0;1;0;1;0;1;1;-23,618;-46,79678;"SR-SP";"UOP01";"DEL04"
276678;2020-03-21;"sábado";"07:20:00";"MG";381;720,9;"CARMO DA CACHOEIRA";"Falta de Atenção à Condução";"Tombamento";"Com Vítimas Feridas";"Pleno dia";"Decrescente";"Céu Claro";"Dupla";"Curva";"Não";1;0;1;0;0;0;1;1;-21,43258;-45,21076;"SR-MG";"UOP02";"DEL04"
276679;2020-03-21;"sábado";"07:50:00";"RS";386;333,9;"MARQUES DE SOUZA";"Condutor Dormindo";"Saída de leito carroçável";"Sem Vítimas";"Pleno dia";"Crescente";"Céu Claro";"Simples";"Curva";"Não";1;0;0;0;1;0;0;1;-29,37128;-52,062;"SR-RS";"UOP01";"DEL04"
276680;2020-03-21;"sábado";"06:40:00";"ES";262;44;"DOMINGOS MARTINS";"Defeito Mecânico no Veículo";"Capotamento";"Com Vítimas Feridas";"Pleno dia";"Crescente";"Chuva";"Simples";"Curva";"Não";5;0;3;0;2;0;3;1;-20,38909;-40,66912;"SR-ES";"UOP01";"DEL01"
276682;2020-03-21;"sábado";"03:10:00";"RO";364;415;"JARU";"Ingestão de Álcool";"Saída de leito carroçável";"Com Vítimas Feridas";"Plena Noite";"Decrescente";"Chuva";"Simples";"Reta";"Não";1;0;1;0;0;0;1;1;-10,50319;-62,41427;"SR-RO";"UOP02";"DEL03"
276683;2020-03-19;"quinta-feira";"06:10:00";"SC";470;227,5;"SAO CRISTOVAO DO SUL";"Condutor Dormindo";"Colisão frontal";"Com Vítimas Feridas";"Amanhecer";"Decrescente";"Nublado";"Simples";"Reta";"Não";3;0;1;0;2;0;1;2;-27,32456;-50,3696;"SR-SC";"UOP03";"DEL05"
276684;2020-03-21;"sábado";"06:00:00";"RO";364;330;"JI-PARANA";"Desobediência às normas de trânsito pelo condutor";"Colisão transversal";"Com Vítimas Feridas";"Amanhecer";"Decrescente";"Garoa/Chuvisco";"Simples";"Reta";"Não";4;0;2;0;2;0;2;2;-10,98467;-61,9171;"SR-RO";"UOP01";"DEL02"
276685;2020-03-17;"terça-feira";"18:50:00";"PR";277;83;"CURITIBA";"Carga excessiva e/ou mal acondicionada";"Tombamento";"Com Vítimas Feridas";"Plena Noite";"Decrescente";"Nublado";"Dupla";"Reta";"Sim";1;0;1;0;0;0;1;1;-25,44863;-49,22999;"SR-PR";"UOP04";"DEL01"
276686;2020-03-21;"sábado";"09:10:00";"BA";101;852,7;"TEIXEIRA DE FREITAS";"Desobediência às normas de trânsito pelo condutor";"Colisão lateral";"Com Vítimas Feridas";"Pleno dia";"Crescente";"Céu Claro";"Simples";"Interseção de vias";"Sim";2;0;1;0;1;0;1;2;-17,5436;-39,71744;"SR-BA";"UOP02";"DEL09"
276687;2020-03-21;"sábado";"09:30:00";"PR";277;82;"CURITIBA";"Falta de Atenção à Condução";"Colisão traseira";"Com Vítimas Feridas";"Pleno dia";"Decrescente";"Nublado";"Dupla";"Reta";"Não";3;0;1;0;2;0;1;2;-25,56894;-49,18198;"SR-PR";"UOP04";"DEL01"
276688;2020-03-21;"sábado";"09:50:00";"MG";381;327,7;"NOVA ERA";"Falta de Atenção à Condução";"Colisão transversal";"Com Vítimas Feridas";"Pleno dia";"Decrescente";"Chuva";"Simples";"Não Informado";"Não";2;0;1;0;1;0;1;2;-19,76724;-43,04699;"SR-MG";"UOP01";"DEL03"
276689;2020-03-21;"sábado";"07:25:00";"RJ";101;442;"MANGARATIBA";"Pista Escorregadia";"Colisão frontal";"Sem Vítimas";"Pleno dia";"Decrescente";"Chuva";"Simples";"Curva";"Não";3;0;0;0;3;0;0;2;-22,97397;-44,08709;"SR-RJ";"UOP01";"DEL03"
276690;2020-03-21;"sábado";"09:00:00";"SP";116;303;"SAO LOURENCO DA SERRA";"Defeito Mecânico no Veículo";"Saída de leito carroçável";"Com Vítimas Feridas";"Pleno dia";"Crescente";"Nublado";"Dupla";"Reta";"Não";1;0;1;0;0;0;1;1;-23,82761;-46,92631;"SR-SP";"UOP01";"DEL04"
276691;2020-03-21;"sábado";"09:30:00";"PE";423;171,8;"AGUAS BELAS";"Falta de Atenção à Condução";"Colisão transversal";"Com Vítimas Feridas";"Pleno dia";"Decrescente";"Céu Claro";"Simples";"Desvio Temporário";"Não";2;0;1;0;1;0;1;2;-9,12739;-37,06019;"SR-AL";"UOP02";"DEL03"
276693;2020-03-21;"sábado";"10:17:00";"MG";50;43,3;"ARAGUARI";"Falta de Atenção à Condução";"Saída de leito carroçável";"Com Vítimas Feridas";"Pleno dia";"Decrescente";"Nublado";"Dupla";"Não Informado";"Não";1;0;1;0;0;0;1;1;-18,70145;-48,18751;"SR-MG";"UOP02";"DEL15"
276694;2020-03-21;"sábado";"09:50:00";"GO";40;122,5;"CRISTALINA";"Falta de Atenção à Condução";"Saída de leito carroçável";"Com Vítimas Feridas";"Pleno dia";"Crescente";"Nublado";"Dupla";"Reta";"Não";1;0;0;1;0;0;1;1;-16,86651;-47,406;"SR-DF";"UOP04";"DEL01"
276695;2020-03-21;"sábado";"10:00:00";"AL";104;93,7;"RIO LARGO";"Falta de Atenção do Pedestre";"Atropelamento de Pedestre";"Com Vítimas Feridas";"Pleno dia";"Crescente";"Céu Claro";"Dupla";"Reta";"Sim";2;0;0;1;1;0;1;1;-9,528917;-35,79808;"SR-AL";"SMTT/AL";""
276696;2020-03-21;"sábado";"10:00:00";"ES";101;66;"SAO MATEUS";"Desobediência às normas de trânsito pelo condutor";"Colisão transversal";"Com Vítimas Feridas";"Pleno dia";"Crescente";"Sol";"Simples";"Reta";"Sim";2;0;1;0;1;0;1;2;-18,71652;-39,87436;"SR-ES";"UOP02";"DEL04"
276698;2020-03-21;"sábado";"10:30:00";"PR";277;489,5;"NOVA LARANJEIRAS";"Velocidade Incompatível";"Saída de leito carroçável";"Com Vítimas Feridas";"Pleno dia";"Crescente";"Céu Claro";"Simples";"Curva";"Não";1;0;1;0;0;0;1;1;-25,24155;-52,63061;"SR-PR";"UOP03";"DEL04"
276699;2020-03-21;"sábado";"10:10:00";"BA";101;105;"ALAGOINHAS";"Mal Súbito";"Colisão frontal";"Com Vítimas Feridas";"Pleno dia";"Decrescente";"Nublado";"Simples";"Reta";"Não";3;0;1;0;2;0;1;3;-12,15964;-38,41162;"SR-BA";"UOP04";"DEL01"
276700;2020-03-21;"sábado";"10:45:00";"MS";158;4;"CASSILANDIA";"Falta de Atenção à Condução";"Queda de ocupante de veículo";"Com Vítimas Feridas";"Pleno dia";"Decrescente";"Sol";"Simples";"Reta";"Sim";1;0;1;0;0;0;1;1;-19,12172;-51,72356;"SR-MS";"UOP01";"DEL08"
276702;2020-03-21;"sábado";"12:10:00";"SP";381;90;"SAO PAULO";"Pista Escorregadia";"Queda de ocupante de veículo";"Com Vítimas Feridas";"Pleno dia";"Decrescente";"Céu Claro";"Simples";"Curva";"Sim";1;0;1;0;0;0;1;1;-23,49479;-46,5596;"SR-SP";"UOP01";"DEL03"
276703;2020-03-21;"sábado";"12:15:00";"SP";381;73;"SAO PAULO";"Pista Escorregadia";"Colisão lateral";"Com Vítimas Feridas";"Pleno dia";"Crescente";"Nublado";"Dupla";"Curva";"Não";2;0;2;0;0;0;2;1;-23,36553;-46,55254;"SR-SP";"UOP01";"DEL03"
276704;2020-03-21;"sábado";"12:10:00";"SP";381;10;"VARGEM";"Falta de Atenção à Condução";"Saída de leito carroçável";"Com Vítimas Feridas";"Pleno dia";"Crescente";"Garoa/Chuvisco";"Dupla";"Reta";"Não";1;0;1;0;0;0;1;1;-22,9224;-46,44346;"SR-SP";"UOP01";"DEL03"
276705;2020-03-21;"sábado";"12:30:00";"MG";381;374;"SAO GONCALO DO RIO ABAIXO";"Velocidade Incompatível";"Colisão transversal";"Com Vítimas Feridas";"Pleno dia";"Crescente";"Chuva";"Simples";"Curva";"Não";2;0;0;2;0;0;2;2;-19,84142;-43,32982;"SR-MG";"UOP01";"DEL01"
276706;2020-03-21;"sábado";"12:08:00";"MT";163;838;"SINOP";"Desobediência às normas de trânsito pelo condutor";"Colisão transversal";"Com Vítimas Feridas";"Pleno dia";"Crescente";"Nublado";"Dupla";"Reta";"Sim";1;0;0;1;0;0;1;1;-11,83434;-55,48824;"SR-MT";"UOP02";"DEL06"
276707;2020-03-21;"sábado";"09:15:00";"MG";381;316,4;"NOVA ERA";"Velocidade Incompatível";"Colisão frontal";"Com Vítimas Feridas";"Pleno dia";"Crescente";"Chuva";"Simples";"Curva";"Não";4;0;3;1;0;0;4;2;-19,69896;-42,99487;"SR-MG";"UOP02";"DEL03"
276708;2020-03-21;"sábado";"14:15:00";"MG";381;697;"LAVRAS";"Pista Escorregadia";"Saída de leito carroçável";"Com Vítimas Feridas";"Pleno dia";"Crescente";"Céu Claro";"Dupla";"Curva";"Não";3;0;2;0;1;0;2;1;-21,29043;-45,14792;"SR-MG";"UOP02";"DEL04"
276709;2020-03-21;"sábado";"12:45:00";"RJ";40;93;"DUQUE DE CAXIAS";"Pista Escorregadia";"Saída de leito carroçável";"Com Vítimas Feridas";"Pleno dia";"Crescente";"Chuva";"Simples";"Curva";"Não";2;0;2;0;0;0;2;1;-22,55543;-43,2583;"SR-RJ";"UOP01";"DEL01"
276710;2020-03-21;"sábado";"14:50:00";"SC";101;196;"BIGUACU";"Falta de Atenção à Condução";"Colisão traseira";"Sem Vítimas";"Pleno dia";"Crescente";"Céu Claro";"Simples";"Reta";"Sim";2;0;0;0;2;0;0;2;-27,51101;-48,64322;"SR-SC";"UOP01";"DEL01"
276712;2020-03-13;"sexta-feira";"06:55:00";"MG";381;687;"LAVRAS";"Carga excessiva e/ou mal acondicionada";"Derramamento de carga";"Sem Vítimas";"Amanhecer";"Crescente";"Céu Claro";"Dupla";"Reta";"Não";2;0;0;0;2;0;0;2;-21,20874;-45,12333;"SR-MG";"UOP02";"DEL04"
276713;2020-03-21;"sábado";"10:55:00";"MG";381;809;"CAREACU";"Velocidade Incompatível";"Saída de leito carroçável";"Com Vítimas Feridas";"Pleno dia";"Crescente";"Chuva";"Dupla";"Reta";"Não";2;0;2;0;0;0;2;1;-22,03746;-45,68396;"SR-MG";"UOP02";"DEL16"
276714;2020-03-21;"sábado";"11:30:00";"MT";174;351;"CONQUISTA DOESTE";"Defeito Mecânico no Veículo";"Saída de leito carroçável";"Com Vítimas Feridas";"Pleno dia";"Crescente";"Céu Claro";"Simples";"Reta";"Não";1;0;1;0;0;0;1;1;-14,72523;-59,37388;"SR-MT";"UOP01";"DEL04"
276715;2020-03-21;"sábado";"15:00:00";"MG";381;732,3;"CARMO DA CACHOEIRA";"Velocidade Incompatível";"Colisão lateral";"Com Vítimas Feridas";"Pleno dia";"Decrescente";"Chuva";"Dupla";"Reta";"Não";4;0;1;0;3;0;1;2;-21,55414;-45,24499;"SR-MG";"UOP02";"DEL04"
276717;2020-03-21;"sábado";"15:30:00";"SP";116;276;"EMBU DAS ARTES";"Mal Súbito";"Colisão com objeto estático";"Com Vítimas Feridas";"Pleno dia";"Decrescente";"Nublado";"Dupla";"Desvio Temporário";"Não";1;0;1;0;0;0;1;1;-23,61873;-46,80691;"SR-SP";"UOP01";"DEL04"
276718;2020-03-21;"sábado";"15:50:00";"SP";153;73;"SAO JOSE DO RIO PRETO";"Defeito Mecânico no Veículo";"Tombamento";"Com Vítimas Feridas";"Pleno dia";"Crescente";"Céu Claro";"Dupla";"Reta";"Sim";2;0;2;0;0;0;2;1;-20,87627;-49,42005;"SR-SP";"UOP01";"DEL09"
276719;2020-03-21;"sábado";"15:40:00";"PB";230;20;"JOAO PESSOA";"Desobediência às normas de trânsito pelo condutor";"Colisão transversal";"Com Vítimas Feridas";"Pleno dia";"Decrescente";"Sol";"Dupla";"Curva";"Sim";2;0;1;0;1;0;1;2;-7,1337;-34,8544;"SR-PB";"UOP01";"DEL01"
276720;2020-03-02;"segunda-feira";"14:00:00";"RS";470;226,3;"GARIBALDI";"Falta de Atenção à Condução";"Colisão traseira";"Com Vítimas Feridas";"Pleno dia";"Decrescente";"Céu Claro";"Dupla";"Reta";"Não";2;0;1;0;1;0;1;2;-29,25081;-51,51376;"SR-RS";"UOP01";"DEL06"
276721;2020-03-21;"sábado";"15:40:00";"GO";40;30;"LUZIANIA";"Velocidade Incompatível";"Capotamento";"Com Vítimas Fatais";"Pleno dia";"Crescente";"Céu Claro";"Dupla";"Curva";"Não";2;1;1;0;0;0;1;1;-16,27731;-47,86291;"SR-DF";"UOP01";"DEL01"
276722;2020-03-21;"sábado";"15:30:00";"BA";116;426,7;"FEIRA DE SANTANA";"Falta de Atenção à Condução";"Colisão lateral";"Com Vítimas Feridas";"Pleno dia";"Crescente";"Sol";"Simples";"Reta";"Não";2;0;1;0;1;0;1;2;-12,25532;-38,98916;"SR-BA";"UOP01";"DEL02"
276723;2020-03-21;"sábado";"16:20:00";"MG";365;622;"UBERLANDIA";"Pista Escorregadia";"Saída de leito carroçável";"Com Vítimas Feridas";"Pleno dia";"Crescente";"Chuva";"Múltipla";"Não Informado";"Sim";1;0;1;0;0;0;1;1;-18,90752;-48,29937;"SR-MG";"UOP01";"DEL15"
276724;2020-03-21;"sábado";"15:30:00";"PR";369;133,2;"IBIPORA";"Velocidade Incompatível";"Saída de leito carroçável";"Com Vítimas Feridas";"Pleno dia";"Crescente";"Céu Claro";"Dupla";"Curva";"Não";2;0;2;0;0;0;2;1;-23,26205;-50,99365;"SR-PR";"UOP01";"DEL07"
276725;2020-03-21;"sábado";"13:45:00";"PR";369;144,6;"LONDRINA";"Desobediência às normas de trânsito pelo condutor";"Colisão transversal";"Com Vítimas Feridas";"Pleno dia";"Crescente";"Céu Claro";"Dupla";"Não Informado";"Não";2;0;1;0;1;0;1;2;-23,29337;-51,10773;"SR-PR";"UOP01";"DEL07"
276726;2020-03-21;"sábado";"13:00:00";"PI";343;225;"COCAL DE TELHA";"Falta de Atenção à Condução";"Saída de leito carroçável";"Sem Vítimas";"Pleno dia";"Crescente";"Nublado";"Dupla";"Reta";"Sim";1;0;0;0;0;1;0;1;-4,556586;-41,97268;"SR-PI";"UOP03";"DEL01"