"id";"data_inversa";"dia_semana";"horario";"uf";"br";"km";"municipio";"causa_acidente";"tipo_acidente";"classificacao_acidente";"fase_dia";"sentido_via";"condicao_metereologica";"tipo_pista";"tracado_via";"uso_solo";"pessoas";"mortos";"feridos_leves";"feridos_graves";"ilesos";"ignorados";"feridos";"veiculos";"latitude";"longitude";"regional";"delegacia";"uop"
276728;2020-03-21;"sábado";"16:15:00";"BA";101;828,9;"ITAMARAJU";"Desobediência às normas de trânsito pelo condutor";"Colisão frontal";"Com Vítimas Fatais";"Pleno dia";"Crescente";"Nublado";"Simples";"Curva";"Não";3;1;1;0;1;0;1;2;-17,16073;-39,57227;"SR-BA";"UOP01";"DEL09"
276729;2020-03-21;"sábado";"16:20:00";"ES";101;269,5;"SERRA";"Desobediência às normas de trânsito pelo condutor";"Colisão frontal";"Com Vítimas Feridas";"Pleno dia";"Decrescente";"Nublado";"Múltipla";"Interseção de vias";"Sim";2;0;0;1;1;0;1;2;-20,2174;-40,26991;"SR-ES";"UOP01";"DEL02"
276730;2020-03-21;"sábado";"16:15:00";"MG";381;697;"LAVRAS";"Pista Escorregadia";"Saída de leito carroçável";"Com Vítimas Feridas";"Pleno dia";"Crescente";"Chuva";"Dupla";"Curva";"Não";5;0;1;0;4;0;1;2;-21,29043;-45,14792;"SR-MG";"UOP02";"DEL04"
276731;2020-03-21;"sábado";"16:40:00";"SP";153;18,5;"NOVA GRANADA";"Falta de Atenção à Condução";"Colisão transversal";"Com Vítimas Feridas";"Pleno dia";"Crescente";"Nublado";"Simples";"Reta";"Não";3;0;0;1;2;0;1;2;-20,44382;-49,28091;"SR-SP";"UOP01";"DEL09"
276732;2020-03-21;"sábado";"13:00:00";"PR";153;387,4;"MALLET";"Defeito Mecânico no Veículo";"Saída de leito carroçável";"Sem Vítimas";"Pleno dia";"Crescente";"Céu Claro";"Simples";"Reta";"Não";1;0;0;0;1;0;0;1;-25,88183;-50,7559;"SR-PR";"UOP02";"DEL08"
276733;2020-03-21;"sábado";"08:35:00";"BA";116;686,2;"JEQUIE";"Ultrapassagem Indevida";"Tombamento";"Sem Vítimas";"Pleno dia";"Decrescente";"Céu Claro";"Simples";"Reta";"Não";1;0;0;0;1;0;0;1;-13,90349;-40,14791;"SR-BA";"UOP01";"DEL03"
276734;2020-03-21;"sábado";"16:10:00";"RS";116;521;"PELOTAS";"Falta de Atenção à Condução";"Colisão lateral";"Sem Vítimas";"Pleno dia";"Crescente";"Céu Claro";"Dupla";"Não Informado";"Sim";2;0;0;0;2;0;0;2;-31,70752;-52,36801;"SR-RS";"UOP01";"DEL07"
276735;2020-03-21;"sábado";"17:15:00";"MG";365;630,7;"UBERLANDIA";"Pista Escorregadia";"Saída de leito carroçável";"Com Vítimas Feridas";"Pleno dia";"Crescente";"Céu Claro";"Dupla";"Desvio Temporário";"Sim";1;0;1;0;0;0;1;1;-18,89922;-48,37166;"SR-MG";"UOP01";"DEL15"
276736;2020-03-21;"sábado";"16:30:00";"ES";482;101;"GUACUI";"Falta de Atenção à Condução";"Tombamento";"Com Vítimas Feridas";"Anoitecer";"Crescente";"Céu Claro";"Simples";"Reta";"Não";1;0;1;0;0;0;1;1;-20,77421;-41,63752;"SR-ES";"UOP02";"DEL03"
276737;2020-03-21;"sábado";"15:30:00";"PR";376;362;"ORTIGUEIRA";"Ingestão de Álcool";"Saída de leito carroçável";"Com Vítimas Feridas";"Pleno dia";"Crescente";"Céu Claro";"Simples";"Curva";"Não";2;0;2;0;0;0;2;1;-24,28315;-50,87938;"SR-PR";"UOP04";"DEL03"
276738;2020-03-21;"sábado";"16:30:00";"PI";343;306,1;"ALTOS";"Desobediência às normas de trânsito pelo condutor";"Colisão transversal";"Com Vítimas Feridas";"Pleno dia";"Crescente";"Garoa/Chuvisco";"Simples";"Reta";"Sim";3;0;1;0;2;0;1;3;-5,038756;-42,45089;"SR-PI";"UOP01";"DEL01"
276739;2020-03-21;"sábado";"17:30:00";"RS";470;218,6;"BENTO GONCALVES";"Falta de Atenção à Condução";"Tombamento";"Com Vítimas Feridas";"Pleno dia";"Crescente";"Céu Claro";"Simples";"Não Informado";"Não";1;0;0;1;0;0;1;1;-29,18463;-51,52135;"SR-RS";"UOP01";"DEL06"
276740;2020-03-21;"sábado";"12:20:00";"RJ";116;307;"RESENDE";"Fenômenos da Natureza";"Colisão com objeto estático";"Com Vítimas Feridas";"Pleno dia";"Decrescente";"Chuva";"Dupla";"Reta";"Não";2;0;1;1;0;0;2;1;-22,45713;-44,41064;"SR-RJ";"UOP02";"DEL07"
276741;2020-03-21;"sábado";"17:40:00";"MG";381;505,3;"BETIM";"Ingestão de álcool e/ou substâncias psicoativas pelo pedestre";"Colisão traseira";"Com Vítimas Feridas";"Pleno dia";"Decrescente";"Sol";"Dupla";"Curva";"Não";2;0;1;0;1;0;1;2;-20,04478;-44,27276;"SR-MG";"UOP03";"DEL01"
276742;2020-03-21;"sábado";"18:07:00";"PB";230;68,6;"SOBRADO";"Falta de Atenção à Condução";"Colisão traseira";"Com Vítimas Feridas";"Plena Noite";"Decrescente";"Céu Claro";"Dupla";"Reta";"Não";2;0;0;1;0;1;1;2;-7,1873;-35,2065;"SR-PB";"UOP02";"DEL01"
276743;2020-03-14;"sábado";"02:20:00";"RJ";493;50;"DUQUE DE CAXIAS";"Animais na Pista";"Atropelamento de Animal";"Com Vítimas Feridas";"Plena Noite";"Crescente";"Céu Claro";"Dupla";"Reta";"Não";1;0;1;0;0;0;1;1;-22,66894;-43,31045;"SR-RJ";"UOP01";"DEL01"
276745;2020-03-21;"sábado";"18:00:00";"BA";235;349,9;"JUAZEIRO";"Ingestão de Álcool";"Colisão lateral";"Com Vítimas Feridas";"Plena Noite";"Crescente";"Nublado";"Simples";"Rotatória";"Sim";3;0;2;0;1;0;2;2;-9,447676;-40,48782;"SR-PE";"UOP01";"DEL06"
276746;2020-03-21;"sábado";"18:30:00";"GO";60;110,7;"GOIANAPOLIS";"Falta de Atenção à Condução";"Saída de leito carroçável";"Com Vítimas Feridas";"Anoitecer";"Crescente";"Chuva";"Dupla";"Reta";"Não";1;0;1;0;0;0;1;1;-16,45;-49,0316;"SR-GO";"UOP01";"DEL01"
276749;2020-03-21;"sábado";"17:30:00";"RR";174;505;"BOA VISTA";"Ingestão de Álcool";"Colisão traseira";"Sem Vítimas";"Anoitecer";"Decrescente";"Céu Claro";"Dupla";"Reta";"Sim";2;0;0;0;2;0;0;2;2,805917;-60,69062;"SR-RR";"UOP01";"DEL01"
276750;2020-03-21;"sábado";"17:50:00";"SC";101;305,5;"LAGUNA";"Ingestão de Álcool";"Colisão lateral";"Com Vítimas Feridas";"Anoitecer";"Decrescente";"Nublado";"Dupla";"Reta";"Não";3;0;1;0;1;1;1;2;-28,39841;-48,78411;"SR-SC";"UOP03";"DEL02"
276752;2020-03-21;"sábado";"19:25:00";"PE";101;73;"RECIFE";"Desobediência às normas de trânsito pelo condutor";"Colisão transversal";"Com Vítimas Feridas";"Plena Noite";"Decrescente";"Céu Claro";"Simples";"Não Informado";"Sim";2;0;1;0;1;0;1;2;-8,093963;-34,94781;"SR-PE";"UOP01";"DEL01"
276753;2020-03-21;"sábado";"19:45:00";"CE";222;121;"ITAPAJE";"Ingestão de Álcool";"Colisão lateral";"Com Vítimas Feridas";"Plena Noite";"Crescente";"Nublado";"Simples";"Reta";"Sim";4;0;1;2;1;0;3;3;-3,707015;-39,56969;"SR-CE";"UOP03";"DEL04"
276755;2020-03-21;"sábado";"13:00:00";"BA";420;10;"SAO SEBASTIAO DO PASSE";"Defeito Mecânico no Veículo";"Incêndio";"Sem Vítimas";"Pleno dia";"Crescente";"Sol";"Simples";"Reta";"Não";1;0;0;0;1;0;0;1;-12,40814;-38,39597;"SR-BA";"UOP01";"DEL01"
276756;2020-03-21;"sábado";"20:00:00";"MG";262;401;"PARA DE MINAS";"Desobediência às normas de trânsito pelo condutor";"Colisão frontal";"Com Vítimas Feridas";"Plena Noite";"Crescente";"Nublado";"Dupla";"Curva";"Sim";5;0;0;1;4;0;1;2;-19,90019;-44,55287;"SR-MG";"UOP03";"DEL08"
276757;2020-03-21;"sábado";"19:40:00";"SE";235;56;"ITABAIANA";"Falta de Atenção à Condução";"Queda de ocupante de veículo";"Com Vítimas Feridas";"Plena Noite";"Crescente";"Céu Claro";"Simples";"Reta";"Não";2;0;2;0;0;0;2;1;-10,65864;-37,44843;"SR-SE";"UOP02";"DEL01"
276758;2020-03-21;"sábado";"19:40:00";"RS";116;155;"CAXIAS DO SUL";"Falta de Atenção à Condução";"Colisão com objeto estático";"Sem Vítimas";"Plena Noite";"Crescente";"Céu Claro";"Dupla";"Reta";"Não";1;0;0;0;1;0;0;1;-29,19873;-51,1763;"SR-RS";"UOP01";"DEL05"
276759;2020-03-21;"sábado";"20:00:00";"MG";365;162,2;"PIRAPORA";"Velocidade Incompatível";"Colisão transversal";"Com Vítimas Feridas";"Plena Noite";"Decrescente";"Nublado";"Simples";"Reta";"Sim";2;0;0;1;1;0;1;2;-17,36638;-44,93767;"SR-MG";"UOP01";"DEL12"
276761;2020-03-21;"sábado";"20:30:00";"SC";101;84,8;"BARRA VELHA";"Velocidade Incompatível";"Colisão com objeto estático";"Com Vítimas Feridas";"Plena Noite";"Decrescente";"Céu Claro";"Simples";"Não Informado";"Sim";1;0;1;0;0;0;1;1;-26,62405;-48,71395;"SR-SC";"UOP02";"DEL03"
276762;2020-03-21;"sábado";"20:45:00";"PR";116;113,4;"CURITIBA";"Ingestão de Álcool";"Saída de leito carroçável";"Com Vítimas Fatais";"Plena Noite";"Decrescente";"Nublado";"Dupla";"Reta";"Sim";2;1;0;0;1;0;0;2;-25,5499;-49,28279;"SR-PR";"UOP04";"DEL01"
276763;2020-03-21;"sábado";"15:25:00";"MT";70;713,4;"CACERES";"Pista Escorregadia";"Saída de leito carroçável";"Sem Vítimas";"Pleno dia";"Crescente";"Chuva";"Simples";"Curva";"Não";1;0;0;0;1;0;0;1;-16,19498;-57,58836;"SR-MT";"UOP01";"DEL03"
276764;2020-03-21;"sábado";"18:40:00";"PI";316;47,1;"LAGOA DO PIAUI";"Animais na Pista";"Atropelamento de Animal";"Com Vítimas Feridas";"Plena Noite";"Crescente";"Chuva";"Simples";"Reta";"Não";1;0;0;1;0;0;1;1;-5,466057;-42,63592;"SR-PI";"UOP02";"DEL01"
276765;2020-03-21;"sábado";"20:48:00";"CE";222;2,9;"FORTALEZA";"Desobediência às normas de trânsito pelo condutor";"Colisão transversal";"Com Vítimas Feridas";"Plena Noite";"Crescente";"Céu Claro";"Múltipla";"Interseção de vias";"Sim";4;0;0;3;0;1;3;2;-3,740085;-38,59466;"SR-CE";"UOP01";"DEL01"
276766;2020-03-21;"sábado";"19:50:00";"MS";163;261,9;"DOURADOS";"Falta de Atenção à Condução";"Saída de leito carroçável";"Sem Vítimas";"Plena Noite";"Crescente";"Céu Claro";"Dupla";"Reta";"Sim";1;0;0;0;0;1;0;1;-22,23864;-54,76553;"SR-MS";"UOP01";"DEL04"
276767;2020-03-21;"sábado";"20:07:00";"PR";277;530,9;"GUARANIACU";"Ingestão de Álcool";"Atropelamento de Pedestre";"Com Vítimas Feridas";"Plena Noite";"Crescente";"Céu Claro";"Simples";"Reta";"Não";3;0;0;1;1;1;1;1;-25,09662;-52,96646;"SR-PR";"UOP02";"DEL04"
276768;2020-03-21;"sábado";"20:00:00";"DF";60;2;"BRASILIA";"Ingestão de Álcool";"Saída de leito carroçável";"Com Vítimas Feridas";"Plena Noite";"Crescente";"Céu Claro";"Simples";"Reta";"Não";5;0;3;1;0;1;4;1;-15,88738;-48,07799;"SR-DF";"UOP02";"DEL01"
276769;2020-03-21;"sábado";"19:00:00";"BA";242;218;"ITABERABA";"Desobediência às normas de trânsito pelo condutor";"Colisão traseira";"Com Vítimas Feridas";"Plena Noite";"Crescente";"Garoa/Chuvisco";"Simples";"Reta";"Não";3;0;1;1;1;0;2;2;-12,52106;-40,21476;"SR-BA";"UOP02";"DEL06"
276770;2020-03-21;"sábado";"21:00:00";"PR";476;145;"CURITIBA";"Desobediência às normas de trânsito pelo pedestre";"Atropelamento de Pedestre";"Com Vítimas Feridas";"Plena Noite";"Crescente";"Céu Claro";"Dupla";"Reta";"Não";2;0;2;0;0;0;2;2;-25,54775;-49,32095;"SR-PR";"UOP04";"DEL01"
276771;2020-03-21;"sábado";"18:30:00";"BA";407;195;"PONTO NOVO";"Desobediência às normas de trânsito pelo condutor";"Colisão frontal";"Sem Vítimas";"Plena Noite";"Decrescente";"Céu Claro";"Simples";"Reta";"Sim";2;0;0;0;2;0;0;2;-11,06197;-40,08611;"SR-BA";"UOP02";"DEL04"
276772;2020-03-21;"sábado";"21:00:00";"PI";316;1;"TERESINA";"Animais na Pista";"Atropelamento de Animal";"Com Vítimas Fatais";"Plena Noite";"Decrescente";"Nublado";"Simples";"Reta";"Sim";1;1;0;0;0;0;0;1;-5,128619;-42,80707;"SR-PI";"UOP02";"DEL01"
276773;2020-03-21;"sábado";"21:40:00";"SC";470;54,4;"BLUMENAU";"Desobediência às normas de trânsito pelo condutor";"Colisão transversal";"Com Vítimas Feridas";"Plena Noite";"Crescente";"Céu Claro";"Simples";"Interseção de vias";"Sim";3;0;2;0;1;0;2;2;-26,87326;-49,11421;"SR-SC";"UOP01";"DEL04"
276774;2020-03-21;"sábado";"21:40:00";"SE";101;89;"NOSSA SENHORA DO SOCORRO";"Ingestão de Álcool";"Colisão traseira";"Com Vítimas Feridas";"Plena Noite";"Crescente";"Céu Claro";"Dupla";"Reta";"Não";2;0;0;1;1;0;1;2;-10,88051;-37,13356;"SR-SE";"UOP01";"DEL01"
276776;2020-03-21;"sábado";"22:10:00";"PR";476;278,5;"SAO MATEUS DO SUL";"Ingestão de Álcool";"Colisão transversal";"Com Vítimas Feridas";"Plena Noite";"Crescente";"Nublado";"Simples";"Reta";"Sim";2;0;1;0;1;0;1;2;-25,86875;-50,39648;"SR-PR";"UOP05";"DEL03"
276778;2020-03-21;"sábado";"22:30:00";"GO";70;9,8;"AGUAS LINDAS DE GOIAS";"Ingestão de Álcool";"Colisão transversal";"Sem Vítimas";"Plena Noite";"Decrescente";"Chuva";"Dupla";"Não Informado";"Sim";2;0;0;0;2;0;0;2;-15,73577;-48,28288;"SR-DF";"UOP03";"DEL01"
276779;2020-03-21;"sábado";"21:30:00";"MG";356;265,8;"MURIAE";"Falta de Atenção à Condução";"Colisão transversal";"Com Vítimas Feridas";"Plena Noite";"Decrescente";"Chuva";"Simples";"Não Informado";"Sim";3;0;0;1;0;2;1;2;-21,12724;-42,36912;"SR-MG";"UOP02";"DEL07"
276780;2020-03-21;"sábado";"22:30:00";"SP";116;212;"GUARULHOS";"Falta de Atenção à Condução";"Colisão com objeto estático";"Com Vítimas Feridas";"Plena Noite";"Crescente";"Nublado";"Múltipla";"Reta";"Não";1;0;1;0;0;0;1;1;-23,43608;-46,42805;"SR-SP";"UOP01";"DEL01"
276781;2020-03-21;"sábado";"22:30:00";"PE";428;186,9;"PETROLINA";"Ingestão de Álcool";"Colisão transversal";"Com Vítimas Feridas";"Plena Noite";"Decrescente";"Céu Claro";"Simples";"Reta";"Sim";3;0;0;1;0;2;1;2;-9,348078;-40,47441;"SR-PE";"UOP01";"DEL06"
276782;2020-03-21;"sábado";"22:00:00";"MG";381;533,4;"ITATIAIUCU";"Velocidade Incompatível";"Saída de leito carroçável";"Com Vítimas Feridas";"Plena Noite";"Crescente";"Chuva";"Dupla";"Não Informado";"Não";3;0;1;2;0;0;3;1;-20,17396;-44,37585;"SR-MG";"UOP03";"DEL04"
276784;2020-03-21;"sábado";"23:00:00";"PR";116;69,6;"CAMPINA GRANDE DO SUL";"Ingestão de Álcool";"Tombamento";"Com Vítimas Feridas";"Plena Noite";"Crescente";"Nublado";"Dupla";"Reta";"Não";2;0;1;0;1;0;1;2;-25,33112;-49,03156;"SR-PR";"UOP01";"DEL01"
276785;2020-03-21;"sábado";"16:05:00";"MT";158;604,3;"AGUA BOA";"Velocidade Incompatível";"Saída de leito carroçável";"Com Vítimas Feridas";"Pleno dia";"Crescente";"Nublado";"Simples";"Reta";"Não";1;0;1;0;0;0;1;1;-14,35846;-52,1691;"SR-MT";"UOP02";"DEL07"
276786;2020-03-21;"sábado";"22:40:00";"SP";116;138,9;"SAO JOSE DOS CAMPOS";"Desobediência às normas de trânsito pelo condutor";"Colisão transversal";"Com Vítimas Feridas";"Plena Noite";"Decrescente";"Nublado";"Dupla";"Reta";"Não";4;0;1;1;1;1;2;3;-23,15727;-45,79555;"SR-SP";"UOP01";"DEL06"
276788;2020-03-21;"sábado";"23:35:00";"MG";381;478;"CONTAGEM";"Falta de Atenção à Condução";"Colisão lateral";"Sem Vítimas";"Plena Noite";"Decrescente";"Céu Claro";"Múltipla";"Não Informado";"Sim";2;0;0;0;2;0;0;2;-19,95826;-44,05921;"SR-MG";"UOP03";"DEL01"
276789;2020-03-21;"sábado";"21:50:00";"MS";163;77;"ITAQUIRAI";"Desobediência às normas de trânsito pelo condutor";"Colisão transversal";"Com Vítimas Feridas";"Plena Noite";"Crescente";"Céu Claro";"Dupla";"Reta";"Sim";2;0;0;1;1;0;1;2;-23,47912;-54,18697;"SR-MS";"UOP01";"DEL09"
276790;2020-03-21;"sábado";"22:00:00";"MG";40;506,1;"RIBEIRAO DAS NEVES";"Velocidade Incompatível";"Saída de leito carroçável";"Com Vítimas Feridas";"Plena Noite";"Decrescente";"Nublado";"Dupla";"Retorno Regulamentado";"Sim";1;0;1;0;0;0;1;1;-19,74717;-44,14731;"SR-MG";"UOP01";"DEL02"
276791;2020-03-21;"sábado";"23:50:00";"ES";482;99;"GUACUI";"Falta de Atenção à Condução";"Tombamento";"Com Vítimas Fatais";"Plena Noite";"Crescente";"Céu Claro";"Simples";"Curva";"Não";1;1;0;0;0;0;0;1;-20,77171;-41,62619;"SR-ES";"UOP02";"DEL03"
276792;2020-03-22;"domingo";"00:05:00";"PA";316;108;"SANTA MARIA DO PARA";"Falta de Atenção à Condução";"Saída de leito carroçável";"Com Vítimas Feridas";"Plena Noite";"Decrescente";"Nublado";"Simples";"Reta";"Não";1;0;1;0;0;0;1;1;-1,333277;-47,535;"SR-PA";"UOP02";"DEL01"
276793;2020-03-22;"domingo";"02:00:00";"RN";101;94;"NATAL";"Falta de Atenção à Condução";"Colisão com objeto estático";"Sem Vítimas";"Plena Noite";"Crescente";"Céu Claro";"Múltipla";"Reta";"Sim";1;0;0;0;0;1;0;1;-5,831766;-35,21191;"SR-RN";"UOP01";"DEL01"
276795;2020-03-21;"sábado";"22:40:00";"PR";116;158;"QUITANDINHA";"Falta de Atenção à Condução";"Queda de ocupante de veículo";"Com Vítimas Feridas";"Plena Noite";"Decrescente";"Nublado";"Simples";"Reta";"Não";1;0;1;0;0;0;1;1;-25,86775;-49,37339;"SR-PR";"UOP03";"DEL01"
276796;2020-03-22;"domingo";"03:19:00";"GO";60;34,2;"GOIANIA";"Ingestão de Álcool";"Colisão frontal";"Com Vítimas Feridas";"Plena Noite";"Crescente";"Céu Claro";"Dupla";"Reta";"Sim";2;0;1;0;1;0;1;2;-16,6777;-49,2676;"SR-GO";"UOP02";"DEL01"
276797;2020-03-21;"sábado";"16:25:00";"BA";415;49;"ITABUNA";"Falta de Atenção à Condução";"Queda de ocupante de veículo";"Com Vítimas Feridas";"Pleno dia";"Crescente";"Céu Claro";"Simples";"Reta";"Sim";1;0;1;0;0;0;1;1;-14,81574;-39,29612;"SR-BA";"UOP01";"DEL05"
276798;2020-03-21;"sábado";"19:35:00";"BA";101;760;"ITABELA";"Ingestão de Álcool";"Queda de ocupante de veículo";"Com Vítimas Feridas";"Plena Noite";"Crescente";"Céu Claro";"Simples";"Reta";"Não";1;0;1;0;0;0;1;1;-16,83633;-39,48731;"SR-BA";"UOP01";"DEL09"
276799;2020-01-22;"quarta-feira";"19:30:00";"BA";116;272;"TUCANO";"Falta de Atenção à Condução";"Atropelamento de Pedestre";"Com Vítimas Fatais";"Plena Noite";"Decrescente";"Ignorado";"Simples";"Reta";"Sim";3;1;0;2;0;0;2;1;-10,96129;-38,79158;"SR-BA";"UOP02";"DEL07"
276800;2020-03-22;"domingo";"05:50:00";"MG";365;674;"MONTE ALEGRE DE MINAS";"Pista Escorregadia";"Capotamento";"Com Vítimas Feridas";"Amanhecer";"Crescente";"Chuva";"Múltipla";"Reta";"Não";2;0;2;0;0;0;2;1;-18,86311;-48,76609;"SR-MG";"UOP01";"DEL15"
276801;2020-03-22;"domingo";"03:50:00";"PR";376;616;"SAO JOSE DOS PINHAIS";"Falta de Atenção à Condução";"Queda de ocupante de veículo";"Com Vítimas Feridas";"Plena Noite";"Crescente";"Céu Claro";"Dupla";"Reta";"Sim";1;0;1;0;0;0;1;1;-25,56574;-49,18055;"SR-PR";"UOP01";"DEL01"
276802;2020-03-22;"domingo";"02:15:00";"MG";262;632,1;"IBIA";"Ingestão de álcool e/ou substâncias psicoativas pelo pedestre";"Saída de leito carroçável";"Sem Vítimas";"Plena Noite";"Decrescente";"Céu Claro";"Múltipla";"Interseção de vias";"Não";2;0;0;0;1;1;0;1;-19,59165;-46,49311;"SR-MG";"UOP01";"DEL08"
276803;2020-03-22;"domingo";"05:30:00";"GO";153;48;"PORANGATU";"Condutor Dormindo";"Colisão lateral";"Com Vítimas Feridas";"Amanhecer";"Crescente";"Garoa/Chuvisco";"Simples";"Reta";"Não";3;0;1;0;0;2;1;2;-13,2395;-49,1424;"SR-GO";"UOP01";"DEL07"
276804;2020-03-22;"domingo";"06:45:00";"SC";101;153;"ITAPEMA";"Defeito Mecânico no Veículo";"Danos eventuais";"Com Vítimas Feridas";"Pleno dia";"Crescente";"Nublado";"Dupla";"Reta";"Não";1;0;1;0;0;0;1;1;-27,14499;-48,61066;"SR-SC";"UOP03";"DEL04"
276805;2020-03-22;"domingo";"06:30:00";"ES";101;124,4;"SOORETAMA";"Falta de Atenção à Condução";"Saída de leito carroçável";"Sem Vítimas";"Amanhecer";"Crescente";"Céu Claro";"Simples";"Reta";"Sim";1;0;0;0;0;1;0;1;-19,17653;-40,09118;"SR-ES";"UOP01";"DEL04"
276806;2020-03-21;"sábado";"23:00:00";"BA";116;601,8;"IRAJUBA";"Avarias e/ou desgaste excessivo no pneu";"Saída de leito carroçável";"Sem Vítimas";"Plena Noite";"Crescente";"Céu Claro";"Simples";"Reta";"Não";1;0;0;0;1;0;0;1;-13,25173;-40,01328;"SR-BA";"UOP02";"DEL03"
276807;2020-03-21;"sábado";"11:00:00";"SP";116;52,5;"LORENA";"Objeto estático sobre o leito carroçável";"Tombamento";"Com Vítimas Feridas";"Pleno dia";"Crescente";"Nublado";"Dupla";"Curva";"Sim";1;0;1;0;0;0;1;1;-22,74708;-45,09973;"SR-SP";"UOP02";"DEL08"
276808;2020-03-22;"domingo";"06:15:00";"PI";230;182;"SAO JOAO DA VARJOTA";"Ingestão de Álcool";"Colisão frontal";"Com Vítimas Feridas";"Pleno dia";"Crescente";"Nublado";"Simples";"Reta";"Não";2;0;1;0;1;0;1;2;-6,95379;-42,0067;"SR-PI";"UOP01";"DEL04"
276809;2020-03-22;"domingo";"08:20:00";"GO";40;6,3;"VALPARAISO DE GOIAS";"Falta de Atenção à Condução";"Queda de ocupante de veículo";"Com Vítimas Feridas";"Pleno dia";"Crescente";"Céu Claro";"Dupla";"Reta";"Sim";1;0;1;0;0;0;1;1;-16,10081;-47,97735;"SR-DF";"UOP01";"DEL01"
276810;2020-03-22;"domingo";"08:00:00";"PR";476;133;"CURITIBA";"Falta de Atenção à Condução";"Colisão traseira";"Com Vítimas Feridas";"Pleno dia";"Crescente";"Céu Claro";"Múltipla";"Reta";"Sim";2;0;1;0;1;0;1;2;-25,45575;-49,2512;"SR-PR";"UOP03";"DEL01"
276811;2020-03-22;"domingo";"09:10:00";"GO";60;105;"GOIANAPOLIS";"Condutor Dormindo";"Saída de leito carroçável";"Com Vítimas Feridas";"Pleno dia";"Crescente";"Céu Claro";"Dupla";"Não Informado";"Não";1;0;1;0;0;0;1;1;-16,42201;-49,01267;"SR-GO";"UOP01";"DEL02"
276813;2020-02-19;"quarta-feira";"19:20:00";"PE";104;92;"AGRESTINA";"Desobediência às normas de trânsito pelo condutor";"Colisão frontal";"Com Vítimas Fatais";"Plena Noite";"Decrescente";"Céu Claro";"Simples";"Reta";"Sim";2;1;0;0;1;0;0;2;-8,496525;-35,94801;"SR-PE";"UOP01";"DEL02"
276814;2020-03-21;"sábado";"20:30:00";"PE";408;77,5;"PAUDALHO";"Defeito Mecânico no Veículo";"Saída de leito carroçável";"Com Vítimas Feridas";"Plena Noite";"Decrescente";"Ignorado";"Dupla";"Reta";"Não";1;0;1;0;0;0;1;1;-7,921413;-35,15839;"SR-PE";"UOP01";"DEL01"
276815;2020-03-22;"domingo";"09:25:00";"ES";101;246;"SERRA";"Condutor Dormindo";"Saída de leito carroçável";"Com Vítimas Feridas";"Pleno dia";"Crescente";"Céu Claro";"Simples";"Reta";"Não";2;0;1;0;1;0;1;1;-20,06198;-40,37679;"SR-ES";"UOP01";"DEL02"
276816;2020-03-22;"domingo";"10:00:00";"SC";101;148;"ITAPEMA";"Falta de Atenção à Condução";"Colisão transversal";"Com Vítimas Feridas";"Pleno dia";"Crescente";"Céu Claro";"Dupla";"Interseção de vias";"Sim";2;0;1;0;1;0;1;2;-27,10124;-48,61808;"SR-SC";"UOP03";"DEL04"
276817;2020-03-21;"sábado";"14:45:00";"MG";365;384;"PATOS DE MINAS";"Velocidade Incompatível";"Saída de leito carroçável";"Com Vítimas Feridas";"Pleno dia";"Decrescente";"Chuva";"Simples";"Reta";"Não";1;0;1;0;0;0;1;1;-18,58048;-46,27;"SR-MG";"UOP01";"DEL10"
276818;2020-03-22;"domingo";"11:00:00";"MG";381;492;"BETIM";"Falta de Atenção à Condução";"Colisão traseira";"Com Vítimas Feridas";"Pleno dia";"Decrescente";"Nublado";"Múltipla";"Reta";"Sim";2;0;1;0;1;0;1;2;-19,96109;-44,15405;"SR-MG";"UOP03";"DEL01"
276819;2020-03-22;"domingo";"23:20:00";"MG";116;164,8;"PADRE PARAISO";"Falta de Atenção à Condução";"Tombamento";"Com Vítimas Feridas";"Plena Noite";"Crescente";"Nublado";"Simples";"Curva";"Não";1;0;0;1;0;0;1;1;-16,96644;-41,451;"SR-MG";"UOP02";"DEL11"
276820;2020-03-14;"sábado";"20:00:00";"MS";158;268;"TRES LAGOAS";"Falta de Atenção à Condução";"Colisão com objeto estático";"Com Vítimas Feridas";"Plena Noite";"Decrescente";"Céu Claro";"Dupla";"Retorno Regulamentado";"Sim";1;0;1;0;0;0;1;1;-20,7632;-51,68869;"SR-MS";"UOP01";"DEL07"
276821;2020-03-22;"domingo";"11:30:00";"PA";316;29;"SANTA IZABEL DO PARA";"Defeito na Via";"Tombamento";"Com Vítimas Feridas";"Pleno dia";"Decrescente";"Céu Claro";"Dupla";"Reta";"Não";2;0;2;0;0;0;2;1;-1,307982;-48,21337;"SR-PA";"UOP01";"DEL01"
276822;2020-03-22;"domingo";"11:40:00";"PE";101;74,1;"RECIFE";"Velocidade Incompatível";"Tombamento";"Com Vítimas Feridas";"Pleno dia";"Crescente";"Sol";"Dupla";"Curva";"Sim";2;0;2;0;0;0;2;1;-8,104075;-34,94863;"SR-PE";"UOP01";"DEL01"
276824;2020-03-22;"domingo";"11:15:00";"PB";230;142,2;"CAMPINA GRANDE";"Defeito Mecânico no Veículo";"Tombamento";"Com Vítimas Feridas";"Pleno dia";"Crescente";"Nublado";"Dupla";"Não Informado";"Não";2;0;2;0;0;0;2;1;-7,255882;-35,82091;"SR-PB";"UOP01";"DEL02"