"id";"data_inversa";"dia_semana";"horario";"uf";"br";"km";"municipio";"causa_acidente";"tipo_acidente";"classificacao_acidente";"fase_dia";"sentido_via";"condicao_metereologica";"tipo_pista";"tracado_via";"uso_solo";"pessoas";"mortos";"feridos_leves";"feridos_graves";"ilesos";"ignorados";"feridos";"veiculos";"latitude";"longitude";"regional";"delegacia";"uop"
276913;2020-03-22;"domingo";"21:10:00";"RO";364;511,6;"ARIQUEMES";"Ultrapassagem Indevida";"Colisão frontal";"Com Vítimas Fatais";"Plena Noite";"Decrescente";"Ignorado";"Dupla";"Reta";"Não";2;1;1;0;0;0;1;2;-9,959943;-63,05034;"SR-RO";"UOP01";"DEL03"
276915;2020-03-22;"domingo";"15:30:00";"MA";135;16,4;"SAO LUIS";"Falta de Atenção à Condução";"Colisão transversal";"Com Vítimas Feridas";"Pleno dia";"Decrescente";"Céu Claro";"Dupla";"Rotatória";"Não";2;0;0;1;1;0;1;2;-2,702641;-44,3105;"SR-MA";"UOP01";"DEL01"
276916;2020-03-22;"domingo";"18:20:00";"GO";364;139;"JATAI";"Pista Escorregadia";"Colisão frontal";"Com Vítimas Feridas";"Anoitecer";"Decrescente";"Chuva";"Simples";"Reta";"Não";5;0;0;3;1;1;3;2;-18,196;-51,34048;"SR-GO";"UOP01";"DEL05"
276917;2020-03-23;"segunda-feira";"02:30:00";"SP";116;148;"SAO JOSE DOS CAMPOS";"Falta de Atenção do Pedestre";"Atropelamento de Pedestre";"Com Vítimas Fatais";"Plena Noite";"Decrescente";"Nublado";"Múltipla";"Reta";"Sim";2;1;0;0;1;0;0;1;-23,20067;-45,8795;"SR-SP";"UOP01";"DEL02"
276918;2020-03-22;"domingo";"22:30:00";"PB";230;179;"POCINHOS";"Desobediência às normas de trânsito pelo condutor";"Saída de leito carroçável";"Com Vítimas Feridas";"Plena Noite";"Decrescente";"Céu Claro";"Simples";"Reta";"Não";2;0;1;0;0;1;1;1;-7,1663;-36,0578;"SR-PB";"UOP02";"DEL02"
276919;2020-03-23;"segunda-feira";"02:00:00";"SP";116;98,9;"PINDAMONHANGABA";"Desobediência às normas de trânsito pelo condutor";"Tombamento";"Com Vítimas Feridas";"Plena Noite";"Decrescente";"Nublado";"Dupla";"Reta";"Não";1;0;1;0;0;0;1;1;-22,97805;-45,45583;"SR-SP";"UOP01";"DEL06"
276921;2020-03-23;"segunda-feira";"01:20:00";"RJ";101;296;"ITABORAI";"Pista Escorregadia";"Tombamento";"Com Vítimas Feridas";"Plena Noite";"Crescente";"Nublado";"Dupla";"Curva";"Sim";1;0;1;0;0;0;1;1;-22,76705;-42,9102;"SR-RJ";"UOP03";"DEL02"
276922;2020-03-23;"segunda-feira";"02:30:00";"RJ";101;56;"CAMPOS DOS GOYTACAZES";"Animais na Pista";"Atropelamento de Animal";"Com Vítimas Feridas";"Plena Noite";"Crescente";"Nublado";"Simples";"Reta";"Sim";1;0;1;0;0;0;1;1;-21,68714;-41,31064;"SR-RJ";"UOP01";"DEL08"
276923;2020-03-23;"segunda-feira";"04:00:00";"BA";324;583;"CANDEIAS";"Animais na Pista";"Atropelamento de Animal";"Com Vítimas Feridas";"Plena Noite";"Decrescente";"Nublado";"Dupla";"Reta";"Não";4;0;2;0;2;0;2;1;-12,61419;-38,487;"SR-BA";"UOP01";"DEL01"
276924;2020-03-23;"segunda-feira";"04:00:00";"PR";277;655,3;"MATELANDIA";"Velocidade Incompatível";"Saída de leito carroçável";"Com Vítimas Feridas";"Plena Noite";"Crescente";"Nublado";"Simples";"Reta";"Não";2;0;2;0;0;0;2;1;-25,23079;-53,95279;"SR-PR";"UOP05";"DEL04"
276925;2020-03-23;"segunda-feira";"03:00:00";"CE";222;128;"ITAPAJE";"Condutor Dormindo";"Colisão com objeto estático";"Sem Vítimas";"Plena Noite";"Crescente";"Ignorado";"Simples";"Curva";"Não";1;0;0;0;0;1;0;1;-3,704273;-39,61529;"SR-CE";"UOP03";"DEL04"
276926;2020-03-23;"segunda-feira";"05:00:00";"BA";324;602;"SIMOES FILHO";"Condutor Dormindo";"Colisão traseira";"Sem Vítimas";"Amanhecer";"Crescente";"Céu Claro";"Dupla";"Reta";"Não";2;0;0;0;2;0;0;2;-12,76403;-38,42393;"SR-BA";"UOP01";"DEL01"
276927;2020-03-23;"segunda-feira";"05:30:00";"BA";101;756,7;"ITABELA";"Condutor Dormindo";"Colisão com objeto estático";"Com Vítimas Feridas";"Amanhecer";"Decrescente";"Garoa/Chuvisco";"Simples";"Não Informado";"Não";5;0;2;0;3;0;2;1;-16,80602;-39,48209;"SR-BA";"UOP01";"DEL09"
276929;2020-03-23;"segunda-feira";"06:10:00";"ES";101;249;"SERRA";"Condutor Dormindo";"Colisão frontal";"Com Vítimas Feridas";"Pleno dia";"Crescente";"Garoa/Chuvisco";"Simples";"Curva";"Sim";2;0;1;0;1;0;1;2;-20,07372;-40,35346;"SR-ES";"UOP01";"DEL02"
276931;2020-03-23;"segunda-feira";"05:40:00";"PR";277;120;"CAMPO LARGO";"Falta de Atenção à Condução";"Colisão traseira";"Com Vítimas Feridas";"Amanhecer";"Decrescente";"Nevoeiro/Neblina";"Simples";"Reta";"Não";2;0;1;0;1;0;1;2;-25,43652;-49,44347;"SR-PR";"UOP03";"DEL03"
276932;2020-03-22;"domingo";"10:10:00";"TO";153;601,2;"CRIXAS DO TOCANTINS";"Ultrapassagem Indevida";"Tombamento";"Com Vítimas Feridas";"Pleno dia";"Crescente";"Nublado";"Simples";"Reta";"Não";1;0;1;0;0;0;1;1;-11,12582;-48,92299;"SR-TO";"UOP01";"DEL02"
276933;2020-03-23;"segunda-feira";"05:30:00";"RJ";116;166,8;"SAO JOAO DE MERITI";"Desobediência às normas de trânsito pelo condutor";"Colisão lateral";"Com Vítimas Feridas";"Amanhecer";"Decrescente";"Céu Claro";"Múltipla";"Reta";"Sim";2;0;1;0;1;0;1;2;-22,8156;-43,30052;"SR-RJ";"UOP02";"DEL01"
276934;2020-03-21;"sábado";"19:00:00";"MA";226;147,7;"GOVERNADOR EUGENIO BARROS";"Defeito na Via";"Tombamento";"Sem Vítimas";"Plena Noite";"Decrescente";"Céu Claro";"Simples";"Não Informado";"Não";2;0;0;0;2;0;0;1;-5,316603;-44,03938;"SR-MA";"UOP02";"DEL03"
276935;2020-03-23;"segunda-feira";"03:30:00";"BA";116;354,9;"SERRINHA";"Falta de Atenção à Condução";"Saída de leito carroçável";"Sem Vítimas";"Plena Noite";"Crescente";"Chuva";"Simples";"Reta";"Sim";1;0;0;0;1;0;0;1;-11,62682;-38,98193;"SR-BA";"UOP01";"DEL02"
276936;2020-03-23;"segunda-feira";"06:23:00";"SP";116;214;"GUARULHOS";"Falta de Atenção à Condução";"Colisão traseira";"Com Vítimas Feridas";"Pleno dia";"Decrescente";"Céu Claro";"Múltipla";"Não Informado";"Sim";2;0;1;0;0;1;1;2;-23,44214;-46,44213;"SR-SP";"UOP01";"DEL01"
276937;2020-03-23;"segunda-feira";"07:00:00";"RJ";40;73;"PETROPOLIS";"Defeito Mecânico no Veículo";"Saída de leito carroçável";"Com Vítimas Feridas";"Pleno dia";"Decrescente";"Céu Claro";"Dupla";"Reta";"Não";2;0;1;1;0;0;2;1;-22,45927;-43,21755;"SR-RJ";"UOP03";"DEL06"
276938;2020-03-23;"segunda-feira";"04:00:00";"MG";40;523,1;"CONTAGEM";"Defeito Mecânico no Veículo";"Colisão traseira";"Com Vítimas Feridas";"Plena Noite";"Crescente";"Céu Claro";"Dupla";"Reta";"Sim";2;0;1;0;0;1;1;2;-19,86875;-44,05962;"SR-MG";"UOP02";"DEL01"
276939;2020-03-22;"domingo";"19:00:00";"MS";158;1,2;"CASSILANDIA";"Defeito Mecânico no Veículo";"Colisão com objeto estático";"Com Vítimas Feridas";"Plena Noite";"Crescente";"Céu Claro";"Simples";"Reta";"Sim";1;0;0;1;0;0;1;1;-19,10865;-51,74467;"SR-MS";"UOP01";"DEL08"
276940;2020-03-23;"segunda-feira";"06:55:00";"PE";101;69,1;"RECIFE";"Falta de Atenção à Condução";"Colisão transversal";"Sem Vítimas";"Pleno dia";"Crescente";"Céu Claro";"Dupla";"Reta";"Sim";2;0;0;0;2;0;0;2;-8,059516;-34,94581;"SR-PE";"UOP01";"DEL01"
276941;2020-03-23;"segunda-feira";"07:00:00";"MG";40;480,8;"SETE LAGOAS";"Falta de Atenção do Pedestre";"Atropelamento de Pedestre";"Com Vítimas Fatais";"Pleno dia";"Crescente";"Céu Claro";"Dupla";"Reta";"Não";4;1;0;0;2;1;0;1;-19,54852;-44,24616;"SR-MG";"UOP01";"DEL02"
276942;2020-03-22;"domingo";"19:00:00";"GO";158;268;"JATAI";"Falta de Atenção à Condução";"Colisão lateral";"Com Vítimas Feridas";"Plena Noite";"Decrescente";"Garoa/Chuvisco";"Simples";"Rotatória";"Sim";2;0;1;0;1;0;1;2;-17,84668;-51,73598;"SR-GO";"UOP01";"DEL05"
276943;2020-03-23;"segunda-feira";"08:20:00";"MG";459;106,3;"POUSO ALEGRE";"Ultrapassagem Indevida";"Colisão lateral";"Com Vítimas Feridas";"Pleno dia";"Decrescente";"Sol";"Simples";"Retorno Regulamentado";"Não";3;0;1;0;1;1;1;2;-22,23944;-45,87746;"SR-MG";"UOP01";"DEL16"
276944;2020-03-23;"segunda-feira";"07:10:00";"PR";277;371,3;"GUARAPUAVA";"Falta de Atenção à Condução";"Colisão lateral";"Sem Vítimas";"Pleno dia";"Decrescente";"Céu Claro";"Simples";"Não Informado";"Não";2;0;0;0;2;0;0;2;-25,40807;-51,70719;"SR-PR";"UOP01";"DEL08"
276945;2020-03-23;"segunda-feira";"09:20:00";"PE";408;82,5;"PAUDALHO";"Falta de Atenção à Condução";"Colisão transversal";"Com Vítimas Feridas";"Pleno dia";"Crescente";"Céu Claro";"Dupla";"Reta";"Sim";2;0;1;0;1;0;1;2;-7,94416;-35,11977;"SR-PE";"UOP01";"DEL01"
276946;2020-03-23;"segunda-feira";"08:10:00";"SP";381;90;"GUARULHOS";"Falta de Atenção à Condução";"Colisão lateral";"Com Vítimas Feridas";"Pleno dia";"Crescente";"Céu Claro";"Dupla";"Reta";"Sim";1;0;1;0;0;0;1;1;-23,49479;-46,5596;"SR-SP";"UOP01";"DEL03"
276947;2020-03-21;"sábado";"22:30:00";"BA";235;188,1;"CANUDOS";"Falta de Atenção à Condução";"Colisão lateral";"Com Vítimas Fatais";"Plena Noite";"Decrescente";"Nublado";"Simples";"Reta";"Não";2;1;0;0;1;0;0;2;-9,964425;-39,16304;"SR-BA";"UOP01";"DEL07"
276948;2020-03-18;"quarta-feira";"23:45:00";"MT";364;442;"VARZEA GRANDE";"Falta de Atenção à Condução";"Colisão lateral";"Com Vítimas Feridas";"Plena Noite";"Decrescente";"Garoa/Chuvisco";"Simples";"Curva";"Não";2;0;1;0;1;0;1;2;-15,59936;-56,21826;"SR-MT";"DEL2/4";"UOP02/MT"
276949;2020-03-16;"segunda-feira";"05:50:00";"MS";267;305,2;"RIO BRILHANTE";"Falta de Atenção à Condução";"Colisão lateral";"Com Vítimas Feridas";"Amanhecer";"Crescente";"Céu Claro";"Simples";"Curva";"Não";2;0;0;1;1;0;1;2;-21,71263;-54,64636;"SR-MS";"UOP02";"DEL02"
276950;2020-03-23;"segunda-feira";"10:30:00";"SP";101;47,3;"UBATUBA";"Desobediência às normas de trânsito pelo condutor";"Colisão lateral";"Com Vítimas Feridas";"Pleno dia";"Crescente";"Céu Claro";"Simples";"Reta";"Não";2;0;1;0;1;0;1;2;-23,4299;-45,08244;"SR-SP";"UOP02";"DEL06"
276951;2020-03-23;"segunda-feira";"10:25:00";"BA";324;599;"SIMOES FILHO";"Falta de Atenção à Condução";"Colisão lateral";"Com Vítimas Feridas";"Pleno dia";"Crescente";"Nublado";"Múltipla";"Reta";"Sim";2;0;1;0;1;0;1;2;-12,74195;-38,43854;"SR-BA";"UOP01";"DEL01"
276952;2020-03-23;"segunda-feira";"09:45:00";"MG";153;19,2;"CENTRALINA";"Falta de Atenção à Condução";"Saída de leito carroçável";"Com Vítimas Feridas";"Pleno dia";"Decrescente";"Céu Claro";"Dupla";"Reta";"Sim";1;0;1;0;0;0;1;1;-18,58777;-49,19293;"SR-MG";"UOP03";"DEL15"
276953;2020-03-23;"segunda-feira";"11:00:00";"SP";116;170,3;"JACAREI";"Condutor Dormindo";"Capotamento";"Com Vítimas Feridas";"Pleno dia";"Decrescente";"Sol";"Dupla";"Curva";"Não";1;0;1;0;0;0;1;1;-23,30896;-46,05808;"SR-SP";"UOP01";"DEL02"
276955;2020-03-14;"sábado";"13:00:00";"PR";376;170,7;"MARINGA";"Falta de Atenção à Condução";"Tombamento";"Com Vítimas Feridas";"Pleno dia";"Decrescente";"Ignorado";"Dupla";"Curva";"Sim";1;0;1;0;0;0;1;1;-23,4178;-51,9768;"SR-PR";"UOP01";"DEL09"
276956;2020-03-23;"segunda-feira";"09:55:00";"MT";163;119;"RONDONOPOLIS";"Falta de Atenção à Condução";"Colisão lateral";"Com Vítimas Feridas";"Pleno dia";"Crescente";"Sol";"Dupla";"Reta";"Sim";2;0;1;0;1;0;1;2;-16,50541;-54,65154;"SR-MT";"UOP01";"DEL02"
276957;2020-03-23;"segunda-feira";"12:15:00";"PE";101;46,1;"IGARASSU";"Falta de Atenção à Condução";"Colisão lateral";"Com Vítimas Feridas";"Pleno dia";"Decrescente";"Sol";"Múltipla";"Reta";"Sim";2;0;0;1;1;0;1;2;-7,87406;-34,90588;"SR-PE";"UOP02";"DEL01"
276958;2020-03-23;"segunda-feira";"11:15:00";"RJ";40;105;"DUQUE DE CAXIAS";"Ultrapassagem Indevida";"Colisão transversal";"Com Vítimas Feridas";"Pleno dia";"Decrescente";"Céu Claro";"Simples";"Reta";"Não";3;0;2;0;1;0;2;2;-22,63785;-43,28429;"SR-RJ";"UOP01";"DEL01"
276959;2020-03-23;"segunda-feira";"09:10:00";"RJ";101;462,7;"ANGRA DOS REIS";"Defeito Mecânico no Veículo";"Incêndio";"Sem Vítimas";"Pleno dia";"Crescente";"Céu Claro";"Simples";"Reta";"Não";1;0;0;0;1;0;0;1;-23,03089;-44,2058;"SR-RJ";"UOP02";"DEL03"
276960;2020-03-23;"segunda-feira";"10:21:00";"PR";277;471;"NOVA LARANJEIRAS";"Mal Súbito";"Saída de leito carroçável";"Com Vítimas Feridas";"Pleno dia";"Decrescente";"Sol";"Simples";"Reta";"Sim";1;0;0;1;0;0;1;1;-25,32473;-52,51501;"SR-PR";"UOP03";"DEL04"
276964;2020-03-23;"segunda-feira";"13:30:00";"PR";476;136,3;"CURITIBA";"Falta de Atenção do Pedestre";"Atropelamento de Pedestre";"Com Vítimas Feridas";"Pleno dia";"Decrescente";"Céu Claro";"Múltipla";"Reta";"Sim";2;0;1;0;1;0;1;1;-25,49105;-49,27168;"SR-PR";"UOP03";"DEL01"
276965;2020-02-04;"terça-feira";"23:28:00";"SC";470;199,5;"PONTE ALTA";"Desobediência às normas de trânsito pelo condutor";"Colisão lateral";"Com Vítimas Feridas";"Plena Noite";"Crescente";"Garoa/Chuvisco";"Simples";"Reta";"Não";3;0;1;0;2;0;1;3;-27,30661;-50,13539;"SR-SC";"DEL8/5";"UOP03/SC"
276966;2020-03-23;"segunda-feira";"13:30:00";"PI";343;325;"TERESINA";"Falta de Atenção à Condução";"Colisão lateral";"Com Vítimas Feridas";"Pleno dia";"Decrescente";"Céu Claro";"Simples";"Reta";"Não";2;0;0;1;1;0;1;2;-5,065521;-42,60965;"SR-PI";"UOP01";"DEL01"
276967;2020-03-23;"segunda-feira";"14:00:00";"PA";316;45;"SANTA IZABEL DO PARA";"Velocidade Incompatível";"Capotamento";"Com Vítimas Feridas";"Pleno dia";"Crescente";"Céu Claro";"Dupla";"Reta";"Não";3;0;2;0;1;0;2;1;-1,277567;-48,07833;"SR-PA";"UOP01";"DEL01"
276968;2020-03-23;"segunda-feira";"14:00:00";"TO";153;707,7;"CARIRI DO TOCANTINS";"Defeito na Via";"Saída de leito carroçável";"Com Vítimas Fatais";"Pleno dia";"Decrescente";"Céu Claro";"Simples";"Não Informado";"Não";4;1;2;1;0;0;3;1;-12,01359;-49,20042;"SR-TO";"UOP01";"DEL02"
276969;2020-03-23;"segunda-feira";"14:00:00";"PR";476;130;"CURITIBA";"Mal Súbito";"Colisão com objeto estático";"Com Vítimas Feridas";"Pleno dia";"Crescente";"Céu Claro";"Dupla";"Reta";"Sim";1;0;0;1;0;0;1;1;-25,44956;-49,23643;"SR-PR";"UOP06";"DEL01"
276971;2020-03-09;"segunda-feira";"11:00:00";"AM";174;967;"MANAUS";"Condutor Dormindo";"Colisão com objeto estático";"Sem Vítimas";"Pleno dia";"Decrescente";"Céu Claro";"Simples";"Reta";"Não";1;0;0;0;0;1;0;1;-2,249683;-60,03237;"SR-AM";"UOP02";"DEL01"
276972;2020-01-27;"segunda-feira";"10:40:00";"PE";101;69,5;"RECIFE";"Desobediência às normas de trânsito pelo condutor";"Colisão traseira";"Com Vítimas Feridas";"Pleno dia";"Crescente";"Sol";"Múltipla";"Reta";"Sim";3;0;2;0;1;0;2;2;-8,059516;-34,94581;"SR-PE";"UOP01";"DEL01"
276973;2020-03-23;"segunda-feira";"15:40:00";"MG";40;715,9;"BARBACENA";"Falta de Atenção à Condução";"Saída de leito carroçável";"Com Vítimas Feridas";"Pleno dia";"Crescente";"Céu Claro";"Simples";"Curva";"Não";1;0;1;0;0;0;1;1;-21,25162;-43,67182;"SR-MG";"UOP01";"DEL05"
276974;2020-03-23;"segunda-feira";"11:40:00";"MG";459;47,9;"SANTA RITA DE CALDAS";"Ultrapassagem Indevida";"Colisão frontal";"Com Vítimas Feridas";"Pleno dia";"Decrescente";"Céu Claro";"Simples";"Curva";"Não";4;0;4;0;0;0;4;2;-22,0539;-46,28892;"SR-MG";"UOP01";"DEL09"
276975;2020-03-07;"sábado";"13:45:00";"RS";116;49;"VACARIA";"Velocidade Incompatível";"Colisão lateral";"Com Vítimas Feridas";"Pleno dia";"Decrescente";"Céu Claro";"Simples";"Curva";"Não";8;0;3;0;5;0;3;4;-28,56891;-51,00387;"SR-RS";"UOP03";"DEL05"
276976;2020-03-23;"segunda-feira";"16:00:00";"MG";40;628,1;"CONSELHEIRO LAFAIETE";"Velocidade Incompatível";"Colisão traseira";"Com Vítimas Feridas";"Pleno dia";"Crescente";"Céu Claro";"Dupla";"Reta";"Sim";2;0;0;1;1;0;1;2;-20,64411;-43,81128;"SR-MG";"UOP02";"DEL05"
276977;2020-03-23;"segunda-feira";"11:15:00";"TO";153;114;"WANDERLANDIA";"Desobediência às normas de trânsito pelo condutor";"Saída de leito carroçável";"Com Vítimas Feridas";"Pleno dia";"Decrescente";"Céu Claro";"Simples";"Reta";"Não";5;0;3;0;1;1;3;2;-6,984866;-48,09889;"SR-TO";"UOP04";"DEL02"
276978;2020-03-23;"segunda-feira";"16:10:00";"PR";NA;NA;"CURITIBA";"Falta de Atenção à Condução";"Colisão transversal";"Com Vítimas Feridas";"Pleno dia";"Não Informado";"Céu Claro";"Simples";"Reta";"Sim";2;0;1;0;1;0;1;2;-25,43096;-49,33093;"SR-PR";"UOP04";"DEL01"
276979;2020-03-23;"segunda-feira";"17:05:00";"RS";472;574;"URUGUAIANA";"Desobediência às normas de trânsito pelo condutor";"Colisão transversal";"Com Vítimas Feridas";"Pleno dia";"Crescente";"Céu Claro";"Simples";"Rotatória";"Sim";3;0;2;0;1;0;2;2;-29,76357;-57,05215;"SR-RS";"UOP01";"DEL13"
276980;2020-03-23;"segunda-feira";"15:50:00";"GO";60;387;"RIO VERDE";"Objeto estático sobre o leito carroçável";"Colisão traseira";"Com Vítimas Feridas";"Pleno dia";"Decrescente";"Chuva";"Dupla";"Reta";"Sim";3;0;1;0;2;0;1;2;-17,8098;-50,9267;"SR-GO";"UOP01";"DEL04"
276981;2020-03-23;"segunda-feira";"12:30:00";"PR";376;0;"MARINGA";"Velocidade Incompatível";"Tombamento";"Com Vítimas Feridas";"Pleno dia";"Crescente";"Céu Claro";"Dupla";"Não Informado";"Não";1;0;1;0;0;0;1;1;-23,4097;-51,98799;"SR-PR";"UOP01";"DEL09"
276982;2020-03-23;"segunda-feira";"18:15:00";"RN";101;103,2;"PARNAMIRIM";"Falta de Atenção à Condução";"Colisão lateral";"Com Vítimas Feridas";"Plena Noite";"Crescente";"Céu Claro";"Múltipla";"Não Informado";"Sim";2;0;1;0;1;0;1;2;-5,889997;-35,24813;"SR-RN";"UOP01";"DEL01"
276983;2020-03-23;"segunda-feira";"18:30:00";"PR";476;115;"COLOMBO";"Desobediência às normas de trânsito pelo condutor";"Colisão lateral";"Com Vítimas Feridas";"Plena Noite";"Crescente";"Ignorado";"Simples";"Reta";"Sim";2;0;1;0;1;0;1;2;-25,3442;-49,15968;"SR-PR";"UOP06";"DEL01"
276985;2020-03-23;"segunda-feira";"18:50:00";"PR";116;122,8;"CURITIBA";"Não guardar distância de segurança";"Colisão traseira";"Com Vítimas Feridas";"Plena Noite";"Crescente";"Céu Claro";"Dupla";"Reta";"Sim";2;0;1;0;1;0;1;2;-25,56857;-49,31023;"SR-PR";"UOP03";"DEL01"
276986;2020-03-23;"segunda-feira";"10:44:00";"RO";364;347;"JI-PARANA";"Desobediência às normas de trânsito pelo condutor";"Colisão lateral";"Sem Vítimas";"Pleno dia";"Crescente";"Céu Claro";"Simples";"Reta";"Sim";7;0;0;0;7;0;0;6;-10,8607;-61,97615;"SR-RO";"UOP01";"DEL02"
276987;2020-03-23;"segunda-feira";"19:35:00";"TO";153;506,7;"PARAISO DO TOCANTINS";"Animais na Pista";"Atropelamento de Animal";"Com Vítimas Feridas";"Plena Noite";"Decrescente";"Nublado";"Simples";"Reta";"Não";1;0;1;0;0;0;1;1;-10,26703;-48,88459;"SR-TO";"UOP02";"DEL02"
276988;2020-03-23;"segunda-feira";"11:16:00";"MS";163;512;"JARAGUARI";"Falta de Atenção à Condução";"Saída de leito carroçável";"Com Vítimas Feridas";"Pleno dia";"Crescente";"Céu Claro";"Dupla";"Não Informado";"Não";1;0;1;0;0;0;1;1;-20,22783;-54,47718;"SR-MS";"UOP02";"DEL01"
276989;2020-03-23;"segunda-feira";"19:00:00";"BA";324;514,5;"FEIRA DE SANTANA";"Velocidade Incompatível";"Saída de leito carroçável";"Com Vítimas Feridas";"Plena Noite";"Decrescente";"Céu Claro";"Simples";"Não Informado";"Sim";4;0;1;3;0;0;4;2;-12,2328;-38,9485;"SR-BA";"UOP01";"DEL02"
276992;2020-03-23;"segunda-feira";"17:40:00";"SC";280;29;"ARAQUARI";"Animais na Pista";"Atropelamento de Animal";"Com Vítimas Feridas";"Pleno dia";"Decrescente";"Céu Claro";"Simples";"Reta";"Sim";1;0;1;0;0;0;1;1;-26,41066;-48,75296;"SR-SC";"UOP03";"DEL03"
276993;2020-03-23;"segunda-feira";"19:20:00";"SC";470;22,8;"ILHOTA";"Falta de Atenção à Condução";"Colisão traseira";"Com Vítimas Feridas";"Plena Noite";"Decrescente";"Nublado";"Dupla";"Reta";"Não";2;0;1;0;0;1;1;2;-26,88007;-48,83622;"SR-SC";"UOP04";"DEL04"
276994;2020-03-21;"sábado";"16:30:00";"RS";285;97,5;"MONTE ALEGRE DOS CAMPOS";"Velocidade Incompatível";"Saída de leito carroçável";"Com Vítimas Feridas";"Pleno dia";"Crescente";"Céu Claro";"Simples";"Curva";"Não";1;0;0;1;0;0;1;1;-28,5934;-50,75154;"SR-RS";"UOP03";"DEL05"
276996;2020-03-23;"segunda-feira";"20:00:00";"MG";381;450;"SABARA";"Falta de Atenção à Condução";"Colisão com objeto estático";"Sem Vítimas";"Plena Noite";"Decrescente";"Céu Claro";"Simples";"Desvio Temporário";"Sim";3;0;0;0;3;0;0;2;-19,8346;-43,85026;"SR-MG";"UOP01";"DEL01"
276997;2020-03-23;"segunda-feira";"20:00:00";"MS";163;266,9;"DOURADOS";"Falta de Atenção à Condução";"Colisão com objeto estático";"Com Vítimas Feridas";"Plena Noite";"Crescente";"Céu Claro";"Dupla";"Reta";"Sim";2;0;2;0;0;0;2;1;-22,21821;-54,72287;"SR-MS";"UOP01";"DEL04"
276998;2020-03-23;"segunda-feira";"21:30:00";"RS";285;297;"PASSO FUNDO";"Não guardar distância de segurança";"Colisão traseira";"Com Vítimas Fatais";"Plena Noite";"Crescente";"Céu Claro";"Simples";"Reta";"Não";5;1;0;1;3;0;1;2;-28,23488;-52,41115;"SR-RS";"UOP03";"DEL08"
276999;2020-03-21;"sábado";"21:30:00";"RS";116;50;"VACARIA";"Animais na Pista";"Atropelamento de Animal";"Sem Vítimas";"Plena Noite";"Decrescente";"Céu Claro";"Simples";"Reta";"Não";1;0;0;0;1;0;0;1;-28,56764;-50,9969;"SR-RS";"UOP03";"DEL05"
277000;2020-03-13;"sexta-feira";"23:20:00";"PE";101;69,4;"RECIFE";"Ingestão de Álcool";"Colisão frontal";"Com Vítimas Feridas";"Plena Noite";"Decrescente";"Céu Claro";"Dupla";"Reta";"Sim";2;0;1;1;0;0;2;2;-8,059516;-34,94581;"SR-PE";"UOP01";"DEL01"
277001;2020-03-23;"segunda-feira";"20:45:00";"SC";163;67;"SAO MIGUEL DO OESTE";"Falta de Atenção à Condução";"Colisão lateral";"Com Vítimas Feridas";"Plena Noite";"Crescente";"Céu Claro";"Dupla";"Reta";"Sim";2;0;1;0;1;0;1;2;-26,75944;-53,50055;"SR-SC";"UOP03";"DEL07"
277002;2020-03-23;"segunda-feira";"20:40:00";"MG";381;576,5;"ITAGUARA";"Falta de Atenção à Condução";"Colisão transversal";"Com Vítimas Feridas";"Plena Noite";"Crescente";"Céu Claro";"Dupla";"Curva";"Não";3;0;1;0;1;1;1;2;-20,481;-44,58883;"SR-MG";"UOP03";"DEL04"
277003;2020-03-23;"segunda-feira";"16:25:00";"SC";158;136,4;"PALMITOS";"Velocidade Incompatível";"Saída de leito carroçável";"Com Vítimas Feridas";"Pleno dia";"Decrescente";"Céu Claro";"Simples";"Não Informado";"Não";1;0;1;0;0;0;1;1;-27,08488;-53,21966;"SR-SC";"UOP02";"DEL07"
277005;2020-03-23;"segunda-feira";"21:10:00";"SP";116;145;"SAO JOSE DOS CAMPOS";"Falta de Atenção à Condução";"Queda de ocupante de veículo";"Com Vítimas Feridas";"Plena Noite";"Crescente";"Céu Claro";"Dupla";"Desvio Temporário";"Sim";2;0;2;0;0;0;2;1;-23,18698;-45,85481;"SR-SP";"UOP01";"DEL02"
277006;2020-03-23;"segunda-feira";"21:40:00";"BA";324;545;"AMELIA RODRIGUES";"Desobediência às normas de trânsito pelo condutor";"Colisão transversal";"Com Vítimas Feridas";"Plena Noite";"Crescente";"Chuva";"Dupla";"Curva";"Sim";3;0;1;0;2;0;1;2;-12,40647;-38,75314;"SR-BA";"UOP01";"DEL01"
277007;2020-03-23;"segunda-feira";"20:00:00";"BA";116;663;"JEQUIE";"Desobediência às normas de trânsito pelo condutor";"Colisão frontal";"Com Vítimas Fatais";"Plena Noite";"Decrescente";"Céu Claro";"Simples";"Não Informado";"Não";2;1;0;0;1;0;0;2;-13,72455;-40,09665;"SR-BA";"UOP01";"DEL03"
277008;2020-03-23;"segunda-feira";"21:59:00";"SP";116;34,2;"CACHOEIRA PAULISTA";"Falta de Atenção à Condução";"Colisão traseira";"Com Vítimas Feridas";"Plena Noite";"Crescente";"Céu Claro";"Dupla";"Desvio Temporário";"Sim";2;0;1;0;1;0;1;2;-22,65447;-44,9594;"SR-SP";"UOP01";"DEL08"