"id";"data_inversa";"dia_semana";"horario";"uf";"br";"km";"municipio";"causa_acidente";"tipo_acidente";"classificacao_acidente";"fase_dia";"sentido_via";"condicao_metereologica";"tipo_pista";"tracado_via";"uso_solo";"pessoas";"mortos";"feridos_leves";"feridos_graves";"ilesos";"ignorados";"feridos";"veiculos";"latitude";"longitude";"regional";"delegacia";"uop"
277100;2020-03-24;"terça-feira";"17:20:00";"GO";452;25,5;"RIO VERDE";"Falta de Atenção à Condução";"Colisão lateral";"Sem Vítimas";"Pleno dia";"Crescente";"Céu Claro";"Simples";"Reta";"Não";3;0;0;0;2;1;0;2;-17,88396;-50,6893;"SR-GO";"UOP01";"DEL04"
277101;2020-03-24;"terça-feira";"08:08:00";"SC";480;130,3;"CHAPECO";"Falta de Atenção à Condução";"Colisão lateral";"Com Vítimas Feridas";"Pleno dia";"Crescente";"Sol";"Dupla";"Reta";"Sim";3;0;2;0;1;0;2;2;-27,05534;-52,63652;"SR-SC";"UOP01";"DEL07"
277102;2020-03-24;"terça-feira";"18:55:00";"RO";174;20;"VILHENA";"Restrição de Visibilidade";"Atropelamento de Pedestre";"Com Vítimas Feridas";"Plena Noite";"Decrescente";"Céu Claro";"Simples";"Reta";"Não";3;0;1;2;0;0;3;1;-12,73307;-60,12981;"SR-RO";"UOP01";"DEL04"
277103;2020-03-24;"terça-feira";"19:55:00";"PR";369;133;"IBIPORA";"Falta de Atenção à Condução";"Colisão traseira";"Com Vítimas Feridas";"Plena Noite";"Crescente";"Céu Claro";"Dupla";"Não Informado";"Não";2;0;0;1;1;0;1;2;-23,26047;-51,0108;"SR-PR";"UOP01";"DEL07"
277104;2020-03-24;"terça-feira";"19:50:00";"MG";50;34,9;"ARAGUARI";"Ingestão de Álcool";"Colisão frontal";"Com Vítimas Fatais";"Plena Noite";"Decrescente";"Céu Claro";"Dupla";"Reta";"Não";4;1;0;2;1;0;2;3;-18,64031;-48,12396;"SR-MG";"UOP02";"DEL15"
277105;2020-03-24;"terça-feira";"19:00:00";"GO";60;115,8;"TEREZOPOLIS DE GOIAS";"Pista Escorregadia";"Tombamento";"Com Vítimas Feridas";"Pleno dia";"Decrescente";"Chuva";"Dupla";"Reta";"Não";1;0;0;1;0;0;1;1;-16,4732;-49,0789;"SR-GO";"UOP01";"DEL01"
277106;2020-03-24;"terça-feira";"18:40:00";"SC";116;247;"LAGES";"Falta de Atenção à Condução";"Colisão transversal";"Com Vítimas Feridas";"Plena Noite";"Crescente";"Céu Claro";"Simples";"Reta";"Sim";2;0;1;0;1;0;1;2;-27,81262;-50,3686;"SR-SC";"UOP02";"DEL05"
277107;2020-03-24;"terça-feira";"19:30:00";"BA";242;755,8;"CATOLANDIA";"Velocidade Incompatível";"Colisão traseira";"Com Vítimas Feridas";"Plena Noite";"Crescente";"Chuva";"Simples";"Desvio Temporário";"Não";5;0;2;0;3;0;2;2;-12,19653;-44,48873;"SR-BA";"UOP01";"DEL10"
277108;2020-03-24;"terça-feira";"11:30:00";"RO";364;251,5;"CACOAL";"Ultrapassagem Indevida";"Saída de leito carroçável";"Com Vítimas Feridas";"Pleno dia";"Crescente";"Sol";"Simples";"Não Informado";"Não";1;0;1;0;0;0;1;1;-11,43732;-61,57381;"SR-RO";"UOP02";"DEL02"
277110;2020-03-24;"terça-feira";"19:46:00";"TO";242;320,3;"PEIXE";"Falta de Atenção à Condução";"Colisão lateral";"Com Vítimas Feridas";"Plena Noite";"Crescente";"Chuva";"Simples";"Reta";"Não";4;0;1;0;3;0;1;2;-11,99452;-48,62647;"SR-TO";"UOP01";"DEL02"
277111;2020-03-24;"terça-feira";"19:30:00";"TO";226;32;"DARCINOPOLIS";"Defeito na Via";"Saída de leito carroçável";"Sem Vítimas";"Plena Noite";"Decrescente";"Nublado";"Simples";"Desvio Temporário";"Não";1;0;0;0;1;0;0;1;-6,65792;-47,72435;"SR-TO";"UOP05";"DEL02"
277112;2020-03-24;"terça-feira";"19:00:00";"RS";153;51;"ERECHIM";"Desobediência às normas de trânsito pelo condutor";"Colisão lateral";"Com Vítimas Feridas";"Plena Noite";"Crescente";"Céu Claro";"Simples";"Reta";"Sim";2;0;1;0;0;1;1;2;-27,66025;-52,28414;"SR-RS";"UOP04";"DEL08"
277113;2020-03-24;"terça-feira";"21:15:00";"RJ";101;61;"CAMPOS DOS GOYTACAZES";"Falta de Atenção à Condução";"Queda de ocupante de veículo";"Com Vítimas Feridas";"Plena Noite";"Crescente";"Céu Claro";"Simples";"Reta";"Sim";2;0;1;0;0;1;1;2;-21,72656;-41,32134;"SR-RJ";"UOP01";"DEL08"
277114;2020-03-24;"terça-feira";"21:00:00";"MG";381;436;"SABARA";"Velocidade Incompatível";"Colisão lateral";"Com Vítimas Feridas";"Plena Noite";"Crescente";"Céu Claro";"Simples";"Não Informado";"Não";2;0;1;0;1;0;1;2;-19,80439;-43,76187;"SR-MG";"UOP01";"DEL01"
277115;2020-03-24;"terça-feira";"21:30:00";"PR";476;257,8;"ANTONIO OLINTO";"Ingestão de Álcool";"Colisão transversal";"Com Vítimas Fatais";"Plena Noite";"Decrescente";"Céu Claro";"Simples";"Reta";"Não";5;1;0;2;1;1;2;2;-25,8889;-50,21663;"SR-PR";"UOP05";"DEL03"
277116;2020-03-24;"terça-feira";"19:40:00";"PR";476;95;"BOCAIUVA DO SUL";"Velocidade Incompatível";"Colisão frontal";"Com Vítimas Feridas";"Plena Noite";"Decrescente";"Céu Claro";"Simples";"Curva";"Não";5;0;5;0;0;0;5;2;-25,22537;-49,11509;"SR-PR";"UOP06";"DEL01"
277117;2020-03-24;"terça-feira";"19:20:00";"RJ";101;276;"TANGUA";"Falta de Atenção à Condução";"Colisão frontal";"Com Vítimas Feridas";"Plena Noite";"Crescente";"Céu Claro";"Simples";"Reta";"Sim";2;0;1;0;1;0;1;2;-22,73796;-42,73872;"SR-RJ";"UOP03";"DEL02"
277118;2020-03-24;"terça-feira";"17:45:00";"PR";476;119;"COLOMBO";"Falta de Atenção à Condução";"Colisão traseira";"Com Vítimas Feridas";"Anoitecer";"Decrescente";"Céu Claro";"Dupla";"Reta";"Sim";2;0;1;0;1;0;1;2;-25,3642;-49,18583;"SR-PR";"UOP06";"DEL01"
277119;2020-03-24;"terça-feira";"23:00:00";"RJ";116;287,5;"BARRA MANSA";"Animais na Pista";"Atropelamento de Animal";"Sem Vítimas";"Plena Noite";"Decrescente";"Céu Claro";"Simples";"Reta";"Sim";2;0;0;0;2;0;0;1;-22,49295;-44,24253;"SR-RJ";"UOP02";"DEL07"
277121;2020-03-25;"quarta-feira";"00:00:00";"SP";116;107,2;"TAUBATE";"Falta de Atenção à Condução";"Colisão com objeto estático";"Com Vítimas Feridas";"Pleno dia";"Decrescente";"Céu Claro";"Múltipla";"Reta";"Sim";1;0;1;0;0;0;1;1;-23,01791;-45,53009;"SR-SP";"UOP01";"DEL06"
277122;2020-03-24;"terça-feira";"20:50:00";"AM";319;98;"CAREIRO";"Avarias e/ou desgaste excessivo no pneu";"Saída de leito carroçável";"Com Vítimas Feridas";"Plena Noite";"Decrescente";"Céu Claro";"Simples";"Reta";"Não";2;0;1;1;0;0;2;1;-3,729939;-60,27951;"SR-AM";"UOP03";"DEL01"
277123;2020-03-25;"quarta-feira";"00:55:00";"BA";116;696;"JEQUIE";"Ingestão de Álcool";"Capotamento";"Com Vítimas Feridas";"Plena Noite";"Decrescente";"Nublado";"Simples";"Reta";"Não";5;0;4;0;1;0;4;1;-14,02087;-40,19217;"SR-BA";"UOP01";"DEL03"
277124;2020-03-25;"quarta-feira";"01:00:00";"MG";40;517;"RIBEIRAO DAS NEVES";"Falta de Atenção do Pedestre";"Atropelamento de Pedestre";"Com Vítimas Fatais";"Plena Noite";"Crescente";"Céu Claro";"Dupla";"Reta";"Sim";2;1;0;0;1;0;0;1;-19,82351;-44,08439;"SR-MG";"UOP02";"DEL01"
277125;2020-03-25;"quarta-feira";"02:10:00";"RS";116;259;"CANOAS";"Falta de Atenção à Condução";"Colisão com objeto estático";"Com Vítimas Feridas";"Plena Noite";"Crescente";"Céu Claro";"Dupla";"Curva";"Não";1;0;0;1;0;0;1;1;-29,87041;-51,17991;"SR-RS";"UOP02";"DEL01"
277126;2020-03-25;"quarta-feira";"03:20:00";"SP";116;408;"JUQUIA";"Falta de Atenção à Condução";"Derramamento de carga";"Sem Vítimas";"Plena Noite";"Crescente";"Nevoeiro/Neblina";"Dupla";"Reta";"Não";1;0;0;0;1;0;0;1;-24,32873;-47,57542;"SR-SP";"UOP01";"DEL05"
277127;2020-03-25;"quarta-feira";"05:30:00";"SP";116;39,7;"CACHOEIRA PAULISTA";"Falta de Atenção à Condução";"Saída de leito carroçável";"Com Vítimas Feridas";"Amanhecer";"Decrescente";"Nublado";"Dupla";"Reta";"Não";1;0;1;0;0;0;1;1;-22,67528;-44,99918;"SR-SP";"UOP01";"DEL08"
277129;2020-03-25;"quarta-feira";"04:20:00";"GO";70;317,5;"JUSSARA";"Defeito Mecânico no Veículo";"Incêndio";"Sem Vítimas";"Amanhecer";"Crescente";"Nublado";"Simples";"Curva";"Sim";1;0;0;0;1;0;0;1;-15,8767;-50,89374;"SR-GO";"UOP01";"DEL04"
277130;2020-03-25;"quarta-feira";"05:40:00";"PR";369;150;"LONDRINA";"Desobediência às normas de trânsito pelo condutor";"Colisão transversal";"Com Vítimas Feridas";"Amanhecer";"Crescente";"Céu Claro";"Múltipla";"Interseção de vias";"Sim";2;0;1;0;1;0;1;2;-23,2928;-51,1615;"SR-PR";"UOP01";"DEL07"
277131;2020-03-25;"quarta-feira";"06:25:00";"SC";470;75;"INDAIAL";"Falta de Atenção à Condução";"Saída de leito carroçável";"Com Vítimas Feridas";"Amanhecer";"Decrescente";"Nublado";"Simples";"Reta";"Não";1;0;1;0;0;0;1;1;-26,92483;-49,284;"SR-SC";"UOP01";"DEL04"
277132;2020-03-25;"quarta-feira";"06:00:00";"SC";101;165,9;"TIJUCAS";"Velocidade Incompatível";"Colisão com objeto estático";"Com Vítimas Fatais";"Amanhecer";"Crescente";"Nevoeiro/Neblina";"Dupla";"Reta";"Não";1;1;0;0;0;0;0;1;-27,26148;-48,6318;"SR-SC";"UOP03";"DEL04"
277133;2020-03-24;"terça-feira";"11:50:00";"BA";116;777;"PLANALTO";"Desobediência às normas de trânsito pelo condutor";"Colisão frontal";"Com Vítimas Feridas";"Plena Noite";"Crescente";"Céu Claro";"Simples";"Reta";"Sim";2;0;1;0;1;0;1;2;-14,60739;-40,44087;"SR-BA";"UOP02";"DEL08"
277134;2020-03-25;"quarta-feira";"06:20:00";"PE";101;148;"RIBEIRAO";"Carga excessiva e/ou mal acondicionada";"Capotamento";"Sem Vítimas";"Pleno dia";"Decrescente";"Céu Claro";"Múltipla";"Reta";"Não";1;0;0;0;1;0;0;1;-8,483367;-35,37204;"SR-PE";"UOP03";"DEL01"
277135;2020-03-25;"quarta-feira";"07:50:00";"BA";324;620;"SALVADOR";"Defeito na Via";"Capotamento";"Com Vítimas Feridas";"Pleno dia";"Decrescente";"Chuva";"Dupla";"Reta";"Sim";1;0;1;0;0;0;1;1;-12,90482;-38,45557;"SR-BA";"UOP01";"DEL01"
277136;2020-03-25;"quarta-feira";"04:45:00";"BA";101;784;"ITABELA";"Animais na Pista";"Atropelamento de Animal";"Sem Vítimas";"Pleno dia";"Decrescente";"Céu Claro";"Simples";"Reta";"Não";2;0;0;0;2;0;0;1;-16,79095;-39,47964;"SR-BA";"UOP01";"DEL09"
277137;2020-03-25;"quarta-feira";"07:40:00";"BA";116;570;"NOVA ITARANA";"Velocidade Incompatível";"Tombamento";"Com Vítimas Fatais";"Pleno dia";"Crescente";"Céu Claro";"Simples";"Curva";"Não";5;2;0;1;2;0;1;3;-13,00883;-39,95698;"SR-BA";"UOP02";"DEL03"
277138;2020-03-01;"domingo";"19:45:00";"SP";381;35;"ATIBAIA";"Falta de Atenção à Condução";"Colisão lateral";"Com Vítimas Feridas";"Plena Noite";"Crescente";"Nublado";"Dupla";"Curva";"Não";3;0;1;0;2;0;1;2;-23,08859;-46,5718;"SR-SP";"UOP01";"DEL03"
277139;2020-03-25;"quarta-feira";"07:30:00";"SP";381;71,9;"SAO PAULO";"Defeito Mecânico no Veículo";"Colisão traseira";"Com Vítimas Feridas";"Pleno dia";"Crescente";"Céu Claro";"Dupla";"Não Informado";"Não";2;0;1;0;1;0;1;2;-23,35048;-46,55267;"SR-SP";"UOP01";"DEL03"
277140;2020-03-25;"quarta-feira";"08:45:00";"AL";104;46,9;"BRANQUINHA";"Falta de Atenção à Condução";"Queda de ocupante de veículo";"Com Vítimas Feridas";"Pleno dia";"Decrescente";"Nublado";"Simples";"Curva";"Não";2;0;1;1;0;0;2;1;-9,257721;-35,98062;"SR-AL";"UOP02";"DEL01"
277141;2020-03-25;"quarta-feira";"08:25:00";"SP";116;223;"GUARULHOS";"Defeito Mecânico no Veículo";"Queda de ocupante de veículo";"Com Vítimas Feridas";"Pleno dia";"Decrescente";"Céu Claro";"Múltipla";"Reta";"Sim";1;0;1;0;0;0;1;1;-23,4756;-46,52466;"SR-SP";"UOP01";"DEL01"
277142;2020-03-25;"quarta-feira";"07:40:00";"DF";20;5;"BRASILIA";"Falta de Atenção do Pedestre";"Atropelamento de Pedestre";"Com Vítimas Feridas";"Pleno dia";"Crescente";"Chuva";"Simples";"Reta";"Sim";2;0;0;1;0;1;1;1;-15,55253;-47,30383;"SR-DF";"UOP01";"DEL02"
277143;2020-03-25;"quarta-feira";"07:45:00";"PE";101;45,1;"IGARASSU";"Falta de Atenção à Condução";"Colisão transversal";"Sem Vítimas";"Pleno dia";"Crescente";"Nublado";"Múltipla";"Reta";"Sim";5;0;0;0;3;2;0;3;-7,865213;-34,90715;"SR-PE";"UOP02";"DEL01"
277144;2020-03-24;"terça-feira";"20:30:00";"SP";116;149,1;"SAO JOSE DOS CAMPOS";"Avarias e/ou desgaste excessivo no pneu";"Tombamento";"Com Vítimas Feridas";"Plena Noite";"Decrescente";"Céu Claro";"Dupla";"Reta";"Sim";1;0;1;0;0;0;1;1;-23,20842;-45,88766;"SR-SP";"UOP01";"DEL02"
277145;2020-03-25;"quarta-feira";"10:10:00";"SE";101;77;"LARANJEIRAS";"Velocidade Incompatível";"Saída de leito carroçável";"Com Vítimas Feridas";"Pleno dia";"Decrescente";"Garoa/Chuvisco";"Dupla";"Interseção de vias";"Sim";1;0;1;0;0;0;1;1;-10,77661;-37,13439;"SR-SE";"UOP01";"DEL01"
277148;2020-03-25;"quarta-feira";"11:00:00";"SP";381;44,9;"ATIBAIA";"Não guardar distância de segurança";"Colisão traseira";"Com Vítimas Fatais";"Pleno dia";"Crescente";"Céu Claro";"Dupla";"Reta";"Sim";2;1;0;0;1;0;0;2;-23,16459;-46,57419;"SR-SP";"UOP01";"DEL03"
277149;2020-03-25;"quarta-feira";"12:00:00";"BA";135;195;"BARREIRAS";"Falta de Atenção à Condução";"Tombamento";"Com Vítimas Feridas";"Pleno dia";"Decrescente";"Sol";"Simples";"Curva";"Não";1;0;1;0;0;0;1;1;-12,28178;-45,02109;"SR-BA";"UOP01";"DEL10"
277150;2020-03-25;"quarta-feira";"12:30:00";"PE";101;61,3;"RECIFE";"Não guardar distância de segurança";"Engavetamento";"Sem Vítimas";"Pleno dia";"Decrescente";"Céu Claro";"Dupla";"Reta";"Sim";5;0;0;0;5;0;0;3;-7,990971;-34,93598;"SR-PE";"UOP02";"DEL01"
277151;2020-03-25;"quarta-feira";"12:45:00";"MG";381;822;"CAREACU";"Falta de Atenção à Condução";"Saída de leito carroçável";"Com Vítimas Feridas";"Pleno dia";"Crescente";"Céu Claro";"Dupla";"Reta";"Não";1;0;1;0;0;0;1;1;-22,11701;-45,75397;"SR-MG";"UOP02";"DEL16"
277152;2020-03-25;"quarta-feira";"11:40:00";"PE";104;64,4;"CARUARU";"Ingestão de Álcool";"Colisão traseira";"Sem Vítimas";"Pleno dia";"Decrescente";"Nublado";"Simples";"Reta";"Sim";2;0;0;0;2;0;0;2;-8,2783;-35,9815;"SR-PE";"UOP01";"DEL02"
277153;2020-03-20;"sexta-feira";"18:45:00";"PE";101;124,6;"ESCADA";"Ingestão de Álcool";"Colisão traseira";"Com Vítimas Feridas";"Plena Noite";"Decrescente";"Céu Claro";"Dupla";"Retorno Regulamentado";"Sim";2;0;1;0;1;0;1;2;-8,362883;-35,21619;"SR-PE";"UOP03";"DEL01"
277154;2020-03-25;"quarta-feira";"12:00:00";"RO";364;240,6;"CACOAL";"Desobediência às normas de trânsito pelo condutor";"Colisão traseira";"Com Vítimas Feridas";"Pleno dia";"Decrescente";"Céu Claro";"Simples";"Reta";"Sim";2;0;1;0;1;0;1;2;-11,43894;-61,47537;"SR-RO";"UOP02";"DEL02"
277155;2020-03-25;"quarta-feira";"14:10:00";"PR";277;72;"SAO JOSE DOS PINHAIS";"Não guardar distância de segurança";"Tombamento";"Sem Vítimas";"Pleno dia";"Crescente";"Céu Claro";"Dupla";"Reta";"Sim";2;0;0;0;2;0;0;2;-25,52523;-49,09756;"SR-PR";"UOP01";"DEL01"
277156;2020-03-21;"sábado";"10:00:00";"MT";163;926;"ITAUBA";"Velocidade Incompatível";"Engavetamento";"Com Vítimas Feridas";"Pleno dia";"Crescente";"Nublado";"Simples";"Não Informado";"Não";7;0;3;1;3;0;4;3;-11,0824;-55,28655;"SR-MT";"UOP02";"DEL06"
277157;2020-03-25;"quarta-feira";"14:00:00";"RS";101;87;"OSORIO";"Desobediência às normas de trânsito pelo condutor";"Colisão transversal";"Sem Vítimas";"Pleno dia";"Crescente";"Céu Claro";"Dupla";"Reta";"Sim";3;0;0;0;3;0;0;2;-29,8828;-50,26789;"SR-RS";"UOP01";"DEL03"
277159;2020-03-25;"quarta-feira";"14:40:00";"GO";60;166,5;"GOIANIA";"Falta de Atenção à Condução";"Colisão traseira";"Com Vítimas Feridas";"Pleno dia";"Decrescente";"Céu Claro";"Dupla";"Reta";"Sim";4;0;0;2;0;2;2;2;-16,71645;-49,36359;"SR-GO";"UOP02";"DEL01"
277160;2020-03-25;"quarta-feira";"13:05:00";"BA";116;388;"SANTA BARBARA";"Falta de Atenção à Condução";"Colisão transversal";"Com Vítimas Feridas";"Pleno dia";"Decrescente";"Sol";"Simples";"Reta";"Não";5;0;3;1;1;0;4;2;-11,92131;-38,98299;"SR-BA";"UOP01";"DEL02"
277161;2020-03-25;"quarta-feira";"13:55:00";"PA";230;119;"MARABA";"Não guardar distância de segurança";"Colisão traseira";"Com Vítimas Feridas";"Pleno dia";"Decrescente";"Sol";"Dupla";"Reta";"Sim";2;0;1;0;1;0;1;2;-5,350407;-49,10598;"SR-PA";"UOP01";"DEL03"
277162;2020-03-25;"quarta-feira";"15:30:00";"RJ";116;269;"BARRA MANSA";"Não guardar distância de segurança";"Colisão traseira";"Com Vítimas Feridas";"Pleno dia";"Decrescente";"Céu Claro";"Dupla";"Curva";"Sim";2;0;1;0;1;0;1;2;-22,5751;-44,11542;"SR-RJ";"UOP02";"DEL07"
277163;2020-03-25;"quarta-feira";"15:45:00";"GO";153;439,3;"ANAPOLIS";"Animais na Pista";"Saída de leito carroçável";"Com Vítimas Feridas";"Pleno dia";"Crescente";"Céu Claro";"Dupla";"Não Informado";"Não";1;0;1;0;0;0;1;1;-16,29853;-48,92821;"SR-GO";"UOP01";"DEL02"
277164;2020-03-25;"quarta-feira";"14:10:00";"MG";40;423,1;"CURVELO";"Carga excessiva e/ou mal acondicionada";"Derramamento de carga";"Com Vítimas Feridas";"Pleno dia";"Crescente";"Sol";"Simples";"Não Informado";"Não";1;0;1;0;0;0;1;1;-19,15337;-44,53816;"SR-MG";"UOP01";"DEL02"
277165;2020-03-25;"quarta-feira";"15:15:00";"MT";163;926,5;"ITAUBA";"Não guardar distância de segurança";"Engavetamento";"Com Vítimas Feridas";"Pleno dia";"Crescente";"Sol";"Simples";"Não Informado";"Não";7;0;1;0;6;0;1;4;-11,20752;-55,30541;"SR-MT";"UOP02";"DEL06"
277167;2020-03-25;"quarta-feira";"16:00:00";"ES";101;5,5;"ICONHA";"Desobediência às normas de trânsito pelo condutor";"Colisão lateral";"Com Vítimas Feridas";"Pleno dia";"Decrescente";"Céu Claro";"Dupla";"Não Informado";"Não";5;0;1;0;3;1;1;3;-20,80272;-40,81751;"SR-ES";"UOP01";"DEL03"
277168;2020-03-25;"quarta-feira";"15:55:00";"CE";222;127,2;"ITAPAJE";"Velocidade Incompatível";"Colisão transversal";"Com Vítimas Fatais";"Pleno dia";"Decrescente";"Chuva";"Simples";"Não Informado";"Não";5;1;1;0;3;0;1;3;-3,701841;-39,6067;"SR-CE";"UOP03";"DEL04"
277169;2020-03-25;"quarta-feira";"16:30:00";"SC";101;169,2;"TIJUCAS";"Ingestão de Álcool";"Colisão traseira";"Com Vítimas Feridas";"Pleno dia";"Decrescente";"Céu Claro";"Simples";"Reta";"Não";2;0;1;0;1;0;1;2;-27,28791;-48,63096;"SR-SC";"UOP03";"DEL04"
277170;2020-03-24;"terça-feira";"08:00:00";"MT";174;408,7;"NOVA LACERDA";"Falta de Atenção à Condução";"Saída de leito carroçável";"Sem Vítimas";"Pleno dia";"Decrescente";"Nublado";"Simples";"Reta";"Não";1;0;0;0;0;1;0;1;-14,32835;-59,65885;"SR-MT";"UOP01";"DEL04"
277171;2020-03-25;"quarta-feira";"14:45:00";"GO";60;114,5;"TEREZOPOLIS DE GOIAS";"Defeito Mecânico no Veículo";"Saída de leito carroçável";"Sem Vítimas";"Pleno dia";"Decrescente";"Chuva";"Dupla";"Reta";"Não";1;0;0;0;1;0;0;1;-16,4633;-49,0636;"SR-GO";"UOP01";"DEL01"
277172;2020-03-25;"quarta-feira";"16:50:00";"RS";468;105,8;"TRES PASSOS";"Falta de Atenção à Condução";"Colisão transversal";"Com Vítimas Feridas";"Pleno dia";"Decrescente";"Sol";"Simples";"Interseção de vias";"Sim";4;0;1;0;3;0;1;2;-27,43242;-53,95008;"SR-RS";"UOP02";"DEL08"
277174;2020-03-17;"terça-feira";"19:30:00";"MS";60;515,8;"NIOAQUE";"Defeito Mecânico no Veículo";"Tombamento";"Com Vítimas Feridas";"Plena Noite";"Crescente";"Céu Claro";"Simples";"Não Informado";"Não";1;0;1;0;0;0;1;1;-21,17733;-55,62823;"SR-MS";"UOP01";"DEL05"
277175;2020-03-25;"quarta-feira";"17:30:00";"SC";470;7;"NAVEGANTES";"Falta de Atenção à Condução";"Colisão lateral";"Sem Vítimas";"Pleno dia";"Crescente";"Céu Claro";"Simples";"Não Informado";"Sim";2;0;0;0;1;1;0;2;-26,84499;-48,71505;"SR-SC";"UOP04";"DEL04"
277176;2020-03-25;"quarta-feira";"17:25:00";"PR";376;599;"CURITIBA";"Falta de Atenção à Condução";"Colisão lateral";"Com Vítimas Feridas";"Pleno dia";"Crescente";"Céu Claro";"Dupla";"Reta";"Sim";2;0;1;0;1;0;1;2;-25,5263;-49,32958;"SR-PR";"UOP04";"DEL01"
277177;2020-03-25;"quarta-feira";"17:15:00";"MS";163;15,5;"MUNDO NOVO";"Desobediência às normas de trânsito pelo condutor";"Colisão traseira";"Com Vítimas Feridas";"Pleno dia";"Decrescente";"Céu Claro";"Simples";"Reta";"Não";2;0;0;1;1;0;1;2;-23,95439;-54,30075;"SR-MS";"UOP02";"DEL09"
277178;2020-03-25;"quarta-feira";"18:00:00";"PB";104;133,5;"QUEIMADAS";"Avarias e/ou desgaste excessivo no pneu";"Colisão frontal";"Com Vítimas Feridas";"Plena Noite";"Decrescente";"Chuva";"Simples";"Reta";"Sim";3;0;2;0;1;0;2;2;-7,316748;-35,89501;"SR-PB";"UOP03";"DEL02"
277180;2020-03-25;"quarta-feira";"18:10:00";"SP";116;228;"SAO PAULO";"Velocidade Incompatível";"Colisão traseira";"Com Vítimas Feridas";"Plena Noite";"Decrescente";"Céu Claro";"Múltipla";"Reta";"Sim";3;0;0;1;1;1;1;2;-23,50343;-46,56639;"SR-SP";"UOP01";"DEL01"
277181;2020-03-25;"quarta-feira";"18:50:00";"SE";235;52,1;"ITABAIANA";"Ingestão de Álcool";"Colisão transversal";"Com Vítimas Feridas";"Plena Noite";"Crescente";"Céu Claro";"Simples";"Reta";"Sim";3;0;2;1;0;0;3;2;-10,69328;-37,43756;"SR-SE";"UOP02";"DEL01"
277182;2020-03-25;"quarta-feira";"18:30:00";"BA";116;805;"VITORIA DA CONQUISTA";"Falta de Atenção à Condução";"Queda de ocupante de veículo";"Com Vítimas Feridas";"Plena Noite";"Crescente";"Nublado";"Simples";"Reta";"Não";1;0;1;0;0;0;1;1;-14,76531;-40,70709;"SR-BA";"UOP01";"DEL08"
277183;2020-03-25;"quarta-feira";"19:15:00";"DF";40;0,7;"BRASILIA";"Falta de Atenção à Condução";"Colisão traseira";"Com Vítimas Feridas";"Plena Noite";"Crescente";"Chuva";"Dupla";"Reta";"Sim";2;0;1;0;1;0;1;2;-15,98282;-47,98854;"SR-DF";"UOP01";"DEL01"
277184;2020-03-25;"quarta-feira";"19:20:00";"PR";369;37;"ANDIRA";"Desobediência às normas de trânsito pelo condutor";"Colisão transversal";"Com Vítimas Feridas";"Plena Noite";"Crescente";"Céu Claro";"Simples";"Reta";"Sim";2;0;0;1;1;0;1;2;-23,04737;-50,23565;"SR-PR";"UOP04";"DEL07"
277185;2020-03-25;"quarta-feira";"19:00:00";"RN";110;45;"MOSSORO";"Ingestão de álcool e/ou substâncias psicoativas pelo pedestre";"Atropelamento de Pedestre";"Com Vítimas Feridas";"Plena Noite";"Decrescente";"Céu Claro";"Simples";"Reta";"Sim";2;0;1;0;0;1;1;1;-5,19258;-37,31115;"SR-RN";"UOP01";"DEL04"
277186;2020-03-25;"quarta-feira";"15:30:00";"MG";267;164,1;"LIMA DUARTE";"Desobediência às normas de trânsito pelo condutor";"Colisão transversal";"Com Vítimas Feridas";"Pleno dia";"Crescente";"Céu Claro";"Simples";"Reta";"Não";3;0;3;0;0;0;3;2;-21,85426;-43,81804;"SR-MG";"UOP01";"DEL05"
277187;2020-03-25;"quarta-feira";"19:50:00";"MG";40;572;"ITABIRITO";"Desobediência às normas de trânsito pelo condutor";"Colisão transversal";"Com Vítimas Feridas";"Plena Noite";"Crescente";"Céu Claro";"Simples";"Reta";"Sim";3;0;1;1;1;0;2;2;-20,23059;-43,96905;"SR-MG";"UOP02";"DEL01"
277189;2020-03-25;"quarta-feira";"17:50:00";"RJ";116;171,6;"SAO JOAO DE MERITI";"Falta de Atenção do Pedestre";"Atropelamento de Pedestre";"Com Vítimas Feridas";"Pleno dia";"Decrescente";"Céu Claro";"Múltipla";"Reta";"Sim";2;0;0;1;1;0;1;1;-22,80604;-43,3429;"SR-RJ";"UOP02";"DEL01"
277190;2020-03-25;"quarta-feira";"19:20:00";"PI";316;13;"TERESINA";"Falta de Atenção à Condução";"Colisão traseira";"Com Vítimas Feridas";"Plena Noite";"Crescente";"Nublado";"Simples";"Curva";"Sim";4;0;0;2;2;0;2;2;-5,209631;-42,75527;"SR-PI";"UOP02";"DEL01"
277191;2020-03-25;"quarta-feira";"19:00:00";"RN";405;154,8;"PAU DOS FERROS";"Desobediência às normas de trânsito pelo condutor";"Queda de ocupante de veículo";"Com Vítimas Fatais";"Plena Noite";"Decrescente";"Nublado";"Simples";"Reta";"Não";2;1;0;0;1;0;0;2;-6,148601;-38,20562;"SR-RN";"UOP02";"DEL04"