"id";"data_inversa";"dia_semana";"horario";"uf";"br";"km";"municipio";"causa_acidente";"tipo_acidente";"classificacao_acidente";"fase_dia";"sentido_via";"condicao_metereologica";"tipo_pista";"tracado_via";"uso_solo";"pessoas";"mortos";"feridos_leves";"feridos_graves";"ilesos";"ignorados";"feridos";"veiculos";"latitude";"longitude";"regional";"delegacia";"uop"
277484;2020-03-28;"sábado";"10:00:00";"SC";282;89,1;"ALFREDO WAGNER";"Falta de Atenção à Condução";"Saída de leito carroçável";"Com Vítimas Feridas";"Pleno dia";"Crescente";"Céu Claro";"Simples";"Curva";"Não";1;0;0;1;0;0;1;1;-27,678;-49,21648;"SR-SC";"UOP03";"DEL01"
277485;2020-03-28;"sábado";"15:00:00";"PR";476;133;"CURITIBA";"Defeito Mecânico no Veículo";"Tombamento";"Com Vítimas Feridas";"Pleno dia";"Decrescente";"Céu Claro";"Dupla";"Reta";"Sim";2;0;1;0;1;0;1;1;-25,46922;-49,25414;"SR-PR";"UOP03";"DEL01"
277486;2020-03-28;"sábado";"15:00:00";"RS";116;187;"NOVA PETROPOLIS";"Velocidade Incompatível";"Tombamento";"Com Vítimas Feridas";"Pleno dia";"Crescente";"Céu Claro";"Simples";"Não Informado";"Não";2;0;0;1;1;0;1;2;-29,40516;-51,12601;"SR-RS";"UOP02";"DEL05"
277487;2020-03-28;"sábado";"18:15:00";"RS";392;41,1;"RIO GRANDE";"Velocidade Incompatível";"Tombamento";"Com Vítimas Feridas";"Anoitecer";"Decrescente";"Céu Claro";"Dupla";"Reta";"Sim";1;0;0;1;0;0;1;1;-31,95484;-52,30685;"SR-RS";"UOP02";"DEL07"
277488;2020-03-28;"sábado";"17:00:00";"SC";282;463;"PONTE SERRADA";"Falta de Atenção à Condução";"Colisão transversal";"Com Vítimas Feridas";"Pleno dia";"Crescente";"Nublado";"Simples";"Rotatória";"Sim";3;0;1;1;1;0;2;2;-26,85504;-52,05955;"SR-SC";"UOP05";"DEL07"
277489;2020-03-28;"sábado";"18:50:00";"SE";235;49;"ITABAIANA";"Falta de Atenção à Condução";"Colisão traseira";"Com Vítimas Feridas";"Plena Noite";"Decrescente";"Chuva";"Simples";"Reta";"Não";2;0;1;0;1;0;1;1;-10,71622;-37,42167;"SR-SE";"UOP02";"DEL01"
277490;2020-03-28;"sábado";"19:00:00";"MS";262;673,6;"CORUMBA";"Condutor Dormindo";"Saída de leito carroçável";"Com Vítimas Feridas";"Plena Noite";"Crescente";"Céu Claro";"Simples";"Reta";"Não";1;0;1;0;0;0;1;1;-19,59057;-57,14153;"SR-MS";"UOP03";"DEL03"
277491;2020-03-28;"sábado";"19:10:00";"MG";116;412,3;"GOVERNADOR VALADARES";"Ingestão de Álcool";"Atropelamento de Pedestre";"Com Vítimas Feridas";"Plena Noite";"Decrescente";"Céu Claro";"Dupla";"Reta";"Sim";2;0;0;1;1;0;1;1;-18,86509;-41,97376;"SR-MG";"UOP01";"DEL06"
277492;2020-03-28;"sábado";"18:45:00";"MG";262;36,7;"MANHUACU";"Não guardar distância de segurança";"Colisão traseira";"Com Vítimas Feridas";"Plena Noite";"Crescente";"Céu Claro";"Simples";"Reta";"Sim";3;0;2;0;0;1;2;2;-20,25932;-42,02298;"SR-MG";"UOP04";"DEL06"
277493;2020-03-28;"sábado";"18:30:00";"MG";365;614;"UBERLANDIA";"Desobediência às normas de trânsito pelo condutor";"Colisão traseira";"Sem Vítimas";"Plena Noite";"Crescente";"Céu Claro";"Dupla";"Interseção de vias";"Não";2;0;0;0;0;2;0;2;-18,8846;-48,26594;"SR-MG";"UOP01";"DEL15"
277494;2020-03-28;"sábado";"18:45:00";"ES";101;2;"SERRA";"Não guardar distância de segurança";"Colisão lateral";"Com Vítimas Feridas";"Plena Noite";"Decrescente";"Céu Claro";"Dupla";"Reta";"Sim";2;0;0;1;0;1;1;1;-20,12909;-40,30812;"SR-ES";"UOP01";"DEL02"
277495;2020-03-28;"sábado";"16:30:00";"PR";277;533,8;"IBEMA";"Ingestão de álcool e/ou substâncias psicoativas pelo pedestre";"Colisão frontal";"Sem Vítimas";"Pleno dia";"Crescente";"Nublado";"Simples";"Curva";"Não";2;0;0;0;2;0;0;2;-25,1001;-52,97735;"SR-PR";"UOP02";"DEL04"
277496;2020-03-28;"sábado";"20:30:00";"CE";20;421;"MARACANAU";"Falta de Atenção à Condução";"Saída de leito carroçável";"Com Vítimas Feridas";"Pleno dia";"Decrescente";"Céu Claro";"Dupla";"Reta";"Não";4;0;1;0;3;0;1;1;-3,849152;-38,56875;"SR-CE";"UOP02";"DEL01"
277498;2020-03-28;"sábado";"19:50:00";"GO";50;280,6;"CATALAO";"Falta de Atenção à Condução";"Colisão transversal";"Com Vítimas Feridas";"Plena Noite";"Crescente";"Céu Claro";"Dupla";"Interseção de vias";"Sim";4;0;1;0;3;0;1;2;-18,1784;-47,9362;"SR-GO";"UOP01";"DEL06"
277500;2020-03-28;"sábado";"19:20:00";"TO";153;360;"FORTALEZA DO TABOCAO";"Falta de Atenção à Condução";"Colisão lateral";"Com Vítimas Feridas";"Plena Noite";"Decrescente";"Nublado";"Simples";"Reta";"Sim";3;0;1;1;0;1;2;2;-9,064267;-48,52025;"SR-TO";"UOP03";"DEL02"
277501;2020-03-28;"sábado";"18:30:00";"PR";376;550,4;"PALMEIRA";"Velocidade Incompatível";"Colisão traseira";"Sem Vítimas";"Anoitecer";"Crescente";"Nublado";"Dupla";"Reta";"Não";3;0;0;0;3;0;0;2;-25,4277;-49,75871;"SR-PR";"UOP03";"DEL03"
277502;2020-03-28;"sábado";"20:30:00";"RN";304;159,7;"ANGICOS";"Defeito na Via";"Colisão com objeto estático";"Com Vítimas Feridas";"Plena Noite";"Decrescente";"Céu Claro";"Simples";"Reta";"Não";1;0;1;0;0;0;1;1;-5,694249;-36,51838;"SR-RN";"UOP03";"DEL01"
277503;2020-03-28;"sábado";"20:25:00";"PR";369;197,2;"APUCARANA";"Ingestão de Álcool";"Colisão traseira";"Com Vítimas Feridas";"Plena Noite";"Crescente";"Céu Claro";"Dupla";"Reta";"Sim";2;0;1;0;1;0;1;2;-23,517;-51,42817;"SR-PR";"UOP03";"DEL07"
277504;2020-03-28;"sábado";"20:15:00";"PA";316;36,2;"SANTA IZABEL DO PARA";"Ingestão de Álcool";"Saída de leito carroçável";"Sem Vítimas";"Plena Noite";"Crescente";"Nublado";"Dupla";"Reta";"Não";1;0;0;0;1;0;0;1;-1,28676;-48,15054;"SR-PA";"UOP01";"DEL01"
277505;2020-03-28;"sábado";"19:00:00";"PR";277;113,5;"CAMPO LARGO";"Avarias e/ou desgaste excessivo no pneu";"Saída de leito carroçável";"Sem Vítimas";"Plena Noite";"Decrescente";"Céu Claro";"Dupla";"Reta";"Sim";1;0;0;0;0;1;0;1;-25,4297;-49,37851;"SR-PR";"UOP03";"DEL03"
277506;2020-03-28;"sábado";"19:45:00";"MT";163;746,8;"SORRISO";"Pista Escorregadia";"Saída de leito carroçável";"Sem Vítimas";"Anoitecer";"Crescente";"Garoa/Chuvisco";"Dupla";"Rotatória";"Sim";1;0;0;0;1;0;0;1;-12,70074;-55,81389;"SR-MT";"UOP01";"DEL06"
277507;2020-03-28;"sábado";"20:00:00";"BA";242;858;"BARREIRAS";"Ultrapassagem Indevida";"Colisão frontal";"Com Vítimas Feridas";"Plena Noite";"Crescente";"Garoa/Chuvisco";"Simples";"Reta";"Não";4;0;3;0;1;0;3;2;-12,0987;-45,36102;"SR-BA";"UOP01";"DEL10"
277508;2020-03-28;"sábado";"20:55:00";"PA";163;973;"BELTERRA";"Falta de Atenção à Condução";"Atropelamento de Pedestre";"Com Vítimas Feridas";"Plena Noite";"Decrescente";"Céu Claro";"Simples";"Reta";"Não";2;0;1;0;0;1;1;1;-2,648799;-54,8099;"SR-PA";"UOP01";"DEL05"
277510;2020-03-28;"sábado";"20:15:00";"MT";163;746,8;"SORRISO";"Velocidade Incompatível";"Colisão com objeto estático";"Sem Vítimas";"Plena Noite";"Decrescente";"Garoa/Chuvisco";"Dupla";"Rotatória";"Não";1;0;0;0;1;0;0;1;-12,70074;-55,81389;"SR-MT";"UOP01";"DEL06"
277511;2020-03-28;"sábado";"18:30:00";"RN";304;30;"MOSSORO";"Falta de Atenção do Pedestre";"Atropelamento de Pedestre";"Com Vítimas Feridas";"Plena Noite";"Decrescente";"Céu Claro";"Simples";"Reta";"Sim";2;0;0;1;1;0;1;1;-5,117038;-37,341;"SR-RN";"UOP02";"DEL04"
277512;2020-03-28;"sábado";"22:15:00";"PR";376;277;"MARILANDIA DO SUL";"Falta de Atenção à Condução";"Capotamento";"Sem Vítimas";"Plena Noite";"Decrescente";"Céu Claro";"Simples";"Reta";"Não";1;0;0;0;0;1;0;1;-23,82601;-51,26656;"SR-PR";"UOP02";"DEL07"
277513;2020-03-28;"sábado";"21:30:00";"MA";10;256;"IMPERATRIZ";"Ingestão de Álcool";"Colisão traseira";"Com Vítimas Feridas";"Plena Noite";"Crescente";"Céu Claro";"Simples";"Reta";"Sim";2;0;1;0;1;0;1;2;-5,499715;-47,47184;"SR-MA";"UOP01";"DEL04"
277514;2020-03-28;"sábado";"20:30:00";"MG";40;622,1;"CONSELHEIRO LAFAIETE";"Falta de Atenção à Condução";"Colisão traseira";"Com Vítimas Feridas";"Plena Noite";"Crescente";"Céu Claro";"Simples";"Reta";"Não";3;0;2;0;1;0;2;2;-20,59391;-43,80412;"SR-MG";"UOP02";"DEL05"
277515;2020-03-28;"sábado";"23:00:00";"PR";153;343,3;"REBOUCAS";"Velocidade Incompatível";"Saída de leito carroçável";"Com Vítimas Feridas";"Plena Noite";"Crescente";"Céu Claro";"Simples";"Curva";"Não";1;0;0;1;0;0;1;1;-25,55715;-50,67465;"SR-PR";"UOP02";"DEL08"
277516;2020-03-28;"sábado";"21:00:00";"SC";280;53;"GUARAMIRIM";"Desobediência às normas de trânsito pelo condutor";"Colisão frontal";"Com Vítimas Feridas";"Plena Noite";"Crescente";"Nublado";"Simples";"Não Informado";"Não";2;0;1;0;1;0;1;2;-26,47237;-48,97427;"SR-SC";"UOP03";"DEL03"
277517;2020-03-28;"sábado";"23:05:00";"PR";116;80;"PIRAQUARA";"Falta de Atenção à Condução";"Saída de leito carroçável";"Com Vítimas Feridas";"Plena Noite";"Decrescente";"Céu Claro";"Dupla";"Reta";"Não";1;0;1;0;0;0;1;1;-25,40364;-49,05952;"SR-PR";"UOP01";"DEL01"
277518;2020-03-28;"sábado";"20:50:00";"CE";222;140,9;"IRAUCUBA";"Desobediência às normas de trânsito pelo condutor";"Colisão frontal";"Com Vítimas Feridas";"Plena Noite";"Crescente";"Céu Claro";"Simples";"Reta";"Não";3;0;1;1;0;1;2;2;-3,749228;-39,70829;"SR-CE";"UOP03";"DEL04"
277519;2020-03-28;"sábado";"18:05:00";"RS";470;164,2;"VILA FLORES";"Ingestão de Álcool";"Colisão frontal";"Com Vítimas Feridas";"Pleno dia";"Crescente";"Sol";"Simples";"Curva";"Não";2;0;1;1;0;0;2;2;-28,83381;-51,57472;"SR-RS";"UOP02";"DEL06"
277520;2020-03-28;"sábado";"20:35:00";"ES";101;66;"SAO MATEUS";"Falta de Atenção do Pedestre";"Colisão lateral";"Com Vítimas Feridas";"Plena Noite";"Decrescente";"Nublado";"Múltipla";"Não Informado";"Sim";2;0;0;2;0;0;2;2;-18,71652;-39,87436;"SR-ES";"UOP02";"DEL04"
277522;2020-03-28;"sábado";"17:50:00";"SC";101;47;"JOINVILLE";"Ingestão de Álcool";"Colisão lateral";"Sem Vítimas";"Pleno dia";"Decrescente";"Céu Claro";"Dupla";"Reta";"Não";2;0;0;0;2;0;0;2;-26,34235;-48,8584;"SR-SC";"UOP01";"DEL03"
277524;2020-03-28;"sábado";"23:30:00";"DF";60;9,5;"BRASILIA";"Falta de Atenção à Condução";"Colisão traseira";"Com Vítimas Feridas";"Plena Noite";"Decrescente";"Céu Claro";"Dupla";"Retorno Regulamentado";"Não";3;0;1;0;2;0;1;2;-15,90793;-48,14441;"SR-DF";"UOP02";"DEL01"
277525;2020-03-29;"domingo";"00:20:00";"PE";232;510;"SALGUEIRO";"Ingestão de álcool e/ou substâncias psicoativas pelo pedestre";"Atropelamento de Pedestre";"Com Vítimas Feridas";"Plena Noite";"Crescente";"Céu Claro";"Simples";"Reta";"Sim";2;0;1;0;0;1;1;1;-8,067472;-39,13817;"SR-PE";"UOP01";"DEL05"
277526;2020-03-28;"sábado";"23:15:00";"PR";277;94;"CURITIBA";"Condutor Dormindo";"Colisão lateral";"Sem Vítimas";"Plena Noite";"Decrescente";"Nublado";"Dupla";"Reta";"Sim";2;0;0;0;2;0;0;2;-25,43076;-49,32248;"SR-PR";"UOP04";"DEL01"
277527;2020-03-28;"sábado";"21:15:00";"MG";40;278,1;"TRES MARIAS";"Falta de Atenção à Condução";"Colisão traseira";"Com Vítimas Fatais";"Plena Noite";"Crescente";"Céu Claro";"Simples";"Reta";"Sim";2;1;0;0;0;1;0;2;-18,22031;-45,22076;"SR-MG";"UOP02";"DEL14"
277528;2020-03-29;"domingo";"00:30:00";"MG";40;505,5;"RIBEIRAO DAS NEVES";"Falta de Atenção do Pedestre";"Atropelamento de Pedestre";"Com Vítimas Feridas";"Plena Noite";"Crescente";"Céu Claro";"Dupla";"Reta";"Sim";2;0;0;1;0;1;1;1;-19,73838;-44,14936;"SR-MG";"UOP01";"DEL02"
277529;2020-03-28;"sábado";"22:45:00";"MG";50;82,2;"UBERLANDIA";"Animais na Pista";"Saída de leito carroçável";"Com Vítimas Feridas";"Plena Noite";"Crescente";"Céu Claro";"Dupla";"Reta";"Não";4;0;1;3;0;0;4;1;-18,98691;-48,21185;"SR-MG";"UOP01";"DEL15"
277530;2020-03-28;"sábado";"23:00:00";"AM";174;887;"MANAUS";"Ingestão de Álcool";"Colisão lateral";"Com Vítimas Feridas";"Plena Noite";"Crescente";"Céu Claro";"Simples";"Não Informado";"Sim";2;0;1;0;1;0;1;2;-2,951551;-60,03338;"SR-AM";"UOP01";"DEL01"
277531;2020-03-28;"sábado";"23:35:00";"RS";116;400,1;"CAMAQUA";"Animais na Pista";"Atropelamento de Animal";"Com Vítimas Feridas";"Plena Noite";"Crescente";"Nublado";"Simples";"Reta";"Sim";1;0;1;0;0;0;1;1;-30,87211;-51,80853;"SR-RS";"UOP02";"DEL02"
277532;2020-03-28;"sábado";"23:30:00";"DF";20;17,7;"BRASILIA";"Ingestão de Álcool";"Colisão traseira";"Com Vítimas Feridas";"Plena Noite";"Decrescente";"Céu Claro";"Dupla";"Reta";"Não";2;0;1;0;1;0;1;2;-15,62137;-47,71698;"SR-DF";"UOP01";"DEL02"
277533;2020-03-29;"domingo";"00:01:00";"PB";101;22;"MAMANGUAPE";"Ingestão de álcool e/ou substâncias psicoativas pelo pedestre";"Colisão com objeto estático";"Com Vítimas Feridas";"Plena Noite";"Crescente";"Céu Claro";"Dupla";"Reta";"Não";2;0;2;0;0;0;2;1;-6,681084;-35,11407;"SR-PB";"UOP03";"DEL01"
277534;2020-03-29;"domingo";"00:20:00";"SP";116;63,9;"GUARATINGUETA";"Ingestão de Álcool";"Colisão com objeto estático";"Com Vítimas Feridas";"Plena Noite";"Crescente";"Nublado";"Dupla";"Curva";"Não";1;0;0;1;0;0;1;1;-22,8127;-45,17801;"SR-SP";"UOP02";"DEL08"
277535;2020-03-28;"sábado";"18:20:00";"MA";10;263;"IMPERATRIZ";"Falta de Atenção à Condução";"Colisão traseira";"Com Vítimas Feridas";"Anoitecer";"Crescente";"Céu Claro";"Simples";"Reta";"Sim";2;0;0;1;1;0;1;2;-5,436281;-47,47265;"SR-MA";"UOP01";"DEL04"
277536;2020-03-29;"domingo";"01:00:00";"PR";158;511;"CORONEL VIVIDA";"Pista Escorregadia";"Colisão com objeto estático";"Sem Vítimas";"Pleno dia";"Decrescente";"Garoa/Chuvisco";"Simples";"Reta";"Não";1;0;0;0;1;0;0;1;-26,04034;-52,61094;"SR-PR";"UOP01";"DEL02"
277537;2020-03-28;"sábado";"23:00:00";"RJ";116;269;"BARRA MANSA";"Falta de Atenção à Condução";"Colisão traseira";"Com Vítimas Feridas";"Plena Noite";"Crescente";"Céu Claro";"Dupla";"Reta";"Sim";2;0;1;0;1;0;1;2;-22,5751;-44,11542;"SR-RJ";"UOP02";"DEL07"
277538;2020-03-28;"sábado";"23:30:00";"MG";381;533;"ITATIAIUCU";"Velocidade Incompatível";"Saída de leito carroçável";"Com Vítimas Feridas";"Plena Noite";"Decrescente";"Céu Claro";"Dupla";"Curva";"Não";1;0;1;0;0;0;1;1;-20,19896;-44,38641;"SR-MG";"UOP03";"DEL04"
277539;2020-03-29;"domingo";"01:15:00";"RN";101;84,8;"NATAL";"Velocidade Incompatível";"Saída de leito carroçável";"Sem Vítimas";"Plena Noite";"Decrescente";"Chuva";"Dupla";"Curva";"Sim";2;0;0;0;0;2;0;1;-5,771045;-35,26617;"SR-RN";"UOP01";"DEL02"
277540;2020-03-29;"domingo";"02:30:00";"SE";101;30,9;"CAPELA";"Condutor Dormindo";"Colisão com objeto estático";"Com Vítimas Feridas";"Plena Noite";"Decrescente";"Chuva";"Simples";"Túnel";"Não";1;0;0;1;0;0;1;1;-10,44545;-36,93658;"SR-SE";"UOP02";"DEL02"
277541;2020-03-29;"domingo";"03:20:00";"AL";104;88,4;"RIO LARGO";"Falta de Atenção do Pedestre";"Atropelamento de Pedestre";"Com Vítimas Feridas";"Plena Noite";"Crescente";"Chuva";"Dupla";"Reta";"Sim";2;0;0;1;1;0;1;1;-9,483752;-35,81816;"SR-AL";"UOP01";"DEL01"
277542;2020-02-25;"terça-feira";"22:00:00";"MG";381;404,5;"NOVA UNIAO";"Defeito na Via";"Colisão com objeto estático";"Com Vítimas Feridas";"Plena Noite";"Crescente";"Céu Claro";"Simples";"Não Informado";"Não";2;0;1;0;1;0;1;1;-19,74654;-43,54764;"SR-MG";"UOP01";"DEL01"
277543;2020-03-29;"domingo";"01:45:00";"RO";425;140;"GUAJARA-MIRIM";"Ingestão de Álcool";"Saída de leito carroçável";"Com Vítimas Feridas";"Plena Noite";"Crescente";"Nublado";"Dupla";"Reta";"Sim";2;0;1;0;0;1;1;1;-10,74161;-65,293;"SR-RO";"UOP04";"DEL01"
277544;2020-03-29;"domingo";"05:20:00";"RJ";101;84;"CAMPOS DOS GOYTACAZES";"Ingestão de Álcool";"Queda de ocupante de veículo";"Com Vítimas Feridas";"Amanhecer";"Crescente";"Céu Claro";"Simples";"Curva";"Não";1;0;0;1;0;0;1;1;-21,82137;-41,47024;"SR-RJ";"UOP02";"DEL08"
277545;2020-03-28;"sábado";"22:00:00";"MA";230;370;"FORTALEZA DOS NOGUEIRAS";"Ingestão de Álcool";"Saída de leito carroçável";"Sem Vítimas";"Plena Noite";"Crescente";"Céu Claro";"Simples";"Reta";"Não";1;0;0;0;1;0;0;1;-7,246848;-45,91056;"SR-MA";"UOP01";"DEL05"
277547;2020-03-28;"sábado";"20:30:00";"PA";230;682;"BRASIL NOVO";"Ingestão de Álcool";"Saída de leito carroçável";"Com Vítimas Feridas";"Plena Noite";"Crescente";"Nublado";"Simples";"Reta";"Não";1;0;1;0;0;0;1;1;-3,281522;-52,44515;"SR-PA";"UOP01";"DEL04"
277548;2020-03-29;"domingo";"07:05:00";"BA";116;433,1;"FEIRA DE SANTANA";"Defeito na Via";"Tombamento";"Com Vítimas Feridas";"Pleno dia";"Decrescente";"Nublado";"Dupla";"Curva";"Não";3;0;3;0;0;0;3;1;-12,30248;-39,04094;"SR-BA";"UOP01";"DEL02"
277549;2020-03-29;"domingo";"06:20:00";"RJ";101;269;"RIO BONITO";"Falta de Atenção à Condução";"Tombamento";"Com Vítimas Feridas";"Amanhecer";"Decrescente";"Céu Claro";"Dupla";"Reta";"Não";1;0;1;0;0;0;1;1;-22,71495;-42,67805;"SR-RJ";"UOP03";"DEL02"
277550;2020-03-29;"domingo";"07:00:00";"SE";101;92;"NOSSA SENHORA DO SOCORRO";"Ingestão de Álcool";"Colisão traseira";"Com Vítimas Feridas";"Pleno dia";"Decrescente";"Chuva";"Dupla";"Reta";"Sim";3;0;1;0;1;1;1;3;-10,90169;-37,13619;"SR-SE";"UOP01";"DEL01"
277551;2020-03-29;"domingo";"07:10:00";"RJ";495;29;"PETROPOLIS";"Defeito na Via";"Colisão lateral";"Com Vítimas Feridas";"Pleno dia";"Crescente";"Céu Claro";"Simples";"Reta";"Sim";2;0;0;1;1;0;1;2;-22,39161;-43,1262;"SR-RJ";"UOP01";"DEL06"
277552;2020-03-29;"domingo";"06:20:00";"MG";381;923,7;"CAMANDUCAIA";"Velocidade Incompatível";"Tombamento";"Com Vítimas Feridas";"Pleno dia";"Crescente";"Céu Claro";"Dupla";"Curva";"Não";1;0;1;0;0;0;1;1;-22,77483;-46,18824;"SR-MG";"UOP03";"DEL16"
277553;2020-03-29;"domingo";"07:40:00";"MG";381;345;"JOAO MONLEVADE";"Condutor Dormindo";"Saída de leito carroçável";"Sem Vítimas";"Amanhecer";"Decrescente";"Céu Claro";"Simples";"Reta";"Não";1;0;0;0;1;0;0;1;-19,86363;-43,12254;"SR-MG";"UOP01";"DEL03"
277554;2020-03-29;"domingo";"06:10:00";"RS";116;520;"PELOTAS";"Velocidade Incompatível";"Capotamento";"Sem Vítimas";"Pleno dia";"Crescente";"Nublado";"Simples";"Rotatória";"Não";1;0;0;0;0;1;0;1;-31,70061;-52,3613;"SR-RS";"UOP01";"DEL07"
277555;2020-03-29;"domingo";"08:25:00";"SC";280;24,9;"ARAQUARI";"Avarias e/ou desgaste excessivo no pneu";"Queda de ocupante de veículo";"Com Vítimas Feridas";"Pleno dia";"Decrescente";"Céu Claro";"Simples";"Reta";"Sim";2;0;2;0;0;0;2;1;-26,38238;-48,72547;"SR-SC";"UOP03";"DEL03"
277556;2020-03-29;"domingo";"08:30:00";"PR";277;485,5;"NOVA LARANJEIRAS";"Restrição de Visibilidade";"Colisão com objeto estático";"Com Vítimas Feridas";"Pleno dia";"Decrescente";"Nevoeiro/Neblina";"Simples";"Curva";"Não";1;0;1;0;0;0;1;1;-25,26571;-52,62553;"SR-PR";"UOP03";"DEL04"
277557;2020-03-29;"domingo";"09:00:00";"GO";60;49;"ABADIANIA";"Falta de Atenção à Condução";"Saída de leito carroçável";"Com Vítimas Feridas";"Pleno dia";"Crescente";"Céu Claro";"Dupla";"Curva";"Não";1;0;0;1;0;0;1;1;-16,1985;-48,7056;"SR-GO";"UOP01";"DEL02"
277558;2020-03-29;"domingo";"08:00:00";"AP";210;3;"MACAPA";"Ingestão de Álcool";"Saída de leito carroçável";"Com Vítimas Feridas";"Pleno dia";"Decrescente";"Sol";"Dupla";"Reta";"Não";1;0;1;0;0;0;1;1;0,08723365;-51,08569;"SR-AP";"UOP01";"DEL01"
277559;2020-02-12;"quarta-feira";"07:45:00";"SP";116;161,5;"JACAREI";"Falta de Atenção à Condução";"Colisão lateral";"Com Vítimas Feridas";"Pleno dia";"Crescente";"Céu Claro";"Múltipla";"Ponte";"Sim";2;0;0;1;1;0;1;2;-23,27765;-45,97848;"SR-SP";"UOP01";"DEL02"
277561;2020-03-29;"domingo";"07:40:00";"SP";116;496,4;"CAJATI";"Falta de Atenção à Condução";"Colisão com objeto estático";"Com Vítimas Feridas";"Pleno dia";"Decrescente";"Céu Claro";"Dupla";"Curva";"Não";2;0;1;0;1;0;1;2;-24,75946;-48,16458;"SR-SP";"UOP02";"DEL05"
277562;2020-03-29;"domingo";"09:30:00";"RJ";40;75;"PETROPOLIS";"Desobediência às normas de trânsito pelo condutor";"Queda de ocupante de veículo";"Com Vítimas Feridas";"Pleno dia";"Crescente";"Céu Claro";"Simples";"Curva";"Sim";1;0;1;0;0;0;1;1;-22,47922;-43,21731;"SR-RJ";"UOP03";"DEL06"
277563;2020-03-01;"domingo";"16:30:00";"ES";101;122;"SOORETAMA";"Ultrapassagem Indevida";"Colisão frontal";"Com Vítimas Feridas";"Pleno dia";"Crescente";"Céu Claro";"Simples";"Reta";"Não";2;0;1;0;1;0;1;2;-19,16017;-40,08315;"SR-ES";"UOP01";"DEL04"
277564;2020-03-29;"domingo";"08:30:00";"BA";116;368;"SERRINHA";"Não guardar distância de segurança";"Colisão frontal";"Com Vítimas Feridas";"Pleno dia";"Decrescente";"Céu Claro";"Simples";"Reta";"Não";3;0;1;0;2;0;1;3;-11,74326;-38,98617;"SR-BA";"UOP01";"DEL02"
277565;2020-03-29;"domingo";"10:00:00";"BA";324;567;"SAO SEBASTIAO DO PASSE";"Avarias e/ou desgaste excessivo no pneu";"Capotamento";"Com Vítimas Feridas";"Pleno dia";"Decrescente";"Nublado";"Dupla";"Reta";"Não";1;0;1;0;0;0;1;1;-12,5299;-38,60321;"SR-BA";"UOP01";"DEL01"
277566;2020-03-29;"domingo";"10:25:00";"MG";40;478,5;"SETE LAGOAS";"Desobediência às normas de trânsito pelo condutor";"Colisão traseira";"Com Vítimas Feridas";"Pleno dia";"Decrescente";"Céu Claro";"Dupla";"Reta";"Não";2;0;2;0;0;0;2;2;-19,52849;-44,2595;"SR-MG";"UOP01";"DEL02"
277567;2020-02-24;"segunda-feira";"19:50:00";"ES";101;144;"LINHARES";"Restrição de Visibilidade";"Colisão transversal";"Com Vítimas Feridas";"Plena Noite";"Decrescente";"Céu Claro";"Dupla";"Não Informado";"Sim";2;0;1;1;0;0;2;2;-19,35188;-40,06367;"SR-ES";"UOP01";"DEL04"
277568;2020-03-29;"domingo";"10:40:00";"PA";10;1,5;"DOM ELISEU";"Mal Súbito";"Atropelamento de Pedestre";"Com Vítimas Feridas";"Pleno dia";"Crescente";"Céu Claro";"Simples";"Reta";"Não";2;0;1;1;0;0;2;1;-4,436798;-47,53616;"SR-PA";"UOP02";"DEL02"
277569;2020-03-29;"domingo";"10:45:00";"SP";381;58,1;"ATIBAIA";"Velocidade Incompatível";"Colisão traseira";"Com Vítimas Feridas";"Pleno dia";"Crescente";"Nublado";"Dupla";"Não Informado";"Não";2;0;1;0;1;0;1;2;-23,27438;-46,58531;"SR-SP";"UOP01";"DEL03"
277571;2020-03-29;"domingo";"09:00:00";"RS";392;241,4;"CACAPAVA DO SUL";"Velocidade Incompatível";"Colisão com objeto estático";"Com Vítimas Feridas";"Pleno dia";"Crescente";"Garoa/Chuvisco";"Simples";"Curva";"Não";1;0;1;0;0;0;1;1;-30,60476;-53,36822;"SR-RS";"UOP02";"DEL09"
277572;2020-03-29;"domingo";"10:45:00";"MG";381;907,3;"CAMBUI";"Velocidade Incompatível";"Colisão com objeto estático";"Com Vítimas Feridas";"Pleno dia";"Crescente";"Nublado";"Dupla";"Não Informado";"Não";1;0;0;1;0;0;1;1;-22,71022;-46,12178;"SR-MG";"UOP03";"DEL16"
277573;2020-03-29;"domingo";"11:40:00";"SC";101;117,3;"ITAJAI";"Desobediência às normas de trânsito pelo condutor";"Colisão transversal";"Sem Vítimas";"Pleno dia";"Crescente";"Céu Claro";"Dupla";"Viaduto";"Não";2;0;0;0;2;0;0;2;-26,88747;-48,72253;"SR-SC";"UOP04";"DEL04"
277575;2020-03-26;"quinta-feira";"21:00:00";"AL";101;194;"SAO SEBASTIAO";"Falta de Atenção à Condução";"Saída de leito carroçável";"Com Vítimas Feridas";"Plena Noite";"Decrescente";"Nublado";"Dupla";"Curva";"Não";1;0;1;0;0;0;1;1;-9,935958;-36,49545;"SR-AL";"UOP02";"DEL02"
277576;2020-03-29;"domingo";"11:20:00";"SE";235;5,5;"NOSSA SENHORA DO SOCORRO";"Pista Escorregadia";"Saída de leito carroçável";"Sem Vítimas";"Pleno dia";"Decrescente";"Chuva";"Dupla";"Não Informado";"Sim";1;0;0;0;1;0;0;1;-10,9041;-37,1278;"SR-SE";"UOP01";"DEL01"