"id";"data_inversa";"dia_semana";"horario";"uf";"br";"km";"municipio";"causa_acidente";"tipo_acidente";"classificacao_acidente";"fase_dia";"sentido_via";"condicao_metereologica";"tipo_pista";"tracado_via";"uso_solo";"pessoas";"mortos";"feridos_leves";"feridos_graves";"ilesos";"ignorados";"feridos";"veiculos";"latitude";"longitude";"regional";"delegacia";"uop"
277672;2020-03-30;"segunda-feira";"00:30:00";"PR";277;104;"CAMPO LARGO";"Falta de Atenção à Condução";"Saída de leito carroçável";"Sem Vítimas";"Plena Noite";"Decrescente";"Céu Claro";"Dupla";"Reta";"Não";1;0;0;0;0;1;0;1;-25,49679;-49,34265;"SR-PR";"UOP04";"DEL01"
277673;2020-03-30;"segunda-feira";"02:50:00";"SC";101;137,9;"ITAPEMA";"Ingestão de Álcool";"Colisão com objeto estático";"Com Vítimas Feridas";"Plena Noite";"Crescente";"Ignorado";"Múltipla";"Reta";"Sim";2;0;2;0;0;0;2;1;-27,01572;-48,61193;"SR-SC";"UOP03";"DEL04"
277674;2020-03-30;"segunda-feira";"03:10:00";"ES";101;150;"LINHARES";"Falta de Atenção à Condução";"Atropelamento de Pedestre";"Com Vítimas Feridas";"Plena Noite";"Crescente";"Céu Claro";"Simples";"Interseção de vias";"Sim";3;0;0;1;2;0;1;1;-19,3991;-40,06278;"SR-ES";"UOP01";"DEL04"
277675;2020-03-29;"domingo";"18:50:00";"MS";267;227,8;"NOVA ALVORADA DO SUL";"Falta de Atenção à Condução";"Tombamento";"Com Vítimas Feridas";"Plena Noite";"Decrescente";"Nublado";"Simples";"Reta";"Não";1;0;1;0;0;0;1;1;-21,53744;-54,18926;"SR-MS";"UOP01";"DEL02"
277676;2020-03-30;"segunda-feira";"04:00:00";"RS";290;53;"GLORINHA";"Animais na Pista";"Tombamento";"Com Vítimas Feridas";"Plena Noite";"Crescente";"Céu Claro";"Dupla";"Reta";"Não";1;0;0;1;0;0;1;1;-29,91208;-50,78776;"SR-RS";"UOP01";"DEL03"
277677;2020-03-30;"segunda-feira";"04:40:00";"PE";101;77,1;"RECIFE";"Animais na Pista";"Atropelamento de Animal";"Com Vítimas Feridas";"Amanhecer";"Crescente";"Nublado";"Dupla";"Não Informado";"Sim";1;0;1;0;0;0;1;1;-8,126982;-34,94386;"SR-PE";"UOP01";"DEL01"
277678;2020-03-30;"segunda-feira";"02:45:00";"PR";476;122;"CURITIBA";"Desobediência às normas de trânsito pelo condutor";"Colisão com objeto estático";"Com Vítimas Fatais";"Plena Noite";"Decrescente";"Céu Claro";"Múltipla";"Reta";"Sim";1;1;0;0;0;0;0;1;-25,38939;-49,20571;"SR-PR";"UOP06";"DEL01"
277679;2020-03-30;"segunda-feira";"04:40:00";"PB";101;1,4;"MATARACA";"Velocidade Incompatível";"Colisão com objeto estático";"Com Vítimas Feridas";"Amanhecer";"Decrescente";"Chuva";"Dupla";"Reta";"Não";2;0;1;0;1;0;1;1;-6,514231;-35,11134;"SR-PB";"UOP03";"DEL01"
277680;2020-03-30;"segunda-feira";"05:00:00";"SP";116;214;"GUARULHOS";"Falta de Atenção à Condução";"Colisão lateral";"Com Vítimas Feridas";"Amanhecer";"Crescente";"Nublado";"Múltipla";"Não Informado";"Sim";2;0;0;1;1;0;1;2;-23,44333;-46,44531;"SR-SP";"UOP01";"DEL01"
277681;2020-03-30;"segunda-feira";"05:50:00";"ES";101;150;"LINHARES";"Condutor Dormindo";"Colisão com objeto estático";"Com Vítimas Feridas";"Amanhecer";"Decrescente";"Céu Claro";"Múltipla";"Curva";"Sim";2;0;1;0;1;0;1;1;-19,40437;-40,06079;"SR-ES";"UOP01";"DEL04"
277683;2020-03-30;"segunda-feira";"06:20:00";"PR";277;583,5;"CASCAVEL";"Falta de Atenção à Condução";"Colisão frontal";"Com Vítimas Feridas";"Amanhecer";"Crescente";"Nevoeiro/Neblina";"Dupla";"Reta";"Sim";2;0;2;0;0;0;2;2;-24,96684;-53,40258;"SR-PR";"UOP01";"DEL04"
277684;2020-03-30;"segunda-feira";"07:00:00";"SP";116;213,3;"GUARULHOS";"Desobediência às normas de trânsito pelo condutor";"Colisão lateral";"Com Vítimas Feridas";"Pleno dia";"Crescente";"Céu Claro";"Múltipla";"Reta";"Sim";3;0;1;0;2;0;1;3;-23,44062;-46,43958;"SR-SP";"UOP01";"DEL01"
277685;2020-03-30;"segunda-feira";"05:40:00";"RS";287;512;"SAO BORJA";"Ingestão de Álcool";"Saída de leito carroçável";"Com Vítimas Feridas";"Amanhecer";"Decrescente";"Céu Claro";"Simples";"Reta";"Não";1;0;1;0;0;0;1;1;-28,76843;-55,79503;"SR-RS";"UOP01";"DEL12"
277686;2020-03-30;"segunda-feira";"06:00:00";"RJ";101;447;"MANGARATIBA";"Fenômenos da Natureza";"Colisão lateral";"Com Vítimas Feridas";"Amanhecer";"Crescente";"Nublado";"Simples";"Reta";"Sim";3;0;1;1;1;0;2;3;-23,00392;-44,09744;"SR-RJ";"UOP02";"DEL03"
277687;2020-03-30;"segunda-feira";"08:00:00";"CE";116;5;"FORTALEZA";"Falta de Atenção à Condução";"Queda de ocupante de veículo";"Com Vítimas Feridas";"Pleno dia";"Decrescente";"Nublado";"Simples";"Curva";"Sim";1;0;1;0;0;0;1;1;-3,794671;-38,50773;"SR-CE";"UOP02";"DEL01"
277688;2020-03-30;"segunda-feira";"07:30:00";"PR";376;238;"APUCARANA";"Falta de Atenção à Condução";"Colisão frontal";"Com Vítimas Feridas";"Pleno dia";"Crescente";"Céu Claro";"Simples";"Não Informado";"Não";2;0;0;1;1;0;1;2;-23,58424;-51,4658;"SR-PR";"UOP03";"DEL07"
277689;2020-03-30;"segunda-feira";"07:45:00";"PB";101;35,7;"MAMANGUAPE";"Avarias e/ou desgaste excessivo no pneu";"Colisão com objeto estático";"Com Vítimas Feridas";"Pleno dia";"Crescente";"Chuva";"Dupla";"Reta";"Não";3;0;1;0;0;2;1;1;-6,794013;-35,13707;"SR-PB";"UOP03";"DEL01"
277690;2020-03-30;"segunda-feira";"08:30:00";"RJ";393;177;"TRES RIOS";"Animais na Pista";"Tombamento";"Com Vítimas Feridas";"Pleno dia";"Decrescente";"Nublado";"Simples";"Reta";"Sim";2;0;2;0;0;0;2;1;-22,13053;-43,22041;"SR-RJ";"UOP01";"DEL05"
277691;2020-03-29;"domingo";"23:00:00";"BA";116;587;"NOVA ITARANA";"Carga excessiva e/ou mal acondicionada";"Derramamento de carga";"Sem Vítimas";"Plena Noite";"Decrescente";"Nublado";"Dupla";"Não Informado";"Não";1;0;0;0;1;0;0;1;-13,1165;-39,98928;"SR-BA";"UOP02";"DEL03"
277694;2020-03-30;"segunda-feira";"09:50:00";"SC";101;198,7;"SAO JOSE";"Defeito Mecânico no Veículo";"Queda de ocupante de veículo";"Com Vítimas Feridas";"Pleno dia";"Decrescente";"Céu Claro";"Múltipla";"Reta";"Sim";2;0;2;0;0;0;2;1;-27,52659;-48,63506;"SR-SC";"UOP01";"DEL01"
277695;2020-03-30;"segunda-feira";"09:15:00";"PR";476;341,4;"PAULA FREITAS";"Ultrapassagem Indevida";"Colisão frontal";"Com Vítimas Fatais";"Pleno dia";"Crescente";"Nublado";"Simples";"Curva";"Não";5;1;0;1;1;2;1;2;-26,16689;-50,90011;"SR-PR";"UOP05";"DEL03"
277696;2020-03-30;"segunda-feira";"08:40:00";"MT";70;733,7;"CACERES";"Falta de Atenção à Condução";"Queda de ocupante de veículo";"Com Vítimas Feridas";"Pleno dia";"Decrescente";"Céu Claro";"Simples";"Reta";"Sim";2;0;1;0;1;0;1;2;-16,08581;-57,69674;"SR-MT";"UOP01";"DEL03"
277697;2020-03-30;"segunda-feira";"08:40:00";"RO";364;341;"JI-PARANA";"Não guardar distância de segurança";"Colisão traseira";"Com Vítimas Feridas";"Pleno dia";"Decrescente";"Nublado";"Dupla";"Reta";"Sim";2;0;1;0;1;0;1;2;-10,88823;-61,9324;"SR-RO";"UOP01";"DEL02"
277699;2020-03-30;"segunda-feira";"09:05:00";"AL";104;83,2;"RIO LARGO";"Falta de Atenção à Condução";"Tombamento";"Com Vítimas Feridas";"Pleno dia";"Crescente";"Nublado";"Simples";"Viaduto";"Não";2;0;2;0;0;0;2;1;-9,441658;-35,83538;"SR-AL";"UOP01";"DEL01"
277700;2020-03-30;"segunda-feira";"06:40:00";"SC";282;639;"DESCANSO";"Defeito Mecânico no Veículo";"Tombamento";"Com Vítimas Feridas";"Amanhecer";"Crescente";"Céu Claro";"Simples";"Reta";"Não";1;0;1;0;0;0;1;1;-26,79307;-53,45186;"SR-SC";"UOP03";"DEL07"
277702;2020-03-30;"segunda-feira";"10:40:00";"GO";80;26;"PADRE BERNARDO";"Falta de Atenção à Condução";"Colisão lateral";"Com Vítimas Feridas";"Pleno dia";"Decrescente";"Céu Claro";"Dupla";"Reta";"Não";4;0;2;0;2;0;2;2;-15,32889;-48,23165;"SR-DF";"UOP03";"DEL01"
277704;2020-03-21;"sábado";"20:00:00";"RO";364;309;"PRESIDENTE MEDICI";"Desobediência às normas de trânsito pelo condutor";"Colisão traseira";"Com Vítimas Feridas";"Plena Noite";"Decrescente";"Céu Claro";"Simples";"Reta";"Sim";2;0;0;1;1;0;1;2;-11,16341;-61,90161;"SR-RO";"UOP01";"DEL02"
277705;2020-03-30;"segunda-feira";"10:00:00";"GO";60;92,3;"ANAPOLIS";"Defeito Mecânico no Veículo";"Danos eventuais";"Sem Vítimas";"Pleno dia";"Decrescente";"Céu Claro";"Dupla";"Reta";"Sim";1;0;0;0;1;0;0;1;-16,353;-48,9178;"SR-GO";"UOP01";"DEL02"
277706;2020-03-30;"segunda-feira";"09:30:00";"MG";381;595,7;"CARMOPOLIS DE MINAS";"Falta de Atenção à Condução";"Colisão com objeto estático";"Sem Vítimas";"Pleno dia";"Crescente";"Nublado";"Dupla";"Reta";"Não";1;0;0;0;1;0;0;1;-20,59693;-44,70823;"SR-MG";"UOP01";"DEL04"
277707;2020-03-30;"segunda-feira";"11:00:00";"RJ";116;193;"QUEIMADOS";"Defeito Mecânico no Veículo";"Queda de ocupante de veículo";"Com Vítimas Feridas";"Pleno dia";"Crescente";"Céu Claro";"Múltipla";"Reta";"Não";2;0;2;0;0;0;2;1;-22,7396;-43,52859;"SR-RJ";"UOP02";"DEL01"
277708;2020-03-30;"segunda-feira";"11:30:00";"MG";40;480,9;"SETE LAGOAS";"Defeito Mecânico no Veículo";"Incêndio";"Com Vítimas Feridas";"Pleno dia";"Decrescente";"Céu Claro";"Dupla";"Reta";"Não";1;0;1;0;0;0;1;1;-19,54294;-44,24854;"SR-MG";"UOP01";"DEL02"
277709;2020-03-30;"segunda-feira";"06:30:00";"RJ";116;195;"QUEIMADOS";"Falta de Atenção à Condução";"Queda de ocupante de veículo";"Com Vítimas Feridas";"Pleno dia";"Crescente";"Ignorado";"Dupla";"Reta";"Sim";2;0;1;0;0;1;1;1;-22,73574;-43,5475;"SR-RJ";"UOP02";"DEL01"
277710;2020-03-30;"segunda-feira";"11:30:00";"MG";365;101,6;"JEQUITAI";"Falta de Atenção à Condução";"Colisão lateral";"Com Vítimas Feridas";"Pleno dia";"Crescente";"Céu Claro";"Simples";"Não Informado";"Não";2;0;0;1;1;0;1;2;-17,22428;-44,53423;"SR-MG";"UOP01";"DEL12"
277711;2020-03-30;"segunda-feira";"09:50:00";"SC";282;521;"XAXIM";"Falta de Atenção à Condução";"Colisão traseira";"Com Vítimas Feridas";"Pleno dia";"Crescente";"Céu Claro";"Simples";"Reta";"Não";2;0;1;0;1;0;1;2;-26,95099;-52,53477;"SR-SC";"UOP01";"DEL07"
277712;2020-03-30;"segunda-feira";"12:00:00";"SP";116;285;"ITAPECERICA DA SERRA";"Animais na Pista";"Queda de ocupante de veículo";"Com Vítimas Feridas";"Pleno dia";"Crescente";"Céu Claro";"Dupla";"Reta";"Não";1;0;1;0;0;0;1;1;-23,70408;-46,8725;"SR-SP";"UOP01";"DEL04"
277713;2020-03-30;"segunda-feira";"11:50:00";"BA";242;835;"BARREIRAS";"Defeito Mecânico no Veículo";"Incêndio";"Sem Vítimas";"Pleno dia";"Crescente";"Céu Claro";"Simples";"Reta";"Não";2;0;0;0;2;0;0;1;-12,10571;-45,3156;"SR-BA";"UOP01";"DEL10"
277714;2020-03-30;"segunda-feira";"12:10:00";"MG";381;509,6;"SAO JOAQUIM DE BICAS";"Velocidade Incompatível";"Saída de leito carroçável";"Com Vítimas Feridas";"Pleno dia";"Crescente";"Sol";"Múltipla";"Curva";"Sim";4;0;3;1;0;0;4;1;-20,05045;-44,27902;"SR-MG";"UOP03";"DEL01"
277715;2020-03-07;"sábado";"02:30:00";"MG";40;43,4;"PARACATU";"Desobediência às normas de trânsito pelo condutor";"Colisão transversal";"Com Vítimas Feridas";"Plena Noite";"Decrescente";"Chuva";"Múltipla";"Não Informado";"Sim";2;0;1;0;1;0;1;2;-17,22598;-46,86164;"SR-MG";"UOP01";"DEL14"
277718;2020-03-30;"segunda-feira";"10:00:00";"MG";116;413,4;"GOVERNADOR VALADARES";"Desobediência às normas de trânsito pelo condutor";"Colisão transversal";"Com Vítimas Feridas";"Pleno dia";"Crescente";"Sol";"Simples";"Reta";"Sim";2;0;1;1;0;0;2;2;-18,87565;-41,96483;"SR-MG";"UOP01";"DEL06"
277719;2020-03-30;"segunda-feira";"13:45:00";"TO";153;336;"GUARAI";"Falta de Atenção à Condução";"Colisão transversal";"Com Vítimas Feridas";"Pleno dia";"Decrescente";"Céu Claro";"Simples";"Reta";"Sim";2;0;1;0;1;0;1;2;-8,85386;-48,50888;"SR-TO";"UOP03";"DEL02"
277720;2020-03-03;"terça-feira";"20:30:00";"PA";230;121,5;"MARABA";"Sinalização da via insuficiente ou inadequada";"Colisão transversal";"Com Vítimas Feridas";"Plena Noite";"Decrescente";"Céu Claro";"Dupla";"Desvio Temporário";"Sim";2;0;1;0;1;0;1;2;-5,352974;-49,12144;"SR-PA";"UOP01";"DEL03"
277721;2020-03-30;"segunda-feira";"13:40:00";"SP";153;108;"JOSE BONIFACIO";"Desobediência às normas de trânsito pelo condutor";"Colisão transversal";"Com Vítimas Feridas";"Pleno dia";"Crescente";"Céu Claro";"Simples";"Rotatória";"Sim";6;0;4;0;2;0;4;2;-21,07208;-49,66657;"SR-SP";"UOP01";"DEL09"
277722;2020-03-10;"terça-feira";"08:30:00";"PA";316;111;"SANTA MARIA DO PARA";"Desobediência às normas de trânsito pelo condutor";"Colisão transversal";"Com Vítimas Feridas";"Pleno dia";"Crescente";"Chuva";"Simples";"Interseção de vias";"Não";4;0;3;0;1;0;3;2;-1,31709;-47,51317;"SR-PA";"UOP02";"DEL01"
277723;2020-03-19;"quinta-feira";"12:00:00";"PA";422;10;"NOVO REPARTIMENTO";"Pista Escorregadia";"Saída de leito carroçável";"Com Vítimas Feridas";"Pleno dia";"Decrescente";"Chuva";"Simples";"Reta";"Não";3;0;3;0;0;0;3;1;-4,2077;-49,90857;"SR-PA";"UOP01";"DEL03"
277724;2020-03-13;"sexta-feira";"17:30:00";"PI";135;543;"SAO GONCALO DO GURGUEIA";"Defeito Mecânico no Veículo";"Danos eventuais";"Sem Vítimas";"Anoitecer";"Decrescente";"Céu Claro";"Simples";"Curva";"Não";1;0;0;0;1;0;0;1;-10,05498;-45,27626;"SR-PI";"UOP02";"DEL03"
277726;2020-03-30;"segunda-feira";"15:00:00";"GO";153;656;"GOIATUBA";"Defeito Mecânico no Veículo";"Saída de leito carroçável";"Com Vítimas Feridas";"Pleno dia";"Crescente";"Nublado";"Dupla";"Curva";"Não";2;0;1;0;1;0;1;1;-18,019;-49,2635;"SR-GO";"UOP01";"DEL03"
277727;2020-03-24;"terça-feira";"14:20:00";"MS";163;481,9;"CAMPO GRANDE";"Ultrapassagem Indevida";"Colisão frontal";"Com Vítimas Fatais";"Pleno dia";"Decrescente";"Céu Claro";"Simples";"Reta";"Sim";6;1;0;3;2;0;3;3;-20,46241;-54,55371;"SR-MS";"UOP02";"DEL01"
277728;2020-03-30;"segunda-feira";"12:30:00";"MG";364;9;"FRUTAL";"Falta de Atenção à Condução";"Saída de leito carroçável";"Com Vítimas Feridas";"Pleno dia";"Decrescente";"Céu Claro";"Simples";"Desvio Temporário";"Não";2;0;2;0;0;0;2;1;-20,02519;-48,94096;"SR-MG";"UOP02";"DEL13"
277729;2020-03-30;"segunda-feira";"15:20:00";"ES";101;206;"JOAO NEIVA";"Desobediência às normas de trânsito pelo condutor";"Colisão transversal";"Com Vítimas Feridas";"Pleno dia";"Decrescente";"Sol";"Dupla";"Viaduto";"Sim";3;0;1;0;2;0;1;2;-19,76435;-40,37264;"SR-ES";"UOP01";"DEL02"
277732;2020-03-14;"sábado";"09:30:00";"PA";163;215;"NOVO PROGRESSO";"Desobediência às normas de trânsito pelo condutor";"Colisão transversal";"Com Vítimas Feridas";"Pleno dia";"Decrescente";"Céu Claro";"Simples";"Reta";"Não";6;0;0;1;5;0;1;2;-7,82578;-55,18727;"SR-PA";"UOP01";"DEL05"
277734;2020-03-30;"segunda-feira";"13:00:00";"MA";226;526;"LAJEADO NOVO";"Falta de Atenção à Condução";"Colisão transversal";"Com Vítimas Fatais";"Pleno dia";"Crescente";"Céu Claro";"Simples";"Reta";"Sim";2;1;0;0;1;0;0;2;-6,192651;-47,03779;"SR-MA";"UOP02";"DEL04"
277736;2020-03-30;"segunda-feira";"16:05:00";"MG";381;490,9;"BETIM";"Velocidade Incompatível";"Colisão traseira";"Com Vítimas Feridas";"Pleno dia";"Crescente";"Sol";"Dupla";"Não Informado";"Sim";2;0;1;0;1;0;1;2;-19,96503;-44,17422;"SR-MG";"UOP03";"DEL01"
277737;2020-03-30;"segunda-feira";"16:01:00";"PR";277;100;"CURITIBA";"Desobediência às normas de trânsito pelo condutor";"Colisão traseira";"Com Vítimas Feridas";"Pleno dia";"Crescente";"Céu Claro";"Dupla";"Curva";"Não";2;0;1;0;1;0;1;2;-25,52924;-49,32682;"SR-PR";"UOP04";"DEL01"
277738;2020-03-30;"segunda-feira";"16:50:00";"PR";476;140;"CURITIBA";"Desobediência às normas de trânsito pelo condutor";"Colisão traseira";"Com Vítimas Feridas";"Pleno dia";"Crescente";"Céu Claro";"Múltipla";"Reta";"Sim";2;0;1;0;1;0;1;2;-25,52069;-49,29412;"SR-PR";"UOP03";"DEL01"
277739;2020-03-30;"segunda-feira";"16:55:00";"PR";277;99;"CURITIBA";"Não guardar distância de segurança";"Capotamento";"Com Vítimas Feridas";"Pleno dia";"Decrescente";"Céu Claro";"Simples";"Reta";"Não";1;0;1;0;0;0;1;1;-25,53375;-49,31824;"SR-PR";"UOP04";"DEL01"
277740;2020-03-30;"segunda-feira";"17:05:00";"MG";262;810,3;"UBERABA";"Defeito Mecânico no Veículo";"Queda de ocupante de veículo";"Com Vítimas Feridas";"Pleno dia";"Decrescente";"Nublado";"Dupla";"Reta";"Sim";2;0;1;0;1;0;1;2;-19,76052;-48,04441;"SR-MG";"UOP01";"DEL13"
277741;2020-03-30;"segunda-feira";"13:05:00";"GO";153;206;"URUACU";"Ingestão de Álcool";"Saída de leito carroçável";"Sem Vítimas";"Pleno dia";"Crescente";"Céu Claro";"Simples";"Desvio Temporário";"Não";1;0;0;0;1;0;0;1;-14,56705;-49,15623;"SR-GO";"UOP01";"DEL07"
277742;2020-03-16;"segunda-feira";"16:15:00";"MG";116;394;"GOVERNADOR VALADARES";"Falta de Atenção à Condução";"Colisão lateral";"Com Vítimas Feridas";"Pleno dia";"Decrescente";"Ignorado";"Simples";"Reta";"Não";4;0;1;0;1;2;1;2;-18,70313;-41,98478;"SR-MG";"UOP01";"DEL06"
277743;2020-03-30;"segunda-feira";"13:20:00";"MT";70;511;"CUIABA";"Desobediência às normas de trânsito pelo condutor";"Colisão frontal";"Com Vítimas Feridas";"Pleno dia";"Crescente";"Céu Claro";"Simples";"Reta";"Não";3;0;1;1;1;0;2;3;-15,65051;-55,99824;"SR-MT";"UOP02";"DEL01"
277744;2020-03-30;"segunda-feira";"16:30:00";"BA";101;926;"NOVA VICOSA";"Desobediência às normas de trânsito pelo condutor";"Colisão lateral";"Com Vítimas Feridas";"Pleno dia";"Decrescente";"Céu Claro";"Simples";"Não Informado";"Não";2;0;1;0;1;0;1;2;-17,93183;-39,8406;"SR-BA";"UOP02";"DEL09"
277745;2020-03-30;"segunda-feira";"17:50:00";"PR";376;183;"SARANDI";"Avarias e/ou desgaste excessivo no pneu";"Tombamento";"Com Vítimas Feridas";"Pleno dia";"Crescente";"Sol";"Dupla";"Reta";"Sim";2;0;2;0;0;0;2;1;-23,4361;-51,8802;"SR-PR";"UOP01";"DEL09"
277746;2020-03-30;"segunda-feira";"15:00:00";"MA";222;619,2;"ACAILANDIA";"Animais na Pista";"Atropelamento de Animal";"Sem Vítimas";"Pleno dia";"Decrescente";"Céu Claro";"Simples";"Reta";"Não";2;0;0;0;2;0;0;1;-4,764893;-47,05419;"SR-MA";"UOP03";"DEL04"
277747;2020-03-30;"segunda-feira";"17:10:00";"PE";101;49;"ABREU E LIMA";"Falta de Atenção do Pedestre";"Atropelamento de Pedestre";"Com Vítimas Feridas";"Anoitecer";"Crescente";"Nublado";"Múltipla";"Reta";"Sim";3;0;3;0;0;0;3;1;-7,898419;-34,90271;"SR-PE";"UOP02";"DEL01"
277749;2020-03-03;"terça-feira";"13:13:00";"PA";316;31;"SANTA IZABEL DO PARA";"Pista Escorregadia";"Colisão transversal";"Com Vítimas Feridas";"Pleno dia";"Decrescente";"Garoa/Chuvisco";"Dupla";"Reta";"Não";2;0;1;0;1;0;1;2;-1,302587;-48,19657;"SR-PA";"UOP01";"DEL01"
277750;2020-03-30;"segunda-feira";"17:10:00";"RS";153;43,5;"ERECHIM";"Velocidade Incompatível";"Saída de leito carroçável";"Com Vítimas Feridas";"Pleno dia";"Crescente";"Chuva";"Simples";"Curva";"Não";1;0;1;0;0;0;1;1;-27,61448;-52,23956;"SR-RS";"UOP04";"DEL08"
277751;2020-03-30;"segunda-feira";"18:15:00";"RJ";393;282,1;"VOLTA REDONDA";"Desobediência às normas de trânsito pelo condutor";"Colisão transversal";"Com Vítimas Feridas";"Anoitecer";"Decrescente";"Nublado";"Simples";"Reta";"Sim";2;0;0;1;1;0;1;2;-22,48083;-44,04047;"SR-RJ";"UOP02";"DEL05"
277752;2020-03-25;"quarta-feira";"14:50:00";"MT";364;349;"SANTO ANTONIO DO LEVERGER";"Velocidade Incompatível";"Tombamento";"Com Vítimas Feridas";"Pleno dia";"Crescente";"Sol";"Dupla";"Curva";"Não";1;0;1;0;0;0;1;1;-15,80503;-55,55464;"SR-MT";"UOP02";"DEL01"
277753;2020-03-30;"segunda-feira";"18:10:00";"AL";316;83;"SANTANA DO IPANEMA";"Falta de Atenção à Condução";"Atropelamento de Pedestre";"Com Vítimas Fatais";"Plena Noite";"Decrescente";"Céu Claro";"Simples";"Não Informado";"Sim";2;1;1;0;0;0;1;1;-9,366607;-37,2585;"SR-AL";"UOP02";"DEL03"
277754;2020-03-30;"segunda-feira";"17:30:00";"PR";476;131;"CURITIBA";"Falta de Atenção à Condução";"Colisão frontal";"Com Vítimas Feridas";"Anoitecer";"Crescente";"Céu Claro";"Simples";"Reta";"Sim";2;0;1;0;1;0;1;2;-25,45364;-49,24515;"SR-PR";"UOP06";"DEL01"
277755;2020-03-09;"segunda-feira";"18:30:00";"AC";317;40;"SENADOR GUIOMARD";"Falta de Atenção do Pedestre";"Colisão frontal";"Sem Vítimas";"Anoitecer";"Crescente";"Céu Claro";"Simples";"Reta";"Não";2;0;0;0;1;1;0;1;-9,912038;-67,44747;"SR-AC";"UOP01";"DEL01"
277756;2020-03-30;"segunda-feira";"17:30:00";"MT";163;971;"NOVA SANTA HELENA";"Velocidade Incompatível";"Colisão lateral";"Sem Vítimas";"Pleno dia";"Crescente";"Céu Claro";"Simples";"Curva";"Não";2;0;0;0;2;0;0;2;-10,83913;-55,18349;"SR-MT";"UOP02";"DEL06"
277757;2020-03-30;"segunda-feira";"15:00:00";"MG";116;406,8;"GOVERNADOR VALADARES";"Falta de Atenção à Condução";"Tombamento";"Com Vítimas Feridas";"Pleno dia";"Crescente";"Céu Claro";"Simples";"Retorno Regulamentado";"Não";1;0;0;1;0;0;1;1;-18,82669;-41,98753;"SR-MG";"UOP01";"DEL06"
277758;2020-03-04;"quarta-feira";"14:50:00";"PA";163;993;"SANTAREM";"Não guardar distância de segurança";"Colisão traseira";"Com Vítimas Feridas";"Pleno dia";"Crescente";"Céu Claro";"Simples";"Reta";"Não";2;0;1;0;1;0;1;2;-2,529841;-54,72259;"SR-PA";"UOP01";"DEL05"
277759;2020-03-30;"segunda-feira";"18:40:00";"RJ";116;183;"NOVA IGUACU";"Desobediência às normas de trânsito pelo condutor";"Colisão traseira";"Com Vítimas Feridas";"Plena Noite";"Crescente";"Céu Claro";"Dupla";"Reta";"Sim";3;0;1;0;1;1;1;2;-22,7516;-43,4385;"SR-RJ";"UOP02";"DEL01"
277760;2020-03-30;"segunda-feira";"18:30:00";"RS";287;513,9;"SAO BORJA";"Animais na Pista";"Atropelamento de Animal";"Com Vítimas Feridas";"Anoitecer";"Decrescente";"Céu Claro";"Simples";"Reta";"Não";1;0;1;0;0;0;1;1;-28,76237;-55,80256;"SR-RS";"UOP01";"DEL12"
277761;2020-03-30;"segunda-feira";"18:30:00";"RJ";116;66;"TERESOPOLIS";"Falta de Atenção à Condução";"Queda de ocupante de veículo";"Com Vítimas Feridas";"Plena Noite";"Decrescente";"Nublado";"Simples";"Curva";"Não";1;0;1;0;0;0;1;1;-22,28531;-42,9306;"SR-RJ";"UOP01";"DEL04"
277763;2020-03-30;"segunda-feira";"19:10:00";"PR";476;149,2;"ARAUCARIA";"Falta de Atenção à Condução";"Colisão transversal";"Com Vítimas Feridas";"Plena Noite";"Crescente";"Nublado";"Múltipla";"Reta";"Sim";2;0;2;0;0;0;2;2;-25,55764;-49,36068;"SR-PR";"UOP04";"DEL01"
277765;2020-03-30;"segunda-feira";"19:20:00";"PR";277;131,8;"CAMPO LARGO";"Falta de Atenção à Condução";"Colisão traseira";"Com Vítimas Feridas";"Plena Noite";"Crescente";"Céu Claro";"Dupla";"Reta";"Não";3;0;0;1;1;1;1;2;-25,44518;-49,49857;"SR-PR";"UOP03";"DEL03"
277766;2020-03-30;"segunda-feira";"15:00:00";"AL";316;49;"CANAPI";"Desobediência às normas de trânsito pelo condutor";"Colisão frontal";"Com Vítimas Feridas";"Pleno dia";"Decrescente";"Sol";"Simples";"Rotatória";"Não";2;0;0;1;1;0;1;2;-9,193462;-37,51482;"SR-AL";"UOP02";"DEL03"
277768;2020-03-30;"segunda-feira";"19:20:00";"PI";343;568;"FLORIANO";"Avarias e/ou desgaste excessivo no pneu";"Danos eventuais";"Com Vítimas Feridas";"Plena Noite";"Crescente";"Céu Claro";"Simples";"Reta";"Não";2;0;2;0;0;0;2;1;-6,716117;-42,92231;"SR-PI";"UOP01";"DEL03"