"id";"data_inversa";"dia_semana";"horario";"uf";"br";"km";"municipio";"causa_acidente";"tipo_acidente";"classificacao_acidente";"fase_dia";"sentido_via";"condicao_metereologica";"tipo_pista";"tracado_via";"uso_solo";"pessoas";"mortos";"feridos_leves";"feridos_graves";"ilesos";"ignorados";"feridos";"veiculos";"latitude";"longitude";"regional";"delegacia";"uop"
277770;2020-03-30;"segunda-feira";"20:40:00";"SC";101;147,6;"ITAPEMA";"Avarias e/ou desgaste excessivo no pneu";"Queda de ocupante de veículo";"Com Vítimas Feridas";"Plena Noite";"Decrescente";"Céu Claro";"Dupla";"Reta";"Sim";1;0;1;0;0;0;1;1;-27,09237;-48,61731;"SR-SC";"UOP03";"DEL04"
277771;2020-03-30;"segunda-feira";"19:50:00";"PI";343;261,3;"CAMPO MAIOR";"Animais na Pista";"Colisão lateral";"Com Vítimas Feridas";"Plena Noite";"Crescente";"Céu Claro";"Simples";"Reta";"Não";5;0;1;0;4;0;1;2;-4,806726;-42,14588;"SR-PI";"UOP03";"DEL01"
277772;2020-03-30;"segunda-feira";"20:30:00";"PE";407;127;"PETROLINA";"Falta de Atenção à Condução";"Colisão transversal";"Com Vítimas Feridas";"Plena Noite";"Decrescente";"Céu Claro";"Simples";"Interseção de vias";"Sim";3;0;2;0;1;0;2;2;-9,390868;-40,52039;"SR-PE";"UOP01";"DEL06"
277773;2020-03-30;"segunda-feira";"21:50:00";"SP";116;199;"ARUJA";"Falta de Atenção à Condução";"Tombamento";"Com Vítimas Feridas";"Plena Noite";"Crescente";"Céu Claro";"Múltipla";"Reta";"Sim";1;0;1;0;0;0;1;1;-23,40185;-46,31154;"SR-SP";"UOP01";"DEL01"
277775;2020-03-30;"segunda-feira";"20:55:00";"CE";222;209,7;"FORQUILHA";"Animais na Pista";"Atropelamento de Animal";"Com Vítimas Feridas";"Plena Noite";"Crescente";"Nublado";"Simples";"Reta";"Não";1;0;0;1;0;0;1;1;-3,79796;-40,25863;"SR-CE";"UOP01";"DEL04"
277776;2020-03-30;"segunda-feira";"22:15:00";"RS";386;438,2;"NOVA SANTA RITA";"Ingestão de Álcool";"Saída de leito carroçável";"Com Vítimas Feridas";"Plena Noite";"Crescente";"Céu Claro";"Dupla";"Reta";"Não";4;0;1;3;0;0;4;1;-29,86632;-51,25122;"SR-RS";"UOP02";"DEL04"
277777;2020-03-30;"segunda-feira";"18:30:00";"PI";135;397,9;"REDENCAO DO GURGUEIA";"Defeito na Via";"Saída de leito carroçável";"Com Vítimas Feridas";"Plena Noite";"Decrescente";"Céu Claro";"Simples";"Reta";"Não";2;0;2;0;0;0;2;1;-9,395203;-44,58907;"SR-PI";"UOP02";"DEL03"
277778;2020-03-30;"segunda-feira";"20:00:00";"RR";174;661;"PACARAIMA";"Animais na Pista";"Atropelamento de Animal";"Com Vítimas Fatais";"Plena Noite";"Decrescente";"Chuva";"Simples";"Reta";"Não";1;1;0;0;0;0;0;1;4,135076;-61,0359;"SR-RR";"UOP02";"DEL01"
277779;2020-01-14;"terça-feira";"13:00:00";"MG";365;757;"ITUIUTABA";"Defeito Mecânico no Veículo";"Queda de ocupante de veículo";"Com Vítimas Feridas";"Pleno dia";"Crescente";"Céu Claro";"Dupla";"Reta";"Não";2;0;2;0;0;0;2;1;-18,95305;-49,44946;"SR-MG";"UOP03";"DEL15"
277780;2020-03-30;"segunda-feira";"21:00:00";"RO";364;343,1;"JI-PARANA";"Desobediência às normas de trânsito pelo condutor";"Colisão lateral";"Com Vítimas Feridas";"Plena Noite";"Crescente";"Nublado";"Múltipla";"Reta";"Sim";3;0;2;1;0;0;3;2;-10,87879;-61,94499;"SR-RO";"UOP01";"DEL02"
277781;2020-03-30;"segunda-feira";"19:30:00";"RS";287;426,7;"UNISTALDA";"Falta de Atenção do Pedestre";"Atropelamento de Pedestre";"Com Vítimas Feridas";"Plena Noite";"Crescente";"Céu Claro";"Simples";"Reta";"Não";3;0;0;1;2;0;1;1;-29,03871;-55,0765;"SR-RS";"UOP02";"DEL12"
277782;2020-03-30;"segunda-feira";"21:15:00";"PR";476;314,7;"SAO MATEUS DO SUL";"Condutor Dormindo";"Saída de leito carroçável";"Sem Vítimas";"Plena Noite";"Crescente";"Nevoeiro/Neblina";"Simples";"Não Informado";"Não";1;0;0;0;1;0;0;1;-26,03337;-50,68838;"SR-PR";"UOP05";"DEL03"
277783;2020-03-30;"segunda-feira";"22:30:00";"ES";101;37;"CONCEICAO DA BARRA";"Falta de Atenção à Condução";"Colisão com objeto estático";"Com Vítimas Feridas";"Plena Noite";"Decrescente";"Céu Claro";"Simples";"Reta";"Não";1;0;1;0;0;0;1;1;-18,47333;-39,92661;"SR-ES";"UOP02";"DEL04"
277784;2020-03-30;"segunda-feira";"20:55:00";"AC";364;138,2;"RIO BRANCO";"Defeito na Via";"Tombamento";"Com Vítimas Feridas";"Plena Noite";"Decrescente";"Garoa/Chuvisco";"Dupla";"Reta";"Sim";2;0;2;0;0;0;2;1;-9,961125;-67,85647;"SR-AC";"UOP01";"DEL01"
277786;2020-03-30;"segunda-feira";"17:30:00";"GO";364;3;"SAO SIMAO";"Falta de Atenção à Condução";"Saída de leito carroçável";"Com Vítimas Feridas";"Anoitecer";"Crescente";"Chuva";"Simples";"Reta";"Não";1;0;0;1;0;0;1;1;-19,02912;-50,5223;"SR-GO";"UOP02";"DEL05"
277787;2020-03-02;"segunda-feira";"06:50:00";"PA";163;988;"SANTAREM";"Não guardar distância de segurança";"Colisão traseira";"Com Vítimas Feridas";"Pleno dia";"Decrescente";"Chuva";"Simples";"Reta";"Não";2;0;0;1;1;0;1;2;-2,574782;-54,72089;"SR-PA";"UOP01";"DEL05"
277788;2020-03-30;"segunda-feira";"19:40:00";"MG";262;607,7;"CAMPOS ALTOS";"Pista Escorregadia";"Colisão lateral";"Com Vítimas Feridas";"Plena Noite";"Decrescente";"Chuva";"Simples";"Curva";"Não";2;0;2;0;0;0;2;2;-19,62458;-46,26931;"SR-MG";"UOP02";"DEL08"
277789;2020-03-31;"terça-feira";"01:50:00";"PR";277;219;"TEIXEIRA SOARES";"Velocidade Incompatível";"Tombamento";"Com Vítimas Fatais";"Plena Noite";"Crescente";"Céu Claro";"Simples";"Curva";"Não";4;2;0;1;1;0;1;4;-25,46667;-50,36875;"SR-PR";"UOP02";"DEL08"
277790;2020-03-30;"segunda-feira";"16:40:00";"MA";222;627,7;"ACAILANDIA";"Animais na Pista";"Saída de leito carroçável";"Sem Vítimas";"Pleno dia";"Decrescente";"Nublado";"Simples";"Reta";"Não";2;0;0;0;2;0;0;1;-4,77798;-47,1209;"SR-MA";"UOP03";"DEL04"
277791;2020-03-30;"segunda-feira";"23:00:00";"RS";116;575;"PEDRO OSORIO";"Defeito Mecânico no Veículo";"Tombamento";"Sem Vítimas";"Plena Noite";"Decrescente";"Céu Claro";"Simples";"Desvio Temporário";"Não";3;0;0;0;2;1;0;2;-31,99666;-52,80967;"SR-RS";"UOP03";"DEL07"
277792;2020-03-30;"segunda-feira";"17:30:00";"MT";174;833;"CASTANHEIRA";"Defeito na Via";"Queda de ocupante de veículo";"Com Vítimas Feridas";"Anoitecer";"Crescente";"Céu Claro";"Simples";"Reta";"Não";1;0;1;0;0;0;1;1;-11,03801;-58,63921;"SR-MT";"UOP01";"DEL04"
277793;2020-03-31;"terça-feira";"04:30:00";"MS";163;738;"COXIM";"Falta de Atenção à Condução";"Tombamento";"Com Vítimas Feridas";"Amanhecer";"Decrescente";"Céu Claro";"Simples";"Reta";"Não";1;0;1;0;0;0;1;1;-18,44464;-54,70355;"SR-MS";"UOP01";"DEL06"
277794;2020-03-31;"terça-feira";"04:00:00";"BA";101;260;"SANTO ANTONIO DE JESUS";"Falta de Atenção à Condução";"Tombamento";"Com Vítimas Feridas";"Plena Noite";"Decrescente";"Céu Claro";"Simples";"Curva";"Sim";1;0;1;0;0;0;1;1;-12,95644;-39,26761;"SR-BA";"UOP02";"DEL01"
277795;2020-03-31;"terça-feira";"05:30:00";"SP";116;296;"ITAPECERICA DA SERRA";"Desobediência às normas de trânsito pelo condutor";"Colisão traseira";"Com Vítimas Feridas";"Amanhecer";"Crescente";"Nevoeiro/Neblina";"Dupla";"Reta";"Não";2;0;2;0;0;0;2;2;-23,76745;-46,90907;"SR-SP";"UOP01";"DEL04"
277796;2020-03-31;"terça-feira";"03:05:00";"SC";280;5,7;"SAO FRANCISCO DO SUL";"Ultrapassagem Indevida";"Colisão lateral";"Com Vítimas Feridas";"Plena Noite";"Decrescente";"Céu Claro";"Simples";"Reta";"Sim";8;0;1;2;1;4;3;2;-26,26012;-48,62572;"SR-SC";"UOP03";"DEL03"
277797;2020-03-31;"terça-feira";"05:20:00";"CE";222;8,9;"CAUCAIA";"Pista Escorregadia";"Saída de leito carroçável";"Sem Vítimas";"Amanhecer";"Decrescente";"Chuva";"Dupla";"Reta";"Sim";1;0;0;0;0;1;0;1;-3,753636;-38,63803;"SR-CE";"UOP01";"DEL01"
277798;2020-03-31;"terça-feira";"06:00:00";"PB";101;108;"ALHANDRA";"Velocidade Incompatível";"Saída de leito carroçável";"Com Vítimas Feridas";"Pleno dia";"Decrescente";"Chuva";"Dupla";"Reta";"Sim";1;0;1;0;0;0;1;1;-7,334549;-34,94758;"SR-PB";"UOP01";"DEL01"
277800;2020-03-31;"terça-feira";"07:40:00";"SP";116;216;"GUARULHOS";"Velocidade Incompatível";"Tombamento";"Com Vítimas Feridas";"Pleno dia";"Crescente";"Nublado";"Múltipla";"Reta";"Sim";1;0;1;0;0;0;1;1;-23,45212;-46,46793;"SR-SP";"UOP01";"DEL01"
277803;2020-03-31;"terça-feira";"07:35:00";"ES";101;270,5;"SERRA";"Falta de Atenção à Condução";"Colisão lateral";"Com Vítimas Feridas";"Pleno dia";"Decrescente";"Sol";"Dupla";"Reta";"Sim";3;0;1;0;1;1;1;2;-20,2174;-40,26991;"SR-ES";"UOP01";"DEL02"
277804;2020-03-31;"terça-feira";"07:35:00";"MG";50;137;"UBERABA";"Falta de Atenção à Condução";"Colisão traseira";"Com Vítimas Feridas";"Pleno dia";"Decrescente";"Céu Claro";"Dupla";"Reta";"Não";2;0;1;0;1;0;1;2;-19,45056;-48,06143;"SR-MG";"UOP01";"DEL13"
277805;2020-03-31;"terça-feira";"08:30:00";"PR";476;130;"CURITIBA";"Falta de Atenção à Condução";"Colisão com objeto estático";"Sem Vítimas";"Pleno dia";"Decrescente";"Céu Claro";"Múltipla";"Não Informado";"Sim";1;0;0;0;1;0;0;1;-25,44956;-49,23643;"SR-PR";"UOP06";"DEL01"
277806;2020-03-31;"terça-feira";"07:00:00";"SP";116;277,5;"EMBU DAS ARTES";"Ultrapassagem Indevida";"Atropelamento de Pedestre";"Com Vítimas Feridas";"Pleno dia";"Decrescente";"Céu Claro";"Dupla";"Reta";"Sim";2;0;1;0;1;0;1;1;-23,64871;-46,84395;"SR-SP";"UOP01";"DEL04"
277807;2020-03-31;"terça-feira";"08:30:00";"ES";101;8;"PEDRO CANARIO";"Carga excessiva e/ou mal acondicionada";"Tombamento";"Com Vítimas Feridas";"Pleno dia";"Crescente";"Sol";"Simples";"Curva";"Não";1;0;1;0;0;0;1;1;-18,23028;-39,95278;"SR-ES";"UOP02";"DEL04"
277808;2020-03-30;"segunda-feira";"17:15:00";"MA";226;215,9;"TUNTUM";"Condutor Dormindo";"Saída de leito carroçável";"Sem Vítimas";"Pleno dia";"Crescente";"Nublado";"Simples";"Reta";"Não";3;0;0;0;3;0;0;3;-5,315838;-44,58266;"SR-MA";"UOP01";"DEL03"
277809;2020-03-31;"terça-feira";"08:20:00";"RS";285;316,2;"PASSO FUNDO";"Falta de Atenção à Condução";"Colisão lateral";"Com Vítimas Feridas";"Pleno dia";"Decrescente";"Céu Claro";"Simples";"Reta";"Não";2;0;1;0;1;0;1;2;-28,25378;-52,58959;"SR-RS";"UOP03";"DEL08"
277811;2020-03-31;"terça-feira";"07:10:00";"MT";364;206,8;"RONDONOPOLIS";"Desobediência às normas de trânsito pelo condutor";"Colisão lateral";"Com Vítimas Feridas";"Pleno dia";"Decrescente";"Céu Claro";"Dupla";"Reta";"Sim";2;0;2;0;0;0;2;2;-16,44614;-54,66803;"SR-MT";"UOP01";"DEL02"
277812;2020-03-31;"terça-feira";"08:40:00";"PB";230;130,6;"CAMPINA GRANDE";"Velocidade Incompatível";"Colisão com objeto estático";"Com Vítimas Feridas";"Pleno dia";"Crescente";"Nublado";"Dupla";"Não Informado";"Não";2;0;2;0;0;0;2;1;-7,277615;-35,73183;"SR-PB";"UOP01";"DEL02"
277813;2020-03-31;"terça-feira";"08:45:00";"RS";392;2,3;"RIO GRANDE";"Desobediência às normas de trânsito pelo condutor";"Colisão lateral";"Sem Vítimas";"Pleno dia";"Crescente";"Céu Claro";"Simples";"Rotatória";"Não";2;0;0;0;2;0;0;2;-32,03548;-52,09908;"SR-RS";"UOP02";"DEL07"
277814;2020-03-31;"terça-feira";"07:15:00";"PR";476;120;"COLOMBO";"Falta de Atenção à Condução";"Colisão traseira";"Sem Vítimas";"Pleno dia";"Crescente";"Céu Claro";"Múltipla";"Reta";"Sim";3;0;0;0;3;0;0;3;-25,37191;-49,19146;"SR-PR";"UOP06";"DEL01"
277815;2020-03-31;"terça-feira";"08:00:00";"RS";386;288,5;"SAO JOSE DO HERVAL";"Velocidade Incompatível";"Saída de leito carroçável";"Com Vítimas Feridas";"Pleno dia";"Crescente";"Sol";"Simples";"Curva";"Não";1;0;1;0;0;0;1;1;-29,08534;-52,25595;"SR-RS";"UOP01";"DEL04"
277817;2020-03-31;"terça-feira";"09:55:00";"GO";153;510,3;"APARECIDA DE GOIANIA";"Defeito na Via";"Tombamento";"Com Vítimas Feridas";"Pleno dia";"Decrescente";"Céu Claro";"Dupla";"Não Informado";"Sim";3;0;2;0;0;1;2;1;-16,7977;-49,2386;"SR-GO";"UOP03";"DEL01"
277818;2020-03-31;"terça-feira";"10:00:00";"MG";365;431,4;"PATOS DE MINAS";"Mal Súbito";"Saída de leito carroçável";"Com Vítimas Feridas";"Pleno dia";"Crescente";"Céu Claro";"Simples";"Reta";"Não";1;0;0;1;0;0;1;1;-18,75856;-46,66185;"SR-MG";"UOP01";"DEL10"
277819;2020-03-23;"segunda-feira";"10:00:00";"MT";163;1035;"MATUPA";"Falta de Atenção à Condução";"Colisão lateral";"Com Vítimas Feridas";"Pleno dia";"Decrescente";"Céu Claro";"Simples";"Reta";"Não";3;0;3;0;0;0;3;3;-10,20851;-54,96222;"SR-MT";"UOP02";"DEL06"
277820;2020-03-31;"terça-feira";"10:35:00";"MG";40;43,4;"PARACATU";"Falta de Atenção à Condução";"Atropelamento de Pedestre";"Com Vítimas Feridas";"Pleno dia";"Decrescente";"Sol";"Simples";"Interseção de vias";"Sim";2;0;1;0;0;1;1;1;-17,22598;-46,86164;"SR-MG";"UOP01";"DEL14"
277821;2020-03-11;"quarta-feira";"16:00:00";"RJ";40;125;"RIO DE JANEIRO";"Falta de Atenção à Condução";"Engavetamento";"Com Vítimas Feridas";"Pleno dia";"Crescente";"Ignorado";"Múltipla";"Reta";"Sim";3;0;1;0;0;2;1;3;-22,81511;-43,28751;"SR-RJ";"UOP02";"DEL01"
277822;2020-03-31;"terça-feira";"11:00:00";"GO";40;2,5;"VALPARAISO DE GOIAS";"Falta de Atenção à Condução";"Colisão lateral";"Com Vítimas Feridas";"Pleno dia";"Decrescente";"Céu Claro";"Dupla";"Reta";"Sim";3;0;1;0;2;0;1;2;-16,06713;-47,98423;"SR-DF";"UOP01";"DEL01"
277823;2020-03-18;"quarta-feira";"15:00:00";"PA";10;117,8;"PARAGOMINAS";"Defeito na Via";"Colisão lateral";"Com Vítimas Fatais";"Pleno dia";"Decrescente";"Céu Claro";"Simples";"Reta";"Não";3;2;0;0;0;1;0;2;-3,410263;-47,44968;"SR-PA";"UOP01";"DEL02"
277824;2020-03-31;"terça-feira";"08:25:00";"RS";116;556,8;"PEDRO OSORIO";"Condutor Dormindo";"Colisão com objeto estático";"Com Vítimas Feridas";"Pleno dia";"Decrescente";"Céu Claro";"Simples";"Ponte";"Não";2;0;2;0;0;0;2;1;-31,90106;-52,66319;"SR-RS";"UOP03";"DEL07"
277826;2020-03-31;"terça-feira";"10:40:00";"BA";116;754;"POCOES";"Mal Súbito";"Saída de leito carroçável";"Com Vítimas Fatais";"Pleno dia";"Decrescente";"Céu Claro";"Simples";"Não Informado";"Não";1;1;0;0;0;0;0;1;-14,4574;-40,34471;"SR-BA";"UOP02";"DEL08"
277829;2020-03-31;"terça-feira";"12:15:00";"BA";242;796;"BARREIRAS";"Falta de Atenção à Condução";"Colisão traseira";"Sem Vítimas";"Pleno dia";"Decrescente";"Sol";"Simples";"Reta";"Não";2;0;0;0;2;0;0;2;-12,16163;-44,85051;"SR-BA";"UOP01";"DEL10"
277830;2020-03-31;"terça-feira";"11:15:00";"MG";381;432;"SABARA";"Não guardar distância de segurança";"Saída de leito carroçável";"Com Vítimas Feridas";"Pleno dia";"Crescente";"Céu Claro";"Simples";"Reta";"Não";2;0;1;0;1;0;1;1;-19,78751;-43,73981;"SR-MG";"UOP01";"DEL01"
277831;2020-03-31;"terça-feira";"11:40:00";"MG";381;434;"SABARA";"Velocidade Incompatível";"Tombamento";"Com Vítimas Feridas";"Pleno dia";"Crescente";"Sol";"Simples";"Não Informado";"Não";1;0;1;0;0;0;1;1;-19,78489;-43,72316;"SR-MG";"UOP01";"DEL01"
277832;2020-03-31;"terça-feira";"13:16:00";"BA";116;425;"FEIRA DE SANTANA";"Falta de Atenção à Condução";"Colisão transversal";"Com Vítimas Feridas";"Pleno dia";"Decrescente";"Céu Claro";"Simples";"Reta";"Sim";3;0;0;3;0;0;3;2;-12,23737;-38,98;"SR-BA";"UOP01";"DEL02"
277833;2020-03-31;"terça-feira";"13:54:00";"SP";116;227;"SAO PAULO";"Desobediência às normas de trânsito pelo condutor";"Colisão com objeto estático";"Com Vítimas Feridas";"Pleno dia";"Crescente";"Céu Claro";"Múltipla";"Reta";"Sim";2;0;2;0;0;0;2;1;-23,50003;-46,56265;"SR-SP";"UOP01";"DEL01"
277834;2020-02-28;"sexta-feira";"20:05:00";"MG";40;784;"JUIZ DE FORA";"Desobediência às normas de trânsito pelo condutor";"Colisão lateral";"Com Vítimas Feridas";"Plena Noite";"Decrescente";"Chuva";"Simples";"Interseção de vias";"Não";2;0;0;1;1;0;1;2;-21,72889;-43,43754;"SR-MG";"UOP01";"DEL05"
277836;2020-03-31;"terça-feira";"13:30:00";"SP";116;171,4;"JACAREI";"Defeito Mecânico no Veículo";"Saída de leito carroçável";"Sem Vítimas";"Pleno dia";"Crescente";"Sol";"Dupla";"Curva";"Não";1;0;0;0;1;0;0;1;-23,31217;-46,0633;"SR-SP";"UOP01";"DEL02"
277837;2020-03-31;"terça-feira";"14:15:00";"PB";230;20;"JOAO PESSOA";"Falta de Atenção à Condução";"Queda de ocupante de veículo";"Com Vítimas Feridas";"Pleno dia";"Crescente";"Nublado";"Dupla";"Reta";"Não";1;0;1;0;0;0;1;1;-7,1337;-34,8544;"SR-PB";"UOP01";"DEL01"
277838;2020-03-31;"terça-feira";"13:00:00";"PA";230;119;"MARABA";"Velocidade Incompatível";"Colisão com objeto estático";"Com Vítimas Feridas";"Pleno dia";"Decrescente";"Sol";"Dupla";"Ponte";"Sim";1;0;1;0;0;0;1;1;-5,3532;-49,12153;"SR-PA";"UOP01";"DEL03"
277839;2020-03-31;"terça-feira";"14:45:00";"GO";452;67;"MAURILANDIA";"Falta de Atenção à Condução";"Colisão frontal";"Com Vítimas Feridas";"Pleno dia";"Crescente";"Sol";"Simples";"Reta";"Não";4;0;0;4;0;0;4;2;-18,02356;-50,3296;"SR-GO";"UOP01";"DEL04"
277840;2020-03-31;"terça-feira";"14:30:00";"DF";20;16,2;"BRASILIA";"Velocidade Incompatível";"Saída de leito carroçável";"Com Vítimas Feridas";"Pleno dia";"Crescente";"Céu Claro";"Dupla";"Reta";"Não";5;0;5;0;0;0;5;1;-15,62567;-47,72516;"SR-DF";"UOP01";"DEL02"
277841;2020-03-31;"terça-feira";"14:50:00";"PR";476;144,4;"CURITIBA";"Falta de Atenção à Condução";"Colisão lateral";"Com Vítimas Feridas";"Pleno dia";"Crescente";"Céu Claro";"Dupla";"Reta";"Sim";3;0;1;0;2;0;1;2;-25,5425;-49,31301;"SR-PR";"UOP04";"DEL01"
277842;2020-03-31;"terça-feira";"14:45:00";"PE";101;92,7;"CABO DE SANTO AGOSTINHO";"Desobediência às normas de trânsito pelo pedestre";"Colisão transversal";"Sem Vítimas";"Pleno dia";"Crescente";"Céu Claro";"Simples";"Reta";"Sim";2;0;0;0;1;1;0;2;-8,232018;-34,99779;"SR-PE";"UOP03";"DEL01"
277843;2020-03-31;"terça-feira";"14:40:00";"PI";343;589,9;"FLORIANO";"Falta de Atenção à Condução";"Colisão com objeto estático";"Com Vítimas Fatais";"Pleno dia";"Decrescente";"Céu Claro";"Dupla";"Reta";"Sim";2;1;0;0;0;1;0;1;-6,776695;-43,00935;"SR-PI";"UOP01";"DEL03"
277844;2020-03-31;"terça-feira";"14:20:00";"MG";365;570,5;"INDIANOPOLIS";"Falta de Atenção à Condução";"Colisão lateral";"Sem Vítimas";"Pleno dia";"Crescente";"Sol";"Simples";"Reta";"Não";2;0;0;0;2;0;0;2;-18,90976;-47,87171;"SR-MG";"UOP02";"DEL15"
277845;2020-03-31;"terça-feira";"15:20:00";"PR";376;350,8;"ORTIGUEIRA";"Falta de Atenção do Pedestre";"Atropelamento de Pedestre";"Com Vítimas Fatais";"Pleno dia";"Crescente";"Sol";"Dupla";"Reta";"Sim";4;1;0;2;1;0;2;1;-24,24186;-50,90916;"SR-PR";"UOP04";"DEL03"
277846;2020-03-31;"terça-feira";"15:30:00";"PI";316;7,5;"TERESINA";"Desobediência às normas de trânsito pelo condutor";"Colisão transversal";"Com Vítimas Feridas";"Pleno dia";"Crescente";"Sol";"Simples";"Reta";"Sim";4;0;3;0;1;0;3;2;-5,159791;-42,77062;"SR-PI";"UOP02";"DEL01"
277847;2020-03-31;"terça-feira";"15:50:00";"SC";470;120;"APIUNA";"Não guardar distância de segurança";"Colisão com objeto em movimento";"Com Vítimas Feridas";"Pleno dia";"Decrescente";"Céu Claro";"Simples";"Reta";"Não";3;0;1;1;1;0;2;2;-27,08992;-49,52042;"SR-SC";"UOP02";"DEL04"
277848;2020-03-31;"terça-feira";"14:30:00";"SC";101;116,4;"ITAJAI";"Falta de Atenção à Condução";"Colisão lateral";"Com Vítimas Feridas";"Pleno dia";"Crescente";"Céu Claro";"Dupla";"Reta";"Sim";3;0;2;0;1;0;2;2;-26,87906;-48,72604;"SR-SC";"UOP04";"DEL04"
277849;2020-03-31;"terça-feira";"15:50:00";"MG";262;548;"LUZ";"Velocidade Incompatível";"Tombamento";"Com Vítimas Feridas";"Pleno dia";"Decrescente";"Garoa/Chuvisco";"Simples";"Curva";"Não";1;0;1;0;0;0;1;1;-19,73163;-45,8631;"SR-MG";"UOP02";"DEL08"
277850;2020-03-03;"terça-feira";"10:45:00";"PA";316;62;"CASTANHAL";"Falta de Atenção à Condução";"Colisão traseira";"Com Vítimas Feridas";"Pleno dia";"Decrescente";"Céu Claro";"Dupla";"Reta";"Sim";2;0;1;0;1;0;1;2;-1,297869;-47,93764;"SR-PA";"UOP01";"DEL01"
277851;2020-03-31;"terça-feira";"14:50:00";"SE";235;2,1;"ARACAJU";"Mal Súbito";"Saída de leito carroçável";"Sem Vítimas";"Pleno dia";"Crescente";"Céu Claro";"Dupla";"Reta";"Sim";2;0;0;0;1;1;0;1;-10,9062;-37,1034;"SR-SE";"UOP01";"DEL01"
277852;2020-03-31;"terça-feira";"12:00:00";"SE";235;3;"NOSSA SENHORA DO SOCORRO";"Não guardar distância de segurança";"Colisão traseira";"Com Vítimas Feridas";"Pleno dia";"Crescente";"Céu Claro";"Múltipla";"Reta";"Sim";2;0;1;0;1;0;1;2;-10,9059;-37,111;"SR-SE";"UOP01";"DEL01"
277853;2020-03-31;"terça-feira";"16:00:00";"RJ";116;316;"ITATIAIA";"Defeito Mecânico no Veículo";"Colisão com objeto estático";"Sem Vítimas";"Pleno dia";"Crescente";"Nublado";"Simples";"Reta";"Sim";1;0;0;0;1;0;0;1;-22,4656;-44,49103;"SR-RJ";"UOP02";"DEL07"
277854;2020-03-28;"sábado";"06:00:00";"ES";262;78;"DOMINGOS MARTINS";"Falta de Atenção à Condução";"Tombamento";"Com Vítimas Feridas";"Pleno dia";"Crescente";"Céu Claro";"Simples";"Curva";"Não";1;0;1;0;0;0;1;1;-20,41116;-40,92351;"SR-ES";"UOP02";"DEL01"
277855;2020-03-31;"terça-feira";"16:50:00";"PE";104;61,7;"CARUARU";"Falta de Atenção à Condução";"Capotamento";"Com Vítimas Feridas";"Anoitecer";"Crescente";"Céu Claro";"Dupla";"Reta";"Sim";2;0;1;0;1;0;1;2;-8,247508;-35,97542;"SR-PE";"UOP01";"DEL02"
277856;2020-03-31;"terça-feira";"16:10:00";"RS";290;353,7;"SAO SEPE";"Falta de Atenção à Condução";"Colisão traseira";"Com Vítimas Fatais";"Pleno dia";"Crescente";"Céu Claro";"Simples";"Reta";"Não";3;1;1;0;1;0;1;2;-30,37423;-53,70279;"SR-RS";"UOP02";"DEL09"
277858;2020-03-31;"terça-feira";"16:00:00";"PB";116;9,3;"CACHOEIRA DOS INDIOS";"Velocidade Incompatível";"Saída de leito carroçável";"Com Vítimas Feridas";"Pleno dia";"Decrescente";"Chuva";"Simples";"Não Informado";"Não";1;0;1;0;0;0;1;1;-6,970903;-38,73401;"SR-CE";"UOP03";"DEL05"
277859;2020-03-31;"terça-feira";"17:20:00";"MG";381;455;"SABARA";"Fenômenos da Natureza";"Colisão traseira";"Com Vítimas Feridas";"Anoitecer";"Crescente";"Sol";"Simples";"Ponte";"Não";2;0;0;1;1;0;1;2;-19,84149;-43,86882;"SR-MG";"UOP01";"DEL01"
277860;2020-03-31;"terça-feira";"17:40:00";"PA";222;245;"MARABA";"Defeito na Via";"Tombamento";"Com Vítimas Fatais";"Anoitecer";"Decrescente";"Nublado";"Simples";"Reta";"Sim";2;1;0;0;1;0;0;2;-5,347676;-49,08046;"SR-PA";"UOP01";"DEL03"
277861;2020-03-31;"terça-feira";"17:30:00";"MG";381;451,9;"SABARA";"Desobediência às normas de trânsito pelo condutor";"Colisão transversal";"Com Vítimas Feridas";"Pleno dia";"Decrescente";"Céu Claro";"Simples";"Reta";"Sim";2;0;0;1;1;0;1;2;-19,83832;-43,88069;"SR-MG";"UOP01";"DEL01"
277862;2020-03-31;"terça-feira";"11:00:00";"MG";381;426;"PATOS DE MINAS";"Fenômenos da Natureza";"Colisão com objeto em movimento";"Sem Vítimas";"Pleno dia";"Decrescente";"Sol";"Simples";"Não Informado";"Não";1;0;0;0;1;0;0;1;-18,73155;-46,62319;"SR-MG";"UOP01";"DEL01"
277863;2020-03-31;"terça-feira";"17:55:00";"PB";230;17;"JOAO PESSOA";"Desobediência às normas de trânsito pelo condutor";"Colisão lateral";"Sem Vítimas";"Plena Noite";"Crescente";"Céu Claro";"Dupla";"Retorno Regulamentado";"Sim";3;0;0;0;3;0;0;3;-7,11831;-34,8442;"SR-PB";"UOP01";"DEL01"
277864;2020-03-05;"quinta-feira";"00:25:00";"PA";163;1002;"SANTAREM";"Falta de Atenção do Pedestre";"Atropelamento de Pedestre";"Com Vítimas Fatais";"Plena Noite";"Decrescente";"Céu Claro";"Simples";"Reta";"Sim";2;1;0;0;1;0;0;1;-2,480376;-54,73118;"SR-PA";"UOP01";"DEL05"