"id";"data_inversa";"dia_semana";"horario";"uf";"br";"km";"municipio";"causa_acidente";"tipo_acidente";"classificacao_acidente";"fase_dia";"sentido_via";"condicao_metereologica";"tipo_pista";"tracado_via";"uso_solo";"pessoas";"mortos";"feridos_leves";"feridos_graves";"ilesos";"ignorados";"feridos";"veiculos";"latitude";"longitude";"regional";"delegacia";"uop"
277866;2020-03-31;"terça-feira";"17:00:00";"MG";381;154;"GOVERNADOR VALADARES";"Desobediência às normas de trânsito pelo condutor";"Colisão transversal";"Com Vítimas Feridas";"Pleno dia";"Decrescente";"Nublado";"Simples";"Não Informado";"Não";2;0;1;0;1;0;1;2;-18,88666;-42,0023;"SR-MG";"UOP01";"DEL06"
277867;2020-03-31;"terça-feira";"18:45:00";"PB";230;27;"JOAO PESSOA";"Desobediência às normas de trânsito pelo condutor";"Colisão transversal";"Com Vítimas Feridas";"Plena Noite";"Decrescente";"Nublado";"Dupla";"Reta";"Sim";2;0;2;0;0;0;2;2;-7,1677;-34,8855;"SR-PB";"UOP01";"DEL01"
277868;2020-03-31;"terça-feira";"16:45:00";"AC";364;137;"RIO BRANCO";"Falta de Atenção à Condução";"Colisão lateral";"Com Vítimas Feridas";"Pleno dia";"Crescente";"Céu Claro";"Dupla";"Rotatória";"Não";2;0;1;0;1;0;1;2;-9,969354;-67,85265;"SR-AC";"UOP01";"DEL01"
277869;2020-03-31;"terça-feira";"16:30:00";"SC";470;66,1;"INDAIAL";"Falta de Atenção à Condução";"Colisão traseira";"Com Vítimas Feridas";"Pleno dia";"Decrescente";"Céu Claro";"Simples";"Reta";"Não";2;0;1;0;1;0;1;2;-26,87041;-49,22184;"SR-SC";"UOP01";"DEL04"
277870;2020-03-31;"terça-feira";"18:40:00";"GO";60;341;"SANTO ANTONIO DA BARRA";"Condutor Dormindo";"Colisão lateral";"Com Vítimas Feridas";"Anoitecer";"Crescente";"Céu Claro";"Dupla";"Reta";"Sim";2;0;1;0;1;0;1;2;-17,5561;-50,6128;"SR-GO";"UOP01";"DEL04"
277871;2020-03-31;"terça-feira";"18:00:00";"RO";364;387;"OURO PRETO DO OESTE";"Desobediência às normas de trânsito pelo condutor";"Colisão lateral";"Com Vítimas Feridas";"Anoitecer";"Decrescente";"Nublado";"Simples";"Reta";"Sim";3;0;1;0;2;0;1;3;-10,69413;-62,26828;"SR-RO";"UOP02";"DEL03"
277872;2020-03-31;"terça-feira";"19:00:00";"AL";101;68;"MESSIAS";"Defeito Mecânico no Veículo";"Tombamento";"Com Vítimas Feridas";"Plena Noite";"Crescente";"Nublado";"Dupla";"Curva";"Não";1;0;1;0;0;0;1;1;-9,349247;-35,83289;"SR-AL";"UOP02";"DEL01"
277873;2020-02-08;"sábado";"00:20:00";"SP";153;57,4;"SAO JOSE DO RIO PRETO";"Ingestão de Álcool";"Saída de leito carroçável";"Sem Vítimas";"Plena Noite";"Decrescente";"Céu Claro";"Dupla";"Não Informado";"Sim";2;0;0;0;0;2;0;1;-20,76991;-49,34982;"SR-SP";"DEL6/9";"UOP01/SP"
277875;2020-03-31;"terça-feira";"19:50:00";"DF";70;12;"BRASILIA";"Falta de Atenção à Condução";"Colisão com objeto estático";"Com Vítimas Feridas";"Plena Noite";"Crescente";"Céu Claro";"Dupla";"Reta";"Sim";1;0;1;0;0;0;1;1;-15,79215;-48,15847;"SR-DF";"UOP03";"DEL01"
277876;2020-03-31;"terça-feira";"19:00:00";"MG";381;497;"BETIM";"Desobediência às normas de trânsito pelo condutor";"Colisão lateral";"Com Vítimas Feridas";"Anoitecer";"Decrescente";"Céu Claro";"Dupla";"Interseção de vias";"Sim";2;0;1;0;1;0;1;2;-20,00484;-44,21367;"SR-MG";"UOP03";"DEL01"
277877;2020-03-31;"terça-feira";"18:40:00";"PI";407;444;"GEMINIANO";"Falta de Atenção do Pedestre";"Atropelamento de Pedestre";"Com Vítimas Fatais";"Plena Noite";"Decrescente";"Céu Claro";"Simples";"Reta";"Não";2;1;0;0;0;1;0;1;-7,208574;-41,29443;"SR-PI";"UOP01";"DEL04"
277878;2020-03-31;"terça-feira";"17:55:00";"SC";282;460,6;"PONTE SERRADA";"Falta de Atenção à Condução";"Colisão com objeto estático";"Com Vítimas Fatais";"Anoitecer";"Decrescente";"Céu Claro";"Simples";"Rotatória";"Sim";1;1;0;0;0;0;0;1;-26,87356;-52,01818;"SR-SC";"UOP05";"DEL07"
277879;2020-03-31;"terça-feira";"14:15:00";"RJ";101;462;"ANGRA DOS REIS";"Defeito Mecânico no Veículo";"Tombamento";"Com Vítimas Fatais";"Pleno dia";"Decrescente";"Céu Claro";"Simples";"Curva";"Não";2;1;0;1;0;0;1;1;-23,03089;-44,2058;"SR-RJ";"UOP02";"DEL03"
277881;2020-03-31;"terça-feira";"19:15:00";"MT";364;273;"JACIARA";"Desobediência às normas de trânsito pelo condutor";"Colisão lateral";"Com Vítimas Feridas";"Pleno dia";"Crescente";"Céu Claro";"Dupla";"Reta";"Sim";2;0;1;0;1;0;1;2;-15,96078;-54,96773;"SR-MT";"UOP02";"DEL05"
277882;2020-03-31;"terça-feira";"18:40:00";"PR";277;723,2;"FOZ DO IGUACU";"Defeito Mecânico no Veículo";"Tombamento";"Com Vítimas Feridas";"Plena Noite";"Decrescente";"Céu Claro";"Dupla";"Reta";"Sim";1;0;1;0;0;0;1;1;-25,49951;-54,5313;"SR-PR";"UOP01";"DEL05"
277883;2020-03-31;"terça-feira";"11:00:00";"MG";262;364;"JUATUBA";"Defeito Mecânico no Veículo";"Tombamento";"Com Vítimas Feridas";"Pleno dia";"Decrescente";"Céu Claro";"Dupla";"Reta";"Sim";2;0;0;2;0;0;2;1;-19,98291;-44,24493;"SR-MG";"UOP03";"DEL01"
277884;2020-03-31;"terça-feira";"16:40:00";"BA";101;907;"IBIRAPUA";"Falta de Atenção à Condução";"Saída de leito carroçável";"Com Vítimas Feridas";"Pleno dia";"Crescente";"Céu Claro";"Simples";"Reta";"Não";3;0;3;0;0;0;3;1;-17,77382;-39,77599;"SR-BA";"UOP02";"DEL09"
277885;2020-03-31;"terça-feira";"21:25:00";"MG";354;731,8;"POUSO ALTO";"Falta de Atenção à Condução";"Saída de leito carroçável";"Com Vítimas Feridas";"Plena Noite";"Crescente";"Céu Claro";"Simples";"Curva";"Não";1;0;1;0;0;0;1;1;-22,17071;-44,96391;"SR-MG";"UOP01";"DEL17"
277886;2020-03-31;"terça-feira";"14:00:00";"MG";40;509;"RIBEIRAO DAS NEVES";"Falta de Atenção à Condução";"Colisão lateral";"Com Vítimas Feridas";"Pleno dia";"Crescente";"Céu Claro";"Dupla";"Curva";"Sim";2;0;1;0;1;0;1;2;-19,76729;-44,12856;"SR-MG";"UOP02";"DEL01"
277887;2020-03-31;"terça-feira";"20:20:00";"PA";155;329;"MARABA";"Defeito na Via";"Tombamento";"Com Vítimas Feridas";"Plena Noite";"Decrescente";"Nublado";"Simples";"Reta";"Não";1;0;1;0;0;0;1;1;-5,513818;-49,07437;"SR-PA";"UOP01";"DEL03"
277888;2020-03-31;"terça-feira";"19:05:00";"PR";116;83,9;"PIRAQUARA";"Falta de Atenção do Pedestre";"Atropelamento de Pedestre";"Com Vítimas Fatais";"Plena Noite";"Crescente";"Céu Claro";"Dupla";"Curva";"Não";4;1;1;0;2;0;1;1;-25,42089;-49,07238;"SR-PR";"UOP01";"DEL01"
277889;2020-03-31;"terça-feira";"20:50:00";"MG";262;492;"BOM DESPACHO";"Mal Súbito";"Colisão frontal";"Com Vítimas Feridas";"Plena Noite";"Crescente";"Nublado";"Simples";"Reta";"Não";6;0;4;1;0;1;5;2;-19,78179;-45,36099;"SR-MG";"UOP03";"DEL08"
277890;2020-03-31;"terça-feira";"21:26:00";"PR";467;81,7;"CASCAVEL";"Ingestão de Álcool";"Saída de leito carroçável";"Com Vítimas Feridas";"Plena Noite";"Decrescente";"Céu Claro";"Dupla";"Reta";"Não";2;0;1;1;0;0;2;1;-24,7961;-53,6747;"SR-PR";"UOP01";"DEL04"
277891;2020-03-31;"terça-feira";"15:00:00";"SC";470;54,5;"BLUMENAU";"Falta de Atenção à Condução";"Colisão transversal";"Com Vítimas Feridas";"Pleno dia";"Crescente";"Céu Claro";"Simples";"Interseção de vias";"Sim";2;0;1;0;1;0;1;2;-26,87323;-49,11419;"SR-SC";"UOP01";"DEL04"
277892;2020-03-31;"terça-feira";"19:30:00";"MG";153;58;"MONTE ALEGRE DE MINAS";"Defeito Mecânico no Veículo";"Colisão traseira";"Com Vítimas Feridas";"Plena Noite";"Crescente";"Céu Claro";"Dupla";"Desvio Temporário";"Não";2;0;1;0;1;0;1;2;-18,87839;-49,05664;"SR-MG";"UOP03";"DEL15"
277893;2020-03-24;"terça-feira";"01:50:00";"PR";476;130;"CURITIBA";"Velocidade Incompatível";"Colisão com objeto estático";"Sem Vítimas";"Plena Noite";"Decrescente";"Céu Claro";"Múltipla";"Curva";"Sim";1;0;0;0;1;0;0;1;-25,44956;-49,23643;"SR-PR";"UOP06";"DEL01"
277895;2020-03-31;"terça-feira";"14:40:00";"ES";101;121;"SOORETAMA";"Avarias e/ou desgaste excessivo no pneu";"Saída de leito carroçável";"Sem Vítimas";"Pleno dia";"Crescente";"Sol";"Simples";"Reta";"Não";1;0;0;0;0;1;0;1;-19,14385;-40,0751;"SR-ES";"UOP01";"DEL04"
277896;2020-03-31;"terça-feira";"20:05:00";"MA";222;659;"ACAILANDIA";"Ingestão de Álcool";"Colisão com objeto estático";"Com Vítimas Feridas";"Plena Noite";"Crescente";"Céu Claro";"Simples";"Curva";"Não";1;0;0;1;0;0;1;1;-4,873161;-47,33599;"SR-MA";"UOP03";"DEL04"
277897;2020-03-31;"terça-feira";"21:00:00";"MT";158;664,3;"NOVA XAVANTINA";"Condutor Dormindo";"Colisão frontal";"Com Vítimas Feridas";"Plena Noite";"Crescente";"Céu Claro";"Simples";"Reta";"Não";2;0;1;0;1;0;1;2;-14,7563;-52,33085;"SR-MT";"UOP01";"DEL07"
277898;2020-03-31;"terça-feira";"21:50:00";"PR";277;594,6;"CASCAVEL";"Defeito Mecânico no Veículo";"Colisão com objeto em movimento";"Com Vítimas Feridas";"Plena Noite";"Crescente";"Céu Claro";"Simples";"Reta";"Sim";3;0;0;2;0;1;2;2;-24,97948;-53,49233;"SR-PR";"UOP01";"DEL04"
277899;2020-03-31;"terça-feira";"22:00:00";"MT";163;97,4;"RONDONOPOLIS";"Velocidade Incompatível";"Colisão traseira";"Com Vítimas Feridas";"Plena Noite";"Crescente";"Céu Claro";"Dupla";"Reta";"Não";2;0;1;1;0;0;2;2;-16,68463;-54,66875;"SR-MT";"DEL2/2";"UOP02/MT"
277900;2020-03-31;"terça-feira";"23:15:00";"AL";101;114,4;"PILAR";"Pista Escorregadia";"Saída de leito carroçável";"Com Vítimas Feridas";"Plena Noite";"Crescente";"Chuva";"Simples";"Curva";"Não";1;0;0;1;0;0;1;1;-9,636633;-36,03046;"SR-AL";"UOP01";"DEL02"
277901;2020-03-31;"terça-feira";"23:30:00";"PR";376;351,9;"ORTIGUEIRA";"Falta de Atenção à Condução";"Atropelamento de Pedestre";"Com Vítimas Feridas";"Plena Noite";"Crescente";"Nublado";"Dupla";"Reta";"Sim";2;0;0;1;0;1;1;1;-24,24967;-50,90424;"SR-PR";"UOP04";"DEL03"
277902;2020-03-31;"terça-feira";"21:40:00";"RJ";465;19;"NOVA IGUACU";"Falta de Atenção à Condução";"Colisão transversal";"Com Vítimas Feridas";"Plena Noite";"Decrescente";"Nublado";"Dupla";"Reta";"Sim";2;0;0;1;1;0;1;2;-22,83918;-43,61045;"SR-RJ";"UOP03";"DEL01"
277903;2020-03-31;"terça-feira";"23:00:00";"SC";280;213;"TRES BARRAS";"Falta de Atenção à Condução";"Saída de leito carroçável";"Com Vítimas Feridas";"Plena Noite";"Decrescente";"Céu Claro";"Simples";"Reta";"Não";3;0;0;1;2;0;1;1;-26,1809;-50,19718;"SR-SC";"UOP04";"DEL06"
277927;2020-03-24;"terça-feira";"18:20:00";"RS";290;52,2;"GLORINHA";"Falta de Atenção à Condução";"Colisão traseira";"Com Vítimas Feridas";"Anoitecer";"Crescente";"Céu Claro";"Dupla";"Reta";"Não";2;0;1;0;1;0;1;2;-29,91208;-50,78776;"SR-RS";"UOP01";"DEL03"
277935;2020-03-28;"sábado";"10:00:00";"BA";101;382;"IBIRAPITANGA";"Pista Escorregadia";"Colisão com objeto estático";"Com Vítimas Feridas";"Pleno dia";"Decrescente";"Chuva";"Simples";"Não Informado";"Não";1;0;1;0;0;0;1;1;-13,99173;-39,46967;"SR-BA";"UOP03";"DEL05"
277942;2020-03-12;"quinta-feira";"17:30:00";"CE";116;21,9;"AQUIRAZ";"Falta de Atenção à Condução";"Colisão transversal";"Com Vítimas Feridas";"Anoitecer";"Decrescente";"Céu Claro";"Múltipla";"Retorno Regulamentado";"Sim";2;0;0;1;0;1;1;2;-3,931759;-38,50825;"SR-CE";"UOP02";"DEL01"
277960;2020-02-05;"quarta-feira";"10:35:00";"RS";386;354;"ESTRELA";"Velocidade Incompatível";"Colisão lateral";"Com Vítimas Feridas";"Pleno dia";"Crescente";"Céu Claro";"Dupla";"Não Informado";"Não";3;0;2;0;1;0;2;2;-29,50661;-51,94301;"SR-RS";"DEL9/4";"UOP02/RS"
277971;2020-03-09;"segunda-feira";"05:00:00";"RS";472;561,8;"URUGUAIANA";"Ingestão de Álcool";"Tombamento";"Com Vítimas Feridas";"Amanhecer";"Crescente";"Céu Claro";"Simples";"Reta";"Não";3;0;1;1;1;0;2;2;-29,66498;-56,89826;"SR-RS";"UOP01";"DEL13"
277989;2020-03-22;"domingo";"17:10:00";"AM";319;29;"CAREIRO";"Defeito Mecânico no Veículo";"Queda de ocupante de veículo";"Com Vítimas Feridas";"Pleno dia";"Decrescente";"Sol";"Simples";"Reta";"Não";2;0;1;1;0;0;2;1;-3,316068;-59,87816;"SR-AM";"UOP04/AM";""
277996;2020-03-31;"terça-feira";"16:30:00";"SP";262;321;"CASTILHO";"Defeito Mecânico no Veículo";"Incêndio";"Sem Vítimas";"Anoitecer";"Decrescente";"Céu Claro";"Dupla";"Reta";"Não";1;0;0;0;1;0;0;1;-20,7893;-51,6111;"SR-MS";"UOP01";"DEL07"
278016;2020-03-18;"quarta-feira";"15:00:00";"GO";364;169;"JATAI";"Falta de Atenção à Condução";"Saída de leito carroçável";"Sem Vítimas";"Pleno dia";"Decrescente";"Céu Claro";"Simples";"Reta";"Não";1;0;0;0;1;0;0;1;-18,04139;-51,55083;"SR-GO";"UOP01";"DEL05"
278048;2020-02-09;"domingo";"08:55:00";"MG";365;626,1;"UBERLANDIA";"Falta de Atenção à Condução";"Colisão traseira";"Com Vítimas Feridas";"Pleno dia";"Decrescente";"Chuva";"Dupla";"Curva";"Sim";2;0;1;0;1;0;1;2;-18,9064;-48,33019;"SR-MG";"DEL4/15";"UOP01/MG"
278051;2020-03-29;"domingo";"20:00:00";"RJ";101;427;"MANGARATIBA";"Falta de Atenção à Condução";"Colisão transversal";"Com Vítimas Feridas";"Plena Noite";"Decrescente";"Chuva";"Simples";"Reta";"Não";3;0;2;0;1;0;2;2;-22,93597;-43,9999;"SR-RJ";"UOP01";"DEL03"
278052;2020-01-24;"sexta-feira";"23:15:00";"RS";386;446;"CANOAS";"Restrição de Visibilidade";"Atropelamento de Animal";"Com Vítimas Feridas";"Anoitecer";"Crescente";"Ignorado";"Dupla";"Reta";"Sim";1;0;1;0;0;0;1;1;-29,89325;-51,18227;"SR-RS";"UOP01";"DEL01"
278055;2020-03-29;"domingo";"17:50:00";"SC";116;205;"PONTE ALTA";"Pista Escorregadia";"Saída de leito carroçável";"Sem Vítimas";"Anoitecer";"Crescente";"Chuva";"Simples";"Reta";"Não";1;0;0;0;1;0;0;1;-27,46535;-50,38612;"SR-SC";"UOP03";"DEL05"
278058;2020-01-17;"sexta-feira";"06:45:00";"PR";369;139;"IBIPORA";"Não guardar distância de segurança";"Colisão traseira";"Com Vítimas Feridas";"Pleno dia";"Crescente";"Céu Claro";"Dupla";"Interseção de vias";"Sim";2;0;0;1;0;1;1;2;-23,27464;-51,05849;"SR-PR";"UOP01";"DEL07"
278059;2020-02-12;"quarta-feira";"16:45:00";"MG";267;31,5;"ARGIRITA";"Desobediência às normas de trânsito pelo condutor";"Colisão frontal";"Sem Vítimas";"Pleno dia";"Decrescente";"Chuva";"Simples";"Curva";"Não";2;0;0;0;2;0;0;2;-21,65648;-42,87024;"SR-MG";"UOP01";"DEL07"
278060;2020-03-17;"terça-feira";"23:40:00";"GO";60;167,7;"GOIANIA";"Desobediência às normas de trânsito pelo condutor";"Colisão transversal";"Sem Vítimas";"Plena Noite";"Crescente";"Céu Claro";"Simples";"Interseção de vias";"Sim";4;0;0;0;3;1;0;2;-16,7175;-49,3663;"SR-GO";"UOP02";"DEL01"
278068;2020-03-05;"quinta-feira";"15:20:00";"PA";163;958;"BELTERRA";"Defeito Mecânico no Veículo";"Tombamento";"Com Vítimas Feridas";"Pleno dia";"Decrescente";"Céu Claro";"Simples";"Reta";"Não";4;0;1;0;3;0;1;1;-2,730976;-54,90015;"SR-PA";"UOP01";"DEL05"
278073;2020-03-31;"terça-feira";"12:30:00";"RO";364;538;"ARIQUEMES";"Defeito na Via";"Colisão traseira";"Com Vítimas Feridas";"Pleno dia";"Crescente";"Céu Claro";"Simples";"Não Informado";"Não";3;0;1;0;2;0;1;2;-9,740869;-63,11211;"SR-RO";"UOP01";"DEL03"
278074;2020-03-04;"quarta-feira";"06:30:00";"MG";381;302;"ANTONIO DIAS";"Velocidade Incompatível";"Colisão com objeto estático";"Com Vítimas Fatais";"Amanhecer";"Decrescente";"Chuva";"Dupla";"Ponte";"Não";1;1;0;0;0;0;0;1;-19,63944;-42,91549;"SR-MG";"UOP02";"DEL03"
278078;2020-03-07;"sábado";"07:30:00";"SC";101;106;"PENHA";"Velocidade Incompatível";"Colisão com objeto estático";"Com Vítimas Feridas";"Pleno dia";"Crescente";"Céu Claro";"Dupla";"Curva";"Não";1;0;1;0;0;0;1;1;-26,81032;-48,68294;"SR-SC";"UOP02";"DEL03"
278083;2020-03-04;"quarta-feira";"09:00:00";"SC";101;2;"GARUVA";"Defeito Mecânico no Veículo";"Incêndio";"Sem Vítimas";"Pleno dia";"Crescente";"Céu Claro";"Dupla";"Reta";"Sim";1;0;0;0;1;0;0;1;-25,997;-48,87892;"SR-SC";"UOP01";"DEL03"
278098;2020-03-27;"sexta-feira";"22:10:00";"BA";101;505;"ITABUNA";"Velocidade Incompatível";"Colisão com objeto em movimento";"Com Vítimas Feridas";"Plena Noite";"Crescente";"Céu Claro";"Simples";"Reta";"Sim";1;0;0;1;0;0;1;1;-14,94927;-39,30421;"SR-BA";"UOP01";"DEL05"
278110;2020-03-27;"sexta-feira";"20:30:00";"PA";163;1002;"SANTAREM";"Falta de Atenção do Pedestre";"Atropelamento de Pedestre";"Com Vítimas Feridas";"Plena Noite";"Crescente";"Ignorado";"Simples";"Reta";"Sim";3;0;1;1;0;1;2;1;-2,45567;-54,72855;"SR-PA";"UOP01";"DEL05"
278113;2020-03-07;"sábado";"18:05:00";"PA";163;1003;"SANTAREM";"Desobediência às normas de trânsito pelo condutor";"Colisão transversal";"Com Vítimas Feridas";"Pleno dia";"Crescente";"Céu Claro";"Simples";"Reta";"Sim";3;0;1;0;2;0;1;2;-2,446885;-54,73048;"SR-PA";"UOP01";"DEL05"
278166;2020-03-11;"quarta-feira";"20:30:00";"GO";364;0,8;"SAO SIMAO";"Velocidade Incompatível";"Tombamento";"Com Vítimas Feridas";"Plena Noite";"Decrescente";"Céu Claro";"Dupla";"Curva";"Não";1;0;1;0;0;0;1;1;-19,04362;-50,50266;"SR-GO";"UOP02";"DEL05"
278169;2020-03-05;"quinta-feira";"09:00:00";"PA";230;121;"MARABA";"Falta de Atenção à Condução";"Colisão lateral";"Sem Vítimas";"Pleno dia";"Crescente";"Céu Claro";"Dupla";"Reta";"Sim";2;0;0;0;2;0;0;2;-5,363028;-49,12429;"SR-PA";"UOP01";"DEL03"
278177;2020-03-07;"sábado";"11:00:00";"PA";230;116;"MARABA";"Desobediência às normas de trânsito pelo condutor";"Colisão transversal";"Com Vítimas Feridas";"Pleno dia";"Crescente";"Céu Claro";"Dupla";"Reta";"Sim";3;0;0;1;2;0;1;2;-5,359475;-49,08301;"SR-PA";"UOP01";"DEL03"
278184;2020-03-24;"terça-feira";"16:30:00";"GO";60;211;"GUAPO";"Desobediência às normas de trânsito pelo condutor";"Saída de leito carroçável";"Com Vítimas Feridas";"Pleno dia";"Decrescente";"Céu Claro";"Simples";"Reta";"Não";2;0;2;0;0;0;2;1;-16,9488;-49,6748;"SR-GO";"UOP02";"DEL01"
278188;2020-03-09;"segunda-feira";"04:00:00";"PA";222;239;"MARABA";"Falta de Atenção à Condução";"Colisão traseira";"Sem Vítimas";"Amanhecer";"Crescente";"Nublado";"Simples";"Reta";"Não";2;0;0;0;0;2;0;2;-5,302089;-49,0723;"SR-PA";"UOP01";"DEL03"
278190;2020-03-04;"quarta-feira";"17:15:00";"PA";222;18,2;"DOM ELISEU";"Falta de Atenção à Condução";"Colisão com objeto estático";"Sem Vítimas";"Pleno dia";"Decrescente";"Céu Claro";"Simples";"Reta";"Sim";2;0;0;0;1;1;0;2;-4,293095;-47,5569;"SR-PA";"UOP02";"DEL02"
278199;2020-02-07;"sexta-feira";"15:45:00";"RO";364;436;"JARU";"Falta de Atenção à Condução";"Saída de leito carroçável";"Com Vítimas Feridas";"Pleno dia";"Crescente";"Chuva";"Simples";"Curva";"Não";2;0;1;0;1;0;1;2;-10,3774;-62,55303;"SR-RO";"DEL21/3";"UOP02/RO"
278207;2020-03-30;"segunda-feira";"14:53:00";"PI";135;351;"BOM JESUS";"Restrição de Visibilidade";"Colisão com objeto estático";"Sem Vítimas";"Pleno dia";"Crescente";"Céu Claro";"Simples";"Interseção de vias";"Sim";2;0;0;0;2;0;0;1;-9,076278;-44,34586;"SR-PI";"UOP02";"DEL03"
278212;2020-03-08;"domingo";"14:03:00";"PA";222;228;"MARABA";"Falta de Atenção à Condução";"Colisão transversal";"Com Vítimas Feridas";"Pleno dia";"Decrescente";"Céu Claro";"Simples";"Reta";"Sim";3;0;0;3;0;0;3;2;-5,223623;-49,05129;"SR-PA";"UOP01";"DEL03"
278214;2020-02-26;"quarta-feira";"17:00:00";"DF";70;6,4;"BRASILIA";"Ingestão de Álcool";"Colisão traseira";"Sem Vítimas";"Pleno dia";"Decrescente";"Nublado";"Dupla";"Não Informado";"Sim";2;0;0;0;2;0;0;2;-15,79124;-48,10576;"SR-DF";"UOP03";"DEL01"
278216;2020-03-05;"quinta-feira";"19:20:00";"PA";316;33,6;"SANTA IZABEL DO PARA";"Desobediência às normas de trânsito pelo pedestre";"Atropelamento de Pedestre";"Com Vítimas Feridas";"Plena Noite";"Decrescente";"Céu Claro";"Dupla";"Reta";"Sim";2;0;1;1;0;0;2;1;-1,298776;-48,18005;"SR-PA";"UOP01";"DEL01"
278218;2020-03-17;"terça-feira";"11:00:00";"PA";316;69,9;"CASTANHAL";"Falta de Atenção à Condução";"Engavetamento";"Com Vítimas Feridas";"Pleno dia";"Decrescente";"Céu Claro";"Simples";"Não Informado";"Não";6;0;0;1;4;1;1;6;-1,292777;-47,87508;"SR-PA";"UOP01";"DEL01"
278224;2020-02-19;"quarta-feira";"10:40:00";"SP";116;523;"BARRA DO TURVO";"Pista Escorregadia";"Colisão com objeto estático";"Com Vítimas Feridas";"Pleno dia";"Crescente";"Chuva";"Múltipla";"Curva";"Não";1;0;1;0;0;0;1;1;-24,91273;-48,25307;"SR-SP";"UOP02";"DEL05"
278225;2020-02-24;"segunda-feira";"01:15:00";"SC";101;156;"PORTO BELO";"Falta de Atenção à Condução";"Colisão traseira";"Com Vítimas Feridas";"Plena Noite";"Crescente";"Céu Claro";"Dupla";"Reta";"Não";2;0;0;1;1;0;1;2;-27,17227;-48,6117;"SR-SC";"UOP03";"DEL04"
278237;2020-03-02;"segunda-feira";"23:00:00";"PA";10;236;"IPIXUNA DO PARA";"Falta de Atenção à Condução";"Tombamento";"Com Vítimas Feridas";"Plena Noite";"Decrescente";"Chuva";"Simples";"Não Informado";"Não";2;0;2;0;0;0;2;1;-2,372881;-47,55066;"SR-PA";"UOP01";"DEL02"
278238;2020-03-09;"segunda-feira";"11:10:00";"PA";155;266;"ELDORADO DO CARAJAS";"Desobediência às normas de trânsito pelo condutor";"Colisão frontal";"Com Vítimas Feridas";"Pleno dia";"Crescente";"Chuva";"Simples";"Reta";"Não";2;0;1;0;1;0;1;2;-6,008;-49,25712;"SR-PA";"UOP01";"DEL03"
278259;2020-03-03;"terça-feira";"18:45:00";"SE";235;31,7;"AREIA BRANCA";"Falta de Atenção do Pedestre";"Atropelamento de Pedestre";"Com Vítimas Fatais";"Plena Noite";"Decrescente";"Céu Claro";"Simples";"Reta";"Sim";2;1;0;0;1;0;0;1;-10,77732;-37,29537;"SR-SE";"UOP02";"DEL01"
278271;2020-03-28;"sábado";"05:00:00";"MS";262;323;"CAMPO GRANDE";"Ingestão de Álcool";"Saída de leito carroçável";"Com Vítimas Feridas";"Amanhecer";"Crescente";"Nublado";"Simples";"Reta";"Não";3;0;2;0;1;0;2;1;-20,46902;-54,50602;"SR-MS";"UOP01";"DEL01"
278326;2020-02-04;"terça-feira";"17:00:00";"PR";476;140;"CURITIBA";"Não guardar distância de segurança";"Queda de ocupante de veículo";"Com Vítimas Feridas";"Pleno dia";"Decrescente";"Ignorado";"Dupla";"Reta";"Sim";1;0;1;0;0;0;1;1;-25,52069;-49,29412;"SR-PR";"UOP03";"DEL01"
278349;2020-03-26;"quinta-feira";"01:10:00";"GO";452;49;"RIO VERDE";"Condutor Dormindo";"Tombamento";"Sem Vítimas";"Plena Noite";"Decrescente";"Céu Claro";"Simples";"Reta";"Não";1;0;0;0;1;0;0;1;-17,96308;-50,48602;"SR-GO";"UOP01";"DEL04"
278356;2020-03-05;"quinta-feira";"18:35:00";"PA";316;110;"SANTA MARIA DO PARA";"Falta de Atenção à Condução";"Colisão transversal";"Com Vítimas Feridas";"Anoitecer";"Crescente";"Nublado";"Simples";"Reta";"Sim";2;0;1;0;1;0;1;2;-1,322351;-47,52052;"SR-PA";"UOP02";"DEL01"
278385;2020-02-26;"quarta-feira";"15:30:00";"BA";101;725,4;"EUNAPOLIS";"Ingestão de Álcool";"Colisão transversal";"Com Vítimas Feridas";"Pleno dia";"Crescente";"Céu Claro";"Simples";"Curva";"Não";2;0;0;1;1;0;1;2;-16,3992;-39,57962;"SR-BA";"UOP01";"DEL09"
278406;2020-03-19;"quinta-feira";"04:30:00";"PB";230;334,2;"PATOS";"Restrição de Visibilidade";"Saída de leito carroçável";"Sem Vítimas";"Amanhecer";"Decrescente";"Chuva";"Dupla";"Rotatória";"Sim";1;0;0;0;1;0;0;1;-7,018;-37,2589;"SR-PB";"UOP01";"DEL03"
278418;2020-03-07;"sábado";"20:15:00";"BA";324;287;"JACOBINA";"Falta de Atenção à Condução";"Colisão frontal";"Com Vítimas Feridas";"Plena Noite";"Decrescente";"Ignorado";"Simples";"Interseção de vias";"Sim";4;0;1;0;1;2;1;2;-11,1661;-40,54636;"SR-BA";"UOP02";"DEL04"