"id";"data_inversa";"dia_semana";"horario";"uf";"br";"km";"municipio";"causa_acidente";"tipo_acidente";"classificacao_acidente";"fase_dia";"sentido_via";"condicao_metereologica";"tipo_pista";"tracado_via";"uso_solo";"pessoas";"mortos";"feridos_leves";"feridos_graves";"ilesos";"ignorados";"feridos";"veiculos";"latitude";"longitude";"regional";"delegacia";"uop"
278477;2020-02-25;"terça-feira";"23:30:00";"MG";262;583,8;"CAMPOS ALTOS";"Pista Escorregadia";"Saída de leito carroçável";"Com Vítimas Feridas";"Plena Noite";"Decrescente";"Chuva";"Simples";"Reta";"Não";5;0;3;2;0;0;5;1;-19,65702;-46,08637;"SR-MG";"UOP02";"DEL08"
278485;2020-03-20;"sexta-feira";"21:40:00";"SP";153;124,5;"UBARANA";"Desobediência às normas de trânsito pelo condutor";"Colisão frontal";"Com Vítimas Fatais";"Plena Noite";"Crescente";"Céu Claro";"Simples";"Reta";"Não";10;1;0;1;8;0;1;2;-21,20297;-49,73147;"SR-SP";"UOP01";"DEL09"
278494;2020-02-26;"quarta-feira";"12:45:00";"MG";381;422;"CAETE";"Condutor Dormindo";"Colisão frontal";"Com Vítimas Feridas";"Pleno dia";"Crescente";"Céu Claro";"Simples";"Não Informado";"Não";4;0;0;3;1;0;3;2;-19,78353;-43,66633;"SR-MG";"UOP01";"DEL01"
278613;2020-03-15;"domingo";"21:20:00";"PR";376;113,3;"PARANAVAI";"Ingestão de Álcool";"Colisão traseira";"Com Vítimas Fatais";"Plena Noite";"Crescente";"Nublado";"Dupla";"Desvio Temporário";"Não";3;1;1;1;0;0;2;2;-23,094;-52,384;"SR-PR";"UOP02";"DEL09"
278621;2020-03-09;"segunda-feira";"12:15:00";"RJ";40;83,5;"PETROPOLIS";"Defeito Mecânico no Veículo";"Incêndio";"Sem Vítimas";"Pleno dia";"Decrescente";"Céu Claro";"Simples";"Reta";"Não";1;0;0;0;1;0;0;1;-22,53798;-43,22312;"SR-RJ";"UOP03";"DEL06"
278624;2020-03-29;"domingo";"19:25:00";"MS";163;456;"CAMPO GRANDE";"Animais na Pista";"Atropelamento de Animal";"Com Vítimas Feridas";"Plena Noite";"Crescente";"Nublado";"Simples";"Reta";"Não";2;0;1;0;1;0;1;1;-20,67271;-54,55795;"SR-MS";"UOP01";"DEL01"
278640;2020-03-20;"sexta-feira";"19:20:00";"PB";230;458;"SOUSA";"Velocidade Incompatível";"Colisão lateral";"Com Vítimas Feridas";"Plena Noite";"Crescente";"Nublado";"Simples";"Reta";"Não";4;0;3;0;1;0;3;2;-6,7774;-38,1808;"SR-PB";"UOP03";"DEL03"
278649;2020-03-16;"segunda-feira";"14:30:00";"ES";101;136;"LINHARES";"Não guardar distância de segurança";"Colisão lateral";"Com Vítimas Feridas";"Pleno dia";"Crescente";"Céu Claro";"Simples";"Reta";"Não";6;0;3;0;3;0;3;3;-19,28406;-40,08689;"SR-ES";"UOP01";"DEL04"
278660;2020-02-05;"quarta-feira";"19:50:00";"PR";476;198,9;"LAPA";"Falta de Atenção à Condução";"Colisão transversal";"Com Vítimas Fatais";"Plena Noite";"Crescente";"Nublado";"Simples";"Não Informado";"Sim";8;1;0;1;3;3;1;2;-25,773;-49,74644;"SR-PR";"DEL7/2";"UOP03/PR"
278688;2020-03-13;"sexta-feira";"07:00:00";"BA";116;532;"ITATIM";"Defeito Mecânico no Veículo";"Saída de leito carroçável";"Sem Vítimas";"Pleno dia";"Decrescente";"Sol";"Simples";"Reta";"Não";2;0;0;0;2;0;0;2;-12,72974;-39,777;"SR-BA";"UOP02";"DEL03"
278698;2020-03-29;"domingo";"06:30:00";"MT";163;1110;"GUARANTA DO NORTE";"Falta de Atenção à Condução";"Saída de leito carroçável";"Com Vítimas Feridas";"Amanhecer";"Crescente";"Sol";"Simples";"Reta";"Não";1;0;1;0;0;0;1;1;-9,717809;-54,87809;"SR-MT";"UOP02";"DEL06"
278699;2020-02-02;"domingo";"12:20:00";"RJ";40;118,2;"DUQUE DE CAXIAS";"Velocidade Incompatível";"Colisão traseira";"Com Vítimas Feridas";"Pleno dia";"Decrescente";"Céu Claro";"Dupla";"Reta";"Não";2;0;1;0;1;0;1;2;-22,7585;-43,28683;"SR-RJ";"DEL5/1";"UOP01/RJ"
278715;2020-02-16;"domingo";"18:10:00";"RJ";116;210;"SEROPEDICA";"Defeito Mecânico no Veículo";"Queda de ocupante de veículo";"Com Vítimas Fatais";"Anoitecer";"Crescente";"Chuva";"Dupla";"Reta";"Sim";2;1;0;1;0;0;1;1;-22,70494;-43,74344;"SR-RJ";"UOP03";"DEL01"
278743;2020-03-13;"sexta-feira";"13:45:00";"BA";324;513;"FEIRA DE SANTANA";"Desobediência às normas de trânsito pelo condutor";"Colisão transversal";"Com Vítimas Feridas";"Pleno dia";"Decrescente";"Céu Claro";"Simples";"Reta";"Sim";2;0;2;0;0;0;2;2;-12,23224;-38,95242;"SR-BA";"UOP01";"DEL02"
278778;2020-01-01;"quarta-feira";"04:30:00";"RN";405;180,1;"JOSE DA PENHA";"Ingestão de Álcool";"Colisão frontal";"Com Vítimas Fatais";"Amanhecer";"Decrescente";"Chuva";"Simples";"Reta";"Não";3;1;0;0;2;0;0;2;-6,350066;-38,29534;"SR-RN";"DEL15/4";"UOP02/RN"
278781;2020-01-12;"domingo";"19:40:00";"PA";163;989;"SANTAREM";"Falta de Atenção à Condução";"Colisão traseira";"Com Vítimas Feridas";"Plena Noite";"Decrescente";"Céu Claro";"Simples";"Reta";"Não";3;0;3;0;0;0;3;2;-2,565797;-54,72138;"SR-PA";"DEL19/5";"UOP01/PA"
278786;2020-01-03;"sexta-feira";"05:30:00";"SC";470;324,9;"CAMPOS NOVOS";"Velocidade Incompatível";"Saída de leito carroçável";"Com Vítimas Fatais";"Amanhecer";"Crescente";"Céu Claro";"Simples";"Reta";"Não";1;1;0;0;0;0;0;1;-27,44683;-51,24725;"SR-SC";"UOP08";"DEL07"
278787;2020-03-05;"quinta-feira";"17:52:00";"PR";158;532;"PATO BRANCO";"Desobediência às normas de trânsito pelo condutor";"Colisão transversal";"Com Vítimas Feridas";"Pleno dia";"Decrescente";"Sol";"Simples";"Interseção de vias";"Sim";2;0;1;0;1;0;1;2;-26,21104;-52,68093;"SR-PR";"UOP01";"DEL02"
278800;2020-03-10;"terça-feira";"13:30:00";"PA";230;119;"MARABA";"Falta de Atenção à Condução";"Tombamento";"Com Vítimas Feridas";"Pleno dia";"Decrescente";"Céu Claro";"Dupla";"Reta";"Sim";2;0;1;0;0;1;1;2;-5,350407;-49,10598;"SR-PA";"UOP01";"DEL03"
278809;2020-01-02;"quinta-feira";"18:40:00";"RN";101;116,5;"SAO JOSE DE MIPIBU";"Falta de Atenção à Condução";"Colisão transversal";"Com Vítimas Fatais";"Plena Noite";"Decrescente";"Céu Claro";"Dupla";"Não Informado";"Não";4;1;0;0;1;2;0;2;-5,999234;-35,26039;"SR-RN";"UOP01";"DEL01"
278816;2020-02-22;"sábado";"15:45:00";"PB";230;277,1;"SANTA LUZIA";"Ingestão de Álcool";"Colisão frontal";"Com Vítimas Feridas";"Pleno dia";"Decrescente";"Céu Claro";"Simples";"Não Informado";"Não";3;0;0;1;2;0;1;3;-6,958539;-36,838;"SR-PB";"UOP01";"DEL03"
278838;2020-02-13;"quinta-feira";"00:00:00";"MT";174;567;"COMODORO";"Condutor Dormindo";"Saída de leito carroçável";"Com Vítimas Feridas";"Plena Noite";"Crescente";"Nublado";"Simples";"Curva";"Não";1;0;1;0;0;0;1;1;-13,02835;-59,91864;"SR-RO";"UOP01";"DEL04"
278841;2020-02-09;"domingo";"23:15:00";"PB";230;3;"CABEDELO";"Ingestão de Álcool";"Colisão lateral";"Sem Vítimas";"Plena Noite";"Crescente";"Garoa/Chuvisco";"Dupla";"Reta";"Sim";5;0;0;0;1;4;0;2;-6,9915;-34,8287;"SR-PB";"UOP01";"DEL01"
278900;2020-03-31;"terça-feira";"10:10:00";"MS";163;280,8;"DOURADOS";"Objeto estático sobre o leito carroçável";"Colisão com objeto estático";"Com Vítimas Feridas";"Pleno dia";"Decrescente";"Céu Claro";"Dupla";"Reta";"Sim";1;0;0;1;0;0;1;1;-22,13794;-54,61957;"SR-MS";"UOP01";"DEL04"
279009;2020-01-11;"sábado";"21:40:00";"CE";116;162,8;"RUSSAS";"Falta de Atenção à Condução";"Colisão frontal";"Com Vítimas Fatais";"Plena Noite";"Crescente";"Céu Claro";"Simples";"Reta";"Sim";3;1;2;0;0;0;2;2;-4,938932;-37,98992;"SR-CE";"DEL16/3";"UOP01/CE"
279045;2020-03-30;"segunda-feira";"13:15:00";"RS";116;112,1;"SAO MARCOS";"Desobediência às normas de trânsito pelo condutor";"Colisão transversal";"Com Vítimas Feridas";"Pleno dia";"Decrescente";"Céu Claro";"Simples";"Reta";"Sim";2;0;1;0;1;0;1;2;-28,94828;-51,0817;"SR-RS";"UOP01";"DEL05"
279061;2020-03-29;"domingo";"18:30:00";"GO";60;434;"RIO VERDE";"Falta de Atenção à Condução";"Saída de leito carroçável";"Com Vítimas Feridas";"Plena Noite";"Decrescente";"Garoa/Chuvisco";"Dupla";"Reta";"Não";1;0;1;0;0;0;1;1;-17,8305;-51,3667;"SR-GO";"UOP01";"DEL04"
279070;2020-03-10;"terça-feira";"19:00:00";"PA";10;353;"SANTA MARIA DO PARA";"Ingestão de Álcool";"Colisão frontal";"Sem Vítimas";"Plena Noite";"Decrescente";"Garoa/Chuvisco";"Dupla";"Interseção de vias";"Sim";2;0;0;0;2;0;0;2;-1,356462;-47,57423;"SR-PA";"UOP02";"DEL01"
279092;2020-03-09;"segunda-feira";"01:30:00";"GO";153;277;"NOVA GLORIA";"Falta de Atenção à Condução";"Colisão frontal";"Com Vítimas Fatais";"Plena Noite";"Decrescente";"Ignorado";"Simples";"Reta";"Não";2;1;0;1;0;0;1;2;-15,11803;-49,49705;"SR-GO";"UOP01";"DEL07"
279134;2020-02-16;"domingo";"00:40:00";"SC";101;133,8;"BALNEARIO CAMBORIU";"Desobediência às normas de trânsito pelo condutor";"Colisão transversal";"Com Vítimas Feridas";"Plena Noite";"Crescente";"Nublado";"Simples";"Não Informado";"Sim";3;0;1;0;1;1;1;2;-26,99936;-48,64609;"SR-SC";"UOP03";"DEL04"
279212;2020-01-17;"sexta-feira";"23:36:00";"SP";153;43,5;"ONDA VERDE";"Ingestão de Álcool";"Saída de leito carroçável";"Com Vítimas Feridas";"Plena Noite";"Decrescente";"Céu Claro";"Simples";"Curva";"Não";1;0;1;0;0;0;1;1;-20,65051;-49,34149;"SR-SP";"UOP01";"DEL09"
279309;2020-03-08;"domingo";"19:40:00";"PA";222;60;"DOM ELISEU";"Falta de Atenção à Condução";"Colisão traseira";"Com Vítimas Fatais";"Plena Noite";"Decrescente";"Chuva";"Simples";"Não Informado";"Não";2;1;0;0;0;1;0;2;-4,484416;-47,81987;"SR-PA";"UOP02";"DEL02"
279311;2020-02-07;"sexta-feira";"06:20:00";"MS";163;339;"RIO BRILHANTE";"Desobediência às normas de trânsito pelo condutor";"Colisão lateral";"Sem Vítimas";"Amanhecer";"Decrescente";"Sol";"Simples";"Reta";"Não";2;0;0;0;2;0;0;2;-21,6686;-54,4573;"SR-MS";"UOP02";"DEL02"
279401;2020-03-26;"quinta-feira";"12:00:00";"BA";101;247;"CONCEICAO DO ALMEIDA";"Falta de Atenção à Condução";"Saída de leito carroçável";"Com Vítimas Feridas";"Pleno dia";"Crescente";"Ignorado";"Simples";"Reta";"Não";3;0;1;0;2;0;1;2;-12,8693;-39,2159;"SR-BA";"UOP02";"DEL01"
279536;2020-03-03;"terça-feira";"07:10:00";"AL";101;28,8;"JOAQUIM GOMES";"Desobediência às normas de trânsito pelo condutor";"Queda de ocupante de veículo";"Com Vítimas Fatais";"Pleno dia";"Decrescente";"Céu Claro";"Simples";"Curva";"Não";2;1;0;1;0;0;1;1;-9,075675;-35,74461;"SR-AL";"UOP02";"DEL01"
279661;2020-01-01;"quarta-feira";"01:30:00";"PR";272;432;"GOIOERE";"Desobediência às normas de trânsito pelo condutor";"Queda de ocupante de veículo";"Com Vítimas Feridas";"Plena Noite";"Crescente";"Ignorado";"Simples";"Interseção de vias";"Não";1;0;0;1;0;0;1;1;-24,19049;-52,99068;"SR-PR";"UOP03";"DEL09"
279679;2020-02-22;"sábado";"15:15:00";"ES";101;416,2;"CACHOEIRO DE ITAPEMIRIM";"Pista Escorregadia";"Saída de leito carroçável";"Com Vítimas Feridas";"Pleno dia";"Crescente";"Chuva";"Simples";"Reta";"Não";5;0;3;1;1;0;4;2;-20,93997;-41,08374;"SR-ES";"UOP02";"DEL03"
279683;2020-03-16;"segunda-feira";"04:50:00";"GO";414;416,6;"ABADIANIA";"Velocidade Incompatível";"Tombamento";"Com Vítimas Feridas";"Amanhecer";"Crescente";"Nublado";"Simples";"Não Informado";"Não";1;0;1;0;0;0;1;1;-16,10441;-48,87126;"SR-GO";"UOP01";"DEL02"
279779;2020-02-20;"quinta-feira";"20:30:00";"PB";230;216;"SOLEDADE";"Defeito Mecânico no Veículo";"Colisão transversal";"Sem Vítimas";"Plena Noite";"Crescente";"Vento";"Dupla";"Reta";"Sim";2;0;0;0;2;0;0;2;-7,0562;-36,3681;"SR-PB";"UOP02";"DEL02"
279785;2020-03-15;"domingo";"15:45:00";"PA";10;313;"IRITUIA";"Desobediência às normas de trânsito pelo condutor";"Colisão frontal";"Com Vítimas Fatais";"Pleno dia";"Crescente";"Chuva";"Simples";"Reta";"Não";3;3;0;0;0;0;0;2;-1,693098;-47,50216;"SR-PA";"UOP02";"DEL01"
279805;2020-03-29;"domingo";"18:35:00";"PA";316;23,9;"BENEVIDES";"Não guardar distância de segurança";"Colisão lateral";"Com Vítimas Feridas";"Anoitecer";"Decrescente";"Céu Claro";"Dupla";"Reta";"Sim";3;0;1;0;2;0;1;3;-1,338901;-48,24318;"SR-PA";"UOP01";"DEL01"
279813;2020-01-10;"sexta-feira";"03:40:00";"PI";343;244,9;"CAMPO MAIOR";"Restrição de Visibilidade";"Colisão traseira";"Com Vítimas Feridas";"Plena Noite";"Crescente";"Chuva";"Simples";"Reta";"Não";3;0;0;1;2;0;1;2;-4,678555;-42,08;"SR-PI";"DEL17/1";"UOP03/PI"
279814;2020-03-10;"terça-feira";"18:00:00";"RS";285;500,9;"ENTRE-IJUIS";"Falta de Atenção à Condução";"Saída de leito carroçável";"Com Vítimas Feridas";"Pleno dia";"Decrescente";"Céu Claro";"Simples";"Reta";"Não";5;0;3;0;2;0;3;1;-28,38076;-54,29832;"SR-RS";"UOP01";"DEL10"
279879;2020-02-23;"domingo";"05:50:00";"BA";367;78;"EUNAPOLIS";"Ingestão de Álcool";"Colisão frontal";"Com Vítimas Feridas";"Amanhecer";"Crescente";"Nublado";"Simples";"Reta";"Não";5;0;3;2;0;0;5;2;-16,36557;-39,52715;"SR-BA";"UOP01";"DEL09"
279903;2020-02-20;"quinta-feira";"09:40:00";"SP";116;227;"GUARULHOS";"Falta de Atenção à Condução";"Colisão traseira";"Com Vítimas Feridas";"Pleno dia";"Crescente";"Sol";"Múltipla";"Reta";"Sim";4;0;3;0;1;0;3;3;-23,50012;-46,56249;"SR-SP";"UOP01";"DEL01"
279906;2020-02-12;"quarta-feira";"18:50:00";"CE";116;310,4;"JAGUARIBE";"Falta de Atenção do Pedestre";"Atropelamento de Pedestre";"Com Vítimas Feridas";"Plena Noite";"Crescente";"Céu Claro";"Simples";"Reta";"Não";3;0;0;1;0;2;1;1;-5,91389;-38,6256;"SR-CE";"DEL16/5";"UOP02/CE"
279944;2020-03-13;"sexta-feira";"16:05:00";"RJ";101;333;"RIO DE JANEIRO";"Falta de Atenção à Condução";"Colisão traseira";"Com Vítimas Feridas";"Pleno dia";"Decrescente";"Céu Claro";"Dupla";"Reta";"Não";5;0;1;0;4;0;1;5;-22,87828;-43,21054;"SR-RJ";"UOP01";"DEL02"
279971;2020-03-08;"domingo";"19:00:00";"PA";316;124;"NOVA TIMBOTEUA";"Deficiência ou não Acionamento do Sistema de Iluminação/Sinalização do Veículo";"Colisão traseira";"Com Vítimas Fatais";"Plena Noite";"Crescente";"Chuva";"Simples";"Reta";"Não";3;1;0;0;1;1;0;2;-1,298032;-47,37597;"SR-PA";"UOP02";"DEL01"
280016;2020-03-27;"sexta-feira";"05:35:00";"RJ";101;292;"ITABORAI";"Animais na Pista";"Atropelamento de Animal";"Com Vítimas Feridas";"Amanhecer";"Crescente";"Céu Claro";"Dupla";"Reta";"Não";2;0;2;0;0;0;2;1;-22,76038;-42,87856;"SR-RJ";"UOP03";"DEL02"
280041;2020-03-31;"terça-feira";"11:50:00";"RJ";393;235;"VASSOURAS";"Desobediência às normas de trânsito pelo condutor";"Colisão frontal";"Com Vítimas Feridas";"Pleno dia";"Decrescente";"Céu Claro";"Simples";"Curva";"Sim";2;0;0;1;1;0;1;2;-22,38371;-43,64221;"SR-RJ";"UOP01";"DEL05"
280082;2020-03-05;"quinta-feira";"00:45:00";"MT";70;730;"CACERES";"Desobediência às normas de trânsito pelo condutor";"Colisão transversal";"Com Vítimas Feridas";"Plena Noite";"Crescente";"Céu Claro";"Simples";"Interseção de vias";"Sim";2;0;0;1;1;0;1;2;-16,15478;-57,61816;"SR-MT";"UOP01";"DEL03"
280109;2020-03-31;"terça-feira";"11:20:00";"ES";101;320,5;"GUARAPARI";"Desobediência às normas de trânsito pelo condutor";"Colisão lateral";"Sem Vítimas";"Pleno dia";"Crescente";"Nublado";"Simples";"Desvio Temporário";"Não";3;0;0;0;3;0;0;3;-20,51234;-40,47639;"SR-ES";"UOP01";"DEL03"
280167;2020-03-13;"sexta-feira";"14:50:00";"MT";158;761;"BARRA DO GARCAS";"Falta de Atenção à Condução";"Colisão traseira";"Com Vítimas Fatais";"Pleno dia";"Decrescente";"Céu Claro";"Simples";"Reta";"Não";2;1;0;0;1;0;0;2;-15,58875;-52,20624;"SR-MT";"UOP01";"DEL07"
280202;2020-03-14;"sábado";"22:50:00";"RJ";101;56;"CAMPOS DOS GOYTACAZES";"Falta de Atenção do Pedestre";"Colisão frontal";"Com Vítimas Feridas";"Plena Noite";"Decrescente";"Ignorado";"Simples";"Reta";"Sim";2;0;0;2;0;0;2;2;-21,68714;-41,31064;"SR-RJ";"UOP01";"DEL08"
280220;2020-03-26;"quinta-feira";"10:15:00";"RS";285;460,2;"IJUI";"Falta de Atenção à Condução";"Colisão transversal";"Com Vítimas Feridas";"Pleno dia";"Crescente";"Sol";"Simples";"Interseção de vias";"Sim";3;0;1;1;1;0;2;2;-28,41869;-53,917;"SR-RS";"UOP01";"DEL10"
280260;2020-01-24;"sexta-feira";"20:04:00";"GO";20;7;"FORMOSA";"Não guardar distância de segurança";"Colisão traseira";"Com Vítimas Feridas";"Plena Noite";"Crescente";"Chuva";"Simples";"Não Informado";"Não";2;0;1;0;1;0;1;2;-15,55027;-47,2853;"SR-DF";"UOP01";"DEL02"
280379;2020-03-06;"sexta-feira";"18:00:00";"PA";316;50,4;"SANTA IZABEL DO PARA";"Defeito Mecânico no Veículo";"Tombamento";"Com Vítimas Feridas";"Anoitecer";"Decrescente";"Garoa/Chuvisco";"Dupla";"Reta";"Não";2;0;2;0;0;0;2;1;-1,30726;-48,03532;"SR-PA";"UOP01";"DEL01"
280473;2020-03-22;"domingo";"23:00:00";"PA";316;28;"BENEVIDES";"Desobediência às normas de trânsito pelo condutor";"Colisão com objeto estático";"Com Vítimas Fatais";"Plena Noite";"Crescente";"Céu Claro";"Dupla";"Curva";"Não";1;1;0;0;0;0;0;1;-1,30905;-48,21954;"SR-PA";"UOP01";"DEL01"
280508;2020-01-10;"sexta-feira";"05:40:00";"RJ";40;122;"DUQUE DE CAXIAS";"Defeito Mecânico no Veículo";"Colisão lateral";"Com Vítimas Feridas";"Pleno dia";"Crescente";"Céu Claro";"Dupla";"Reta";"Não";2;0;1;0;1;0;1;2;-22,70969;-43,24596;"SR-RJ";"DEL5/1";"UOP01/RJ"
280804;2020-03-20;"sexta-feira";"19:00:00";"RJ";101;453;"ANGRA DOS REIS";"Pista Escorregadia";"Tombamento";"Com Vítimas Feridas";"Plena Noite";"Crescente";"Chuva";"Simples";"Reta";"Não";2;0;2;0;0;0;2;1;-23,03369;-44,14107;"SR-RJ";"UOP02";"DEL03"
280933;2020-03-01;"domingo";"22:30:00";"PB";104;129,8;"CAMPINA GRANDE";"Pista Escorregadia";"Tombamento";"Com Vítimas Feridas";"Plena Noite";"Decrescente";"Chuva";"Simples";"Reta";"Sim";2;0;2;0;0;0;2;1;-7,281206;-35,88916;"SR-PB";"UOP01";"DEL02"
280949;2020-02-29;"sábado";"17:21:00";"DF";20;20;"BRASILIA";"Desobediência às normas de trânsito pelo condutor";"Colisão traseira";"Com Vítimas Feridas";"Pleno dia";"Decrescente";"Chuva";"Dupla";"Reta";"Sim";7;0;5;0;1;1;5;2;-15,60791;-47,69279;"SR-DF";"UOP01";"DEL02"
280960;2020-03-13;"sexta-feira";"09:15:00";"MT";70;506,9;"CUIABA";"Avarias e/ou desgaste excessivo no pneu";"Queda de ocupante de veículo";"Com Vítimas Feridas";"Pleno dia";"Crescente";"Céu Claro";"Dupla";"Reta";"Não";2;0;1;1;0;0;2;1;-15,66089;-55,97312;"SR-MT";"UOP02";"DEL01"
280976;2020-03-09;"segunda-feira";"22:30:00";"PE";101;43;"IGARASSU";"Falta de Atenção à Condução";"Colisão traseira";"Com Vítimas Feridas";"Plena Noite";"Decrescente";"Vento";"Múltipla";"Reta";"Sim";3;0;1;0;2;0;1;3;-7,847538;-34,90977;"SR-PE";"UOP02";"DEL01"
281036;2020-02-27;"quinta-feira";"04:40:00";"PI";343;252,3;"CAMPO MAIOR";"Desobediência às normas de trânsito pelo condutor";"Colisão frontal";"Com Vítimas Fatais";"Plena Noite";"Crescente";"Nublado";"Simples";"Reta";"Não";5;3;0;1;1;0;1;2;-4,742479;-42,10807;"SR-PI";"UOP03";"DEL01"
281049;2020-03-29;"domingo";"17:50:00";"PB";104;134,9;"QUEIMADAS";"Defeito Mecânico no Veículo";"Colisão frontal";"Com Vítimas Feridas";"Anoitecer";"Decrescente";"Chuva";"Simples";"Reta";"Não";7;0;0;5;2;0;5;2;-7,325622;-35,89657;"SR-PB";"UOP03";"DEL02"
281075;2020-03-29;"domingo";"20:58:00";"SC";470;102;"APIUNA";"Ultrapassagem Indevida";"Colisão frontal";"Com Vítimas Feridas";"Plena Noite";"Crescente";"Céu Claro";"Simples";"Reta";"Não";3;0;1;0;2;0;1;2;-27,06082;-49,39276;"SR-SC";"UOP02";"DEL04"
281080;2020-01-27;"segunda-feira";"16:00:00";"PR";116;146;"MANDIRITUBA";"Falta de Atenção à Condução";"Colisão transversal";"Com Vítimas Feridas";"Pleno dia";"Decrescente";"Nublado";"Simples";"Reta";"Sim";4;0;3;0;1;0;3;2;-25,78173;-49,32535;"SR-PR";"UOP03";"DEL01"
281095;2020-01-18;"sábado";"13:35:00";"MG";381;510;"SAO JOAQUIM DE BICAS";"Falta de Atenção à Condução";"Colisão traseira";"Com Vítimas Feridas";"Pleno dia";"Crescente";"Nublado";"Simples";"Reta";"Sim";3;0;2;0;1;0;2;2;-20,07738;-44,30434;"SR-MG";"DEL4/1";"UOP03/MG"
281132;2020-03-24;"terça-feira";"20:00:00";"BA";101;473;"URUCUCA";"Objeto estático sobre o leito carroçável";"Capotamento";"Com Vítimas Feridas";"Plena Noite";"Crescente";"Céu Claro";"Simples";"Curva";"Não";2;0;2;0;0;0;2;1;-14,56115;-39,33246;"SR-BA";"UOP01";"DEL05"
281159;2020-03-16;"segunda-feira";"14:15:00";"PB";230;173,1;"CAMPINA GRANDE";"Ultrapassagem Indevida";"Colisão frontal";"Com Vítimas Feridas";"Pleno dia";"Decrescente";"Nublado";"Simples";"Desvio Temporário";"Não";7;0;2;0;5;0;2;6;-7,1796;-36,0075;"SR-PB";"UOP02";"DEL02"
281183;2020-03-15;"domingo";"06:20:00";"PA";153;23,7;"SAO JOAO DO ARAGUAIA";"Desobediência às normas de trânsito pelo condutor";"Colisão frontal";"Com Vítimas Fatais";"Amanhecer";"Decrescente";"Chuva";"Simples";"Reta";"Não";4;1;1;0;0;2;1;2;-5,450335;-48,89749;"SR-PA";"UOP01";"DEL03"
281184;2020-03-12;"quinta-feira";"15:40:00";"GO";50;297,4;"CUMARI";"Falta de Atenção à Condução";"Colisão traseira";"Sem Vítimas";"Pleno dia";"Decrescente";"Céu Claro";"Simples";"Reta";"Não";4;0;0;0;4;0;0;2;-18,3061;-48,0148;"SR-GO";"UOP01";"DEL06"
281230;2020-03-13;"sexta-feira";"05:30:00";"PA";155;288;"ELDORADO DO CARAJAS";"Defeito na Via";"Colisão traseira";"Com Vítimas Feridas";"Pleno dia";"Decrescente";"Céu Claro";"Simples";"Reta";"Não";2;0;1;0;1;0;1;2;-5,827204;-49,19524;"SR-PA";"UOP01";"DEL03"
281263;2020-03-26;"quinta-feira";"21:50:00";"CE";116;3;"FORTALEZA";"Falta de Atenção à Condução";"Queda de ocupante de veículo";"Com Vítimas Feridas";"Plena Noite";"Crescente";"Nublado";"Dupla";"Viaduto";"Sim";1;0;0;1;0;0;1;1;-3,778665;-38,5149;"SR-CE";"UOP02";"DEL01"
281267;2020-03-31;"terça-feira";"18:40:00";"MA";316;1,9;"BOA VISTA DO GURUPI";"Desobediência às normas de trânsito pelo condutor";"Colisão frontal";"Com Vítimas Feridas";"Plena Noite";"Crescente";"Céu Claro";"Simples";"Reta";"Sim";2;0;0;1;1;0;1;2;-1,796192;-46,30916;"SR-MA";"UOP02";"DEL02"
281371;2020-03-16;"segunda-feira";"06:50:00";"DF";80;13,7;"BRASILIA";"Não guardar distância de segurança";"Colisão traseira";"Com Vítimas Feridas";"Pleno dia";"Decrescente";"Céu Claro";"Simples";"Desvio Temporário";"Sim";3;0;1;0;2;0;1;3;-15,72803;-48,19377;"SR-DF";"UOP03";"DEL01"
281385;2020-03-16;"segunda-feira";"06:48:00";"MT";364;198;"RONDONOPOLIS";"Falta de Atenção à Condução";"Colisão lateral";"Com Vítimas Feridas";"Pleno dia";"Decrescente";"Ignorado";"Dupla";"Curva";"Sim";1;0;0;1;0;0;1;1;-16,49782;-54,63598;"SR-MT";"UOP01";"DEL02"
281424;2020-02-09;"domingo";"20:15:00";"RJ";116;137;"DUQUE DE CAXIAS";"Falta de Atenção à Condução";"Atropelamento de Pedestre";"Com Vítimas Feridas";"Plena Noite";"Crescente";"Céu Claro";"Dupla";"Viaduto";"Sim";2;0;0;1;0;1;1;1;-22,64792;-43,18201;"SR-RJ";"UOP02";"DEL04"
281526;2020-03-29;"domingo";"23:00:00";"BA";235;26,7;"PEDRO ALEXANDRE";"Ingestão de Álcool";"Colisão frontal";"Com Vítimas Fatais";"Plena Noite";"Crescente";"Chuva";"Simples";"Curva";"Não";5;3;1;0;0;1;1;2;-10,16386;-37,91485;"SR-SE";"UOP02";"DEL01"
281548;2020-03-27;"sexta-feira";"15:20:00";"SP";116;550,9;"BARRA DO TURVO";"Velocidade Incompatível";"Tombamento";"Com Vítimas Fatais";"Pleno dia";"Crescente";"Céu Claro";"Dupla";"Reta";"Não";1;1;0;0;0;0;0;1;-24,9575;-48,46441;"SR-SP";"UOP02";"DEL05"
281571;2020-03-14;"sábado";"00:30:00";"RJ";101;508;"ANGRA DOS REIS";"Falta de Atenção à Condução";"Colisão frontal";"Com Vítimas Feridas";"Plena Noite";"Crescente";"Céu Claro";"Simples";"Reta";"Não";5;0;5;0;0;0;5;2;-22,94164;-44,42239;"SR-RJ";"UOP03";"DEL03"